time,node_0,node_1,node_2,node_3,node_4,node_5,node_6,node_7,node_8,node_9,node_10,node_11,node_12,node_13,node_14,node_15,node_16,node_17,node_18,node_19,node_20,node_21,node_22,node_23,node_24,node_25,node_26,node_27,node_28,node_29,node_30,node_31,node_32,node_33,node_34,node_35,node_36,node_37,node_38,node_39,node_40,node_41,node_42,node_43,node_44,node_45,node_46,node_47,node_48,node_49,node_50,node_51,node_52,node_53,node_54,node_55,node_56,node_57,node_58,node_59,node_60,node_61,node_62,node_63,node_64,node_65,node_66,node_67,node_68,node_69,node_70,node_71,node_72,node_73,node_74,node_75,node_76,node_77,node_78,node_79,node_80,node_81,node_82
0,0.1,0.1,0.1,0.1,0.1,0.1,0.1,0.1,0.1,0.1,0.1,0,0,0,0,0.1,0.1,0.1,0.1,0.1,0.1,0.1,0.1,0.1,0.1,0,0,0.1,0.1,0.1,0.1,0.1,0.1,0,0,0,0,0,0,0,0,0.1,0.1,0.1,0.1,0.1,0.1,0.1,0.1,0.1,0.1,0.1,0,0,0,0,0.1,0.1,0.1,0.1,0.1,0.1,0.1,0.1,0.1,0.1,0,0,0.1,0.1,0.1,0.1,0.1,0.1,0,0,0,0,0,0,0,0,0
0.4,0.1329038932384478,0.1332174389813323,0.1332227367453669,0.1330494949570304,0.1331348590324559,0.1329992147544006,0.1327841605828507,0.1325824399892028,0.1329222597620237,0.1323524203801256,0.1098469004704152,0.000279026661587606,0.0003767454861641945,0.0004568849383913248,0.0002154245669375514,0.1097059456808403,0.1096642444977095,0.1097103022449965,0.1096978343159792,0.108308581627176,0.1084257165267861,0.1084228604725839,0.1084338775837363,0.1083940030023405,0.1245702193799174,0.0002641382298774806,0.0001699058011955605,0.1247390618854057,0.1245989586666821,0.1246308086130602,0.1246746609615331,0.1245716121152762,0.1247599873357656,0.0006647454952406648,8.421091594939025e-05,0.0002253796582510028,0.0004080394023444442,9.854248350580493e-05,4.376691640692476e-05,0.0001821212322716084,6.544975370565097e-05,0.1329741465075947,0.133227088039114,0.13321529615149,0.1330699590055594,0.1331469535860409,0.1330225211804053,0.1328139611654721,0.1324284069750896,0.1329166128866338,0.1325009933413092,0.1098438829722947,0.0004543447646379538,0.0004507242606461639,0.0004824518673111647,0.0002235501611584451,0.1096508509391103,0.1096390417581763,0.109652038014615,0.1096982919037407,0.1083066848295541,0.1084153576806726,0.1084214692615389,0.1084221192171313,0.1083947779797464,0.1245562005708587,0.0002612384202426677,0.0002382423290448262,0.1247195931889127,0.1246440448738715,0.1246554284447426,0.124683199248849,0.1245722585917297,0.1247541278508521,0.0006604080738409416,0.0001091142848497827,0.0002430120398848194,0.0003852055239414579,0.000107911244865038,4.437568033232674e-05,0.0001659763752074005,8.043120908471027e-05,7.595853328341902e-06
0.8,0.1739068179320027,0.1746897555085854,0.1747036810417127,0.1742701683481842,0.174479921038315,0.1741208300257429,0.1735941673778681,0.1730258644578289,0.1739147698182055,0.1722844796638279,0.1206437408371731,0.0007186485184672017,0.0009672533375145141,0.001136145839931782,0.0005124960756142126,0.120372896722106,0.120196063272439,0.1202759048549951,0.1202632579401375,0.1172532386109738,0.1174691570185201,0.1174665008065554,0.1175442392151832,0.1174213620679799,0.1538063203239422,0.0006499820986404707,0.0004262424498354383,0.1543058560868969,0.1539406883391733,0.1540274647424566,0.1541218275352327,0.1538830882182819,0.1543447370377763,0.001603219203098333,0.0002042929063482897,0.0005622210039163692,0.001014365845099416,0.0002428358246711053,0.000111035351295765,0.0004476692083410352,0.0001643496022663675,0.1740791420746525,0.1747140053059109,0.174685215988853,0.1743209180543259,0.1745105794481404,0.1741881329409887,0.1736700706883036,0.1726504698894755,0.1739027227904001,0.1727181195846504,0.1206541376930738,0.00116806265116321,0.001156345248637299,0.0011974830914205,0.0005322512269884694,0.1201983247094923,0.120135928288248,0.1201567915831523,0.1202510840321708,0.117252188551454,0.1174462892618527,0.1174635229157965,0.1175081589843544,0.1174332147066336,0.1537786370071298,0.0006447195058461028,0.0005969621791964659,0.1542589563769425,0.1540531819677974,0.154092365999784,0.1541465444597804,0.1538807341082218,0.1543344868850826,0.001588099176443805,0.0002645268949588563,0.0006064183866565622,0.0009556079336155955,0.0002649442803697782,0.000112579833297187,0.0004096113485946094,0.0002022814559662223,1.886865549176672e-05
1.2,0.2233962732608656,0.224818140619357,0.2248445945379379,0.2240557558531392,0.2244312830448729,0.2237473154223244,0.2228069569224384,0.2216753458708977,0.2233510777579566,0.2200731523179405,0.1324718825377221,0.001379733266778622,0.001851672398282224,0.0021151598611045,0.0009159498339855981,0.1320905217907153,0.131657688671088,0.1317542071033628,0.1317564530044299,0.1268725996710135,0.1271599293459605,0.127161545642087,0.1273765344463828,0.1271172218584024,0.1880036656752746,0.001198384839400027,0.0007994714828892936,0.1890364367374749,0.1883440258588046,0.1885138485008376,0.1886638942634581,0.1882547376509341,0.1890873133443778,0.002892760654497946,0.0003712585810305134,0.001047400589356882,0.001883444014009163,0.0004475728830125205,0.0002099567294255112,0.0008247426444048553,0.0003086419797050343,0.2237044369638654,0.2248624774269216,0.224811267296654,0.2241474097253444,0.2244877680165604,0.2238838270666659,0.2229472172670989,0.2210083280002536,0.2233327044759899,0.2209558672667231,0.1325176635120243,0.002238523138030541,0.002212029392000495,0.002225625445993305,0.0009519802936308312,0.1317146008372837,0.1315507924173253,0.1315731096230523,0.1317146292217003,0.1268762008354888,0.127122107630609,0.127156757740893,0.1273006317732698,0.1271533953515056,0.1879640582497473,0.00119181773771068,0.001118416508081001,0.1889530900239734,0.1885499236237015,0.1886379283244192,0.188714328292272,0.1882444758856925,0.1890752008625321,0.002858026995422599,0.0004804185477308808,0.001130087218539594,0.001771205600255392,0.0004867430481922167,0.0002128759628906924,0.000757360376852958,0.0003803864875221589,3.504707862181652e-05
1.6,0.2809868419923125,0.283204992111195,0.2832479021330566,0.2820151438581324,0.2825935943725452,0.2814836140814764,0.2800380951363728,0.2781395662787117,0.2808353328744254,0.2752993886460423,0.1454088016075681,0.002338596758744422,0.003130206834234888,0.003490776564998086,0.001457279170923042,0.1449443337699727,0.1441082730207965,0.1441993503161169,0.1442351847464214,0.1372040517467157,0.1375263028107502,0.1375372842479383,0.1379753619572409,0.1375155602842554,0.2272354458229282,0.00196128646945091,0.001328421833810776,0.2290353464112271,0.2279019074613839,0.228186467638681,0.2283949881283936,0.2277815357066538,0.2290890519262189,0.004623491879607294,0.0005985468376772723,0.001725381791075306,0.003092635247634294,0.000730566708641714,0.0003504080794284031,0.001349086615875896,0.000513590704617684,0.2814612422063692,0.2832746091491959,0.2831962317274102,0.2821574880815216,0.282682914000391,0.2817159564480742,0.280260376532585,0.2771188874743706,0.2808117666286024,0.2768026624783109,0.1455173797322491,0.003787214800464288,0.003736524216987631,0.003667647638273765,0.001515676444916199,0.1442683843211272,0.1439407916779799,0.1439566346829548,0.1441426847685318,0.1372171442156746,0.1374707637186458,0.1375304044524988,0.1378411299805809,0.1375922959453923,0.2271872271970981,0.001955119189199797,0.001856375214389964,0.2289061066337418,0.2282292554921743,0.2283908236285196,0.2284821114218535,0.2277573028484648,0.2290786878339343,0.004557558875654604,0.0007740526903999681,0.00186207706262642,0.002904074182250037,0.0007922815459287246,0.0003552750690595413,0.001242904056152468,0.0006336839476067843,5.766691258665826e-05
2,0.3453746690320226,0.3485033950835038,0.3485659689514179,0.3468245753861815,0.347631331029997,0.3460129236108873,0.3439997894506606,0.3411588238069875,0.34506100794461,0.3367364057307377,0.1595224824713905,0.003689025518985403,0.004925571354927479,0.005382240866639476,0.002176415716805098,0.1590090184885024,0.1576004643418148,0.157659157528888,0.1577520982931699,0.1482822242623084,0.1485945931832935,0.1486209647949358,0.1493828008929615,0.1486481482900104,0.2712848343897607,0.003004127488380248,0.002062085849195849,0.2740992838440309,0.2724089315774868,0.2728409246498033,0.2731075521390033,0.2722605166873026,0.2741437251908408,0.006897702330529548,0.0009023228686404593,0.002648554772135867,0.004732560304717043,0.001113009293817493,0.0005440785640041129,0.002065769373960565,0.0007985102306031894,0.34603623729526,0.3486021663812779,0.3484935392545431,0.3470246406986639,0.347758911395515,0.3463645794928654,0.3443179808531581,0.3397430997733777,0.345034409594527,0.3390109200846735,0.1597259491354274,0.005962430307650703,0.005874863073592508,0.005647578428296856,0.002265083741507937,0.1579201942924897,0.1573569045904756,0.1573565397545062,0.157584133029007,0.1483105181634442,0.1485182353156635,0.148611605053038,0.1491688403050674,0.1487845089391968,0.2712328567583486,0.003000825856737653,0.002878526201240377,0.2739151816488488,0.2728853111770217,0.2731470920589775,0.2732428966929064,0.2722154070132874,0.2741396373717759,0.00678592016941093,0.001166126535031497,0.002858985563810948,0.004438773649722736,0.00120414782362245,0.0005516219738736531,0.001908727009365848,0.0009860923827866301,8.862513209187792e-05
2.4,0.4143995765098559,0.4184843910600805,0.4185683974870055,0.4162921477399372,0.4173349129287137,0.4151616595561767,0.4125619212850546,0.408665938798335,0.4138754773609447,0.4024144490908401,0.1748657012391273,0.005544741526616594,0.007385874250227385,0.007934617134495581,0.003123814993657941,0.1743416989877914,0.172176839837383,0.1721719542360426,0.1723516731339906,0.1601373985562628,0.1603884742169482,0.1604370025570145,0.1616364789415084,0.1605433768880759,0.3196045956790918,0.004408728574038771,0.00306177816992406,0.3236695796503558,0.3213168019313573,0.3219265009804008,0.3222472601433048,0.3211459010984642,0.3236906124778244,0.009828992692733959,0.001301849098490624,0.003877676265681776,0.006907485669124883,0.00161980474662828,0.0008045939125356595,0.003031228261594058,0.001187667974640018,0.4152549627204076,0.418613982328054,0.418474425436986,0.4165526321426046,0.417503416986591,0.4156482988255445,0.4129833081294242,0.4068440368186173,0.4138486875338405,0.4055614482648013,0.1751993847258542,0.008942292198521834,0.008801430037571048,0.008316221775124323,0.003252911502645966,0.1727175622606358,0.1718405746937855,0.17181214679585,0.1720802988866246,0.1601871697513488,0.1602878451225759,0.1604246076165227,0.1613188315468829,0.160760812183811,0.3195549359866711,0.004411622759061946,0.004269321682624332,0.3234231942589235,0.3219662174898512,0.3223541326217923,0.3224417056982755,0.3210726966567005,0.3236978714866177,0.009653422605032063,0.001681206272975498,0.004186396721924592,0.006472799425535788,0.001748906495273587,0.0008157197496869279,0.002808044288152174,0.001467596384534866,0.0001302451277457263
2.8,0.485333514643219,0.4903403696100109,0.4904457164525711,0.4876531274199937,0.4889199382964282,0.4861912559036669,0.4830343503183254,0.4780563031045242,0.4845675930189904,0.4698732175899413,0.1914712196654669,0.008042746194121984,0.01068839846874528,0.01132302911234681,0.004363045337285618,0.1909764054391,0.1878667298658631,0.1877637331268335,0.1880671208934158,0.1727940662537525,0.1729282315635748,0.1730061317864949,0.1747675395461836,0.1732250369977771,0.3713208055248081,0.00627674873502944,0.004403774329998789,0.3768327617515868,0.3737357170126704,0.374547262222596,0.3749146322127087,0.3735500761462957,0.3768156002930342,0.01354163029485677,0.001819993752104459,0.005482705112670499,0.009736165896263017,0.002280088640759822,0.001147760524250894,0.004315805467072735,0.001711430896226101,0.4863734131592212,0.4904998272666654,0.4903312622366108,0.4879717724023724,0.4891286772545103,0.4868175820120464,0.4835581800783267,0.475850493498594,0.4845435634642202,0.4739251087651937,0.1919717214508289,0.01293861575304906,0.0127238597303374,0.01185547049208217,0.004545513140444651,0.1886909880441013,0.1874206897897484,0.187349944115719,0.1876621944438193,0.172871749618767,0.1727995245115096,0.1729899134735672,0.1743202563299846,0.1735467091831236,0.3712801764407736,0.006290127548596325,0.006133388725726039,0.3765192508164942,0.3745754510456771,0.3751116480069741,0.3751770552725607,0.373441938421791,0.3768392740640585,0.01328091967579925,0.002348335461819256,0.005919744499521249,0.009117483062545955,0.002457656945935261,0.001163575152416247,0.004007193544052678,0.002115625974917856,0.000185359655194759
3.2,0.5553141397160725,0.5611373561630824,0.5612621193307911,0.5580121205520805,0.559473974523892,0.556234141177801,0.5525916582189069,0.5465928002463001,0.5542972125860312,0.5365338307175209,0.2093486660789922,0.01134786255083147,0.01504455343521262,0.01575785199418606,0.005973979606274751,0.2089207019348305,0.2046838602890681,0.2044460336657818,0.2049175503108957,0.1862698119579553,0.1862299824666443,0.1863445409852217,0.1887987133016182,0.1867111508406368,0.4252885434375855,0.008733832252753818,0.006182563993752514,0.432378889343236,0.4284906583989762,0.4295188474970381,0.4299223998081292,0.4282994861668372,0.4323098134059312,0.01817045784230124,0.002483940736036426,0.007544273624225688,0.0133534582174948,0.003128033013454044,0.00159200178732183,0.006006903006562984,0.002407742725168444,0.5565153534417463,0.5613233235797962,0.5611298672040024,0.5583822636704284,0.5597191227917857,0.5569933361290509,0.5532095953408458,0.5440543976400566,0.5542784192751762,0.5414502992782017,0.2100516501692815,0.01820182388501571,0.017887979705494,0.01648353313081954,0.006226184786652983,0.205851294811389,0.2041112942544685,0.2039814135555528,0.204347959086026,0.1863815538485703,0.1860690466823254,0.1863234195516698,0.1881946411154643,0.1871610793561757,0.4252635214386797,0.008763039046177923,0.008599630272718361,0.4319967365502911,0.4295287922341458,0.4302288070036143,0.4302584691183713,0.428150694710596,0.4323543505826181,0.01779982163646121,0.003201898628772075,0.008145848203717431,0.01249964388611796,0.003366891270316147,0.001613838471839434,0.00558862307594649,0.002976834290560573,0.0002574194054480919
3.6,0.6217811606092355,0.628265927846158,0.628406786636967,0.624786121222426,0.6264029878527961,0.6227306124163838,0.6187017313840013,0.6118154313064028,0.6205261704497508,0.6000740624576616,0.2284833610551976,0.01565848584362886,0.02070581285060311,0.02149060910634509,0.008056673758294134,0.2281547635522868,0.2226249961317665,0.2222146939669766,0.2229056849442539,0.20057458666299,0.2003048893587326,0.2004630345567106,0.2037426942648182,0.2010129436583404,0.4801937163650229,0.01193450804411206,0.008514843016540234,0.4889117886377328,0.4842269385740152,0.4854752575580749,0.4859027757282153,0.4840399119436392,0.4887797903463592,0.02386140610807773,0.003326145419632556,0.01015587909498727,0.01791273456699929,0.004203993463060729,0.002159027245918625,0.008212867420239323,0.003324025711841521,0.6231114361954898,0.6284733684006497,0.6282605065888149,0.6251981509787415,0.6266784677786051,0.6236063295889707,0.6193999035530271,0.609014922072394,0.6205142056387445,0.6057535441398311,0.2294214055550531,0.02502651726832037,0.02458342119580625,0.02246078186618601,0.008399165963355312,0.2241885910467172,0.2219102134723101,0.2217018348239013,0.2221407400164152,0.2007258235493992,0.2001072573059399,0.2004355982950275,0.2029544324305139,0.201615052457904,0.4801899438749173,0.01198605002279896,0.01182609582309464,0.4884630811975544,0.4854611326030788,0.4863318989997883,0.4863141726285703,0.4838465029283788,0.4888484651396945,0.02335271677439522,0.004282791977652009,0.01096520279331463,0.01676402844881024,0.00451971006640236,0.00218847867253558,0.007654592403119271,0.004109381400858806,0.0003506355387620577
4,0.6827877869152816,0.6897582753260465,0.689911160044979,0.6860185605611741,0.6877464645443175,0.6837390538425163,0.6794332559030127,0.6718376196370219,0.6813252719049211,0.6587015661245113,0.2488368293996108,0.02121314168898245,0.02796985210146724,0.02881980763673502,0.01073597975252999,0.2486325460245936,0.2416695155834342,0.2410494127979399,0.2420163227710043,0.2157103278689789,0.2151583969668286,0.2153662598471711,0.2196009690398455,0.2161340163995895,0.5346818589419794,0.01606779250545119,0.01154431458869983,0.5449899323489329,0.5395449543883356,0.5410052722477114,0.541444120051646,0.5393711658913996,0.5447879462105305,0.03077232877564175,0.004385557298000818,0.01342669977278859,0.02358877618138309,0.005556005411681392,0.002874740369221909,0.01106766235792345,0.004519600527429325,0.6842115711115597,0.6899814078175913,0.6897550628114787,0.6864617032766029,0.6880451338708723,0.6847089563464841,0.6801950491308481,0.6688529809540753,0.6813207096406511,0.6650023956621935,0.2500375957185315,0.03375651711596515,0.03314877111850272,0.03009538183165666,0.01119438199172612,0.2436726182506364,0.2407985396444036,0.2404899846028784,0.2410271860986955,0.2159054442043007,0.2149193317911178,0.2153307504801982,0.2186019212018946,0.2169111734018532,0.5347033918673216,0.01614947106698604,0.01600558052049739,0.5444801059019947,0.5409627550670696,0.542001889533127,0.5419283537000293,0.5391313394099501,0.5448824852252508,0.03009432112903165,0.005639916791945352,0.0144949075280325,0.02207626470050343,0.00596740135016471,0.002913699181698877,0.01033165775329986,0.005585824324907353,0.0004701644229083004
4.4,0.7371300612327263,0.7444144731429946,0.7445752031226918,0.740507256902687,0.7423043280014788,0.7380631436548366,0.7335853355179278,0.7254743254286152,0.735501410364703,0.7112752269882903,0.270348451620917,0.02829701439418679,0.03718546523633737,0.0380953679866908,0.01416687376389703,0.2702843270758488,0.2617796911775747,0.2609139300610288,0.2622156101441708,0.2316708196096877,0.2307895214652541,0.2310520297476293,0.2363631634353408,0.2320697451581152,0.587487562044708,0.02136324920743073,0.01544726065685244,0.5992682783814415,0.5931361516616612,0.5947900455463992,0.5952284912460574,0.5929832162666795,0.5989937627392261,0.0390736344280367,0.005709113253588402,0.01748480190985997,0.03058056182032105,0.007241602685196503,0.003770370228898754,0.01473629494923277,0.006068711025834369,0.7386134668173137,0.7446476233194425,0.7444133845708804,0.7409711506177384,0.74261908721307,0.7391026994245059,0.7343940451680019,0.7223809546368194,0.7355039187105016,0.718038929292289,0.2718333236641001,0.04478740284594706,0.04397436672189123,0.03974725323964346,0.01477289277659886,0.2642540264309498,0.2607407879263815,0.260308501578606,0.2609766346735536,0.2319129138145916,0.2305040868108942,0.231006356096314,0.2351285980623206,0.2330428718113959,0.5875364901482515,0.02148430893021354,0.02137169900331983,0.5987054129572049,0.5947166772904543,0.5959131120351245,0.5957793131217648,0.5926974423616744,0.5991142203185434,0.03819224333826257,0.007331984251639813,0.01887196187964091,0.02862580714864861,0.007771351117581939,0.003821078844170841,0.01377593406841307,0.007496695422837582,0.0006223427738489762
4.800000000000001,0.7843120859524925,0.7917596492813421,0.7919244109703967,0.7877659563352724,0.7895963272346891,0.7852150072312186,0.780655840541306,0.7722160548448099,0.7825628223891726,0.757285824881623,0.292937695677344,0.0372471543631503,0.04875422091583415,0.04971969530992521,0.01854036789892852,0.293019882615315,0.2829014326158308,0.2817566180476511,0.2834511014788834,0.2484416819430933,0.2471902180585729,0.2475107612770613,0.2540068873306308,0.2488069031814077,0.6375399168774945,0.02809695803817296,0.02043866816600611,0.6506133110313738,0.6438939018094453,0.6457151739661441,0.6461434183712182,0.6437673774329461,0.650268138067928,0.04894808495197678,0.007353497352300213,0.02248042434979251,0.03911318784344675,0.009329918635146282,0.004883810724065646,0.01942081691868401,0.008064226168077983,0.7858261359476193,0.7919978400834801,0.7917604914484897,0.7882417027801758,0.7899209074240316,0.7863005726289178,0.7814966044433732,0.7690801777016877,0.7825714233396297,0.7643566511357731,0.2947209360319734,0.0585638626492845,0.05750013704187233,0.05182829161302076,0.01933288780005104,0.2858661133255053,0.2816855074123122,0.2811046713448036,0.2819409864795251,0.2487324455109226,0.246853371206711,0.2474525392915436,0.2525149244905701,0.2499942107862282,0.6376163036027928,0.02826823705396288,0.0282048607103932,0.650007167440266,0.645610429005786,0.6469461198807138,0.646751688815279,0.6434382112194607,0.6504130163360352,0.04782695015537706,0.009429606867342099,0.02425656526779554,0.03662818871479926,0.01000523908068017,0.004948920798837736,0.01817899659985779,0.009954821283702474,0.0008149818923454879
5.2,0.8244078708432331,0.8318969035656918,0.8320625189517176,0.8278820799346084,0.8297175366064765,0.8252756145111637,0.8207072996219085,0.812103393575751,0.822582386733546,0.7967440131561534,0.3165065353185407,0.04845456574279698,0.06312622831911761,0.06414284576388191,0.02408968980167791,0.3167317700576859,0.3049653109808896,0.3035113349955741,0.3056525113434608,0.2660004149168688,0.2643448513909723,0.2647250433125061,0.2724979983948966,0.2663234834026704,0.6840284358772616,0.03659642659697415,0.02677843323352983,0.6981739579108217,0.6909826659911219,0.6929404068471903,0.693351173101996,0.6908858409860874,0.6977637410983449,0.06058913571389363,0.009387160369217197,0.02858897467299134,0.04943805551761529,0.01190402856043443,0.006261161018090375,0.0253665026216198,0.0106220644201971,0.825929916036121,0.8321361461938191,0.8318994880029142,0.8283627251403405,0.830046905478988,0.8263863919442657,0.8215681447530292,0.8089791637635131,0.8225957561607632,0.8039819542464917,0.3185949282073618,0.07556865334631678,0.07420535790028855,0.06679617932011871,0.02511586695792718,0.3084267043877792,0.3035661859585184,0.3028114534282059,0.3038552066925796,0.2663401126448386,0.2639515591768991,0.2646516577622853,0.2707304574567083,0.2677398690876591,0.6841305421187232,0.03683047195978493,0.0368371338014928,0.6975349745499614,0.6928055066442748,0.6942577346132313,0.6940059506333578,0.6905175237169405,0.6979302933985299,0.0591903238710232,0.01201764448733053,0.03083499535864597,0.04632579290801733,0.01275746951781481,0.006343802122511353,0.02377408925851735,0.01310038369782025,0.001057730924873291
5.600000000000001,0.8578853243594919,0.8653241691325817,0.8654881798688492,0.8613374307033489,0.8631573420716607,0.8587180669690686,0.8541944377896078,0.8455627466159077,0.8560235392784247,0.8300302025854503,0.3409418693733683,0.06236080725497058,0.08078692435816581,0.08184877447868734,0.03109613037778361,0.3412984559145336,0.3278877744263406,0.3260984717809227,0.3287330398529324,0.284316468037777,0.2822297918454806,0.2826693433005347,0.2917911806379486,0.2845886948697745,0.7264257617932742,0.04724293354376857,0.03477679821307467,0.7414046053761281,0.7338615275738343,0.7359231015274709,0.7363117710111348,0.7337955347328508,0.7409376899507472,0.07419726450811247,0.01189258675124398,0.03601330462315805,0.06183038727588993,0.01506348719394771,0.007958471986062502,0.03286748665333254,0.01388633558376907,0.8593990405924256,0.8655615102208295,0.8653283980208825,0.8618179902141204,0.8634877881914591,0.8598369795391582,0.8550665593629421,0.8424922028102078,0.8560402701428622,0.837317449361989,0.343334778545103,0.09629983090561185,0.09458700356939728,0.08513870660002443,0.03241234164067076,0.3318400253230722,0.3263023657803584,0.3253486637835795,0.3266383644000396,0.2847039987244571,0.2817751672445697,0.2825780253225726,0.2897342469022606,0.2862453092421903,0.726550463693983,0.04755402257337248,0.04765442467953599,0.740743035994392,0.735760656486215,0.7373044170416078,0.7370013968445716,0.7333934890033497,0.7411223194419605,0.07248226836199533,0.01519776033592124,0.03882156476198136,0.05798627512854958,0.01613377901399048,0.008062328311967888,0.03084201710100051,0.01710663766441399,0.001362520998480493
6,0.8854399470696307,0.8927634826777684,0.8929241084895257,0.8888398406432512,0.8906300728703542,0.8862411740647925,0.8818002911052969,0.8732484692990823,0.8835757000229258,0.8577479742665816,0.3661179148210403,0.07944621459957985,0.1022317281023239,0.1033295967576608,0.03989354964506993,0.3665872303254422,0.3515725361996414,0.3494261831664582,0.3525911548526161,0.3033513427962703,0.3008131597630553,0.301309862663619,0.311830740385718,0.3035631116067548,0.7644734486426619,0.06046915994517476,0.04479768508021635,0.7800476735845304,0.7722688451592641,0.7744023570549615,0.7747667326786576,0.7722330041251211,0.7795340257597609,0.08997384893139705,0.01496878099714852,0.04498472634136569,0.07658308631703335,0.01892699377110392,0.01004370760160603,0.04227070080199146,0.01803510414199718,0.8869344728152113,0.8929968965374716,0.8927694000999177,0.8893170391795234,0.8909590759983296,0.8873549354200889,0.8826778005406439,0.8702631807504343,0.8835944918323557,0.8649903171087521,0.3688076710341594,0.1212335548933019,0.1191239262691294,0.1073455899376844,0.0415659563281094,0.3559985510498643,0.3498009484183994,0.3486242963707693,0.3501951209015995,0.3037843576170362,0.3002926155031632,0.3011977774510898,0.3094754318652642,0.305467094656197,0.7646167429372092,0.06087314436201297,0.06109375652581299,0.7793729692956659,0.7742159330426457,0.7758260244077304,0.7754797446338919,0.7718033259678159,0.7797326949630282,0.08790492124985533,0.01909111436456927,0.04845904277627824,0.07189768737093012,0.02025993670375185,0.01017310084647039,0.03971569115864541,0.02218605591347784,0.001744104474055279
6.4,0.9078625532983701,0.9150267178826004,0.915182748850058,0.911189962999341,0.9129413830856888,0.9086374030587062,0.9043052016591728,0.8959153749797494,0.9060232466439023,0.8806039210446571,0.3918986252814245,0.1002066427140194,0.1279261872994851,0.1290455961742141,0.05086998857322338,0.3924569593112066,0.3759121504521549,0.3733918229416588,0.3771127299150802,0.3230587554456402,0.3200547380547655,0.3206045517467415,0.3325515471149582,0.3231989617362557,0.798142609571784,0.07674935282500342,0.05725798642869843,0.8140892212453893,0.8061806218018571,0.8083566556703418,0.8086964812766368,0.8061728965131461,0.8135394005753919,0.1081123131952811,0.01873391347001121,0.05576208528792781,0.09399598384018402,0.02363507150714381,0.01259892297925981,0.05397638561114353,0.02328652340219194,0.9093312533601504,0.9152549255328688,0.9150345283547189,0.9116618393377203,0.9132673732593635,0.9097361056785466,0.905184574366996,0.8930387405521643,0.9060430146086946,0.8877289816400552,0.3948711605619351,0.1507716987379702,0.1482258808040845,0.1338657968226581,0.05297436810962888,0.380784880064609,0.3739576980249562,0.3725360014772826,0.3744175865126039,0.3235338129454683,0.3194641521793553,0.3204688913042297,0.3298939814554201,0.3253533339008771,0.7983001139859995,0.07726322199536102,0.07763282309976713,0.813409680995699,0.8081503470789019,0.8098029440379857,0.8094222745341657,0.8057219176546663,0.8137479912312255,0.1056541740127622,0.02384106982518656,0.06001678279426607,0.08835933943562613,0.02528440005546627,0.01275889885102552,0.05078175779071083,0.0285964370333452,0.002220706144439535
6.800000000000001,0.9259471279689304,0.9329231486724582,0.9330738164748709,0.9291889778638515,0.9308959512379631,0.9267011040222033,0.9224950706303596,0.9143284556036743,0.9241541173436093,0.8993211912359624,0.4181401974116811,0.1251161753822881,0.1582513848127167,0.1593708728617624,0.0644642029726703,0.4187607504591642,0.4007897933006277,0.3978836010609079,0.4021734525485253,0.3433848915065983,0.33990607077059,0.3405032954719791,0.3538800755001826,0.3434405530146614,0.8275821653480484,0.09657891756042795,0.07262024422483564,0.8437018282155582,0.8357561092188015,0.8379487309572069,0.838265098239487,0.8357735832569099,0.8431261521785477,0.128786503102854,0.02332801257645788,0.06862804861877912,0.1143597205493101,0.02935257351918637,0.01572264015649913,0.0684328249920506,0.0299048431218131,0.9273863112801036,0.9331454211911117,0.9329332084920828,0.9296544592592519,0.9312180314412929,0.9277775911176322,0.923374465170853,0.9115779415285844,0.9241740316317665,0.906275117106947,0.4213758520864828,0.1851770764931124,0.1821698245539632,0.1650508404299904,0.0670845849792906,0.4060736919054493,0.3986589537541217,0.3969727405890962,0.3991874748912326,0.3438976316169576,0.3392419577570304,0.3403413721073896,0.3509215497190199,0.3458442434186922,0.8277495508809943,0.09721997059867504,0.09776867731523893,0.8430244842077712,0.8377267938149529,0.8394004574024573,0.8389943233872891,0.8353075398968069,0.8433407438781924,0.1259084189936632,0.02961570944622835,0.07378565414229921,0.1076675492924785,0.03138070586277139,0.01591905519653751,0.06447712209559345,0.03664616661070509,0.002814805665504972
7.2,0.94043447110736,0.9472037531629099,0.9473486089037758,0.9435825226729754,0.9452416215061924,0.9411725336236997,0.937104850388096,0.9292064834066235,0.9387038015428752,0.9145844219080351,0.4446936979144401,0.1545750854600188,0.193438171482459,0.1945283026018672,0.08115434607912114,0.4453485831242168,0.4260812482509941,0.4227824613363313,0.4276414251701192,0.3642687775652238,0.3603107604169119,0.3609482789979112,0.3757355280718177,0.3642248351977783,0.8530652421453754,0.1204406532015096,0.09137568610076367,0.8691863198706732,0.8612817633029525,0.8634689056793754,0.8637636553831294,0.8613210670720858,0.8685942602954974,0.152136588710587,0.02891551183587739,0.08388165422748892,0.1379339962708516,0.03627072111028284,0.0195323669082722,0.08612242495108174,0.0382054279878152,0.9418422419646377,0.9474197320251908,0.9472165403873736,0.9440410290080273,0.9455592996647674,0.9422217322537211,0.9379834077569947,0.9265954082296226,0.9387232738028287,0.921328177548112,0.4481681362573616,0.2245040956797993,0.2210308022891591,0.2010885667485554,0.08437990673471187,0.4317338211042089,0.4237835458837881,0.421816620109839,0.4243784871603964,0.3648141010953368,0.3595704402452056,0.3607576158398749,0.3724824308041687,0.366872827401167,0.8532385647170286,0.1212251927222106,0.1219828020291307,0.8685169948355,0.8632354752808221,0.8649116607283628,0.8644883914641299,0.8608458796336896,0.8688113209349709,0.1488147617172829,0.03660984724201764,0.09006880624496214,0.1300958065821497,0.03874926059998896,0.01977197143866031,0.08127759614148795,0.04669734064284676,0.003554072535559011
7.600000000000001,0.9519831937688161,0.9585332729387341,0.9586720849422663,0.9550321587639894,0.9566411639996594,0.952709180824247,0.9487891108200051,0.9411919449964196,0.9503264202095214,0.9270095265642265,0.471407799317164,0.1888458060963971,0.233498861477193,0.234522457675596,0.1014357465463573,0.4720699117093677,0.4516570691809673,0.4479641515991721,0.4533798815192956,0.3856427853175968,0.3812049701131389,0.3818745381598797,0.3980310308350693,0.3854820990850298,0.8749407689764532,0.1487563349395642,0.114014655099825,0.8909198590461272,0.8831209025978685,0.8852843039725923,0.8855594940395395,0.8831785582729308,0.8903196613826746,0.178253242247127,0.03568735348010056,0.1018261770880923,0.1649207788654626,0.04460824376181248,0.02416715037348199,0.1075361358271579,0.04855742670278311,0.9533585124839924,0.9587428215100474,0.9585493411717571,0.955483266570847,0.9569541190189731,0.9537274968369168,0.949666299431011,0.9387306711586302,0.9503450559388175,0.9335154400109228,0.4750929789040152,0.2685378076439447,0.2646199182920321,0.2419370354070853,0.105355429521819,0.4576304454998924,0.449204887375503,0.4469448814707205,0.4498588544822191,0.3862150295248546,0.3803867265992815,0.3816529534362917,0.3944946095559653,0.3883656747750653,0.8751166917907633,0.14969786554637,0.1506914176255423,0.890263326079922,0.885043199247841,0.8867063793065033,0.886273254972274,0.8826997053866487,0.8905361583196836,0.1744733677836729,0.04504608170723408,0.1091673856124804,0.1558695954888172,0.04761804935804442,0.02445766209353385,0.10167563412049,0.05916486410471902,0.004472476188166706
8,0.9611593892431235,0.9674810159340705,0.9676136914863095,0.9641055444032415,0.9656627457557579,0.961875702277544,0.9581111896559089,0.9508392623401456,0.959584339953928,0.9371310535090492,0.4981315711704277,0.2279845537637592,0.2781699269449657,0.2790838804201221,0.1257851776822973,0.4987762114444546,0.4773848701796076,0.4733014331052739,0.4792499366958094,0.4074332716930983,0.4025181283805269,0.4032106926306805,0.4206748974505064,0.4071368076993496,0.8935938988426732,0.1818254222797314,0.1409825515712691,0.9093140936783998,0.9016727765104164,0.9037976444023843,0.9040551262355961,0.9017454518045145,0.9087125843586478,0.207161357354818,0.04386221456321247,0.1227516075741091,0.1954342869949198,0.05461103011034091,0.02978998244685587,0.1331339527167897,0.06138212499821873,0.9625013610383374,0.9676841051744757,0.9675009369541279,0.9645487251136499,0.9659706404801858,0.9628605241615331,0.9589862406716558,0.9485358225219426,0.959601874621115,0.9433799239092957,0.5019967200261983,0.3167573614982028,0.3124452000978922,0.2872725554786521,0.1304797094436364,0.4836273546251898,0.4747931913750363,0.4722320022232313,0.4754939602924723,0.4080263765814864,0.4016213472171267,0.4029563747754379,0.4168709033271367,0.4102438695147365,0.8937698116944464,0.1829324643448766,0.1841831035838804,0.9086742777611673,0.9035522479852149,0.9051897787632206,0.9047527600745073,0.9012679117097294,0.9089260324372377,0.2029211256657135,0.05517427367826564,0.1313606883870071,0.1851372286180772,0.0582416184017128,0.03014014304047375,0.1261445768714107,0.07450901044626312,0.005611593804656259
8.4,0.9684378080419238,0.9745230585903416,0.9746495883379029,0.9712780656105852,0.9727818251250779,0.9691453019787746,0.9655438682626384,0.9586145214600473,0.9669492358429683,0.9454008095264842,0.5247172441230464,0.2717812887337634,0.3268815866606953,0.3276402716704064,0.1546106942673169,0.5253234105956417,0.503131674976755,0.4986663576143796,0.5051132849266416,0.4295613498353037,0.424173825087418,0.424879851420271,0.4435719540763439,0.4291085488189437,0.9094162457843954,0.2197572634184982,0.1726219781445822,0.9247841778509154,0.9173419811297759,0.9194165225954043,0.9196576429160408,0.9174266587724818,0.9241867170127481,0.2388050765415173,0.05368626302914366,0.1469116024954197,0.2294709904478962,0.06654953374394,0.03658977390921536,0.1632913113924062,0.07714439868326597,0.9697451941741836,0.9747196846791084,0.9745473595238121,0.9717125057215801,0.9730841734510809,0.9700946286376199,0.9664153388858358,0.9564748076630044,0.9669654710170946,0.9513796580232831,0.5287298090144353,0.368338283998381,0.3637100582739003,0.3364673679139323,0.1601421302677144,0.5095892419074912,0.500417750429077,0.4975518466185558,0.5011489566774179,0.4301690134411332,0.4231991015549569,0.4245914223835526,0.4395201860515516,0.4324240043344381,0.9095902950263196,0.2210310644579694,0.222550529953774,0.9241643530634721,0.9191697201427199,0.9207715601936982,0.9203351737560803,0.916954890064956,0.9243951807263296,0.2341163190162689,0.06726866732427747,0.1568809538774347,0.2179394304256507,0.07089752624691242,0.03700937728233044,0.1550885182105514,0.09321847055386595,0.007022136662031758
8.800000000000001,0.9742093124177086,0.980050551093517,0.9801709724212084,0.9769406708179188,0.9783892008279829,0.9749073434118102,0.9714764111605418,0.9649017019022695,0.9728094318079419,0.9521929855852062,0.5510228502388907,0.3197236699878377,0.3787676618688272,0.3793275155646413,0.188189384499442,0.5515741431494315,0.5287662509567321,0.5239325313558848,0.5308347598819378,0.4519437798203292,0.4460908776187061,0.4468006715613551,0.4666249103272579,0.4513130920636421,0.9227852693555002,0.2624082981750721,0.2091059637631365,0.9377277287629627,0.9305174373763091,0.9325323592466286,0.9327577892268795,0.930611514694372,0.9371382683063766,0.2730362429970136,0.06543068697653988,0.1744957231380519,0.2668841542663751,0.08071304254929625,0.04478248705740234,0.1982348827566868,0.09633427339982249,0.9754802488144405,0.9802406808727123,0.9800796528441726,0.9773651780446548,0.9786852928222923,0.975819533083748,0.972341908688077,0.9629293906442173,0.9728241846024068,0.9578934096107365,0.5551493888976101,0.4222006817370655,0.4173572458147864,0.3886088023808743,0.1945890803901541,0.5353839535921023,0.5259492063192689,0.5227797966321822,0.5266912875095161,0.4525596034237868,0.4450400841414668,0.4464772360709223,0.4623486786865212,0.4548192817161156,0.9229563152948297,0.2638408915151269,0.2656282432681018,0.9371306813512592,0.9322865215604967,0.9338448877578582,0.9334122382445104,0.930149452945733,0.9373403330281243,0.2679263856879798,0.08162174395868421,0.1858841129042555,0.2541817903817111,0.08587934492047139,0.0452823618785086,0.188780180531831,0.1157809835311876,0.008765711229211765
9.200000000000001,0.9787911435549159,0.9843806400353141,0.9844950150587182,0.9814104372552205,0.9828017409430821,0.9794777376428462,0.9762245323490371,0.9700120401993785,0.9774800778419591,0.9578125128482049,0.5769146426532773,0.3709991311756282,0.4327209604157725,0.4330453930406233,0.2266000702011194,0.5773997587551669,0.5541613527387469,0.5489772850983334,0.5562846802156108,0.4744939651817381,0.4681845375183555,0.4688885426122305,0.4897357550237566,0.4736635294276991,0.9340513122463272,0.3093394113058956,0.2503722713291449,0.9485119535315351,0.941559309167193,0.9435073539739386,0.9437170372016848,0.9416606436694384,0.9479331676943361,0.3096084392821545,0.07938610519312729,0.2055990720230254,0.3073680898348127,0.09739987450091268,0.05461086552844682,0.2379761606763527,0.1194357662735995,0.9800230473492076,0.9845641800345595,0.984414804206166,0.9818234317861471,0.9830906257646653,0.9803513649355774,0.9770806201846524,0.9682084283436626,0.9774931522538174,0.9632295477189816,0.581121641432536,0.4770989918611139,0.472155045893534,0.4425628130327602,0.2338568950656818,0.5608846252610927,0.5512617395044304,0.5477947948349607,0.5519930363454491,0.4751115906559805,0.4670608425104417,0.4685297216294035,0.4852612836179402,0.4773406819557374,0.9342188319245214,0.3109125543674834,0.312951921691577,0.9479400956465608,0.9432643483718269,0.9447733642982991,0.9443462466941021,0.9412116982289589,0.9481278912938561,0.3041209436384948,0.09853386793970235,0.2184191946553017,0.2936151227931485,0.1034852939335172,0.05520278656066194,0.2272938644096372,0.1426397066868953,0.01091682224155611
9.600000000000001,0.982437886246013,0.987767899022542,0.9878763030385316,0.984941758568729,0.9862736840663718,0.9831099972124691,0.9800411809558701,0.9741944334558954,0.9812140551432158,0.9625045740403526,0.6022692080918135,0.4245420716371399,0.4874878159067739,0.4875514312674294,0.2696629717108422,0.6026820373721725,0.5791958058484713,0.5736836773595477,0.5813409177712483,0.4971230407166379,0.4903678004377425,0.491056862774048,0.5128071502916343,0.4960714759581336,0.9435305562029281,0.3598082828987409,0.2960731347017372,0.9574669816057758,0.9507920152124312,0.9526675682047224,0.9528607720080062,0.9508989301721449,0.9569004448749909,0.3481784004060287,0.09585291863935386,0.2401928738314241,0.3504567812007391,0.116902689033851,0.06634203945808062,0.2822559373368637,0.1468814187462098,0.9836275233763279,0.9879446841356539,0.9878071899183256,0.9853413408187673,0.9865542048321836,0.9839437984719438,0.9808834666882311,0.9725583258229092,0.9812252376992289,0.9676359479061595,0.6065238134738089,0.5317374633169439,0.5268108400376169,0.4970732073458602,0.2777143539165673,0.5859716404887452,0.576235112401276,0.5724812372686714,0.5769330298050419,0.4977362819339823,0.4891756325382757,0.490662810031445,0.5081629360541926,0.499898175987274,0.9436945101576205,0.3614937262263411,0.3637538226201485,0.9569224126990146,0.9524287893660209,0.953884158673872,0.9534632462340776,0.9504659741902828,0.9570872975488669,0.3423719589202676,0.1182979377325637,0.2544004835278161,0.3358287088425605,0.1240017938025839,0.06703853290291152,0.2704454934872175,0.1741360093286612,0.01356510920753247
10,0.985351955823902,0.9904151087260923,0.9905176255715162,0.9877369858127938,0.9890073498557097,0.9860057811577392,0.9831269616870881,0.9776456743644657,0.9842124278661614,0.9664640553177227,0.6269752034583751,0.4791219625070997,0.5417846205165877,0.541575878145754,0.3169015295270549,0.6273145704575622,0.6037563700807841,0.5979422711250234,0.6058906450739389,0.5197410372124526,0.5125527768345486,0.5132183675259716,0.5357437946658598,0.5184483065069434,0.9515022636428125,0.4128057859758936,0.3455558759213078,0.9648835979833241,0.9585016174214253,0.9603003975504483,0.9604758466840887,0.958612878331869,0.9643299911261856,0.3883157654581073,0.115126782440982,0.278100724012074,0.3955396975716527,0.1394884973790117,0.08026214616675906,0.3305149928946188,0.1789936652570093,0.9864956331160746,0.9905849067677448,0.9904593750098182,0.9881210630744361,0.9892782183599987,0.9867986639308624,0.9839503409997934,0.9761734097124118,0.9842215037354525,0.9713097261236916,0.6312458603469648,0.5848888416351045,0.5800899692935724,0.5508781069262656,0.3256301084079077,0.6105343533665739,0.6007565093714773,0.5967306654588121,0.6013986450923842,0.5203440058747015,0.511297732745391,0.5127897688074555,0.5309599431165837,0.52240196041623,0.9516629454325315,0.4145670552254918,0.4170028772752707,0.9643681200366496,0.9600668114051207,0.9614655315191454,0.961050616106594,0.9581982328502928,0.964508788596389,0.38226217389172,0.1411786897577817,0.2935874502375316,0.3802600118774005,0.1476817288136811,0.08107614662730013,0.3177549066059068,0.2104434829245067,0.01681778178505489
10.4,0.9876930364952594,0.9924828385707942,0.9925795600803485,0.9899559586315724,0.9911627021894155,0.9883243592257983,0.9856395969181663,0.9805198771985993,0.9866338589020216,0.9698442944728729,0.6509346696952933,0.5334569583882405,0.5944136939563782,0.5939355708719397,0.3675405535684128,0.6512037859344539,0.6277393333840744,0.6216526405283835,0.6298317385958729,0.5422581077972238,0.5346520779318858,0.5352864690093564,0.5584537248139415,0.5407064037827231,0.9582089332281938,0.4671350491857534,0.3978857398303803,0.9710138893047763,0.9649361573961476,0.9666549897967096,0.9668110571773224,0.9650509273997196,0.9704732181009582,0.4295209651173065,0.1374787611029233,0.3189856435426719,0.4418946197556268,0.1653736969007522,0.09666704693131153,0.3819038712434049,0.215918459063744,0.9887868729281839,0.9926453668367393,0.9925317161504418,0.990322405809742,0.9914225966473215,0.9890754498515429,0.9864386037687886,0.9792055199398251,0.9866406400757062,0.9744061705937951,0.6551916618049938,0.6354943377378151,0.6309177351287683,0.6028212236660441,0.3767784484901599,0.6344725264932252,0.6247221269415757,0.6204432196151096,0.6252872900371823,0.542845331903982,0.5333407772932771,0.5348245246803,0.5535612806920365,0.5447636919484893,0.9583668195863785,0.4689305355255838,0.4714871244117778,0.9705289881043077,0.9664271862792263,0.9677673066355339,0.9673575678722822,0.9646563458101569,0.9706440516861954,0.423301788366754,0.167387092665073,0.3355774505500554,0.4262218100263444,0.1747180740771021,0.09761136191033704,0.3684444778038273,0.2515029940380626,0.02080217874682664
10.8,0.9895862617159064,0.9940976487269827,0.994188676219387,0.9917242253492825,0.9928655711005016,0.9901907862440124,0.9877021908250578,0.9829367984213671,0.9886027687441555,0.9727648355780899,0.6740639000663766,0.58633097158807,0.6443576285748266,0.6436263613132986,0.4205484055965745,0.6742696092174342,0.651051799591528,0.6447245800459014,0.6530738313398673,0.5645857967796747,0.5565801711560217,0.5571765639925067,0.5808495256954224,0.5627603911143905,0.963858299246438,0.5215202683999437,0.4519129874928491,0.9760736649073217,0.9703078373834788,0.9719444954442581,0.9720794221568203,0.9704256180786306,0.9755454782554495,0.4712497642155806,0.1631304563466486,0.3623522869911874,0.4887339328149283,0.1946955555773363,0.11584831943999,0.4353368058656526,0.2575616110514243,0.9906264900357356,0.9942525984844615,0.9941505832311182,0.9920710522402238,0.9931132385866515,0.990899491222364,0.9884713916147732,0.9817724747923434,0.9886071242461151,0.9770465998715102,0.6782797889192962,0.6827299947700033,0.6784489170431703,0.6519386695220238,0.4300894237585627,0.6576974483992364,0.6480384793381399,0.6435288276678264,0.6485075420147861,0.5651523279384915,0.5552200673881464,0.5566829561267986,0.5758798183036532,0.5668976968743556,0.964013916152344,0.5233070645394873,0.5259246553677335,0.9756204724153006,0.9717227470917784,0.9730031696858785,0.9725974490562942,0.9700522796143221,0.9757086445843158,0.4649521075680812,0.1970514146651861,0.3798148410454681,0.4729443537764918,0.2052147454598143,0.1169348666599209,0.4214816491706433,0.296972875835984,0.02566831472246397
11.2,0.9911291272438745,0.9953589345903452,0.9954443809774177,0.9931399518012579,0.9942145414393163,0.9917027808732028,0.989410254230062,0.9849889567034538,0.990216220385717,0.9753181066683736,0.6962938639027881,0.6366926578341195,0.6908389316318511,0.6898813380593581,0.4747202422380683,0.6964457665857224,0.6736126463955031,0.6670790027694884,0.6755390205986331,0.5866383242971086,0.5782546615749127,0.5788072700252055,0.6028494200670212,0.5845283202186978,0.9686263838937671,0.5747243665952412,0.5063746226460641,0.9802458328228719,0.9747962386066151,0.9763493389627319,0.9764614559761304,0.9749168019628794,0.9797294281525436,0.5129418887800339,0.1922254833876257,0.4075665173203257,0.5352580693286267,0.2274829155212039,0.1380740584689144,0.4895836760297917,0.3035422764718368,0.9921123808825238,0.9955059993817094,0.99541521914593,0.9934654520610364,0.994448888897835,0.9923688423959884,0.9901446248097925,0.9839652850990958,0.9902180998452391,0.9793250838230741,0.7004438241251493,0.7260345304657366,0.72209899246465,0.6975102803709926,0.4843382450353934,0.6801327089432545,0.6706233959628906,0.6659081153443754,0.6709799460779015,0.5871798288041257,0.5768538222373356,0.5782841162112848,0.5978334427875989,0.5887221281492228,0.968780199629336,0.5764621033846787,0.5790816447795099,0.9798250856669707,0.9761336627583783,0.9773539797464564,0.9769510367676597,0.9745653222234059,0.9798853611627346,0.5066537328932093,0.2301879087735351,0.4256175507286984,0.5196270749279365,0.2391578993504462,0.139312866473989,0.4756622965360396,0.3462094654829571,0.03159119362217459
11.6,0.9923972275586078,0.9963445369693777,0.9964245286374426,0.9942796201517853,0.9952866177185513,0.9929364064191104,0.9908375530543589,0.9867475732308468,0.9915496184568,0.9775750494220602,0.717570208855225,0.6837215606359733,0.7333416901193588,0.7321917663100705,0.5287882033826699,0.7176797497940208,0.6953531430718017,0.6886485254119482,0.6971622445260468,0.6083338499431137,0.5995974604938773,0.6001015531716962,0.6243782103892885,0.6059327808951428,0.9726610430537942,0.6256533579399824,0.5600116510330415,0.9836841703852508,0.9785520126869228,0.9800209452995444,0.9801088725408618,0.9786753295769112,0.9831787755782077,0.5540505355396198,0.2248000079124131,0.4538914355378921,0.5807084853231899,0.2636301772370351,0.1635647068569653,0.5433834784913357,0.3531785412748554,0.9933207781484167,0.9964834408940694,0.996403359444485,0.9945824840839321,0.9955067804043043,0.9935599391209694,0.9915327903810829,0.985854130121624,0.9915490637543589,0.981314076462627,0.7216322594513378,0.7651027115099903,0.7615403913477031,0.7390740788936621,0.5382581654206363,0.7017146270899269,0.6924066984881844,0.6875130305234094,0.6926374822661903,0.6088466783608042,0.5981643334153173,0.5995513496340318,0.6193460526327014,0.6101600389713114,0.9728133941342219,0.6273073549751894,0.6298753744987503,0.9832961772047322,0.9798111652864522,0.9809715274865572,0.9805702581746327,0.9783457931671835,0.9833279835528357,0.5478561552604095,0.2666753265674225,0.4722188247234214,0.5654924990761938,0.2763920920195396,0.1649627126985136,0.5297207655735865,0.3982892009651077,0.03877255427857938
12,0.993448948590728,0.9971152812570278,0.9971899592952805,0.9952026620428788,0.9961418170679839,0.9939506957711354,0.9920408936053873,0.9882674195349899,0.9926613574939602,0.9795897855783331,0.7378528832233467,0.7268563894621218,0.771600398312913,0.7702958552683483,0.5815373423889851,0.7379324717206234,0.7162172303167786,0.7093777464221409,0.7178913462455521,0.6295956689206447,0.6205358088924283,0.6209877162549343,0.6453680498867232,0.6269018978161639,0.9760856262744665,0.6734307566277092,0.6116793657771257,0.9865171268488596,0.9817006681161961,0.9830855450333988,0.9831483492263842,0.9818268385684357,0.9860220497312546,0.59406953536497,0.2607563607301572,0.500535648497591,0.6244130607126642,0.3028794238560776,0.1924651869882683,0.595557444924406,0.4055153497882482,0.9943108733048586,0.9972458040401703,0.997175774809028,0.9954820442765543,0.9963471993348008,0.9945321987484711,0.9926936332906133,0.9874931897240503,0.9926585011327448,0.9830690634149829,0.7418080175214709,0.799853838158587,0.7966729720272017,0.7764101347312138,0.5906550583203891,0.7223923413605523,0.7133305559431733,0.7082871815647345,0.7134257186744157,0.6300768998260533,0.6190789905386337,0.6204132732537228,0.6403483971699148,0.6311403395772697,0.9762366769856913,0.6749740514102103,0.6774461357204142,0.9861617535186179,0.9828813533171625,0.9839823637111373,0.983581966879281,0.9815188548790599,0.9861650601104247,0.5880454863550011,0.3062381815244111,0.5188187551484544,0.6098348970512663,0.3166062299616431,0.1940249237665017,0.5824454111311289,0.4520744051129438,0.04744157299753142
12.4,0.9943292607450133,0.9977186148901505,0.9977881355336111,0.9959551812638258,0.996826851806964,0.9947913738767262,0.9930639782596387,0.9895906959006544,0.9935965677916908,0.981403428382657,0.7571154338234249,0.7657892419267326,0.8055658992053549,0.8041451260260134,0.6319058291056838,0.7571776518658877,0.7361614770267012,0.7292232312983681,0.737686848847471,0.6503532890732365,0.6410031312551679,0.6414002235266053,0.6657590251588191,0.6473701811554425,0.9790025066481144,0.7174346815350223,0.6604318213211433,0.9888514383087544,0.9843462109751712,0.9856478204780235,0.9856851204056817,0.9844754003430554,0.9883661774448662,0.6325554966437661,0.2998445810340913,0.5467070692326123,0.6658188510328877,0.3448153698451251,0.2248159101194293,0.6451015663783556,0.4593954372167448,0.9951285327148838,0.9978406114606201,0.997779906366137,0.9962107228840252,0.9970171406346455,0.9953317179209625,0.9936719092058934,0.9889244713043777,0.9935916199039015,0.9846323469672518,0.7609476544930833,0.8303865168651532,0.8275798314083483,0.8095040291940193,0.6405029166212584,0.7421275877800662,0.7333495269255788,0.7281858958914202,0.7333026723844965,0.650800744570603,0.6395311516683336,0.6408045960919138,0.6607787391545876,0.6515986051486015,0.9791522386775917,0.7188488245852147,0.7211914213298236,0.9885281157138962,0.9854488343552837,0.9864914614435377,0.9860915452012395,0.9841881794376552,0.9885034917905861,0.6267675339713271,0.348443368796011,0.5646382899637468,0.6520577785906387,0.3593336597784943,0.2265342419363142,0.6327782755583488,0.5063134289816288,0.05785388762735571
12.8,0.9950727516059973,0.9981915010698862,0.9982560353986542,0.996572915223831,0.9973780555400351,0.9954938252063564,0.9939404686680006,0.9907500788200119,0.9943901031684496,0.9830471534202235,0.7753440435254558,0.8004350746608878,0.8353594231102024,0.8338591375553182,0.6790540601199854,0.7754009774036426,0.7551547406540139,0.7481532270248007,0.75652147016145,0.670543339218831,0.6609397039505851,0.661280345647849,0.6854995402590874,0.6672792034317231,0.9814963350849928,0.7572995702924314,0.7055702155090682,0.9907754341100325,0.9865744976205383,0.9877942544246118,0.9878062698019959,0.9867068815522393,0.9902997480129473,0.6691432148021512,0.3416566217402502,0.5916646348417601,0.7045099340285786,0.3888763757871733,0.2605265390426577,0.6912456029314954,0.5135625189642227,0.9958092580564687,0.9983049143983539,0.9982527531593076,0.9968047263116004,0.9975532110520059,0.9959942192237848,0.9945023521309525,0.990180786752781,0.9943833309815846,0.9860360935583871,0.7790403127944688,0.8569295549447548,0.8544784395791032,0.8385005352494569,0.6870064632798247,0.760894202174427,0.7524303090790782,0.7471760130275164,0.7522384061718843,0.6709555723067532,0.6594608388398253,0.6606667625941828,0.6805833259381483,0.6714777081070464,0.981644560914251,0.7585743472807462,0.7607650027110393,0.9904831888893789,0.9876000675167994,0.9885855742623322,0.9881862023352338,0.9864393239519078,0.9904318087454418,0.6636443391925186,0.3927131488375329,0.6089682314281143,0.6916969668180801,0.4039688757455122,0.2623936537429319,0.6798836696302074,0.5597564584881889,0.07028814965176879
13.2,0.9957060260540691,0.9985627078682752,0.9986224408856027,0.9970835706750584,0.9978236909869761,0.9960854395763608,0.9946963876334151,0.9917710770399241,0.9950689022776813,0.9845446401210389,0.7925363760597971,0.8308873853906948,0.8612240604052419,0.8596777104551365,0.7223966837645205,0.7925990899305746,0.7731775682729087,0.7661471356977196,0.7743794126032132,0.690110268955442,0.6802931310350442,0.6805766172632075,0.7045465009038162,0.6865780840845906,0.9836369441568161,0.7928907783542763,0.7466545325739196,0.9923619797648774,0.9884562263359288,0.9895961126429688,0.9895836595215382,0.9885919460680171,0.9918959153922705,0.7035537447287431,0.3856365690651162,0.6347612037592975,0.740210842356503,0.4343821612625187,0.2993572434335068,0.7334751865981941,0.5667772501989857,0.9963805262520041,0.9986675747911287,0.9986231525012705,0.9972921828954365,0.9979839201650611,0.9965473822063747,0.9952119984050539,0.9912880329238147,0.9950606063928168,0.987304761140671,0.7960864943184667,0.8797960011006525,0.8776743727877262,0.863656183223134,0.729626608421244,0.7786773923643553,0.7705512266860475,0.7652354355197687,0.7702143951760387,0.6904865253776566,0.6788152472208207,0.6799484111644541,0.69971666292676,0.6907282571569281,0.983783336621165,0.7940231769410567,0.7960495859175071,0.9920994848898982,0.989406338126151,0.9903362230775984,0.9899379070533845,0.9883427384776382,0.9920230848652175,0.6983833973540533,0.43835477463662,0.6512072514017202,0.7284288432212728,0.4498004291067073,0.301356131783185,0.7231797701750328,0.6112648275394046,0.08503919526377887
13.6,0.996249587215766,0.9988546109766864,0.9989097402072935,0.9975086522282518,0.9981857590938047,0.996587452588293,0.9953519794513117,0.9926738270681805,0.9956538389889503,0.9859139874023942,0.808700294488068,0.8573698178174849,0.8834801339896794,0.8819169807958818,0.7616004231832114,0.8087784497066964,0.7902213837276924,0.7831947850289094,0.7912554695559209,0.7090068154875043,0.6990186286457458,0.699245107662967,0.7228653064162535,0.7052237744241135,0.9854818757166991,0.8242628589840777,0.7834852035376406,0.99367104352018,0.9900495424780265,0.9911120384001458,0.9910764792338824,0.9901886708860791,0.9932149285209573,0.7355955462825389,0.4311076599087698,0.6754731521756422,0.7727781137640595,0.4805756520822254,0.340912142297374,0.7715218016073485,0.617923940357067,0.9968636258427049,0.9989510615283022,0.9989135729690232,0.9976949522618892,0.9983314792152868,0.9970126754351514,0.9958219914731425,0.9922669159226681,0.9956443303026008,0.9884570121626439,0.812096722363198,0.8993443350754936,0.8975218959999212,0.8852964942956881,0.7680729474063932,0.795472830705946,0.7877014964913104,0.7823524704190947,0.7872227036436631,0.70934697475901,0.6975490649667058,0.6986056480965245,0.718141592343022,0.7093088366338444,0.9856260062442758,0.8252556326993108,0.8271139706609886,0.9934366831649385,0.9909263428076914,0.991802290753972,0.9914059391382314,0.9899563797359451,0.9933374798679225,0.7307798277498788,0.4846038193463068,0.6908855600421232,0.7620656829005251,0.4960564252210382,0.3430187564270158,0.7623361739561308,0.6598951702193361,0.1024069183627385
14,0.9967192968646108,0.9990846083018388,0.9991353420385758,0.9978648848093156,0.9984814101411982,0.9970163795449304,0.9959231344013993,0.9934744444389634,0.9961611606880363,0.9871691966193433,0.8238525147411946,0.8801906762731178,0.9024880057545219,0.9009327516285796,0.7965563791098956,0.8239541278653671,0.8062875113200763,0.7992955392253669,0.8071539941905722,0.7271942306477966,0.7170791265284339,0.7172495124859019,0.7404296650868769,0.7231811468728444,0.98707853888296,0.8516116556643414,0.8160651923913171,0.9947518994568483,0.9914022631101519,0.9923902679223383,0.9923334277227642,0.9915447812556513,0.9943063055103247,0.7651598569961406,0.4773136834074769,0.713415038390916,0.8021835498535715,0.5266735231954039,0.3846483521443924,0.8053301770988467,0.6660902916596927,0.9972750887964426,0.9991728596274055,0.9991415194655849,0.9980300387003417,0.9986132076800209,0.9974067877520485,0.9963489732030913,0.9931342406006513,0.9961507406967233,0.9895072046943776,0.8270901542635458,0.9159483225534525,0.9143931059079486,0.903780873063324,0.8022726143299828,0.8112856185510668,0.8038803184405128,0.7985250015209775,0.8032650161833486,0.7274987321822731,0.7156246090910132,0.7166021444222734,0.7358291892113875,0.7271860511061924,0.987219918023984,0.8524717855748252,0.8541647534184863,0.9945438415339757,0.9922083946197257,0.9930322347800873,0.9926390723160822,0.9913279371035343,0.9944244236932822,0.7607125514676387,0.5306754714924447,0.7276737193708379,0.7925414051470562,0.541956437123379,0.3868325402861331,0.7972460934891662,0.7049480904708089,0.1226801159611693
14.4,0.9971274995341308,0.999266226674532,0.9993127819783356,0.9981653146313032,0.998724040032578,0.9973851253894829,0.9964224680244006,0.9941860297817102,0.9966035975451069,0.9883213035110768,0.8380172479333002,0.8997043744887467,0.918619511492939,0.9170923206766615,0.827337525561934,0.83814857299595,0.8213860879413994,0.8144572966857568,0.8220877782748316,0.7446422778249859,0.7344452013772719,0.7345610806681194,0.7572212550137231,0.7404229022875154,0.9884660247272644,0.8752278654529552,0.844553076088974,0.9956449947102055,0.9925537467262899,0.9934704943237451,0.9933945556538004,0.9926995302608962,0.9952106810077734,0.7922118502660053,0.5234694283581179,0.7483403238160725,0.8284929189293763,0.5719183260583551,0.4299016010068626,0.8350137343130202,0.7106111174780873,0.9976278003186272,0.9993465728879031,0.9993206314588197,0.9983106912736787,0.9988426294350776,0.99774274004409,0.9968061495471965,0.993903866110068,0.9965925435312717,0.9904665409494011,0.8410931977100942,0.9299753613918729,0.928655588142793,0.9194759998659939,0.8323262149449832,0.8261291720038098,0.8190958410718194,0.8137595369964916,0.8183515697459356,0.7449120383928378,0.7330117898816032,0.7339090694229007,0.7527584939263753,0.7443343900997557,0.9886041402208861,0.8759651292375702,0.8775000335009062,0.9954612646016776,0.9932922765651349,0.9940659468479571,0.9936774179106773,0.992496698126023,0.9953244717954151,0.7881359956792755,0.5758165654709385,0.7613784490823334,0.8198915040618526,0.586762530671091,0.4321287754691362,0.8279838758495528,0.7459805098923659,0.1461150556398805
14.8,0.9974838811119854,0.9994099855310368,0.9994525860690294,0.9984201581270513,0.9989241393836287,0.9977038386104817,0.996860131025507,0.9948194111752783,0.9969912115359177,0.989379229085521,0.8512248758868928,0.9162813837005765,0.9322376713196426,0.930754445893063,0.8541511598259145,0.8513903922764794,0.8355349135072867,0.8286954206155194,0.8360768870196392,0.7613290216381491,0.7510948613362742,0.7511583956169814,0.7732292567410297,0.7569293166462686,0.9896766144628369,0.8954567636701006,0.8692156077110929,0.9963835158071951,0.9935364446055679,0.9943854174229444,0.9942928065479832,0.9936852591640321,0.9959613620809613,0.8167792225192142,0.5688130828922372,0.7801309686221646,0.8518433349773792,0.6156250997421229,0.4759262466122507,0.8608072173549396,0.7510763273959118,0.997931854683456,0.9994827849491346,0.9994615397355827,0.9985472578014344,0.9990303246855848,0.9980307440819496,0.9972041021082183,0.9945874087478669,0.9969797670355006,0.9913439400339419,0.8541381735296604,0.9417722059391344,0.9406575439772352,0.932737186742439,0.858460218410002,0.8400240736421093,0.8333640507336024,0.8280701778683914,0.8325000314210989,0.7615653498874884,0.7496879220751863,0.7505048793234408,0.7689161060884661,0.7607359352661868,0.9898109638404374,0.8960825283153309,0.897469594608137,0.996222065881634,0.9942107817493643,0.9949362980186283,0.9945539664440798,0.9934950921803163,0.9960708663570762,0.813068974163051,0.6193513252404478,0.7919287121642999,0.8442306117587201,0.6298226771349283,0.4781595937734358,0.8547575587194201,0.782788207452164,0.1729093539242091
15.2,0.9977961202684857,0.9995240695370358,0.999562943331098,0.9986374548852276,0.999089949672774,0.9979805643756003,0.9972444119014358,0.995383687957559,0.9973320415033724,0.9903504081310645,0.8635106944789779,0.9302865608060679,0.9436834922992803,0.9422562935709876,0.8772935111690794,0.8637131798370503,0.8487582846717368,0.8420316453330925,0.8491474917258742,0.7772404419284538,0.7670132041501927,0.7670270327803353,0.7884497860808711,0.7726878531802482,0.9907370218480699,0.9126661779540388,0.8903853243341635,0.9969946917394051,0.9943771750349397,0.9951620206680702,0.9950552954290196,0.9945286795338534,0.9965856293625284,0.8389396975213014,0.6126534172175611,0.8087795666372724,0.8724217139484446,0.657216948935806,0.5219446207820559,0.8830228934739646,0.7873103670491095,0.9981952123918622,0.9995897306202648,0.9995725338125581,0.9987478464821159,0.9991845906444013,0.998278862422475,0.9975514030972624,0.9951947559727824,0.997320411647552,0.9921466906756753,0.866262057314364,0.9516565833173916,0.9507189261239277,0.9438964543522387,0.8809824860623822,0.8529969286045335,0.8467076301417706,0.8414775503143668,0.8457343633973139,0.7774449546764123,0.7656374049256668,0.7663749829056632,0.7842956673056347,0.7763799369578928,0.9908671381259143,0.9131924574341941,0.9144434680851484,0.996853462792924,0.9949909821252412,0.9956704117038894,0.9952958668035495,0.9943499554424525,0.996690840203432,0.8355822697169403,0.660715541324061,0.8193558398944595,0.8657303982509904,0.6706018232811086,0.5241475501490941,0.8778636228891168,0.8153687518933969,0.2031729382742839
15.6,0.9980703799127483,0.9996148515222314,0.9996502286744073,0.9988235690741337,0.999227969517866,0.9982217413942358,0.9975821821423512,0.9958866269362395,0.9976325898242808,0.9912412438435787,0.8749137498711214,0.9420647907277203,0.9532683767565503,0.9519059125242633,0.89711079833271,0.8751544171837601,0.8610858500421344,0.854492995484066,0.8613307357197901,0.7923699080495307,0.7821919731047854,0.7821591174398339,0.8028852556054187,0.7876926682601413,0.9916694101370997,0.9272229338762592,0.9084259953830657,0.9975008709318451,0.9950981620055045,0.9958226161186153,0.9957043635599113,0.9952519185271177,0.9971058188614165,0.8588086389814463,0.6544061044613193,0.834367667521339,0.8904458188765655,0.6962466221742064,0.5671988006472739,0.9020138682795911,0.8193334894657437,0.9984242029998014,0.9996738186418396,0.9996600813191908,0.9989188377044642,0.9993119530363305,0.9984935128497152,0.9978550793134652,0.9957344409165063,0.9976209406659252,0.9928809301537269,0.8775053225470946,0.9599132035384685,0.9591270848612683,0.9532558593239243,0.9002447350770776,0.8650792564889008,0.8591548259321853,0.8540077398491955,0.858083710758774,0.792544451801598,0.780851295473576,0.7815113074759882,0.7988972615155036,0.7912622891786164,0.9917948803391048,0.9276617034364881,0.9287889741280829,0.9973778433210483,0.9956552672359339,0.9962907060698802,0.99592548149171,0.9950835601897593,0.9972066991505147,0.8557861624801962,0.6994765245226335,0.843771166544186,0.8845996210399879,0.7086985836103916,0.5693372891069728,0.8976481970563994,0.8438752653017735,0.2368992322074271
16,0.9983116761314578,0.9996872984784519,0.9997194089367365,0.9989835741453352,0.9993433449522428,0.998432578028534,0.9978792233181191,0.9963349501018927,0.9978981871949717,0.9920574282114371,0.885475784007747,0.9519324921684464,0.9612706745119026,0.9599787987840467,0.9139685382856417,0.8857544630566377,0.8725515174686874,0.8661107485376621,0.8726616617450479,0.806717550259118,0.7966290352048728,0.7965528068434808,0.8165436918236204,0.8019440394410687,0.9924922209500543,0.9394768873312292,0.9237066098853616,0.9979204069031948,0.9957178775445634,0.9963856956392187,0.9962584446458449,0.9958733662636027,0.9975402170748522,0.8765276144242273,0.6936160674866997,0.8570433418615606,0.9061486295850919,0.7324038333214971,0.6109977138143332,0.9181457693717237,0.8473151056617914,0.9986239086783794,0.9997400383736564,0.9997292319115649,0.9990652793913161,0.9994175616303608,0.9986798521238734,0.9981209609948016,0.9962139149101902,0.9978866479363789,0.9935519876260875,0.8879108992847009,0.9667928447161753,0.9661355916219735,0.9610846633192157,0.916613368953294,0.8763064435431992,0.8707383577747924,0.8656912590457143,0.8695813410216854,0.8068641301884492,0.795326799920642,0.7959117889694136,0.8127267604587737,0.8053849317131219,0.9926126979844011,0.939839619091408,0.9408552837086388,0.9978136405755618,0.9962221912796781,0.9968157443102125,0.996461253411731,0.995714448469509,0.9976367159309975,0.8738188024247868,0.7353388721532053,0.8653439074887253,0.9010673108637105,0.7438481168397688,0.6130422407239651,0.9144764964596533,0.8685694577174897,0.2739409130873705
16.4,0.998524153857994,0.999745286435637,0.9997743578606247,0.9991215477209388,0.9994401701520014,0.998617335779947,0.9981404665454325,0.9967345434146663,0.9981332645108293,0.9928041603547075,0.8952402983022514,0.96017351187595,0.9679351106421746,0.9667173027047133,0.9282291623645488,0.8955556435099267,0.883192436261427,0.876919463683403,0.8831782214590457,0.820289563206042,0.8103278052127358,0.8102117199363338,0.8294380324491144,0.8154477425503925,0.9932208481687169,0.949751157536306,0.9365832798883977,0.9982683839828029,0.9962517227871426,0.9968666223135988,0.9967327739156471,0.996408360264737,0.9979037986307665,0.8922544206163909,0.7299654718187314,0.877000189782328,0.919766189351847,0.7655102555273651,0.652753881470776,0.9317765190707434,0.8715272862692217,0.9987984559029111,0.9997922759598147,0.9997839312666765,0.9991911918362594,0.9995054958559654,0.9988420666667129,0.998353943457993,0.9966397462260741,0.9981219315690003,0.9941646233259854,0.8975232552656127,0.9725134483410214,0.9719651559403074,0.9676191401488278,0.930448499263235,0.8867167730817459,0.8814943941401604,0.876562073498984,0.880263657215526,0.8204102807782566,0.8090667073068029,0.809579809181645,0.8257951396921825,0.8187552064637396,0.9933360570091621,0.9500485321445671,0.9509640836228245,0.9981760477065457,0.9967071624100018,0.9972609267804228,0.9969184156536105,0.996258105664298,0.9979958654998873,0.8898359854982931,0.7681381878334151,0.8842811258336997,0.9153694270183486,0.775913659895878,0.6546807523261313,0.9287105419484882,0.8897795034836551,0.3139951725728378
16.8,0.9987112918465072,0.9997918444817576,0.9998181002691233,0.9992407973350195,0.9995217191599395,0.9987795422547214,0.9983701676497376,0.9970906087583147,0.9983415546076985,0.9934862888252755,0.9042517383206012,0.9670381021738684,0.9734740744306754,0.972331878630155,0.9402369842178184,0.9046014474987133,0.8930480699732101,0.8869560932503557,0.8929203806009184,0.8330974729943398,0.82329663745463,0.8231443362109063,0.8415854248532408,0.8282144020903551,0.9938681852573579,0.958337078635138,0.9473877758709197,0.9985572105541646,0.9967125781197305,0.9972781914152036,0.997139967278725,0.9968697372950606,0.9982088321291689,0.9061548028442384,0.7632692176754823,0.8944591239859169,0.931528699588104,0.7955054154947145,0.69200654054623,0.9432430811236974,0.8923035972600448,0.9989512365149987,0.9998335599977157,0.9998272651398019,0.9992998021994044,0.9995790008592983,0.9989835919922094,0.9985581831028906,0.9970177659981848,0.9983304966044352,0.9947231894145936,0.9063876005496586,0.9772624177774918,0.9768058098130347,0.9730640686815872,0.9420900883635731,0.8963505461635395,0.8914616125781859,0.8866567038993138,0.8901692994952904,0.8331944726204247,0.8220787879849445,0.8225236014547989,0.8381177874281758,0.8313851921790035,0.9939779245407003,0.9585788283133804,0.9594048579334905,0.9984776013754411,0.9971230033259211,0.9976390541000525,0.9973095715097176,0.99672750443203,0.9982964279302818,0.9040026045311236,0.797826089398333,0.9008108025260853,0.9277388664444236,0.8048701730872194,0.693798526194793,0.9406942023767233,0.9078655956780729,0.3566029066486736
17.2,0.9988760542696283,0.9998293437824302,0.9998530012875625,0.9993440328972847,0.9995906245050851,0.9989221508425926,0.9985720356087351,0.9974077753913694,0.9985262415741984,0.9941083987202953,0.9125547975068631,0.9727439233011124,0.9780700069420615,0.9770034242775886,0.9503091257129285,0.9129358288459394,0.90215936902046,0.896259186481396,0.9019293271631595,0.8451573948548757,0.8355482049541936,0.8353633828440628,0.8530065431469194,0.8402588359700108,0.9944450698107343,0.9654925209181557,0.9564212128489061,0.9987971033508199,0.997111247878258,0.9976310856256545,0.9974904936839704,0.9972682782455359,0.9984653763927068,0.9183958925966719,0.7934611340813256,0.9096535241980479,0.9416544249301319,0.8224271018177489,0.7284305769033291,0.9528537488058328,0.9100057907134932,0.9990850745869378,0.9998662523679654,0.999861649073581,0.9993937243566642,0.9996406698434784,0.9991072779739423,0.998737244340553,0.9973531767378564,0.9985155045489835,0.9952317334021095,0.9145492123937864,0.9811995407719208,0.9808197634700901,0.9775952017973432,0.9518497862812114,0.9052492994284229,0.9006803557997221,0.8960134158075412,0.8993383441346364,0.8452328193934787,0.8343751769956957,0.8347556438552343,0.8497138249313297,0.8432910383133854,0.9945492099491759,0.9656873653386935,0.9664334467892963,0.9987286577019212,0.9974804074593703,0.9979607855681613,0.9976451678519958,0.9971335445020877,0.9985484815571833,0.9164858268841496,0.8244501304387335,0.9151683653948702,0.9383984466555936,0.8307836686540623,0.7300769145104193,0.9507441695595391,0.9231939268670362,0.4011644676215168
17.6,0.9990210022119899,0.9998596439684549,0.9998809129682704,0.9994334981086157,0.9996490149924481,0.9990476604342873,0.9987493273810395,0.9976901828364299,0.9986900712607307,0.9946748601282126,0.9201938344688234,0.9774782658692828,0.9818783434294807,0.9808861722450052,0.9587309458408283,0.9206026120542754,0.9105680470522856,0.9048681901500513,0.9102467847099157,0.8564893036379498,0.8470988827108287,0.8468852265603277,0.8637249376409027,0.8515994120378184,0.9949606449464851,0.9714424663940984,0.9639514855094852,0.9989964826066442,0.9974568205503279,0.9979342449003905,0.9977930600867742,0.9976130672846834,0.9986816861121597,0.9291412497679599,0.8205745051572667,0.9228178230796272,0.9503458907461908,0.8463895830402272,0.7618329463630561,0.9608845507901689,0.9249988868140985,0.9992023518155287,0.99989219644084,0.9998889758956097,0.999475096370333,0.9996925849885695,0.9992155132376538,0.9988942100700281,0.9976506346448555,0.9986796836220493,0.9956940608229516,0.9220528738706386,0.9844601409525752,0.9841445238451835,0.9813622092534984,0.9600070222422139,0.9134551226326524,0.9091918891821474,0.9046715032764567,0.9078116035256046,0.8565452582108261,0.8459717596366275,0.8462920562160144,0.8606054535115735,0.8544923150719507,0.9950591237445926,0.9715981108786628,0.9722727835578284,0.998937780628692,0.9977883107489781,0.9982350129137116,0.9979338812582245,0.9974854092108857,0.9987603056810124,0.9274499019990727,0.8481318769395637,0.9275865763269058,0.9475563624519514,0.8537893063818771,0.7633288318994258,0.95914541592031,0.9361185189203417,0.4469717575769949
18,0.9991483752475858,0.999884206514331,0.9999032879285059,0.9995110703147104,0.999698622126026,0.9991582053877278,0.9989049187673613,0.9979415438366863,0.9988354333479803,0.9951898507553504,0.9272123958981765,0.9814009138095272,0.9850306421267763,0.9841107689600529,0.9657546649270123,0.9276449968856846,0.9183159606558396,0.9128228461914736,0.917914428892334,0.8671163345602674,0.8579681490238313,0.8577292837757498,0.8737664269108577,0.8622574303275237,0.9954226535226676,0.976380977823152,0.9702132639503314,0.9991622945091868,0.997756961430145,0.9981951676058951,0.9980549251458094,0.9979117825649366,0.9988645429424636,0.9385473160779222,0.8447202648672524,0.9341792431458882,0.9577878588346311,0.8675622082423222,0.7921396578900987,0.9675785307298852,0.9376339536776384,0.9993051013413285,0.9999128321746032,0.9999107304399631,0.9995456852130628,0.9997364264693254,0.9993103189205707,0.9990317652618036,0.9979143137393006,0.9988254102713545,0.9961137701867788,0.9289424175727748,0.9871582036252553,0.9868960104200784,0.9844917571154516,0.966808081662681,0.9210100748559596,0.9170377606517527,0.9126706679487679,0.9156300265867737,0.8671548579415066,0.8568875735316451,0.8571520145817092,0.8708173395722877,0.865011393039361,0.9955154701377399,0.9765041512555733,0.9771149666533447,0.9991120591166139,0.998054195242188,0.9984691656518184,0.9981829329705703,0.9977908556212067,0.9989387090906579,0.9370524142412741,0.8690456247577468,0.9382884054905516,0.955403594990894,0.8740705460943659,0.7934853987637385,0.9661498325476605,0.9469696528845806,0.4932532294124336
18.4,0.999260150931031,0.9999041825787119,0.9999212674596227,0.9995783361991841,0.9997408624528558,0.9992556234890643,0.9990413583209592,0.9981651935294449,0.9989644227585452,0.9956573624731,0.9336528356638022,0.9846472510539821,0.9876376636164159,0.9867873074187474,0.9716001118631706,0.9341051548260054,0.9254445886581394,0.9201626832099868,0.9249734021639392,0.8770641271610595,0.868178015847709,0.8679174597059255,0.8831585394867009,0.8722565415467365,0.9958376780999318,0.9804739326338781,0.9754096150536121,0.9993002744864751,0.9980181512808297,0.9984201563452147,0.9982821549387115,0.9981709323817211,0.9990195254941249,0.9467610520927261,0.8660654815132929,0.9439522263681275,0.9641466187540978,0.8861501112173154,0.8193768805118664,0.9731469000444565,0.9482372915545417,0.9993950777096942,0.9999292855080827,0.9999280788202676,0.9996069663239672,0.9997735569226995,0.9993934196167804,0.9991522608261796,0.9981479574691279,0.9989547698921318,0.9964942700877967,0.9352603644355855,0.9893893230725748,0.9891715076834041,0.9870905101175811,0.9724671414817232,0.927955695542837,0.9242592602358357,0.9200504916988063,0.9228341957470241,0.8770871699056934,0.8671442385252603,0.8673571937627687,0.8803760458630928,0.8748728623562765,0.9959248860255671,0.9805704491789698,0.9811240531158418,0.9992573665577038,0.9982843376201733,0.9986694611665869,0.9983983459253488,0.9980564516411176,0.9990892979517091,0.9454417560210746,0.8873993859918311,0.9474823966293502,0.9621127898518359,0.891840799676981,0.8205768763129104,0.971976980183921,0.9560474415373318,0.5392257318285565
18.8,0.999358088207235,0.999920481096645,0.9999357498853715,0.9996366491058702,0.9997769014343768,0.999341507724785,0.9991609093445155,0.9983641291469983,0.999078886181481,0.9960811989255702,0.9395560198148293,0.9873313549723072,0.9897922607372917,0.989008174803473,0.9764567716430643,0.9400239093656233,0.9319946048659223,0.926926596336837,0.9314639195869099,0.8863602214061017,0.8777524963891018,0.8774736243995302,0.8919300093800806,0.8816222092555949,0.9962113370467581,0.983862085533949,0.9797145556971878,0.9994151623806862,0.998245881763784,0.9986145192301242,0.9984798315838993,0.9983960478458087,0.999151229380326,0.9539185271536472,0.8848138975541544,0.9523350381578762,0.9695702054989227,0.9023779522107407,0.8436494958841433,0.977771307864994,0.9571045648609162,0.9994738089861182,0.9999424378005252,0.9999419379410481,0.9996601839504332,0.999805087032645,0.9994662974199439,0.9992577631072236,0.9983549216989861,0.9990696026297856,0.996838785723005,0.9410476470876366,0.9912333895005876,0.9910523665415009,0.9892479320707515,0.9771684837894864,0.9343326044481205,0.9308969738670465,0.9268499982212803,0.9294639143499457,0.8863696298598481,0.8767654228945108,0.8769312460137632,0.8893095141548198,0.884102998307592,0.9962930366505511,0.9839369194121672,0.9844391506577426,0.9993785732634962,0.9984840131553053,0.9988411100535564,0.998585154687759,0.9982877707271117,0.9992166942435183,0.9527555890937977,0.9034189963987952,0.9553600028138234,0.9678381885072154,0.9073282866723429,0.8447111880376055,0.976816134253736,0.9636191572785411,0.5841458967021604
19.2,0.9994437593094042,0.9999338216042351,0.9999474436398972,0.9996871725098339,0.9998077031515125,0.9994172461859817,0.9992655835374959,0.9985410432063005,0.9991804579283864,0.9964649692091995,0.9449611070013603,0.9895489213930477,0.9915720053292691,0.9908506417495467,0.9804865355014524,0.9454404913583625,0.9380055364658856,0.9331525083222972,0.9374249573045705,0.8950335114091091,0.8867171156196217,0.8864231311782275,0.9001103272981887,0.8903812204755266,0.9965484451405195,0.986664172781372,0.9832760488234171,0.9995108784975351,0.9984448161415274,0.9987827351945832,0.9986522236450682,0.9985918408092954,0.9992634465162192,0.960144247847262,0.9011894930817577,0.9595080429324163,0.9741892320485741,0.9164770101253126,0.8651197416442423,0.9816066861960422,0.9644985192336878,0.9995426356844411,0.9999529797865447,0.9999530296588824,0.9997063969274196,0.9998319265928945,0.999530233487707,0.9993500929326962,0.9985382117155441,0.9991715385557802,0.9971503599259234,0.9463434070447149,0.9927569811178294,0.992606416042939,0.9910388205000543,0.981069326088486,0.9401801831186277,0.9369904241618592,0.9331072971140253,0.9355578767999944,0.8950310167617901,0.8857763517873399,0.8858993213889503,0.8976466020493468,0.8927292774924784,0.9966247761562627,0.986721539029062,0.9871775311558029,0.9994797208058545,0.998657663521015,0.9989884851614972,0.998747577118604,0.9984895524749512,0.9993247139136913,0.9591200759460767,0.9173355940305967,0.962094408115148,0.9727162750369593,0.9207642411898385,0.8660526333794095,0.9808290290305108,0.9699191341542814,0.6273542484087713
19.6,0.9995185735765275,0.9999447752594628,0.9999569085213805,0.9997309131405866,0.9998340691452304,0.9994840532815291,0.9993571687752115,0.9986983521747286,0.9992705881625521,0.9968120809447186,0.949905394021774,0.9913799371256612,0.9930415221666014,0.9923791636762237,0.9838267408473621,0.950392360477666,0.9435154993664649,0.9388771038218252,0.9428940145895034,0.9031137593459765,0.8950984671440675,0.8947923807832647,0.9077293474692212,0.8985612471683695,0.9968531453727999,0.988979881037063,0.9862191150595784,0.9995906678217061,0.9986189219711836,0.9989285902054023,0.9988029255287639,0.9987623339242528,0.999359311207565,0.9655510372825189,0.9154234085486338,0.9656332054954551,0.9781180978656963,0.9286755108169402,0.8839877552791476,0.9847843009763592,0.9706491358640796,0.9996027400789733,0.9999614535139922,0.9999619230151183,0.9997465134988991,0.9998548243968937,0.9995863404070151,0.9994308570771526,0.9987005149782908,0.9992620252983935,0.9974318521327182,0.9511848553677876,0.9940154569593255,0.9938900781803831,0.9925255519550732,0.9843028836979685,0.9455363296795488,0.9425777897611237,0.9388593028387601,0.9411534129143112,0.9031009709385988,0.894203361521427,0.8942876331594937,0.9054166745728055,0.900779946481665,0.9969242796376363,0.9890233176543689,0.9894375959159238,0.9995641652964251,0.9988090352008977,0.999115261096913,0.9988891549427732,0.9986658356038511,0.9994165122300859,0.9646496887418381,0.9293763123329498,0.9678404174202774,0.976866874901146,0.9323742531168383,0.8848025631497104,0.9841528900350608,0.9751503115584615,0.6683071467861463
20,0.9995837957168494,0.9999537967347023,0.9999645877915134,0.9997687464434959,0.9998566689186662,0.9995429945725444,0.9994372527161176,0.9988382219093004,0.9993505656635614,0.9971257347656208,0.9544242167134867,0.9928910635124457,0.9942545283192384,0.9936473922333452,0.9865932307518167,0.954915083887383,0.9485610013739733,0.944135628442784,0.9479069402184565,0.9106311698073991,0.9029238179611854,0.9026084326766459,0.9148169485028947,0.9061904591368315,0.9971290173526778,0.9908925813658774,0.9886488534939072,0.9996572183037884,0.9987715810992891,0.9990552898408624,0.998934971716283,0.9989109682432875,0.999441419184949,0.9702403079783101,0.9277441247782787,0.9708544469656358,0.9814563969749579,0.9391918255973423,0.9004750364733041,0.9874147709786653,0.9757553242779182,0.9996551685966194,0.9999682849553806,0.9999690671943373,0.999781317947146,0.9998743995230447,0.9996355877685462,0.9995014741878909,0.9988442307146284,0.9993423503080391,0.9976859374142869,0.9556071869892619,0.9950547640881575,0.9949501974990533,0.9937600396759902,0.9869814151652887,0.9504372783159215,0.9476956942819663,0.9441415203517011,0.9462862976198894,0.9106095719653874,0.9020735014415844,0.9021230698290789,0.9126492495626045,0.9082836430287434,0.9971951519897049,0.9909250298462168,0.9913015985452488,0.9996346953267459,0.9989412939124257,0.9992245296199973,0.9990128690314187,0.9988200684488449,0.9994947024166624,0.9694474336246922,0.9397577972649883,0.9727350736720638,0.980394508834815,0.9423723258941011,0.9011830006815279,0.9869034856305932,0.9794867255479877,0.7065943591670191
20.4,0.999640560331807,0.9999612490466407,0.9999708331834394,0.9998014364100068,0.9998760640292749,0.9995950068963327,0.9995072433748868,0.9989625906899456,0.9994215366440612,0.9974089212945447,0.9585508971164577,0.9941377249853562,0.9952555927435001,0.9946999113282619,0.9888832674093051,0.9590422636051064,0.9531768041382453,0.9489617441318399,0.9524978141456883,0.9176160230315729,0.9102207610908658,0.9098986634249622,0.9214027455904517,0.9132971873998398,0.9973791666528143,0.9924717815849611,0.9906532516968812,0.9997127580016435,0.9989056811694653,0.9991655526103965,0.9990509305535978,0.9990406926239738,0.9995119246039743,0.9743026014898916,0.938370539141461,0.975298560640961,0.9842904003576861,0.9482300593572683,0.9148112088403696,0.9895909117416162,0.9799874889400192,0.9997008492867717,0.9999738093799848,0.9999748172677939,0.9998114911298668,0.9998911659819939,0.9996788227044424,0.9995631966242671,0.9989714970325602,0.999413659275818,0.9979151067718252,0.959643539679384,0.9959129825978583,0.9958256077204422,0.9947854200791074,0.9891991001711449,0.9549174748505621,0.9523790558577779,0.9489878890536338,0.9509906172183752,0.917586974766725,0.9094141834420121,0.9094328537646756,0.9193736946137858,0.9152690684647016,0.9974405178277053,0.9924956638314467,0.9928380822408149,0.9996936291949862,0.9990571194036586,0.9993188953012262,0.9991212341038619,0.9989552010137833,0.9995614525218176,0.973605358805387,0.9486820570459398,0.9768987368389609,0.9833898600101659,0.9509571546659078,0.9154235647196367,0.9891780329363357,0.9830764570988022,0.7419426873300287
20.8,0.9996898839644777,0.9999674229180926,0.9999759244115622,0.9998296512878182,0.9998927272404917,0.9996409149745084,0.9995683874086591,0.9990731903478201,0.9994845206693876,0.9976644210126123,0.9623167286727003,0.9951659149423127,0.9960816397955092,0.9955737210092358,0.9907782076348528,0.9628055045864558,0.9573958351626436,0.9533874327933995,0.9566988759336531,0.9240983641262318,0.9170169148050668,0.9166904708934874,0.9275158505654243,0.9199096359578608,0.9976062986063622,0.9937752842941596,0.9923057244558335,0.9997591349523787,0.9990236919977054,0.9992616875209492,0.9991529814157086,0.9991540383097425,0.9995726191043742,0.9778182956393792,0.9475074571928979,0.9790764634211265,0.9866945274449775,0.9559775270564581,0.9272240151010385,0.9913903280506841,0.9834905027253387,0.9997406058179888,0.9999782911053757,0.9999794543200223,0.9998376265034568,0.9999055522308711,0.9997167866586205,0.9996171292236808,0.9990842159477621,0.9994769717485611,0.9981216692415399,0.9633249894969104,0.9966216362315791,0.9965484624747902,0.9956374922622392,0.9910346683442802,0.9590095001270811,0.9566609885176147,0.9534306769048578,0.9552986838178287,0.9240631011228053,0.916252877998565,0.9162442452548883,0.925618972454416,0.9217647088303528,0.9976630959302927,0.99379257459083,0.9941040212112292,0.9997428951662379,0.9991587841423292,0.9994005549667837,0.9992163766585168,0.999073761829337,0.9996185645451052,0.9772052431818783,0.9563341419901394,0.9804364254269573,0.9859312563837228,0.9583101307962394,0.9277516123086631,0.9910578664906284,0.9860447077505745,0.7742080429534759
21.2,0.9997326755214936,0.9999725519024822,0.999980084414499,0.9998539762772215,0.9999070578512298,0.9996814453565446,0.9996217865981896,0.9991715657834896,0.9995404244003616,0.9978948069889417,0.9657509921156822,0.9960137413432294,0.9967632242368119,0.9962994963238898,0.9923458982024602,0.9662344162344373,0.9612491417506492,0.957442940542816,0.9605404920607994,0.9301077444649234,0.9233396662645429,0.9230110220714799,0.9331846758482548,0.9260556390424809,0.9978127793939767,0.994851058886605,0.9936673597630232,0.9997978829198422,0.9991277295018586,0.9993456587103278,0.9992429783282358,0.9992531813715714,0.9996249962658975,0.980858404223735,0.9553429957657477,0.9822846182911731,0.9887327518083983,0.9626036534260261,0.9379322100084038,0.9928777228013334,0.9863867757060446,0.9997751690282237,0.9999819388838569,0.99998320119955,0.9998602428069894,0.9999179167057467,0.999750129303865,0.9996642456944683,0.9991840765508984,0.9995331946483562,0.9983077559250249,0.9666805754839688,0.9972067974298706,0.9971453585756489,0.9963459378940721,0.9925537436382602,0.9627440334244525,0.9605727471737785,0.9575004169858722,0.9592409901066029,0.930067382837657,0.922616854599718,0.9225842898953853,0.9314134310236826,0.9277986015443994,0.9978652610021462,0.9948633500599409,0.9951466760312547,0.9997840978081727,0.9992482187495106,0.9994713637924859,0.999300099217137,0.9991779222422579,0.9996675391013444,0.9803193869332774,0.9628811938601263,0.9834392767755308,0.9880861036803703,0.9645946271429127,0.9383852577373856,0.9926108276293307,0.9884967939519098,0.8033594037294152
21.6,0.9997697456137019,0.9999768242212219,0.9999834912830957,0.9998749240103947,0.9999193940539847,0.9997172383041411,0.9996684128299899,0.9992590930433497,0.9995900536496657,0.998102450174111,0.9688809956018108,0.9967127390754605,0.9973256060312949,0.996902648999071,0.9936427809661946,0.9693566407839104,0.9647658794728686,0.9611567556381169,0.9640511549860152,0.935673010860245,0.9292159566962532,0.9288870417037696,0.9384367780340414,0.931762460396285,0.9980006867244245,0.995738847730537,0.9947888750462351,0.9998302755730073,0.9992196093494293,0.9994191394257512,0.9993225025376267,0.9993399951607687,0.9996703041837436,0.9834854140205094,0.9620474285708124,0.9850065118824816,0.9904599083900939,0.9682598953689244,0.9471408860191791,0.9941069183413859,0.9887792235962808,0.9998051867383559,0.9999849178975584,0.9999862348577835,0.9998797942729496,0.9999285602534616,0.9997794202629371,0.9997054031163951,0.9992725764425774,0.9995831341728465,0.9984753257999824,0.9697373472782135,0.9976900145920331,0.9976382794766037,0.9969353491730234,0.9938108985440766,0.9661498487835823,0.9641437086593185,0.9612258793769277,0.9628461973410407,0.9356285522419059,0.9285329637792504,0.9284796065472583,0.9367846341798444,0.9333981439174023,0.9980490950275381,0.9957474109976502,0.9960051840108837,0.9998185728775495,0.9993270664979115,0.9995328903728611,0.9993739333816606,0.9992695502824968,0.9997096282956549,0.9830114461564177,0.9684724718564834,0.9859860265120463,0.9899122293437943,0.9699561880353694,0.9475287997868037,0.9938933645578221,0.990520938116721,0.8294582454205242
22,0.9998018151464431,0.9999803920479237,0.9999862876099411,0.9998929433790629,0.9999300229692601,0.9997488580479093,0.999709121773621,0.9993369960504241,0.9996341240852747,0.9982895268248732,0.9717321335068477,0.997288977347752,0.9977896520962756,0.9974042186714146,0.9947157173358178,0.9721979027823732,0.9679733285177531,0.9645556138404223,0.9672575076502211,0.9408221378127259,0.9346721048097578,0.9343446384820019,0.9432987368054776,0.937056630807828,0.998171851981677,0.996471532566929,0.9957123009055381,0.999857371175001,0.999300892077408,0.9994835571958167,0.9993929060453701,0.9994160945061736,0.9997095883841468,0.9857541199499077,0.9677730698933861,0.9873141088938295,0.9919228854380624,0.973080360600426,0.9550387356528683,0.9951226033498476,0.9907540229041996,0.9998312323071724,0.9999873591175444,0.999988696025497,0.9998966789974381,0.9999377361381135,0.999805159106975,0.9997413548789578,0.9993510415126692,0.9996275063957938,0.9986261730244491,0.972520430193013,0.9980890872031941,0.9980453845702356,0.9974260911997125,0.9948514302943035,0.9692538378549047,0.9674013820156221,0.964634071911725,0.9661411501746553,0.9407744753944691,0.9340274575011259,0.9339562126839265,0.9417592288199209,0.9385899395563122,0.9982164300649309,0.9964773708626732,0.9967119111017777,0.9998474327771852,0.999396728768716,0.9995864626654648,0.9994391837312194,0.9993502558751639,0.9997458789904985,0.9853372702674132,0.9732400374856426,0.988144441405201,0.991459115680415,0.9745233222321665,0.9553700619954973,0.9949523526569245,0.9921907940981294,0.8526365817842769
22.4,0.9998295233451956,0.9999833788066674,0.9999885878305738,0.9999084271067616,0.9999391888504388,0.9997768017262696,0.9997446653802189,0.9994063620489138,0.9996732708093831,0.9984580275786782,0.9743279591290639,0.9977639895155187,0.9981725900214686,0.9978216182810085,0.995603552720398,0.9747820746500386,0.9708969320864501,0.9676645256802811,0.9701843878951477,0.9455820980488567,0.9397336649067463,0.9394091653140161,0.9477960649192829,0.9419638199887622,0.9983278953641909,0.9970762891480131,0.9964724170464363,0.9998800494783437,0.9993729211136217,0.9995401317017527,0.9994553477388562,0.9994828730609742,0.9997437268896913,0.9877124317917728,0.9726548664312976,0.9892692335809079,0.9931616952008829,0.977182867959895,0.9617967839798678,0.9959618275699539,0.9923830965055783,0.9998538122416413,0.9999893666129868,0.9999906968098871,0.9999112459281245,0.9999456581408123,0.9998277839740269,0.99977276228705,0.9994206441199369,0.9996669467836546,0.9987619353886137,0.9750531031364301,0.9984187118338116,0.9983816674385081,0.9978350228838854,0.9957128810733278,0.9720810536308293,0.9703714420201844,0.9677502640807146,0.9691509127257215,0.9455320232573211,0.9391258443891399,0.9390393836986146,0.9463628442047247,0.9433996786157443,0.9983688839928233,0.9970801839686904,0.9972935935752456,0.9998716042350468,0.999458403018184,0.9996332063676087,0.9994969642065539,0.9994214288578845,0.9997771682438691,0.987345713953753,0.9772998522363773,0.9899726650213727,0.9927690128932991,0.9784086667395061,0.9620791820940492,0.9958266555687449,0.9935676841916175,0.8730759577601713
22.8,0.9998534353091059,0.9999858849230494,0.9999904839982813,0.9999217183410147,0.9999470998373324,0.9998015072322126,0.9997757032894601,0.9994681558070545,0.999708056972414,0.9986097677047372,0.9766902672933057,0.9981555507389434,0.998488636158779,0.9981692556693014,0.9963384468907102,0.9771312540292658,0.9735603517709459,0.9705068208216482,0.9728548880474182,0.9499787666426841,0.9444253160491963,0.9441051101058721,0.9519531451863521,0.9465087388860953,0.9984702552612799,0.9975755577540903,0.9970979680792773,0.9998990422111055,0.9994368548712302,0.9995899065800434,0.9995108234437211,0.999541534944047,0.9997734589070411,0.9894021354147964,0.9768114397860692,0.9909248492654849,0.9942104246353196,0.9806702584894117,0.9675681856755716,0.9966552709066651,0.9937263105531965,0.9998733730634826,0.9999910232652199,0.9999923266660035,0.9999238007992545,0.9999525071521703,0.9998476790588205,0.9998002049979674,0.9994824197245431,0.9997020187768753,0.9988841035625866,0.9773568854888302,0.9986910192300236,0.9986595034290241,0.998176097902696,0.9964263288081048,0.974654770171713,0.9730777807264336,0.9705980290791606,0.9718988210296037,0.949926976192742,0.9438527761935946,0.9437535426520091,0.9506200194123927,0.9478520479004148,0.9985078904420923,0.9975781097528748,0.9977722971490087,0.9998918595592559,0.9995131145283732,0.9996740770057911,0.9995482283222326,0.9994842710127999,0.9998042323688883,0.9890794054467805,0.9807531047482604,0.9915204537204647,0.9938779310743374,0.9817103496170149,0.9678084485697889,0.9965484529286384,0.9947025495332119,0.890988889133308
23.2,0.9998740491291045,0.9999879923676686,0.9999920503353276,0.9999331164562728,0.9999539335493252,0.9998233601356399,0.9998028132119743,0.9995232326206684,0.9997389815374833,0.9987463981003438,0.97883918352799,0.9984783263277512,0.9987495177569425,0.9984590507359073,0.9969469979016489,0.9792658493088615,0.9759855355907288,0.973104205394276,0.9752904256329641,0.9540368542169427,0.9487707786845462,0.9484560135249853,0.9557931906114706,0.9507150686368022,0.9986002128837425,0.9979878554872669,0.9976126870697823,0.9999149582866679,0.9994936938814744,0.9996337761684899,0.9995601909748203,0.9995931216127426,0.9997994083336577,0.9908595985838436,0.9803463863761668,0.9923262214900903,0.9950980718908619,0.9836318194240562,0.9724887535667361,0.9972283143871379,0.9948333868428196,0.9998903075582877,0.9999923952397622,0.9999936570960899,0.9999346112488297,0.9999584365663886,0.9998651811607123,0.9998241904121472,0.9995372820315215,0.9997332215423628,0.9989940308146447,0.9794516297305264,0.9989160200014635,0.9988891042451439,0.9984608645519586,0.9970174763104545,0.9769965541434779,0.9755425725335372,0.9731992996872075,0.9744065477292462,0.9539839573281033,0.9482319619103773,0.9481221769657027,0.9545541550573597,0.951970666972779,0.9986347239268493,0.9979895192055477,0.9981662194003957,0.999908842580938,0.999561742991715,0.9997098867934994,0.9995937942992538,0.9995398231143661,0.9998276907957196,0.9905754603277205,0.9836876359750252,0.9928302931848694,0.9948165155816926,0.9845134292747902,0.9726928549082388,0.997144362293394,0.9956376302922355,0.9066034919591985
23.6,0.9998918025773484,0.9999897682553127,0.9999933468268949,0.9999428822007813,0.9999598417432137,0.9998426998093078,0.9998265003452894,0.9995723501639908,0.9997664862828597,0.9988694166604403,0.9807932570877861,0.9987444109084501,0.9989649061713207,0.9987008649075806,0.9974511866856031,0.9812046703224434,0.9781927950415774,0.9754768287942934,0.9775108218408673,0.9577798650038823,0.952792755250465,0.9524844103353437,0.959338224151364,0.9546054125642383,0.9987189129807587,0.9983284538194149,0.9980361533230485,0.9999283046650738,0.9995443037632253,0.9996725080300677,0.9996041910633879,0.9996385347368903,0.9998221030541388,0.9921164165631836,0.9833496951165521,0.9935119604778379,0.9958492769351232,0.9861447254901777,0.9766779572410036,0.9977019395506038,0.995745548241431,0.9999049604859911,0.9999935354905122,0.9999947453524748,0.9999439112852645,0.9999635767168129,0.9998805854320104,0.9998451621143796,0.9995860367123163,0.9997609969776526,0.9990929429173994,0.981355617203364,0.9991019738980399,0.9990788947294639,0.9986988807660501,0.9975075657122489,0.9791263446425044,0.9777863489966294,0.9755744343157731,0.9766941755081142,0.9577263906114994,0.9522861060839847,0.9521677786823133,0.9581874856817433,0.9557780466408602,0.9987505210040835,0.9983295670402306,0.998490358826977,0.9999230901998957,0.9996050447961621,0.999741327130051,0.9996343660101462,0.9995889878211176,0.9998480656962765,0.9918661354886876,0.9861793718071827,0.9939383941930496,0.9956108134272801,0.9868913265842323,0.976851113395705,0.9976363822851227,0.9964078996950204,0.9201514758958125
24,0.9999070793617446,0.9999912677041563,0.9999944220648336,0.9999512422820546,0.9999649542111855,0.9998598248591707,0.9998472058787583,0.9996161792409674,0.9997909621127333,0.998980179713749,0.9825695556195327,0.9989637758864511,0.999142775731824,0.9989028572655703,0.9978691676392,0.9829650217672335,0.9802008881227463,0.9776433570235429,0.9795343849413972,0.9612300758819221,0.9565128914713751,0.9562117910817169,0.9626090748689595,0.9582012678606859,0.9988273813242396,0.9986099421928254,0.9983845086242048,0.9999395036273234,0.9995894346926365,0.9997067619447028,0.9996434648768562,0.999678555708843,0.9998419908124183,0.9931999963599609,0.9858991858931199,0.9945149451374448,0.9964849559614092,0.9882754343522897,0.9802401944618143,0.99809348084211,0.9964969217343289,0.9999176338029316,0.9999944865091747,0.9999956373591007,0.9999519052227305,0.9999680385402238,0.9998941504376021,0.9998635074467288,0.9996293937807122,0.9997857360317384,0.9991819480088456,0.9830856549055702,0.9992556954055349,0.9992358247532929,0.9988980582221864,0.9979141431777603,0.9810625383795119,0.9798280802166891,0.9777422901425556,0.9787802763570946,0.9611764797117552,0.9560368680091393,0.9559118050926481,0.961541069529728,0.9592955664687961,0.998856298144028,0.9986107504615126,0.9987570712110959,0.9999350502872476,0.999643671727964,0.9997689874634478,0.9996705504662796,0.9996325490958409,0.999865798152107,0.9929794216886949,0.9882937038629664,0.9948755718193631,0.996282939986356,0.9889071956035383,0.9803869340478257,0.9980426821852174,0.9970422790610005,0.9318592994707849
24.4,0.9999202149367968,0.9999925361137613,0.9999953155024908,0.9999583934604962,0.9999693820567707,0.999874997941081,0.9998653146433024,0.9996553134968712,0.9998127547360046,0.999079913283022,0.984183759721475,0.9991446401922176,0.9992897006531023,0.9990717795157074,0.9982159281102964,0.9845627973695811,0.982027105852795,0.9796210501472759,0.9813779963790772,0.9644085328669643,0.9599517552911723,0.9596585811271238,0.9656253875900644,0.961523013876499,0.9989265395187578,0.9988426957947637,0.9986710535323904,0.9999489070881017,0.9996297379256928,0.9997371059414488,0.9996785687175432,0.9997138623150235,0.9998594522960628,0.9941340809147433,0.9880619046443216,0.9953631349282446,0.9970228496096359,0.9900809971775599,0.9832661920395382,0.99841725309267,0.9971157263630314,0.999928591429744,0.9999952824855379,0.9999963700196806,0.9999587711708683,0.9999719166168757,0.9999061026148235,0.9998795642851076,0.99966797870712,0.9998077843983567,0.999262046224865,0.9846571716618556,0.9993828063992594,0.9993656271219085,0.9990649473339218,0.998251696379566,0.9828220778246157,0.9816852602097983,0.97972030079157,0.9806819942877441,0.964355204273597,0.9595048387728355,0.9593746567520021,0.9646347927342984,0.9625434682460788,0.9989529668718671,0.9988433726743351,0.998976531260352,0.9999450965675208,0.9996781866863241,0.9997933711173151,0.9997028724452707,0.9996711887195513,0.9998812614990762,0.9939395757482808,0.9900867822507879,0.9956680155228458,0.9968516560029437,0.9906152004168089,0.9833904275993957,0.9983782608030862,0.9975646613750175,0.9419420753410231
24.8,0.9999315018653522,0.9999936109854992,0.9999960592463856,0.9999645062046105,0.9999732204580076,0.9998884500325516,0.9998811619632068,0.9996902781555187,0.9998321697661908,0.9991697239858955,0.9856502560317377,0.9992937770585846,0.9994111004362952,0.9992132200838159,0.9985038370500979,0.986012573238605,0.9836873602606846,0.9814258418976566,0.9830571977104604,0.9673350619101038,0.9631288306468895,0.9628441343024361,0.9684056434955971,0.964589914229941,0.9990172175946683,0.9990352630998253,0.9989067426335922,0.999956808461414,0.9996657798356522,0.9997640298471855,0.9997099863808545,0.9997450430055306,0.9998748119472685,0.9949392161379766,0.9898954352557298,0.9960802782015943,0.9974779948491064,0.9916102626952893,0.9858344360433285,0.998685073528145,0.9976252734143137,0.9999380635913027,0.999995951007426,0.9999969730438019,0.9999646641415749,0.9999752917024014,0.999916640206816,0.9998936270857022,0.9997023423604432,0.9998274476320654,0.9993341389656948,0.9860843123866752,0.9994879448697761,0.9994730306642496,0.9992049730871971,0.998532184555361,0.984420540380739,0.9833739941478017,0.9815245564768256,0.9824151295600817,0.967282330406659,0.9627095333351339,0.9625756701575188,0.9674873852678836,0.965540862657615,0.9990413466420385,0.999035926722157,0.9991571149727466,0.9999535409946425,0.9997090769031494,0.9998149085807868,0.9997317867491736,0.9997055003664687,0.999894772363174,0.9947675951202403,0.9916067006709933,0.9963379593362199,0.9973328648545434,0.9920616810787407,0.9859395342158493,0.9986554948098104,0.9979947696139269,0.9505997306218759
25.2,0.9999411947319012,0.9999945233817955,0.9999966794829594,0.9999697279510846,0.9999765510051688,0.9999003842186744,0.9998950397684552,0.9997215378510066,0.9998494772912072,0.9992506094443462,0.9869822278068572,0.9994167675967236,0.9995114425346128,0.9993318059710189,0.9987431004701004,0.9873276992032128,0.9851962722498441,0.9830724198384682,0.9845862769410759,0.970028291217968,0.9660625235558793,0.9657867386887796,0.970967189395225,0.9674201302447606,0.999100164759863,0.999194686472859,0.9991005950794436,0.9999634525027695,0.9996980538523871,0.9997879567486959,0.9997381395679041,0.9997726091258473,0.9998883469168084,0.995633164644834,0.9914491060736681,0.9966865267150082,0.9978631298398206,0.9929049652932841,0.9880125646003545,0.9989066951709632,0.9980448047777534,0.9999462507516833,0.9999965144005935,0.9999974703937345,0.9999697188200904,0.999978232843866,0.9999259367311736,0.9999059522635491,0.9997329698694514,0.9998449957340158,0.9993990376991742,0.9873800294738646,0.9995749372565129,0.99956193618018,0.9993226300711666,0.9987654783448828,0.9858722270538691,0.9849090857881034,0.9831698849366413,0.9839942228860517,0.9699764326469407,0.9656693951119507,0.9655331226162359,0.9701164463198362,0.968305746698602,0.9991221758248926,0.9991954129192682,0.9993057158842454,0.9999606440474609,0.9997367650777443,0.9998339686766019,0.9997576884968171,0.999736001626455,0.9999065998050225,0.9954816385997561,0.9928945657297236,0.9969042620719665,0.9977400396100333,0.9932862023591731,0.9881014125079128,0.9988845941100222,0.9983488738590832,0.9580149240569062
25.6,0.9999495146149283,0.9999952990995256,0.9999971976172384,0.9999741860066151,0.9999794436835192,0.9999109790440726,0.9999072020266283,0.9997495036246477,0.9998649159586281,0.9993234681141155,0.9881917422223806,0.9995182102179729,0.999594409617758,0.9994313695912391,0.9989421388737241,0.9885203872262325,0.9865672580844069,0.9845743048398431,0.9859783531430756,0.9725056826642964,0.9687701782620238,0.9685036323202684,0.9733262737256024,0.970030743512723,0.9991760586183802,0.9993267670809957,0.999260034368411,0.9999690434770934,0.9997269906284511,0.999809252699557,0.9997633966776739,0.9997970054153554,0.9999002944978441,0.9962312705370235,0.9927650811638621,0.9971989662804406,0.9981890403632185,0.9940006958956981,0.9898586814997358,0.9990901660995284,0.9983901931411425,0.9999533271664499,0.9999969907866612,0.9999978814324263,0.9999740520373401,0.9999807991537802,0.9999341440370911,0.9999167629624904,0.9997602884958865,0.9998606672518673,0.9994574722375275,0.9885561706079632,0.999646940669486,0.9996355616455362,0.9994216436861628,0.9989597241632372,0.9871902494314331,0.9863041237749544,0.9846699318346518,0.9854326384056434,0.9724549249776528,0.9684018107941235,0.9682642470970285,0.9725384770625924,0.970855029673818,0.9991961211185927,0.9993276010844276,0.9994280063254671,0.9999666232972678,0.9997616187674024,0.9998508679534865,0.9997809217823749,0.9997631442952321,0.9999169729123523,0.9960973974834549,0.9939854500446247,0.9973829074829434,0.9980845887429146,0.9943224860965372,0.9899337480382991,0.9990739793642264,0.9986403886540168,0.9643522702955185
26,0.9999566531322268,0.999995959616544,0.9999976311836148,0.9999779901242239,0.9999819585584547,0.9999203914770615,0.9999178695529766,0.9997745391577809,0.9998786966194428,0.9993891084808139,0.9892898338510396,0.9996018934716083,0.9996630375489528,0.9995150866131892,0.999107899588487,0.9896017962377326,0.9878126135432902,0.9859439288942926,0.9872454585093317,0.9747835701898013,0.971268101449447,0.9710110268517147,0.9754980875902093,0.9724377856529139,0.9992455131091118,0.9994362835789571,0.9993911692053606,0.9999737519404429,0.999752966704941,0.9998282349490956,0.9997860802468937,0.9998186190286162,0.999910858312608,0.9967467797557936,0.9938793347523223,0.997632073251385,0.9984648555985951,0.9949277596427372,0.9914225669117793,0.9992421268663711,0.9986745251061286,0.9999594440751108,0.9999973949199712,0.9999982218357916,0.9999777649737317,0.9999830413014787,0.999941394997547,0.9999262532728843,0.9997846746098026,0.999874672936209,0.99951009845206,0.9896235625076164,0.9997065602199116,0.9996965619992918,0.9995051033485657,0.999121645660123,0.9883866140687613,0.9875715658025026,0.9860372396001903,0.9867426445157477,0.9747340988212685,0.9709231333987411,0.9707852551140638,0.9747689190454968,0.9732045658985924,0.9992637856442202,0.9994372469907566,0.9995286530440438,0.9999716605394477,0.9997839583177893,0.9998658785914962,0.9998017869739889,0.9997873231985608,0.9999260871163907,0.9966284216965302,0.9949092336381185,0.9977874339065411,0.998376168568995,0.9951992324564198,0.9914859583164487,0.9992305945384479,0.9988803694156511,0.9697584898808144
26.4,0.9999627760784849,0.9999965228576354,0.9999979945760027,0.9999812347839924,0.9999841472100611,0.9999287595275083,0.9999272342559321,0.9997969663096526,0.9998910055709221,0.9994482575973949,0.9902865839563815,0.9996709386116294,0.9997198291574773,0.999585589816147,0.9992461149338014,0.9905821129339905,0.9889435950355311,0.9871927105426315,0.9883986172276149,0.9768772033905403,0.9735715927832502,0.9733241374814956,0.97749680940815,0.9746562735974058,0.9993090853728389,0.9995271724944075,0.9994990254153905,0.9999777203733832,0.9997763119070191,0.9998451789256747,0.999806473259282,0.9998377872951686,0.9999202134735266,0.9971911204889025,0.9948225126472987,0.9979981059824948,0.9986983001870096,0.9957119275660459,0.9927467742594588,0.9993680564666823,0.9989085856684766,0.9999647325574673,0.9999977388508586,0.9999985043188258,0.9999809451201558,0.9999850027699638,0.9999478058776579,0.9999345919505338,0.9998064598542914,0.9998871989938173,0.9995575054119172,0.9905920902861516,0.9997559457911629,0.9997471279327682,0.9995755725318411,0.9992567928651453,0.9894723036243235,0.9887228198874831,0.9872833239302785,0.9879354918683573,0.9768291662147109,0.9732487117991284,0.9731113659327952,0.9768221967103115,0.975369192477526,0.9993257159369346,0.9995282709062215,0.9996114950257886,0.9999759077315298,0.9998040635697015,0.9998792350613139,0.9998205468785476,0.9998088837722691,0.9999341094569357,0.9970864053878501,0.99569134103557,0.9981293022633873,0.9986229496437675,0.9959408380066473,0.9928002837848693,0.9993601653756211,0.9990779241586163,0.9743631783258138
26.8,0.9999680266785453,0.9999970038163005,0.9999982996345198,0.9999840012060269,0.999986053955969,0.9999362045558395,0.9999354628731494,0.9998170700269177,0.9999020074368368,0.9995015689591834,0.9911911953867519,0.9997279171433991,0.9997668480240078,0.9996450631180359,0.999361515423401,0.9914706282546628,0.9899704971749992,0.9883311273756281,0.9894479207457177,0.9788007947700956,0.9756949802710253,0.9754572176489383,0.9793356519647,0.9767002489701507,0.9993672817190088,0.9996026769284212,0.999587737279134,0.9999810678625549,0.9997973156628049,0.9998603241691263,0.9998248245076525,0.9998548044002896,0.9999285108989505,0.9975741479317067,0.995620687678166,0.9983074396537238,0.9988959087139079,0.996375091151582,0.993867610916117,0.9994724755902048,0.9991012599865245,0.9999693060783194,0.9999980324524329,0.9999987392144655,0.999983668018944,0.999986720917392,0.999953478415839,0.9999419256872076,0.999825936582221,0.9998984099759525,0.9996002219496771,0.9914707722545218,0.9997968718380416,0.9997890673438445,0.9996351796601153,0.9993697479251048,0.9904573542827664,0.9897683222124967,0.9884187473830617,0.9890214880501788,0.978754306652057,0.9753929252139139,0.9752568406170679,0.9787117627533221,0.9773627707738302,0.9993824080089716,0.9996039047876171,0.9996796900492493,0.9999794919387008,0.9998221795395017,0.9998911397388255,0.9998374319595857,0.9998281285837203,0.9999411829795236,0.9974814363242041,0.996353383014559,0.9984182104971039,0.9988318435317082,0.9965680198337274,0.9939127627751435,0.999467412954725,0.9992405544432685,0.9782799579054282
27.2,0.9999725284825411,0.999997415061094,0.9999985561179674,0.9999863591216865,0.9999877168948365,0.9999428333070707,0.9999427002503397,0.999835102687808,0.9999118477208397,0.9995496297286224,0.9920120629715047,0.9997749477081823,0.9998057957721166,0.9996953192226536,0.9994580057065072,0.9922758093839388,0.9909027264798841,0.9893687852394744,0.9904025991505452,0.9805675693773359,0.9776516591542292,0.9774235972363697,0.9810269108571588,0.9785828203415154,0.9994205628335249,0.9996654690754836,0.9996607052802907,0.9999838939929416,0.9998162324090321,0.9998738793759142,0.9998413531610946,0.9998699271414474,0.9999358809303103,0.9979043574339317,0.9962960179331649,0.9985688520354163,0.9990632079807183,0.9969358293739972,0.9948160060124583,0.9995591144653855,0.9992598660473322,0.9999732627453668,0.9999982838398686,0.9999989349358168,0.9999859988054225,0.9999882278752834,0.999958501650518,0.999948381979844,0.9998433626422849,0.9999084513376292,0.9996387226687806,0.9922678301026449,0.999830803182738,0.9998238724876612,0.9996856931826791,0.999464294884073,0.99135092916634,0.9907176111751548,0.9894531896634527,0.9900100686155074,0.9805227163234044,0.9773692213511073,0.9772350196454528,0.9804501452656044,0.9791982303961516,0.9994343126298105,0.9996668135829004,0.9997358354094801,0.9999825194537116,0.999838521237886,0.9999017676432572,0.9998526447631266,0.9998453229505089,0.9999474304146398,0.9978222131541857,0.9969137125357767,0.9986623617125808,0.999008695578875,0.9970983553610729,0.9948540939030674,0.9995562300156354,0.9993744373534229,0.9816078368028555
27.6,0.9999763879307091,0.9999977671492235,0.9999987720852046,0.9999883683274495,0.9999891687975065,0.9999487397004879,0.9999490722118748,0.9998512879399496,0.9999206550663419,0.9995929673333329,0.9927568394130117,0.9998137759164621,0.9998380757558429,0.9997378637394643,0.9995388096769594,0.9930053672267717,0.991748870997458,0.9903144839052308,0.9912710885063754,0.9821898157699428,0.9794541332338633,0.9792357231973063,0.9825820135065917,0.9803162073343875,0.9994693483441616,0.9997177511325528,0.9997207260880119,0.9999862820852851,0.9998332862214041,0.9998860266945147,0.9998562526636904,0.9998833798920107,0.9999424363706207,0.9981890697484057,0.9968673173062802,0.9987897669446432,0.9992048717380979,0.997409897816437,0.995618272056879,0.9996310513928373,0.999390429772203,0.9999766873050671,0.9999984997048995,0.9999990983458683,0.999987993569088,0.9999895513098571,0.9999629535217298,0.9999540716421086,0.9998589655858646,0.9999174517014066,0.999673433416434,0.9929907544814452,0.9998589492608239,0.9998527753300051,0.9997285835844083,0.9995435597187698,0.9921613875652675,0.991579397419346,0.9903955143409577,0.9909098642733779,0.9821466586951294,0.9791901570988958,0.9790583630153765,0.9820489957660439,0.9808876147209342,0.999481839943815,0.9997191951658659,0.9997820673225363,0.9999850792298419,0.9998532777644885,0.9999112704396137,0.9998663636798462,0.9998606997876046,0.9999529572618187,0.9981162343007517,0.9973879043520448,0.9988686924494051,0.9991584485990043,0.9975467473950768,0.9956503927102979,0.9996298264587892,0.9994846584611612,0.9844326503789264
28,0.9999796966162598,0.9999980689654167,0.9999989542036848,0.9999900800441761,0.9999904378685683,0.9999540064026379,0.9999546880685505,0.9998658240864049,0.9999285432536945,0.999632055468838,0.9934324967386661,0.9998458401177356,0.9998648455315245,0.9997739481357873,0.9996065901003141,0.9936663193931381,0.9925167657623091,0.9911762790686424,0.9920610940942864,0.9836789374354797,0.9811140577101136,0.9809052017039613,0.9840115680606734,0.9819117857296961,0.9995140208400313,0.999761338383428,0.999770099611725,0.9999883018899515,0.9998486747861753,0.9998969253866706,0.9998696940700265,0.9998953588843373,0.999948275042531,0.9984345917634385,0.9973505479204661,0.9989764613460095,0.999324851924947,0.9978106491035574,0.9962967689520101,0.9996908270409649,0.999497912290359,0.9999796529006995,0.9999986855833026,0.9999992350537104,0.9999897005520906,0.9999907150683236,0.999966902273857,0.9999590909984883,0.9998729463602147,0.9999255248567772,0.9997047362513292,0.9936463660737942,0.9998823088433578,0.9998767931734863,0.9997650746103088,0.9996101257953268,0.9928963499207439,0.9923616297374549,0.9912538318517082,0.9917287641330997,0.9836375155668444,0.9808674408306994,0.9807384919247008,0.9835191374022519,0.9824421271374755,0.9995253635250897,0.9997628626486499,0.9998201427481263,0.999987245742152,0.9998666157932276,0.9999197798231759,0.9998787461501589,0.9998744637938441,0.9999578543794895,0.9983699619079123,0.9977891673725098,0.999043066746697,0.999285281729921,0.9979258234400923,0.9963238511817006,0.9996908493546532,0.9995754041355884,0.9868284988192936
28.4,0.9999825332744412,0.9999983280003745,0.9999991079996271,0.9999915381028897,0.9999915483975045,0.9999587062085312,0.9999596428041788,0.9998788870699884,0.9999356129629828,0.9996673195421567,0.9940453834302418,0.9998723255761289,0.9998870600857861,0.9998046134715043,0.9996635472006318,0.9942650487856012,0.9932135540808247,0.9919615406310829,0.9927796495702561,0.9850455039683023,0.982642282771153,0.9824428410597645,0.9853254116467624,0.9833801328704711,0.9995549294250119,0.9997977275908486,0.9998107171394847,0.9999900118294396,0.99986257281146,0.9999067149518821,0.9998818289052535,0.9999060359079793,0.9999534819465234,0.9986463557651355,0.9977592436283339,0.9991342413053231,0.9994264898982446,0.998149393246423,0.996870479811809,0.9997405387156225,0.9995863975421765,0.9999822226159998,0.9999988460693253,0.9999993496522805,0.9999911612014936,0.9999917397282562,0.9999704076830086,0.9999635237976179,0.9998854825474953,0.9999327715237404,0.9997329739389559,0.99424087229161,0.9999017069073037,0.9998967662652525,0.9997961855867474,0.9996661290340748,0.9935627585747986,0.993071556820976,0.9920355587257541,0.9924739749934118,0.98500583790567,0.9824119755483068,0.9822862312725473,0.9848706127341249,0.9838721773510095,0.999565223952394,0.9997993121687657,0.999851506721969,0.9999890813728045,0.999878682544477,0.9999274103846363,0.9998899314008667,0.9998867950717797,0.9999622001635537,0.9985889639307972,0.9981286982171735,0.999190440933741,0.9993927281335163,0.9982462776406161,0.9968933095512091,0.9997414818939875,0.9996501201817535,0.9888591254492543
28.8,0.9999849655250533,0.9999985505802356,0.9999992380613166,0.9999927799765578,0.9999925213156617,0.9999629032534308,0.9999640189789348,0.9998906331013876,0.9999419533282699,0.9996991415950984,0.9946012773868634,0.9998942090909381,0.9999055074467654,0.9998307265268538,0.9997114998877403,0.9948073579316814,0.9938457446999704,0.9926770072783683,0.9934331721172392,0.9862993014440877,0.984048897303099,0.9838586947568143,0.9865326575493498,0.9847310727955185,0.9995923928715166,0.9998281532846051,0.9998441338802108,0.9999914608659267,0.999875134961591,0.9999155177971568,0.9998927916229773,0.9999155615048876,0.999958131085592,0.9988290399518676,0.9981048731769333,0.9992675913238889,0.9995126106464189,0.9984357057446038,0.9973555081037363,0.9997819180949453,0.9996592470324747,0.9999844508265459,0.9999989849880221,0.9999994459095124,0.9999924110906205,0.9999926430651455,0.9999735221300191,0.9999674428781182,0.9998967312033626,0.9999392809066748,0.999758454008955,0.9947799197717357,0.9999178250337275,0.9999133887959293,0.999822766394097,0.9997133363330851,0.9941669343629799,0.9937157849055386,0.9927474730503495,0.9931520767232567,0.9862613959009378,0.983833902224529,0.9837116523551892,0.9861127306351587,0.9851874272078872,0.999601731973065,0.9998297787081633,0.9998773477520296,0.9999906384001033,0.9998896083244653,0.9999342620384245,0.9999000427871781,0.999897852260802,0.9999660623831126,0.9987780371322663,0.9984159836440601,0.9993150034260375,0.9994837746970139,0.9985171629325642,0.9973747499051659,0.9997835249524456,0.9997116426318265,0.9905792021477096
29.2,0.9999870513943456,0.9999987420561868,0.9999993482046765,0.9999938376757167,0.999993374672829,0.9999666540752544,0.9999678883837272,0.9999012009722358,0.9999476433067491,0.9997278647470271,0.9951054349051029,0.9999122957447231,0.9999208380204111,0.9998530096528445,0.9997519526706022,0.9952985192356171,0.9944192649676666,0.9933288374248482,0.9940275137097221,0.9874493815563578,0.9853432722123967,0.9851621041752968,0.9876417409840096,0.985973720647934,0.9996267024299089,0.9998536340821575,0.999871628654756,0.9999926900571916,0.9998864983850513,0.9999234415211715,0.9999027017222879,0.9999240677317448,0.9999622870111176,0.9989866726178094,0.9983971508804157,0.9993803009693546,0.9995856025487769,0.9986776904926324,0.9977655053158371,0.9998163953191972,0.9997192274163638,0.9999863843796867,0.9999991055341296,0.9999995269222923,0.9999934807236655,0.9999934404507621,0.9999762915377588,0.9999709116169455,0.9999068313432845,0.9999451320622248,0.9997814524093195,0.9952686428674594,0.9999312264713325,0.9999272344522785,0.9998455263742271,0.9997532101874972,0.9947146291719984,0.9943003314083197,0.9933957662335139,0.9937690738297238,0.9874132278042699,0.9851426428269305,0.9850241152498806,0.9872541119495761,0.9863968356178494,0.9996351713134769,0.9998552820546645,0.9998986433867543,0.9999919606574956,0.9998995086992278,0.9999404220833896,0.999909189801648,0.9999077752516378,0.9999694997298794,0.9989413134412362,0.9986590587416773,0.9994202932210712,0.9995609464416553,0.9987461401843293,0.997781720753108,0.999818464310692,0.999762305528287,0.9920355041241852
29.6,0.9999888406405874,0.999998906961555,0.9999994416084043,0.9999947385241695,0.9999941240451442,0.9999700085454697,0.9999713134763543,0.9999107140901082,0.9999527528839899,0.9997537971965665,0.9955626358776555,0.9999272491666373,0.9999335887579784,0.9998720654414363,0.9997861507737948,0.9957433213465481,0.9949395101281759,0.9939226566281998,0.9945680086405085,0.9885041091832626,0.9865341029550315,0.9863617405232573,0.9886604632227849,0.9871165260016378,0.9996581243397843,0.9998750108038876,0.9998942530025924,0.9999937338534524,0.9998967848957048,0.9999305808711757,0.9999116655752947,0.9999316705495546,0.9999660061351859,0.9991227221400805,0.9986443018535596,0.9994755721757858,0.9996474848699385,0.9988822037462548,0.9981120377597399,0.9998451518251424,0.9997686156404443,0.9999880636222828,0.9999992103842815,0.9999995952406818,0.9999943962366172,0.9999941451929144,0.9999787561893722,0.9999739851871308,0.9999159061195545,0.9999503951026126,0.9998022167916577,0.9957117083478992,0.9999423768031451,0.9999387774818912,0.999865058231974,0.9997869619313078,0.995211074617908,0.9948306746941398,0.9939860911723725,0.9943304433437563,0.988469687223286,0.9863469426082005,0.9862323104808975,0.9883027336306653,0.987508702243213,0.9996658011841679,0.9998766646459675,0.9999161976938737,0.999993084917649,0.9999084863595373,0.9999459669538125,0.9999174698014336,0.9999166875403795,0.9999725631280774,0.9990823518424693,0.9988647270006487,0.9995093002706127,0.999626377952014,0.9989396903260612,0.9981257011395727,0.9998475260447689,0.9998040297141231,0.9932679672807236
30,0.9999903759057887,0.9999990491422835,0.9999995209245002,0.9999955058294302,0.9999947828843171,0.9999730106843965,0.9999743486268992,0.999919282268498,0.9999573441343195,0.9997772158205491,0.9959772254225351,0.9999396164549071,0.9999442030662465,0.9998883971206461,0.9998151255351839,0.996146111854102,0.9954113889213263,0.9944636016079871,0.9950595174810756,0.9894712081402223,0.9876294509554689,0.9874656457021332,0.9895960338953496,0.988167314832514,0.9996869020818886,0.9998929778353608,0.9999128715744051,0.999994621178712,0.9999061028579421,0.999937019421881,0.9999197780082882,0.9999384718920918,0.9999693378468477,0.9992401746464514,0.9988532880723493,0.9995561101078732,0.999699964855432,0.9990550446500333,0.9984049003924508,0.9998691638990311,0.9998092855567469,0.9999895232939398,0.9999993017879345,0.9999996529683284,0.9999951800064404,0.9999947688254986,0.9999809514421769,0.9999767116488764,0.999924064727174,0.9999551322536223,0.9998209694604706,0.996113356525803,0.9999516609893349,0.999948410059732,0.9998818578044257,0.9998155956047959,0.9956610270235263,0.9953118001337277,0.9945236069600777,0.994841179179069,0.9894384886240651,0.987454911338058,0.9873442996492088,0.9892659711592307,0.9885307097052121,0.9996938585200277,0.9998946227304014,0.9999306720826379,0.9999940420474641,0.9999166327241343,0.9999509637093629,0.9999249694968577,0.9999246982718051,0.9999752968436458,0.9992042177068231,0.9990387476394808,0.9995845504527971,0.9996818737991081,0.9991032947285619,0.9984164121393019,0.9998717221641799,0.9998383959553752,0.9943106286778289
30.4,0.9999916937141458,0.9999991718655615,0.9999995883688541,0.999996159461091,0.9999953628166849,0.9999756993750364,0.999977041196747,0.999927003301203,0.999961472153391,0.9997983694067455,0.9963531521593816,0.9999498487010948,0.9999530472114159,0.999902425421221,0.9998397317991244,0.9965108365295884,0.9958393656711816,0.9949563610202681,0.9955064676606529,0.9903578049467933,0.9886367836735375,0.9884812718575977,0.9904551113479454,0.9891333299311922,0.9997132584033233,0.9999081089330312,0.999928195352629,0.9999953763328036,0.9999145488186673,0.9999428310179311,0.9999271236727864,0.9999445614575343,0.9999723254634719,0.9993416010081438,0.9990300007770575,0.9996242000671363,0.9997444860168131,0.9992011171296183,0.9986523847562259,0.99988923857795,0.9998427792535494,0.9999907933018219,0.9999993816412528,0.9999997018437741,0.9999958511793762,0.9999953213563382,0.9999829083502533,0.9999791328952807,0.9999314040723719,0.999959398784469,0.9998379100176923,0.9964774390371299,0.9999593974231981,0.9999564566073553,0.9998963404188764,0.9998399440999662,0.9960688088886285,0.9957482426358756,0.9950130202855381,0.9953058331363632,0.9903267508699392,0.9884740632277199,0.9883675547815167,0.9901506391023931,0.9894699641253941,0.9997195599895615,0.9999097320259144,0.9999426106497661,0.9999948579721958,0.9999240293209877,0.999955471304787,0.9999317662372883,0.999931904014624,0.9999777394250139,0.9993095512353729,0.9991859948765818,0.9996481774723714,0.9997289596374831,0.9992415884155679,0.9986620827944959,0.999891888212628,0.9998667051464912,0.9951924552413904
30.8,0.9999928253358774,0.9999992779104685,0.9999996457956365,0.999996716348886,0.9999958738993718,0.9999781089879323,0.9999794324727798,0.9999339643472328,0.9999651858781428,0.9998174815547705,0.9966940033495825,0.9999583178926951,0.9999604238352497,0.999914502530693,0.9998606787185309,0.9968410753329938,0.9962274990596829,0.9954052131529614,0.9959128908568439,0.9911704704962311,0.989563013141081,0.9894155194379333,0.9912438409895674,0.9900212696135402,0.9997373971436498,0.9999208784585456,0.9999408089705791,0.9999960197441873,0.999922208922553,0.999948081015112,0.999933778237004,0.9999500182613655,0.9999750070431227,0.9994292145942713,0.9991794240368226,0.9996817725561226,0.9997822689563938,0.9993245673179241,0.9988615073512884,0.9999060432442737,0.9998703657861689,0.9999918993915696,0.9999994515473185,0.9999997433064156,0.9999964261281822,0.9999958114791376,0.9999846542072234,0.9999812854714887,0.999938010233543,0.9999632438249002,0.9998532177317672,0.9968074534943744,0.9999658495252471,0.9999631856010114,0.9999088544340551,0.9998606989462369,0.9964383470547044,0.996144125846265,0.9954586236934653,0.9957285527349865,0.9911410386840629,0.9894113553623409,0.9893089962172968,0.9909630297237075,0.9903330338764169,0.9997431038019841,0.9999224688502837,0.9999524610209195,0.9999955544804573,0.9999307489799665,0.999959541673564,0.9999379291245474,0.9999383903052376,0.9999799245022976,0.999400626479818,0.9993105932214509,0.9997019836756487,0.9997689254048678,0.9993584900811883,0.9988696767699319,0.9999087142462258,0.999890027871025,0.995938068551525
31.2,0.9999937975332549,0.9999993696437733,0.9999996947585099,0.999997190910912,0.9999963248397619,0.9999802699280962,0.999981558475733,0.9999402431493289,0.9999685288076664,0.9998347532772114,0.9970030371135792,0.9999653308336528,0.9999665830928928,0.999924923642718,0.9998785551304179,0.9971400754039373,0.9965794777852771,0.9958140607137146,0.9962824573934372,0.9919152595653715,0.9904145328434864,0.9902747736346998,0.9919678915935348,0.9908373246339698,0.9997595048853555,0.9999316788525512,0.9999511931767054,0.9999965685984686,0.9999291601415055,0.9999528273500425,0.999939809423521,0.9999549119832991,0.9999774160795903,0.9995049210396303,0.9993057736614352,0.9997304583041227,0.9998143458778395,0.9994289001170007,0.9990382040045521,0.9999201300222913,0.9998930895244753,0.9999928637273477,0.9999995128653424,0.9999997785501088,0.9999969188471385,0.9999962467549002,0.9999862130193446,0.9999832012838226,0.9999439597407942,0.9999667110831573,0.9998670536584241,0.997106575230991,0.9999712353079566,0.9999688193104025,0.9999196924550864,0.9998784348588761,0.9967732077691606,0.9965031982111631,0.9958643308798479,0.9961131160590616,0.9918874019722069,0.9902732245108289,0.9901750289052482,0.9917089495971072,0.9911259864632678,0.9997646713365475,0.9999332275236286,0.9999605914875725,0.9999961498965673,0.9999368568650076,0.9999632206542827,0.9999435199792422,0.9999442329914413,0.9999818814673131,0.9994794022138982,0.9994160323043156,0.999747491472028,0.9998028618376311,0.9994573123388355,0.9990450852528889,0.9999227703558313,0.9999092451936682,0.9965683749265544
31.6,0.9999946332038516,0.9999994490834464,0.9999997365610875,0.9999975954212607,0.9999967231835928,0.9999822091137329,0.9999834506593754,0.999945909106468,0.9999715396369694,0.9998503653305856,0.9972832119328219,0.9999711406095025,0.9999717318318809,0.9999339365205886,0.999893850464151,0.9974107812496971,0.9968986533068345,0.9961864628847986,0.9966185078401624,0.9925977481422064,0.9911972528654295,0.9910649391241414,0.9926324895537195,0.9915872132470084,0.9997797524487095,0.999940835015291,0.9999597433055756,0.9999970373633892,0.9999354713446372,0.9999571214635227,0.9999452779149354,0.9999593041363992,0.9999795820981554,0.9995703611141821,0.9994126150786996,0.9997716347891394,0.9998415897549142,0.9995170779952249,0.9991874950983128,0.9999319558914085,0.9999118099470048,0.9999937053926405,0.9999995667510011,0.9999998085668095,0.9999973412927108,0.9999966337673357,0.999987605917814,0.9999849082134241,0.9999493206970756,0.9999698394768686,0.9998795625381487,0.9973776863473262,0.9999757352675794,0.9999735418320141,0.9999291006267487,0.999893629974821,0.9970766288529697,0.9968288661052009,0.996233709201085,0.9964629638059427,0.992571412981879,0.9910656222273477,0.9909715770245008,0.9923937542108334,0.9918544234941382,0.9997844286149048,0.9999423347026486,0.9999673050974573,0.9999966596422726,0.9999424113694255,0.9999665487839026,0.9999485941813958,0.9999494994030953,0.9999836360531094,0.9995475657645564,0.9995052642737832,0.9997859868008484,0.9998316913313229,0.999540855146845,0.9991932909288709,0.9999345276951592,0.9999250822311659,0.9971011104880715
32,0.9999953519343685,0.9999995179519778,0.9999997722986054,0.9999979403252121,0.9999970754762066,0.999983950395314,0.9999851365150898,0.9999510242182793,0.9999742528142277,0.999864480303292,0.9975372136360751,0.9999759560308088,0.9999760411577902,0.9999417494204276,0.9999069719722472,0.9976558623361625,0.9971880698702299,0.9965256648190284,0.9969240820054224,0.993223068580276,0.991916633256569,0.9917914730637435,0.993242451119416,0.9922762143954519,0.9997982962481994,0.9999486161429656,0.9999667844647183,0.9999974382275416,0.9999412042311259,0.9999610090988665,0.9999502381459581,0.999963249082641,0.9999815311672251,0.9996269476388245,0.9995029632931667,0.9998064655603901,0.9998647389824376,0.9995916046788663,0.9993136258858445,0.9999418992696234,0.9999272343911529,0.9999944408220951,0.9999996141895995,0.9999998341821666,0.9999977036768896,0.9999969782560981,0.9999888515180846,0.9999864306471233,0.9999541537610125,0.9999726636875371,0.9998908744932203,0.9976234022598459,0.9999794988967189,0.9999775057168199,0.9999372863387688,0.9999066825373096,0.9973515491718626,0.9971242242200876,0.99657000957467,0.9967812287225883,0.9931982013055826,0.991794048195809,0.9917041168821481,0.9930223805744158,0.9925235137311321,0.9998025276343209,0.9999500611893226,0.9999728512400342,0.9999970967062016,0.9999474648943057,0.9999695619782204,0.9999532014034047,0.9999542493730241,0.9999852108286592,0.999606570765446,0.9995807863625178,0.9998185558656018,0.9998561940187933,0.9996114849349289,0.9993185072305187,0.9999443758071033,0.9999381357779801,0.9975513107805787
32.4,0.9999959704768508,0.9999995777212164,0.9999998028923972,0.9999982345091398,0.9999973874008351,0.9999855149225112,0.9999866400945778,0.9999556439171338,0.9999766990308785,0.9998772444853503,0.9977674800607339,0.9999799494119666,0.9999796526709676,0.9999485376590589,0.9999182589339164,0.9978777382787596,0.997450492009638,0.9968346247476813,0.9972019455072301,0.9937959426139644,0.9925777156025256,0.9924594163276667,0.9938022126521274,0.9929091990298545,0.9998152795253697,0.9999552454714309,0.9999725840208181,0.9999977814671579,0.9999464141450144,0.9999645309933032,0.9999547389976109,0.9999667949157828,0.9999832863385443,0.9996758972660559,0.9995793676007491,0.9998359334685397,0.9998844182074323,0.9996545960132183,0.9994201855492961,0.9999502736883893,0.9999399450039148,0.999995084173513,0.9999996560234146,0.9999998560846031,0.9999980147194223,0.9999972852311085,0.9999899662330271,0.9999877899366355,0.9999585130090239,0.9999752146480199,0.9999011065451199,0.9978460959457066,0.9999826500596541,0.9999808374393359,0.9999444246184971,0.9999179246562298,0.997600635605035,0.9973920834062326,0.9968761939463254,0.9970707626108499,0.9937724867609787,0.9924635817988203,0.9923777080682368,0.9935993778629504,0.9931380242357156,0.9998191075770524,0.9999566316607228,0.9999774351723376,0.9999974720363375,0.9999520645268155,0.9999722921166383,0.9999573862505601,0.9999585361281785,0.9999866256218178,0.9996576696672216,0.9996447108466826,0.9998461161723764,0.9998770298049552,0.9996712015894837,0.9994242964889529,0.9999526369011053,0.9999488970380856,0.9979317140455652
32.8,0.9999965031576981,0.9999996296501414,0.999999829118463,0.999998485531378,0.9999976638972341,0.9999869214655739,0.9999879824617659,0.9999598178017256,0.9999789056527896,0.9998887895424431,0.9979762235699412,0.9999832629793214,0.9999826836085581,0.9999544490616742,0.9999279943664811,0.9980786018205557,0.9976884297085281,0.9971160388664753,0.9974546141002648,0.9943207122880487,0.9931851528102847,0.9930734229883801,0.9943158589622714,0.9934906595850891,0.9998308334709197,0.9999609082986248,0.9999773618652715,0.9999980757529103,0.9999511507882005,0.9999677234777913,0.9999588244068451,0.9999699842295238,0.9999848680266554,0.9997182578340265,0.9996439833489236,0.9998608687426922,0.9999011559313283,0.9997078399358439,0.9995102081484658,0.9999573390706408,0.999950420918688,0.9999956476479896,0.9999996929743074,0.9999998748491167,0.9999982818644185,0.9999975590707313,0.9999909645459072,0.9999890047957541,0.9999624466920799,0.9999775199712678,0.999910363971155,0.9980479200642829,0.9999852914298442,0.9999836419114935,0.9999506634381654,0.9999276336602515,0.9978263076976098,0.9976349961525235,0.9971549604935328,0.9973341610763768,0.9942986102000029,0.9930789119168552,0.9929970228731887,0.9941289361492855,0.9937023496432809,0.9998342959091442,0.9999622326875023,0.9999812258514468,0.9999977948682526,0.9999562526326657,0.9999747675456353,0.9999611888220268,0.9999624070683263,0.9999878978815353,0.9997019417270031,0.9996988243004979,0.9998694427515369,0.9998947569838632,0.9997216951390333,0.999513670113173,0.9999595776193132,0.9999577703289739,0.9982531065715226
33.2,0.9999969622285914,0.9999996748167301,0.9999998516311811,0.999998699819499,0.9999979092635042,0.9999881866969124,0.9999891820835348,0.9999635902842625,0.9999808970997447,0.9998992340146426,0.9981654515959608,0.9999860141506116,0.9999852310846818,0.9999596084832942,0.9999364146850539,0.9982604397743028,0.9979041613970759,0.9973723641594107,0.9976843759286467,0.9948013688693533,0.9937432371360138,0.9936377880705508,0.9947871497947369,0.9940247376560613,0.9998450782472577,0.9999657585911488,0.9999812988539187,0.9999983284066601,0.9999554588454812,0.999970618998281,0.9999625339029289,0.9999728547864283,0.9999862943365949,0.9997549319065114,0.9996986326985408,0.9998819727099156,0.9999153993831795,0.9997528472175244,0.9995862581636362,0.9999633110336281,0.9999590565029086,0.9999961417652127,0.9999997256624769,0.9999998909567944,0.9999985114661446,0.999997803606154,0.9999918592483935,0.9999900916439448,0.999965997900482,0.9999796043275875,0.9999187415173146,0.9982308271264811,0.9999875081539586,0.9999860062089613,0.9999561281242376,0.9999360414655285,0.998030760174296,0.9978552798814873,0.9974087667290192,0.9975737861883585,0.9947805623135274,0.9936443649827107,0.9935663739915919,0.9946149132870501,0.9942205396162151,0.9998482093801446,0.9999670193435155,0.9999843623747441,0.9999980729997223,0.9999600673747747,0.9999770135130767,0.9999646452032199,0.9999659044471654,0.9999890429885602,0.9997403171017147,0.9997446377673394,0.9998891903072837,0.9999098479675349,0.9997643937082007,0.9995891734807186,0.9999654187344041,0.9999650884710625,0.9985246177648657
33.6,0.9999973581673124,0.9999997141448833,0.9999998709830209,0.9999988828387346,0.9999981272435181,0.9999893254379275,0.9999902551676223,0.999967001161872,0.999982695179605,0.9999086846582043,0.9983369853697411,0.9999882998849571,0.9999873755875633,0.9999641215641261,0.9999437176728484,0.9984250520944209,0.9980997549536548,0.9976058393130837,0.997893311865058,0.995241579818911,0.99425592649795,0.9941564736178483,0.9952195445400015,0.9945152499271286,0.9998581239213286,0.9999699244261597,0.9999845437456466,0.9999985456164283,0.9999593785335019,0.9999732465695051,0.9999659030802881,0.9999754401009594,0.9999875813474065,0.9997866970278757,0.9997448560551955,0.9998998378312474,0.9999275270867752,0.9997908943798288,0.9996505029470463,0.9999683685639248,0.999966176372187,0.9999965756000434,0.9999997546220586,0.9999999048108387,0.9999987089482211,0.9999980221939733,0.9999926616481423,0.9999910649036312,0.999969205148333,0.9999814897767938,0.9999263244826654,0.9983965878717871,0.9999893708778906,0.9999880026480374,0.9999609250236426,0.9999433423105952,0.9982159834821901,0.9980550382281982,0.9976398506604012,0.9977917872090423,0.995222010508769,0.9941639313313869,0.9940897405511196,0.9950608600164217,0.9946963245361645,0.9998609549337825,0.9999711206554582,0.9999869592755848,0.9999983130205691,0.9999635431683547,0.9999790525436002,0.9999677878988774,0.9999690659687095,0.9999900745223982,0.9997735975850035,0.9997834292280801,0.9999059119255275,0.9999227025743059,0.9998005040742953,0.9996529578368619,0.9999703431437857,0.9999711254496813,0.9987539717826387
34,0.9999976999354021,0.9999997484272064,0.999999887640953,0.9999990392356453,0.9999983211020291,0.9999903508754888,0.9999912159549267,0.9999700861215041,0.9999843193827246,0.9999172376469699,0.9984924769861101,0.9999902002674096,0.9999891838643868,0.9999680778509706,0.9999500690602907,0.9985740692341375,0.9982770868685676,0.9978185038662861,0.9980833140875364,0.9956447139103302,0.9947268691281599,0.9946331331244571,0.9956162252527012,0.9949657124189892,0.9998700713163501,0.9999735124750952,0.9999872189068635,0.9999987326164789,0.9999629460837486,0.9999756321707312,0.9999689640160913,0.9999777699481213,0.9999887433578741,0.9998142231496567,0.9997839555903399,0.9999149646246311,0.9999378594792147,0.9998230599868185,0.9997047740604273,0.9999726603507683,0.9999720477436904,0.9999969569857153,0.9999997803141359,0.999999916749752,0.9999988789399021,0.9999982177786901,0.9999933817499187,0.9999919372574928,0.999972102887851,0.9999831960608359,0.9999331896890319,0.9985468080022264,0.9999909382464033,0.9999896913269225,0.9999651445546961,0.9999496991452255,0.9983837825208242,0.998236180461921,0.9978502501541857,0.9979901195432268,0.9956263239440005,0.9946412898970167,0.9945707925166741,0.9954700433707285,0.995133139504383,0.9998726305384095,0.9999746440973348,0.9999891108779625,0.9999985205051163,0.9999667110811035,0.9999809047637241,0.9999706462147477,0.9999719253100448,0.9999910044910691,0.9998024744536438,0.9998162795409778,0.9999200748735515,0.9999336592553446,0.9998310459599731,0.9997068411648533,0.9999745024605058,0.9999761068329475,0.9989477017811789
34.4,0.9999979951986964,0.9999997783443092,0.9999999020001312,0.9999991729605828,0.9999984936892308,0.999991274751904,0.9999920769724638,0.9999728771864485,0.9999857871415074,0.9999249796482378,0.9986334249437409,0.9999917814630891,0.9999907113015691,0.9999715533937955,0.9999556079582717,0.9987089679323402,0.9984378597184921,0.9980122157315739,0.9982561030358439,0.9960138645847121,0.9951594266251739,0.9950711343913184,0.9959801180626261,0.9953793631233352,0.9998810127900978,0.9999766116990481,0.9999894250013828,0.9999988938382565,0.9999661941682695,0.9999777990915094,0.9999717456396805,0.9999798708076265,0.9999897930998939,0.9998380876225957,0.9998170320598389,0.9999277759574167,0.9999466678832138,0.9998502553276659,0.9997506191848847,0.9999763100134732,0.9999768906002207,0.9999972926882839,0.9999998031376238,0.9999999270582013,0.999999025392638,0.999998392946566,0.9999940284137026,0.9999927198712403,0.999974721962371,0.9999847408617795,0.9999394063482788,0.9986829434119011,0.9999922589684517,0.9999911222251657,0.9999688637482718,0.9999552489101035,0.9985357937076005,0.9984004391998775,0.9980418206439808,0.9981705620489634,0.995996596809842,0.9950798313169967,0.9950129135282643,0.9958454684659023,0.9955341467247056,0.9998833259449652,0.9999776792982922,0.9999908948775433,0.9999987001734062,0.9999695991858898,0.9999825881839824,0.999973246594652,0.9999745125800452,0.9999918435291775,0.999827543825347,0.9998441028508492,0.9999320739426952,0.9999430045793747,0.9998568810240313,0.9997523597006996,0.9999780224481721,0.99998021834329,0.9991113320926636
34.8,0.999998250515972,0.999999804481175,0.9999999143953148,0.9999992873720094,0.9999986474962828,0.999992107531734,0.9999928492523791,0.9999754031115637,0.9999871140593882,0.9999319887864125,0.9987611882890365,0.9999930981520724,0.9999920038891448,0.9999746129075874,0.9999604513474124,0.9988310855643359,0.9985836180904323,0.998188667217224,0.9984132428799667,0.9963518716349568,0.9955566954752666,0.9954735808729408,0.9963139130644827,0.9957591830998761,0.9998910329465264,0.9999792963954277,0.999991244846216,0.9999990330369648,0.9999691522755785,0.9999797682342725,0.9999742740599544,0.9999817662521445,0.9999907419240764,0.9998587880935941,0.9998450159459034,0.999938629116596,0.9999541820886131,0.9998732503527544,0.9997893460389173,0.9999794204171245,0.9999808860529961,0.9999975885563445,0.9999998234383976,0.9999999359759859,0.9999991516796967,0.9999985499720774,0.9999946094927752,0.9999934225865946,0.9999770900057274,0.999986140029422,0.9999450368382106,0.9988063140406115,0.9999933735240651,0.9999923369385857,0.9999721483664336,0.999960106902262,0.9986735005168617,0.9985493865529006,0.9982162513142711,0.9983347328417166,0.996335669948975,0.9954826795095072,0.9954192222371202,0.996189898756884,0.9959022563472356,0.9998931233793273,0.9999803011025209,0.999992375286663,0.9999988560263149,0.9999722328722319,0.9999841189442722,0.9999756129187032,0.9999768547223374,0.9999926010689548,0.9998493198744998,0.9998676723145395,0.9999422427155925,0.99995098124608,0.9998787373662573,0.9997908115173177,0.9999810075035196,0.999983612909938,0.9992495329584169
35.2,0.9999984715002294,0.9999998273410611,0.9999999251104164,0.999999385325308,0.9999987847030979,0.9999928585483756,0.9999935425216758,0.9999776897334248,0.9999883141129844,0.9999383355063598,0.9988769994834843,0.9999941955365609,0.9999930998423184,0.9999773115739317,0.9999646977894596,0.9989416331807197,0.9987157630844614,0.9983493996697684,0.9985561556241416,0.9966613413130737,0.9959215271139074,0.995843331584449,0.9966200827727799,0.9961079161128442,0.9999002092867806,0.9999816287107315,0.9999927465816699,0.9999991533977761,0.9999718470431442,0.9999815583796402,0.9999765728559559,0.9999834772870126,0.9999915999614795,0.9998767536000797,0.9998686937931679,0.9999478260018687,0.9999605967589564,0.999892695594478,0.9998220595255258,0.9999820772365472,0.9999841832224343,0.9999978496494957,0.9999998415169705,0.999999943705451,0.9999992606812524,0.9999986908580245,0.9999951319543935,0.9999940540885499,0.9999792317947129,0.9999874077822752,0.9999501373969283,0.9989181164703599,0.9999943155753616,0.9999933701133853,0.9999750546706057,0.9999643703867722,0.9987982476211781,0.998684448833251,0.9983750798826535,0.9984841037153681,0.9966461509069748,0.9958527117946094,0.9957925922085323,0.9965058748456908,0.9962401458526894,0.999902098175144,0.999982572095375,0.9999936048563981,0.9999989914588453,0.9999746351219513,0.9999855115276499,0.9999777667676379,0.9999789758696858,0.9999932854882154,0.9998682462044423,0.9998876418612289,0.9999508630804697,0.9999577948567243,0.9998972302378312,0.9998232933896634,0.9999835443543076,0.9999864164716913,0.9993662518305286
35.6,0.9999986629565191,0.9999998473573145,0.9999999343864935,0.9999994692483507,0.9999989072194968,0.9999935361329609,0.9999941653666813,0.9999797602808147,0.9999893998306977,0.9999440833471227,0.9989819761048853,0.9999951109956868,0.9999940309403605,0.9999796965438414,0.9999684304975149,0.9990417073490258,0.9988355655153023,0.998495816849209,0.9986861339609501,0.9969446649535325,0.996256546601029,0.9961830196407522,0.9969008992271382,0.9964280868851408,0.999908612805018,0.9999836607138461,0.9999939862777449,0.9999992576250013,0.9999743025519756,0.9999831864194356,0.9999786633352002,0.9999850226477858,0.9999923762647859,0.9998923541136737,0.9998887304774281,0.9999556217332153,0.9999660768455352,0.9999091406922276,0.9998496931455526,0.9999843519003748,0.9999869048996622,0.9999980803485482,0.9999998576349683,0.9999999504176263,0.9999993548570166,0.9999988173701961,0.9999956019853146,0.9999946220504411,0.9999811695604434,0.9999885568851836,0.9999547587444282,0.9990194353743084,0.9999951131332967,0.9999942506319898,0.999977630898873,0.9999681215868026,0.9989112537540763,0.9988069199456466,0.9985197060951139,0.9986200132948216,0.9969304325064469,0.9961925776314406,0.9961356704622558,0.9967957319252848,0.9965502780578325,0.9999103193525868,0.999984544689667,0.9999946270686996,0.9999991093551737,0.9999768267536069,0.9999867789470204,0.9999797276575226,0.9999808976560068,0.9999939042385565,0.9998847056335094,0.9999045645967621,0.9999581732650445,0.9999636196350555,0.9999128795429997,0.9998507319700167,0.9999857051106311,0.9999887327515512,0.9994648247028989
36,0.9999988289996797,0.9999998649034268,0.999999942428445,0.9999995412057699,0.9999990167206768,0.999994147727794,0.9999947253757153,0.9999816356503063,0.9999903824506345,0.9999492896355275,0.9990771314842103,0.9999958754500129,0.9999948236324211,0.9999818081926976,0.9999717198776104,0.9991323009037905,0.9989441779239159,0.9986291971411697,0.998804352981526,0.9972040362040504,0.996564169984559,0.9964950695006024,0.9971584498314379,0.9967220180481625,0.9999163085339134,0.9999854361075318,0.9999950100771245,0.9999993480169992,0.9999765405880542,0.9999846675616986,0.9999805647636624,0.9999864190611307,0.9999930789317513,0.999905908750013,0.9999056880330117,0.9999622319194601,0.9999707621629789,0.9999230500461285,0.9998730355574699,0.9999863040238335,0.9999891522049172,0.9999982844500678,0.9999998720206021,0.9999999562573182,0.9999994363082058,0.999998931067358,0.9999960250841364,0.9999951332598517,0.9999829232637015,0.9999895988064316,0.9999589466392727,0.9991112539190512,0.9999957895227094,0.999995002593921,0.9999799185016998,0.9999714301608327,0.9990136234044725,0.9989179735736606,0.9986514040408579,0.9987436790266466,0.9971907100350893,0.9965047160450078,0.9964508947223414,0.9970616159419086,0.9968349178218457,0.9999178501478925,0.9999862628494781,0.9999954777750251,0.9999992121684307,0.9999788266396625,0.9999879329084921,0.9999815132484983,0.999982639491391,0.9999944639566334,0.9998990286163205,0.9999189083682234,0.9999643746202951,0.9999686032615789,0.9999261246279029,0.9998739101468727,0.9999875497833568,0.9999906471855079,0.9995480704470803
36.4,0.999998973154884,0.999999880301598,0.9999999494106293,0.9999996029535992,0.9999991146778047,0.9999946999862616,0.9999952292629473,0.9999833346510871,0.9999912720603551,0.999954006108182,0.9991633843716834,0.9999965144868238,0.9999954999511069,0.9999836811693626,0.9999746256342437,0.9992143127021466,0.9990426455018018,0.9987507047027026,0.9989118808398375,0.9974414669527724,0.9968466204263986,0.9967817129881658,0.997394652007712,0.996991845864311,0.9999233560442372,0.9999869916419513,0.9999958559572018,0.9999994265291432,0.9999785808747146,0.9999860155113727,0.9999822945708197,0.9999876814738257,0.9999937152133296,0.9999176928313661,0.9999200415690832,0.9999678387960682,0.999974771256555,0.9999348160435223,0.9998927530300914,0.9999879834197452,0.9999910084206828,0.9999984652474824,0.999999884873308,0.9999999613473379,0.9999995068303879,0.9999990333272252,0.9999964061421611,0.9999955937279795,0.999984510838679,0.9999905438568351,0.9999627423773122,0.9991944632128871,0.9999963641807734,0.9999956461274252,0.9999819531768519,0.9999743552566044,0.9991063574445536,0.999018674265159,0.9987713333854576,0.9988562081062501,0.9974289971359264,0.9967913718159821,0.9967405094482169,0.9973054985563654,0.9970961475320235,0.9999247484980636,0.9999877635151534,0.9999961865443098,0.9999993019877085,0.9999806518997831,0.9999889839546087,0.9999831395307321,0.9999842188047937,0.9999949705609076,0.9999115004909827,0.9999310689260137,0.9999696373486168,0.999972870958948,0.9999373367762023,0.9998934893281616,0.9999891283633329,0.9999922301554512,0.9996183707030956
36.8,0.999999098443483,0.9999998938300372,0.9999999554815826,0.9999996559857107,0.9999992023844245,0.9999951988609014,0.9999956829760119,0.9999848742226602,0.9999920777206447,0.9999582794694576,0.9992415677180591,0.9999970492882954,0.9999960782674794,0.9999853452742716,0.9999771985161183,0.9992885564740807,0.9991319160226932,0.9988613996312595,0.9990096884613594,0.9976588020377538,0.9971059431639481,0.9970450041637374,0.9976112667427199,0.9972395347974425,0.9999298099024743,0.9999883582827737,0.9999965551789141,0.9999994948267843,0.9999804412795203,0.9999872426298212,0.999983868532699,0.9999888232539813,0.9999942916085366,0.9999279439626365,0.9999321927239385,0.9999725964080898,0.9999782046711191,0.9999447702338545,0.999909408420859,0.999989431761513,0.9999925421458677,0.9999986256006692,0.9999998963676882,0.9999999657920204,0.9999995679585342,0.9999991253689783,0.9999967495142628,0.999996008784714,0.9999859484089659,0.9999914013129979,0.9999661832386773,0.9992698708851286,0.9999968533178248,0.9999961980613113,0.9999837657372876,0.9999769472155974,0.9991903627847925,0.9991099875123938,0.9988805496136747,0.9989586074325176,0.9976471404849795,0.9970546105059458,0.9970065807179589,0.9975291909820253,0.9973358814451162,0.9999310674846669,0.9999890777819038,0.9999967777719314,0.9999993805943719,0.9999823180731856,0.9999899415901912,0.9999846209903133,0.9999856512584422,0.9999954293359091,0.9999223677162944,0.9999413810536696,0.9999741053406674,0.9999765289448107,0.9999468297665313,0.9999100282765816,0.9999904825385054,0.9999935396495766,0.999677737505609
37.2,0.9999992074562849,0.999999905729193,0.9999999607679859,0.9999997015732693,0.9999992809792748,0.9999956496811014,0.9999960917895989,0.9999862696286058,0.9999928075752298,0.9999621518922291,0.9993124366499346,0.9999974973971993,0.9999965739152094,0.9999868261953054,0.9999794817648724,0.9993557688490349,0.9992128488687768,0.9989622472395226,0.9990986583792594,0.9978577328211896,0.9973440193785406,0.997286833113609,0.997809911101843,0.9974668910042267,0.9999357200900808,0.9999895621770629,0.9999971334781023,0.9999995543298277,0.9999821379987086,0.999988360075887,0.9999853009354951,0.9999898563680464,0.9999948139478122,0.9999368672589023,0.9999424810374107,0.9999766349868342,0.9999811477145777,0.9999531927697197,0.9999234772156059,0.9999906839588865,0.9999938098913949,0.9999987679956697,0.9999999066568674,0.9999999696801551,0.9999996210054146,0.9999992082728063,0.9999970590810456,0.9999963831613666,0.999987250479147,0.9999921795266379,0.9999693028885754,0.9993382088743656,0.9999972704644683,0.9999966724813036,0.9999853828399828,0.9999792489888158,0.9992664611422198,0.9991927889147777,0.9989800133663135,0.9990517926737414,0.9978468333382357,0.9972963323889269,0.99725101003316,0.9977343567742519,0.9975558789580644,0.9999368557402848,0.9999902318751835,0.9999972715921376,0.999999449509413,0.9999838392725724,0.9999908143931228,0.999985970757467,0.999986950937469,0.9999958450057478,0.9999318432401376,0.9999501279788265,0.9999779002596518,0.9999796673503565,0.9999548687920236,0.9999239990288151,0.9999916471124728,0.9999946234517745,0.9997278705058557
37.6,0.9999993024160992,0.9999999162070737,0.9999999653780042,0.9999997407982457,0.9999993514660179,0.9999960572217089,0.9999964603869208,0.9999875346291912,0.9999934689481182,0.9999656614674134,0.9993766757113129,0.9999978733486948,0.9999969997067525,0.9999881461253057,0.9999815123185037,0.9994166166336017,0.9992862232314816,0.9990541265123436,0.9991795927744836,0.9980398097070703,0.9975625790399303,0.9975089387269794,0.9979920697814418,0.9976755748167031,0.9999411323876435,0.9999906254525022,0.9999976120451892,0.9999996062502764,0.9999836857218705,0.9999893779308331,0.9999866047219953,0.9999907915366822,0.9999952874663935,0.9999446398433214,0.9999511935630538,0.9999800646457585,0.9999836727942966,0.9999603203827626,0.9999353610835421,0.9999917692966229,0.9999948582162151,0.9999988945959453,0.9999999158753593,0.999999973087432,0.9999996670943119,0.9999992829968871,0.9999973383034092,0.99999672106273,0.9999884301049311,0.9999928860216505,0.9999721317368262,0.9994001404969862,0.9999976269246942,0.9999970811909581,0.9999868275988677,0.9999812973139771,0.9993353970009873,0.9992678725052405,0.9990705989488453,0.9991365965219628,0.9980296280260661,0.9975182853579418,0.997475547112764,0.9979225236426135,0.9977577568789489,0.9999421578208396,0.9999912479583936,0.9999976846288456,0.9999995100332995,0.999985228321833,0.9999916101120704,0.9999872007391506,0.9999881305178259,0.9999962217983552,0.9999401111205224,0.999957549330548,0.9999811249902159,0.999982362687539,0.999961677995802,0.9999358003488817,0.9999926511768161,0.9999955209434924,0.9997702053740318
38,0.9999993852311161,0.9999999254437951,0.9999999694040986,0.9999997745818765,0.9999994147303191,0.9999964257636671,0.9999967929307007,0.9999886816352779,0.999994068430036,0.9999688426076961,0.9994349054374851,0.9999981891917239,0.9999973663603902,0.9999893242809974,0.9999833218120895,0.9994717034086343,0.9993527455602713,0.9991378378160016,0.9992532207898412,0.99820645367701,0.9977632127934054,0.9977129205253257,0.9981591057671843,0.9978671122833672,0.9999460887269107,0.9999915668792064,0.9999980083308277,0.9999996516238736,0.9999850977791869,0.9999903053091812,0.9999877916227671,0.9999916383721817,0.9999957168689948,0.9999514147175924,0.9999585729922383,0.9999829785015367,0.9999858413926984,0.9999663531216055,0.9999453993314978,0.9999927123773665,0.9999957254852072,0.9999990072863874,0.9999999241415168,0.9999999760784855,0.9999997071868914,0.9999993503921588,0.999997590270489,0.9999970262299013,0.9999894990443731,0.999993527580368,0.9999746972605228,0.9994562668611375,0.9999979321512914,0.9999974340936886,0.9999881201010947,0.9999831236953894,0.9993978448376568,0.9993359583144091,0.9991531020833445,0.9992137762065942,0.9981969474693657,0.9977220768727761,0.9976818017408361,0.9980950943537411,0.9979430007658299,0.9999470145467104,0.9999921448021967,0.9999980306135187,0.9999995632795302,0.999986496879411,0.9999923357528485,0.9999883217378281,0.9999892014151323,0.9999965635017196,0.9999473305037637,0.9999638478674242,0.9999838665508876,0.999984679935038,0.9999674468370507,0.9999457690967116,0.9999935190803257,0.9999962645867487,0.999805954730104
38.40000000000001,0.9999994575404622,0.9999999335954701,0.9999999729253997,0.9999998037088302,0.999999471554643,0.9999967591476542,0.9999970931250926,0.9999897218456704,0.9999946119552486,0.9999717264102572,0.9994876883216213,0.9999984549193864,0.9999976828536761,0.9999903773397083,0.9999849374109011,0.9995215755081558,0.9994130563267167,0.999214109924336,0.9993202051823398,0.998358966914966,0.9979473829532708,0.9979002496069213,0.9983122701621803,0.9980429058329735,0.9999506275134027,0.9999924024181974,0.9999983367084654,0.99999969133679,0.9999863862732407,0.9999911504571907,0.9999888722738184,0.9999924054997495,0.9999961063869112,0.9999573240928454,0.9999648245203341,0.9999854553097904,0.9999877057379989,0.9999714600438293,0.9999538785823653,0.9999935339028159,0.9999964433159705,0.9999991077111207,0.9999999315596348,0.9999999787086041,0.9999997421069401,0.9999994112151843,0.9999978177418161,0.9999973019951166,0.9999904678924229,0.9999941103202888,0.9999770242937315,0.9995071326856562,0.9999981940570055,0.9999977395095621,0.9999892778425843,0.9999847552205596,0.9994544156775192,0.9993976992406539,0.9992282469694781,0.9992840203323552,0.9983500957877058,0.9979091850124852,0.9978712547305728,0.998253356789125,0.9981129753978442,0.9999514633152977,0.9999929383395725,0.9999983208937144,0.9999996102029139,0.9999876555489849,0.9999929976548887,0.9999893435579918,0.99999017391677,0.9999968735131934,0.9999536390496547,0.999969195166272,0.9999861985535966,0.9999866743021302,0.9999723354690806,0.99995418983438,0.9999942712306519,0.9999968811447968,0.9998361427482646
38.8,0.9999995207530814,0.999999940797539,0.9999999760097086,0.9999998288477243,0.9999995226310874,0.9999970608215757,0.9999973642697509,0.9999906653697952,0.9999951048698975,0.9999743409827818,0.999535534229212,0.9999986788242583,0.9999979567161017,0.9999913198074803,0.9999863825048495,0.9995667274369682,0.9994677361654195,0.9992836064210414,0.9993811483726043,0.9984985425875283,0.9981164336634601,0.998072278766296,0.9984527112450896,0.9982042441220006,0.9999547839220698,0.9999931456763573,0.9999986090192678,0.9999997261481495,0.999987562197168,0.9999919208404863,0.9999898563222317,0.9999931006646577,0.9999964598285075,0.9999624822565205,0.9999701216496351,0.9999875616910326,0.9999893102173362,0.9999757840243001,0.9999610409525951,0.9999942513212808,0.9999970377696402,0.9999991973059899,0.9999999382217558,0.9999999810251652,0.9999997725605863,0.9999994661393686,0.999998023184425,0.9999975513296607,0.9999913462007554,0.9999946397623977,0.9999791352877119,0.9995532315782866,0.9999984192725465,0.9999980044381366,0.9999903160960898,0.9999862152416072,0.9995056630425605,0.9994536872882895,0.9992966927148909,0.9993479551011315,0.9984902680657962,0.9980809686931719,0.9980452680640171,0.9983984932185392,0.9982689344395531,0.9999555383874517,0.9999936421264922,0.9999985648517093,0.9999996516234175,0.9999887139789015,0.9999936015590708,0.9999902751018024,0.9999910572992391,0.9999971548827976,0.9999591558809195,0.9999737364320025,0.9999881832808003,0.9999883927204359,0.9999764792826991,0.9999613029427535,0.9999949247576601,0.9999973926869192,0.9998616344070694
39.2,0.9999995760809207,0.9999999471676224,0.9999999787151898,0.9999998505685432,0.9999995685725259,0.9999973338826514,0.9999976093070969,0.9999915213373678,0.9999955519928404,0.9999767117365882,0.9995789053106781,0.999998867791808,0.9999981942715489,0.9999921643298587,0.9999876772881165,0.9996076067788225,0.9995173114480723,0.9993469315325152,0.9994365979451955,0.9986262738424585,0.9982716002829601,0.9982302518454387,0.998581482814751,0.9983523111234358,0.9999585901682541,0.9999938082841759,0.9999988350203156,0.9999997567090553,0.9999886355406908,0.9999926232221424,0.9999907525210907,0.9999937308270254,0.9999967806239223,0.9999669880401953,0.9999746110936127,0.9999893540106164,0.9999906925722079,0.9999794458169926,0.9999670909611946,0.9999948793648099,0.999997530331074,0.9999992773264925,0.999999944209225,0.9999999830688366,0.999999799153521,0.9999995157647517,0.999998208805547,0.9999977768857765,0.9999921425845941,0.9999951208920526,0.9999810505447596,0.9995950108227138,0.9999986133606196,0.9999982347766552,0.9999912482227838,0.9999875239446493,0.9995520883464453,0.9995044592308898,0.9993590391903097,0.9994061499723426,0.9986185593405931,0.9982386771085755,0.9982050942640015,0.9985315888462264,0.9984120293561414,0.9999592711499663,0.9999942677246023,0.9999987702491501,0.9999996882462969,0.9999896809516147,0.9999941526679986,0.9999911244550509,0.9999918599325311,0.9999974103513157,0.9999639841234089,0.9999775945644459,0.9999898734397571,0.9999898751057389,0.9999799927444364,0.9999673114792127,0.9999954940626239,0.9999978174155881,0.9998831602096067
39.6,0.9999996245672592,0.9999999528079681,0.9999999810918015,0.9999998693574248,0.9999996099222922,0.9999975811147476,0.9999978308636853,0.9999922979965069,0.9999959576698664,0.9999788616502869,0.9996182204580204,0.9999990275427515,0.9999984008392484,0.9999929219547327,0.9999888392436532,0.9996446186423763,0.9995622593420682,0.9994046354411092,0.9994870516490127,0.9987431620842352,0.9984140180506169,0.9983753123705149,0.9986995518743531,0.9984881945112577,0.9999620757560166,0.9999944002097275,0.9999990227532669,0.9999997835786744,0.9999896153853807,0.9999932637323589,0.9999915688148612,0.9999943022457422,0.9999970718647041,0.9999709269442117,0.9999784169216458,0.9999908799665458,0.9999918849099254,0.9999825474861961,0.9999722013667685,0.9999954304950115,0.9999979387157201,0.9999993488718103,0.999999949594032,0.9999999848745886,0.9999998224056673,0.9999995606265678,0.9999983765814403,0.9999979810333666,0.9999928648180278,0.9999955582133008,0.9999827884284382,0.9996328757195381,0.9999987809935581,0.9999984355012846,0.999992085936515,0.9999886988262777,0.9995941457870479,0.9995505017517561,0.9994158323600419,0.9994591228117564,0.9987359728675064,0.9983834584479371,0.9983518850518563,0.9986536396834719,0.998543317633703,0.999962690356151,0.9999948250194264,0.9999989435108495,0.9999997206791024,0.999990564464231,0.9999946556996515,0.9999918989644986,0.9999925893730552,0.9999976423838569,0.9999682130941917,0.9999808735969664,0.9999913136442138,0.9999911554255114,0.9999829726390905,0.9999723869714889,0.9999959912731483,0.9999981703474479,0.9999013370723189
40,0.9999996671108948,0.9999999578075491,0.9999999831825072,0.999999885629212,0.9999996471626068,0.9999978050215196,0.9999980312864503,0.9999930028015827,0.9999963258220465,0.9999808115070242,0.999653859347315,0.9999991628332819,0.9999985809004376,0.9999936023550218,0.9999898835487845,0.9996781296879169,0.9996030124005764,0.999457219124435,0.9995329619427049,0.9988501245815652,0.9985447300807964,0.9985085115248467,0.9988078057047465,0.998612893391762,0.9999652677057173,0.9999949300199439,0.9999991788476226,0.9999998072378442,0.9999905099903401,0.9999938479307172,0.9999923124162493,0.9999948205528594,0.9999973363390017,0.9999743729671161,0.9999816440618533,0.9999921799306214,0.9999929145595646,0.9999851753050165,0.999976518098755,0.9999959152733541,0.9999982775338603,0.999999412905497,0.999999954439971,0.9999999864725448,0.9999998427636755,0.9999996012027367,0.9999985282828375,0.9999981658921734,0.9999935199191365,0.999995955797376,0.9999843655526646,0.9996671935222811,0.9999989261008213,0.9999986108177545,0.9999928395283504,0.9999897550929173,0.9996322467826059,0.9995922561090423,0.9994675691342473,0.9995073445744028,0.9988434277203929,0.9985163679425472,0.9984866993414319,0.9987655597978048,0.9986637703555513,0.9999658223463141,0.9999953224852265,0.9999990899585145,0.9999997494460581,0.9999913718011247,0.9999951149352182,0.9999926053075234,0.9999932524464579,0.9999978531994735,0.9999719201866905,0.9999836616039621,0.9999925416659425,0.9999922626022437,0.9999855008090728,0.9999766743125027,0.9999964266202264,0.999998463874001,0.9999166859742029
40.40000000000001,0.9999997044867989,0.9999999622438673,0.999999985024301,0.9999998997381102,0.9999996807219178,0.9999980078558631,0.9999982126745014,0.9999936424919322,0.9999966599888921,0.9999825801080335,0.9996861661051164,0.9999992776205395,0.9999987382366536,0.9999942140176905,0.9999908234153276,0.9997084717739403,0.9996399627268722,0.9995051387624964,0.999574740126085,0.9989480014581513,0.998664694738315,0.9986308155059153,0.9989070583732096,0.9987273254297196,0.9999681907625754,0.9999954050983032,0.9999993087702118,0.9999998281005952,0.999991326869343,0.9999943808618778,0.9999929898754432,0.9999952908196006,0.9999975765628472,0.999977390181191,0.9999843812614592,0.9999932880813073,0.9999938047964637,0.9999874022038956,0.9999801644233072,0.9999963426689723,0.9999985588374811,0.9999994702733014,0.9999999588036443,0.9999999878886993,0.9999998606115685,0.9999996379204273,0.9999986654974298,0.9999983333600283,0.9999941142260815,0.9999963173260394,0.9999857969518462,0.999698297005822,0.9999990519915333,0.9999987642866465,0.9999935180577449,0.99999070599611,0.9996667639934798,0.9996301223688697,0.9995147017853926,0.9995512435632868,0.9989417657763844,0.9986383752893561,0.9986105106170319,0.9988681879857788,0.9987742791822832,0.999968691249839,0.9999957674057146,0.9999992140032746,0.999999775000232,0.9999921095994714,0.9999955342618106,0.999993249554895,0.9999938553215103,0.9999980447973368,0.9999751724951242,0.9999860331593462,0.9999935894919519,0.9999932212779937,0.9999876464686862,0.9999802958955799,0.9999968087509555,0.99999870822329,0.9999296468673277
40.8,0.9999997373637595,0.999999966184501,0.9999999866490787,0.9999999119867333,0.9999997109813026,0.9999981916461074,0.9999983769070504,0.9999942231624442,0.9999969633669092,0.9999841844649314,0.9997154526334178,0.9999993751993934,0.9999988760445637,0.9999947644044893,0.9999916703752992,0.9997359452591139,0.9996734657519148,0.9995488097508499,0.9996127600949473,0.9990375621145012,0.9987747924380785,0.9987431123112365,0.9989980567208351,0.9988323334143001,0.9999708675877929,0.9999958318264507,0.9999994170304538,0.9999998465239142,0.9999920728603514,0.9999948671054699,0.9999936071425383,0.9999957176149978,0.9999977948080003,0.9999800340895663,0.9999867035887225,0.9999942333607311,0.9999945754555907,0.9999892898390288,0.9999832444625211,0.9999967203147371,0.9999987925705497,0.9999995217185331,0.9999999627353348,0.9999999891455221,0.9999998762798133,0.9999996711618167,0.9999987896497506,0.9999984851376797,0.999994653465178,0.9999966461303482,0.9999870962340339,0.9997264877012785,0.9999991614563439,0.9999988989276754,0.9999941295156282,0.9999915631145083,0.9996980349677497,0.9996644632459281,0.9995576419676517,0.9995912093019724,0.9990317581331206,0.9987503714970734,0.998724213739971,0.9989622939131417,0.9988756627802287,0.9999713191703883,0.9999961660581972,0.9999993193043077,0.9999997977338458,0.9999927839084459,0.9999959172106618,0.9999938372274,0.999994403576092,0.9999982189799042,0.9999780282146031,0.9999880514154176,0.9999944842176137,0.9999940524616265,0.9999894681593379,0.9999833551078499,0.9999971449880702,0.9999989118400912,0.9999405912725776
41.2,0.9999997663194558,0.9999999696884382,0.9999999880843763,0.9999999226337863,0.9999997382800576,0.9999983582193308,0.9999985256679685,0.9999947503268959,0.9999972388440679,0.9999856399729329,0.9997420016246876,0.9999994583155429,0.9999989970313767,0.9999952600889229,0.9999924345213638,0.9997608219919034,0.9997038436606884,0.999588610354701,0.9996473617533753,0.9991195111252184,0.9988758319119789,0.9988462179951264,0.999081485868711,0.9989286913067461,0.9999733189336915,0.9999962157359483,0.9999995073492489,0.9999998628160267,0.9999927541882194,0.9999953108208327,0.9999941696238559,0.9999961050580303,0.9999979931267616,0.999982352795416,0.9999886745474602,0.9999950402831792,0.9999952434509466,0.9999908903397153,0.999985846167331,0.9999970547204726,0.9999989869397879,0.9999995678953209,0.9999999662797625,0.9999999902624715,0.9999998900530525,0.9999997012691479,0.9999989020187777,0.9999986227506426,0.9999951428118422,0.9999969452253618,0.9999882757188395,0.9997520388282616,0.9999992568521507,0.9999990173065508,0.9999946809638196,0.9999923365914974,0.9997263654454427,0.9996956075875483,0.9995967643746486,0.9996275960557703,0.9991141110026405,0.998853175197319,0.9988286312256642,0.9990485837632032,0.9989686727399497,0.9999737263556432,0.9999965238674134,0.9999994088995617,0.9999998179870188,0.9999934002427466,0.9999962669913354,0.9999943733469618,0.9999949022561725,0.9999983773734549,0.9999805378481273,0.9999897698608007,0.9999952488012369,0.9999947740768775,0.999991015401441,0.9999859392813814,0.9999974415454955,0.9999990816990398,0.9999498329192239
41.6,0.9999997918533426,0.999999972807222,0.9999999893539966,0.999999931900589,0.9999997629205847,0.999998509222134,0.9999986604674075,0.9999952289748264,0.9999974890306444,0.9999869605669345,0.9997660692956468,0.9999995292590682,0.9999991034941795,0.9999957068731971,0.9999931247095929,0.9997833480171767,0.9997313884996378,0.9996248850358245,0.999678854114608,0.999194493653046,0.9989685559828231,0.998940882435657,0.9991579742802308,0.9990171098089727,0.9999755638041934,0.9999965616352658,0.9999995827979581,0.9999998772434282,0.9999933765212997,0.9999957157871818,0.9999946822327858,0.9999964568640317,0.9999981733741096,0.9999843880094725,0.9999903478641815,0.9999957296181856,0.9999958232155086,0.9999922477845056,0.9999880438288422,0.9999973514506614,0.9999991487200112,0.9999996093800626,0.9999999694767452,0.9999999912564269,0.999999902176695,0.9999997285491806,0.9999990037535282,0.9999987475684481,0.9999955869452026,0.9999972173412398,0.9999893465616829,0.9997751979526162,0.9999993401726098,0.9999991216073887,0.9999951786544631,0.9999930353358264,0.9997520323530392,0.9997238535340086,0.9996324100678581,0.9996607260332059,0.9991894711230322,0.9989475384606264,0.9989245190304564,0.9991277054313559,0.9990539990236148,0.9999759313528654,0.9999968455342351,0.9999994853135074,0.9999998360551898,0.9999939636310283,0.999996586522403,0.9999948624828208,0.9999953559285834,0.9999985214463177,0.999982745247371,0.9999912338070616,0.999995902701642,0.9999954014265584,0.9999923300901035,0.9999881221861876,0.9999977037075169,0.9999992235625423,0.9999576367315854
42,0.9999998143976681,0.9999999755859388,0.999999990478544,0.9999999399766164,0.9999997851726677,0.9999986461391616,0.9999987826608584,0.9999956636226387,0.9999977162868384,0.9999881588622046,0.9997878878658408,0.9999995899418342,0.9999991973859574,0.9999961098882792,0.9999937487307988,0.9998037460263939,0.9997563649946155,0.9996579474814202,0.9997075181187546,0.9992631004179425,0.9990536468824096,0.9990277946484896,0.999228098414188,0.9990982414895792,0.9999776196018649,0.999996873716231,0.9999996459127792,0.9999998900368586,0.9999939450225863,0.9999960854397087,0.999995149435713,0.9999967763860379,0.9999983372274716,0.9999861759184073,0.999991768998563,0.9999963189677195,0.999996327073967,0.9999933994482676,0.9999899001997319,0.9999976152727016,0.9999992835056046,0.9999996466813229,0.999999972361773,0.9999999921420561,0.9999999128625381,0.999999753277108,0.9999990958868912,0.999998860821627,0.9999959900970711,0.9999974649511281,0.9999903188657672,0.9997961893951829,0.9999994131068587,0.9999992136931278,0.9999956281325627,0.9999936671913631,0.9997752865170328,0.9997494713848913,0.9996648895051479,0.9996908922966384,0.9992584307259745,0.9990341521544553,0.9990125718848105,0.999200253301009,0.9991322749773793,0.9999779511514625,0.9999971351435,0.9999995506459827,0.9999998521954271,0.9999944786597631,0.9999968784589909,0.9999953087932808,0.9999957687282764,0.999998652525072,0.9999846885103655,0.999992481645937,0.9999964624169299,0.9999959475858475,0.9999934476743859,0.9999899661361908,0.9999979359778367,0.9999993421932392,0.9999642264191858
42.40000000000001,0.9999998343268963,0.9999999780640695,0.9999999914758781,0.9999999470242062,0.9999998052772201,0.9999987703096322,0.9999988934659726,0.9999960583595436,0.9999979227475209,0.9999892462812413,0.9998076678046853,0.9999996419615588,0.9999992803705806,0.9999964736796937,0.9999943134556293,0.9998222175755263,0.9997790131060943,0.9996880833614723,0.9997336091931214,0.999325872256642,0.9991317311483368,0.9991075876817895,0.9992923870007864,0.9991726855012147,0.9999795022626405,0.999997155643423,0.9999996987888878,0.9999999013963849,0.9999944643959559,0.9999964229020565,0.9999955752935275,0.9999970666516603,0.9999984862044016,0.9999877479334701,0.9999929764201271,0.9999968232539345,0.9999967655586131,0.9999943768557517,0.9999914682862421,0.9999978502807324,0.999999395917661,0.9999996802483964,0.9999999749665114,0.9999999929321277,0.9999999222935619,0.999999775700012,0.9999991793479061,0.9999989636167091,0.9999963560958862,0.9999976902961848,0.9999912017830304,0.9998152164147788,0.9999994770884566,0.9999992951559871,0.9999960343242048,0.9999942390810398,0.9997963551226933,0.9997727061986129,0.9996944852963502,0.9997183614083396,0.9993215320954929,0.9991136508778489,0.9990934282070018,0.9992667726336478,0.9992040819423533,0.9999798013136378,0.9999973962545066,0.9999996066454673,0.9999998666317952,0.9999949495129878,0.9999971452175448,0.999995716063472,0.9999961444006822,0.999998771808967,0.9999864007559666,0.999993545912629,0.9999969419398088,0.9999964237355986,0.9999943981537308,0.9999915237682133,0.9999981422036925,0.9999994415290483,0.9999697908871464
42.8,0.9999998519657733,0.9999999802762234,0.9999999923615005,0.9999999531825585,0.9999998234495725,0.9999988829421007,0.9999989939774254,0.9999964168888924,0.999998110344427,0.9999902331681929,0.9998255998684936,0.9999996866548617,0.9999993538686412,0.9999968022812423,0.9999948249577227,0.9998389450926085,0.9997995503459697,0.9997155528388439,0.9997573595785957,0.9993833043055133,0.999203384131722,0.9991808431240637,0.9993513249703245,0.999240991920836,0.9999812263792545,0.9999974106293844,0.9999997431579305,0.9999999114957281,0.9999949389280061,0.9999967310155634,0.9999959634991615,0.9999973303960019,0.9999986216784004,0.9999891313360573,0.9999940026873462,0.9999972551313835,0.9999971476771284,0.9999952066717043,0.9999927928618982,0.999998059999173,0.9999994897746156,0.9999997104787249,0.9999999773192408,0.9999999936377755,0.9999999306280233,0.9999997960399132,0.9999992549726727,0.9999990569494884,0.9999966884061748,0.9999978954080576,0.9999920036051916,0.9998324631864559,0.9999995333362023,0.9999993673596447,0.9999964016126311,0.9999947571291927,0.9998154439417887,0.9997937801497907,0.9997214547103762,0.9997433758359902,0.9993792717506284,0.9991866175049774,0.9991676746291178,0.9993277636033376,0.9992699534953273,0.999981496094118,0.9999976319770898,0.9999996547695353,0.9999998795599288,0.9999953800083489,0.9999973889981195,0.9999960877395286,0.9999964863397068,0.999998880382771,0.9999879107922055,0.9999944541851323,0.9999973531424453,0.9999968394449059,0.9999952069199481,0.9999928395447465,0.9999983256793142,0.9999995248274001,0.9999744896499965
43.2,0.9999998675962315,0.9999999822527726,0.9999999931488852,0.9999999585711355,0.9999998398823611,0.9999989851276532,0.999999085180066,0.9999967425653801,0.9999982808260721,0.9999911288920912,0.999841856947021,0.9999997251412093,0.9999994190957011,0.9999970992784908,0.9999952886184893,0.9998540936947836,0.9998181738780572,0.9997405928542109,0.999778980443421,0.9994358498370433,0.9992691341457423,0.9992480952545268,0.9994053570620959,0.9993036657421211,0.9999828053143195,0.9999976414980324,0.999999780451825,0.9999999204859511,0.9999953725259365,0.9999970123656204,0.9999963174115527,0.9999975700910652,0.999998744893088,0.9999903498345486,0.9999948753597842,0.9999976253354336,0.9999974811396738,0.999995911452915,0.9999939117461563,0.9999982474694078,0.9999995682328303,0.999999737724328,0.9999999794452424,0.9999999942687249,0.9999999380029495,0.9999998144964667,0.9999993235140541,0.999999141716768,0.999996990164009,0.9999980821290855,0.999992731845892,0.9998480965941555,0.9999995828882047,0.9999994314745356,0.9999967339039831,0.9999952267657856,0.9998327393508419,0.9998128946668645,0.9997460319562135,0.9997661561394127,0.9994321042822476,0.9992535873675427,0.9992358501649414,0.9993836850037491,0.9993303793481645,0.9999830485498659,0.999997845035691,0.9999996962347473,0.9999998911509329,0.9999957736298085,0.9999976118044618,0.9999964269595392,0.999996797621846,0.999998979228236,0.9999892436932378,0.9999952298449304,0.9999977061017904,0.9999972029107351,0.9999958954687304,0.9999939510233757,0.9999984892322504,0.9999995947841026,0.9999784574036955
43.6,0.9999998814633049,0.9999999840203997,0.99999999384976,0.9999999632925523,0.9999998547480672,0.9999990778517102,0.9999991679605643,0.9999970384285518,0.9999984357756356,0.9999919419400197,0.9998565957372618,0.9999997583593299,0.9999994770942391,0.9999973678635604,0.9999957092164788,0.9998678128328475,0.9998350624223684,0.9997634192059804,0.9997986638037694,0.9994839237779629,0.9993294662827614,0.9993098348634956,0.9994548911389665,0.9993611705471765,0.9999842513039163,0.9999978507382321,0.9999998118552931,0.9999999284986055,0.9999957687518667,0.9999972693054467,0.9999966400863858,0.999997787972051,0.9999988569749118,0.999991424044742,0.9999956177691369,0.9999979429767928,0.9999977725515278,0.999996510283636,0.9999948568844751,0.9999984153224561,0.9999996339024321,0.9999997622973849,0.9999999813671363,0.9999999948334851,0.9999999445371243,0.9999998312493477,0.9999993856503132,0.9999992187267721,0.9999972642088876,0.9999982521304689,0.999993393314827,0.9998622678551071,0.9999996266303457,0.9999994885074222,0.9999970346842449,0.9999956528154168,0.9998484101595057,0.9998302323703444,0.9997684302581602,0.9997869029583979,0.999480445871921,0.9993150521038812,0.9992984500471943,0.9994349576536751,0.9993858089326377,0.9999844706406128,0.9999980378234226,0.9999997320578408,0.9999999015547147,0.9999961335573394,0.9999978154621249,0.9999967365815893,0.9999970810368349,0.9999990692343392,0.9999904212975462,0.9999958927204754,0.9999980093746251,0.9999975211612162,0.9999964820009479,0.9999948899290869,0.9999986352954848,0.9999996536313163,0.9999818078866579
44,0.9999998937801999,0.9999999856025715,0.9999999944743474,0.9999999674350345,0.9999998682012541,0.9999991620045923,0.9999992431177406,0.999997307232994,0.9999985766270311,0.9999926800012205,0.9998699582606005,0.9999997870974076,0.9999995287603658,0.999997610882522,0.9999960910037957,0.9998802377796133,0.9998503779814076,0.9997842284435576,0.999816584268761,0.9995279059348646,0.9993848259257984,0.9993665127683269,0.9995003012311569,0.9994139318826712,0.9999855755524856,0.9999980405491644,0.9999998383491234,0.9999999356484192,0.9999961308539446,0.9999975039775544,0.9999969343039325,0.9999979860608955,0.9999989589445499,0.999992371904491,0.9999962496710308,0.9999982157905151,0.9999980275765631,0.9999970193124827,0.9999956552606483,0.9999985658399798,0.9999996889427762,0.9999997844750838,0.9999999831051786,0.9999999953395138,0.999999950333639,0.9999998464603651,0.9999994419928074,0.9999992887083876,0.9999975131124186,0.9999984069286244,0.9999939941846702,0.9998751139917139,0.9999996653200798,0.9999995393261959,0.9999973070686746,0.9999960395735252,0.9998626092668343,0.99984595883019,0.9997888437438345,0.9998057988196974,0.9995246775186452,0.9993714632005932,0.9993559292596463,0.9994819675250516,0.9994366546955017,0.9999857733209764,0.9999982124477822,0.9999997630897529,0.9999999109028327,0.9999964626938982,0.9999980016348213,0.9999970192091803,0.9999973391152076,0.9999991512064413,0.9999914626382874,0.9999964596315571,0.9999982702301293,0.9999978002281779,0.9999969819308296,0.9999956830600578,0.9999987659677553,0.9999997032183211,0.9999846371402795
44.40000000000001,0.999999904732644,0.9999999870199495,0.99999999503157,0.999999971074511,0.9999998803805386,0.9999992383909845,0.9999993113717347,0.999997551475552,0.9999987046793558,0.9999933500430421,0.9998820732379279,0.9999998120181263,0.9999995748661886,0.9999978308764811,0.9999964377716085,0.999891490976886,0.9998642674050521,0.9998031995906923,0.9998329006259771,0.9995681439511571,0.9994356219781974,0.9994185430485542,0.9995419303309504,0.9994623403636619,0.999986788319748,0.9999982128788325,0.9999998607458068,0.9999999420355938,0.9999964617945614,0.9999977183331404,0.9999972025942732,0.9999981661873543,0.9999990517271554,0.999993209031668,0.9999967877960463,0.9999984503465492,0.9999982510760284,0.9999974522061111,0.9999963296674419,0.9999987010055758,0.9999997351411298,0.9999998045038424,0.9999999846775237,0.9999999957933577,0.9999999554820755,0.9999998602753372,0.9999994930928496,0.9999993523193743,0.9999977392041381,0.9999985478999137,0.9999945400515112,0.9998867591652046,0.9999996996063533,0.9999995846807065,0.9999975538448083,0.9999963908718021,0.9998754751615814,0.9998602241591292,0.9998074491618405,0.9998230097796253,0.999565147997188,0.9994232352506364,0.9994087057877395,0.9995250686156599,0.9994832951267272,0.9999869666248627,0.9999983707693892,0.9999997900437327,0.999999919310936,0.9999967636899401,0.9999981718392008,0.999997277214281,0.9999975741530946,0.9999992258744856,0.9999923843151557,0.999996944849864,0.9999984948465664,0.9999980452936366,0.9999974083154753,0.9999963530527883,0.9999988830640716,0.9999997450781127,0.99998702626231
44.8,0.9999999144826173,0.9999999882907448,0.9999999955292275,0.9999999742763932,0.9999998914103311,0.9999993077384203,0.9999993733721572,0.9999977734198787,0.9999988211098909,0.9999939583795375,0.9998930573359827,0.999999833679456,0.9999996160785587,0.9999980301172733,0.9999967529064593,0.9999016832544451,0.9998768638090542,0.9998204957141482,0.9998477572820547,0.9996049560173302,0.999482229833598,0.9994663060221306,0.9995800929583702,0.9995067545266246,0.9999878990003193,0.999998369456828,0.999999879718893,0.9999999477477729,0.9999967642759543,0.9999979141496205,0.9999974472601544,0.9999983300079022,0.9999991361615626,0.9999939490333004,0.999997246315572,0.9999986522277976,0.9999984472264142,0.9999978205325908,0.9999968993575427,0.999998822547969,0.9999997739775345,0.9999998226029826,0.999999986100455,0.9999999962007734,0.9999999600603736,0.999999872825756,0.9999995394478312,0.9999994101536704,0.9999979445947648,0.9999986762939175,0.9999950359894504,0.9998973158840035,0.9999997300462923,0.9999996252202762,0.9999977775099554,0.9999967101344871,0.9998871332811556,0.9998731644571757,0.9998244074444611,0.999838686917225,0.9996021765699697,0.9994707489500557,0.9994571636096383,0.9995645855869864,0.9995260775420896,0.9999880597427985,0.9999985144348824,0.9999998135185826,0.9999999268808577,0.9999970389657076,0.9999983274582133,0.9999975127582409,0.9999977882345511,0.9999992939003466,0.999993200815828,0.9999973604886756,0.9999986884776481,0.9999982608142285,0.9999977722179051,0.9999969190284106,0.9999989881580852,0.9999997804823232,0.9999890437319214
45.2,0.9999999231715583,0.9999999894310261,0.9999999959741471,0.9999999770970917,0.9999999014023739,0.9999993707048924,0.9999994297053408,0.9999979751185846,0.9999989269858036,0.9999945107334398,0.9999030162969487,0.9999998525519125,0.9999996529748059,0.9999982106385453,0.9999970394387954,0.9999109149331744,0.999888287860814,0.9998362653515788,0.9998612855716241,0.9996386333547685,0.9995249941066445,0.9995101509830624,0.9996150775163098,0.9995475034515789,0.99998891619663,0.9999985118222817,0.999999895827182,0.9999999528617265,0.9999970407634505,0.9999980930464907,0.9999976703977137,0.9999984790226909,0.9999992130085695,0.9999946037726308,0.9999976372356786,0.999998826180723,0.9999986196196001,0.9999981340853855,0.9999973805934035,0.9999989319774465,0.9999998066782866,0.9999998389679354,0.9999999873885885,0.9999999965668301,0.9999999641364298,0.9999998842302683,0.9999995815066903,0.9999994627478977,0.9999981311971546,0.9999987932454059,0.9999954865999294,0.9999068860985649,0.9999997571191993,0.9999996615084481,0.9999979803039615,0.9999970004269459,0.9998976972425082,0.999884903121199,0.9998398651293673,0.9998529676916044,0.9996360554726728,0.9995143538538698,0.9995016554479913,0.9996008161861297,0.9995653206396844,0.9999890610927809,0.9999986449049242,0.9999998340178822,0.9999999337024114,0.9999972907315057,0.9999984697532051,0.9999977278107703,0.9999979832516745,0.9999993558844215,0.9999939247939325,0.9999977168326242,0.9999988555932777,0.9999984506269542,0.999998083013953,0.9999973971386295,0.9999990826176767,0.9999998104865232,0.9999907473730748
45.6,0.9999999309231182,0.9999999904549874,0.9999999963723136,0.9999999795853076,0.9999999104571012,0.9999994278856837,0.999999480900801,0.9999981584332337,0.9999990232746885,0.9999950122921675,0.9999120459622191,0.9999998690328995,0.999999686055965,0.9999983742628766,0.9999973000849109,0.9999192768233324,0.9998986489448066,0.9998506438112517,0.9998736049466389,0.9996694424917471,0.9995642311433366,0.9995503987191882,0.9996471484521539,0.9995848891716723,0.9999898477857115,0.9999986413477715,0.9999999095346609,0.9999999574447985,0.9999972935065788,0.9999982564996887,0.9999978739152749,0.9999986145907727,0.999999282958394,0.9999951835999126,0.9999979707301546,0.9999989762427572,0.9999987713479862,0.9999984011571583,0.9999977871116882,0.9999990306166425,0.999999834260039,0.9999998537730396,0.9999999885550527,0.9999999968959992,0.9999999677694684,0.9999998945959933,0.9999996196748007,0.9999995105871617,0.9999983007451939,0.999998899785138,0.9999958960563192,0.9999155621933212,0.9999997812383049,0.999999694035423,0.9999981642378957,0.9999972644977022,0.9999072699569842,0.9998955520321207,0.9998539556530772,0.9998659771758099,0.9996670521921664,0.9995543709100876,0.9995425053011754,0.9996340334691772,0.9996013168484417,0.9999899783851876,0.9999987634780975,0.9999998519658987,0.9999999398549368,0.9999975210061501,0.9999985998748742,0.9999979241671733,0.9999981609227422,0.9999994123715499,0.9999945673095185,0.9999980226167708,0.9999989999986442,0.9999986180390886,0.9999983486517128,0.9999978010268782,0.9999991676348954,0.9999998359675984,0.9999921860124339
46,0.9999999378455305,0.9999999913751804,0.9999999967289807,0.9999999817831338,0.9999999186648445,0.9999994798195029,0.9999995274369957,0.9999983250524004,0.999999110854066,0.9999954677584465,0.9999202332002266,0.9999998834586326,0.9999997157579089,0.9999985226254968,0.9999975372832934,0.9999268511279176,0.9999080462189045,0.9998637543551362,0.9998848240570489,0.9996976273487508,0.9996002313284854,0.9995873438274473,0.9996765482415867,0.9996191888871818,0.9999907009803606,0.9999987592598256,0.9999999212269413,0.9999999615561489,0.999997524558253,0.9999984058546014,0.9999980595503999,0.9999987379437788,0.9999993466373891,0.9999956975519398,0.9999982554221202,0.9999991058501065,0.9999989050768959,0.9999986287711871,0.999998130515579,0.9999991196266006,0.9999998575661779,0.9999998671739884,0.9999999896116482,0.9999999971922304,0.9999999710112167,0.9999999040196964,0.9999996543183435,0.9999995541102283,0.9999984548108398,0.9999989968496128,0.9999962681442298,0.9999234278854022,0.9999998027606471,0.9999997232285635,0.9999983311192235,0.9999975048149012,0.9999159446400516,0.9999052126311451,0.9998668005277519,0.9998778291784864,0.9996954115538554,0.9995910947893981,0.9995800107713745,0.9996644878421027,0.9996343344853083,0.9999908186822423,0.9999988713113483,0.9999998677207629,0.9999999454086319,0.9999977316337618,0.9999987188732,0.999998103463998,0.9999983228085729,0.9999994638563332,0.9999951380371738,0.9999982852628159,0.9999991249350142,0.9999987659046664,0.9999985758708912,0.9999981422178573,0.9999992442511887,0.9999998576545952,0.999993400879337
46.40000000000001,0.9999999440336498,0.9999999922027155,0.9999999970487665,0.9999999837269929,0.9999999261069008,0.9999995269939977,0.9999995697464674,0.9999984765079821,0.9999991905199481,0.9999958813960766,0.9999276567473155,0.9999998961140597,0.9999997424607348,0.9999986571950695,0.999997753226206,0.9999337122601446,0.9999165695717862,0.9998757092758337,0.9998950417327676,0.9997234111488866,0.9996332612064041,0.9996212568426575,0.9997034992090442,0.9996506569995779,0.9999914823851549,0.9999988666565566,0.9999999312248123,0.9999999652478226,0.9999977357922087,0.9999985423378555,0.9999982288853632,0.9999988501982174,0.9999994046140971,0.9999961535246156,0.9999984986221777,0.9999992179289865,0.9999990231061858,0.9999988228769646,0.9999984206061501,0.9999992000288777,0.9999998772968324,0.9999998793099709,0.9999999905689885,0.9999999974590179,0.9999999739069136,0.9999999125888368,0.9999996857682223,0.9999995937141486,0.999998594819497,0.9999990852898749,0.9999966062979633,0.999930559038877,0.9999998219953868,0.9999997494612797,0.9999984825739391,0.9999977235980299,0.999923805725799,0.9999139768953798,0.99987851041187,0.9998886272635474,0.9997213576341859,0.9996247960267327,0.9996144452055303,0.9996924089339805,0.9996646197364745,0.9999915884524906,0.9999989694375191,0.9999998815853877,0.9999999504257009,0.9999979242990586,0.9999988277064495,0.9999982671932565,0.9999984703272958,0.99999951078792,0.9999956454462193,0.9999985110790502,0.999999233165057,0.9999988966895857,0.9999987703882826,0.9999984304465763,0.9999993133787007,0.9999998761541817,0.9999944267879489
46.8,0.9999999495707089,0.9999999929474389,0.9999999973357364,0.9999999854484396,0.9999999328564815,0.999999569850714,0.9999996082204371,0.9999986141899418,0.9999992629945641,0.9999962570713171,0.9999343879697957,0.9999999072411221,0.9999997664966913,0.9999987792919429,0.9999979498872051,0.9999399275831923,0.9999243004906818,0.9998866108768931,0.9999043478759713,0.9997469981678809,0.9996635654297185,0.9996523861945955,0.9997282051981159,0.9996795269800809,0.9999921980477507,0.9999989645228692,0.9999999397954207,0.9999999685656699,0.9999979289188606,0.9999986670680082,0.9999983833611995,0.9999989523665376,0.9999994574047092,0.9999965584222632,0.9999987065298228,0.999999314972851,0.9999991274227004,0.9999989885155407,0.9999986656622718,0.9999992727243309,0.9999998940336385,0.9999998903055501,0.9999999914366259,0.9999999976994572,0.9999999764961763,0.9999999203825025,0.9999997143235698,0.9999996297583951,0.9999987220639004,0.9999991658794738,0.9999969136334862,0.9999370244024542,0.9999998392108158,0.9999997730605582,0.9999986200660623,0.9999979228455811,0.9999309296951675,0.9999219282222344,0.9998891860843739,0.9998984656771509,0.9997450955127782,0.9996557229896598,0.9996460596639772,0.9997180073161349,0.9996923984768175,0.9999922936207041,0.9999990587804252,0.9999998938165231,0.9999999549613475,0.9999981005412846,0.9999989272493494,0.9999984167153455,0.9999986047676878,0.9999995535743144,0.9999960969568022,0.9999987054296389,0.9999993270450916,0.9999990125270556,0.9999989370546118,0.9999986739362945,0.9999993758182857,0.9999998919716722,0.999995293135478
47.2,0.9999999545298338,0.9999999936180847,0.999999997593474,0.9999999869748437,0.999999938979555,0.9999996087895554,0.9999996432129128,0.999998739359635,0.9999993289333339,0.9999965982903181,0.9999404915545599,0.9999999170456363,0.9999997881568847,0.9999988901042083,0.9999981290451818,0.9999455580796112,0.9999313128478402,0.9998965523651976,0.9999128242719445,0.9997685753369838,0.9996913685500354,0.9996809600070372,0.9997508531041432,0.9997060130860125,0.9999928535058584,0.9999990537436134,0.9999999471614947,0.9999999715501398,0.9999981054997249,0.9999987810652481,0.9999985242904584,0.9999990453670895,0.9999995054779924,0.9999969182868722,0.9999988844037984,0.9999993991077808,0.9999992197449581,0.9999991299592952,0.999998872677039,0.9999993385091168,0.9999999082601795,0.9999999002723098,0.9999999922231618,0.9999999979162945,0.9999999788137454,0.9999999274722456,0.9999997402548914,0.9999996625685645,0.9999988377166512,0.9999992393216592,0.9999971929782604,0.9999428862778317,0.9999998546402721,0.9999997943133535,0.9999987449148485,0.9999981043592472,0.9999373858260439,0.9999291422311193,0.9998989193310118,0.9999074301904298,0.9997668128774837,0.9996841036874159,0.9996750847304356,0.9997414760797654,0.9997178779406193,0.999992939613594,0.9999991401678552,0.9999999046322717,0.9999999590646338,0.999998261766901,0.9999990183005073,0.9999985532707935,0.999998727301225,0.9999995925862565,0.9999964990751727,0.9999988728779584,0.9999994085862763,0.9999991152648494,0.9999990799871837,0.9999988796332965,0.9999994322747723,0.9999999055283914,0.999996024745072
47.6,0.9999999589753507,0.9999999942224088,0.9999999978251425,0.9999999883299751,0.9999999445355964,0.9999996441727997,0.999999675044368,0.9999988531618622,0.9999993889311645,0.999996908232982,0.9999460261349545,0.9999999257030346,0.9999998076969616,0.9999989907018564,0.999998292305419,0.9999506589570799,0.9999376736133234,0.9999056186633262,0.9999205453259297,0.9997883137110173,0.9997168766631336,0.9997071877513536,0.9997716142802811,0.9997303119372002,0.9999934538302593,0.9999991351149927,0.9999999535089585,0.9999999742369657,0.9999982669605446,0.9999988852601991,0.9999986528687892,0.9999991300330963,0.9999995492597384,0.9999972384100241,0.9999990367061946,0.9999994721478591,0.9999993015612439,0.9999992508301085,0.999999047557477,0.999999398088347,0.9999999203788601,0.9999999093103029,0.9999999929363466,0.9999999981119692,0.9999999808901257,0.9999999339228305,0.9999997638068854,0.9999996924396961,0.9999989428415436,0.9999993062558898,0.9999974468982389,0.9999482011252123,0.999999868487139,0.9999998134720222,0.999998858310006,0.9999982697651293,0.999943236872577,0.99993568749017,0.9999077937508137,0.999915598865656,0.9997866814945826,0.9997101474333074,0.9997017321759823,0.9997629922835863,0.999741248255588,0.9999935314016868,0.9999992143428099,0.999999914218331,0.9999999627792249,0.9999984092611528,0.9999991015891534,0.9999986779909406,0.9999988389929781,0.9999996281607227,0.9999968575109802,0.9999990173079858,0.9999994795064477,0.9999992065056025,0.9999992026820802,0.9999990534052062,0.9999994833699259,0.999999917176022,0.9999966425775597
48,0.9999999629639151,0.9999999947673054,0.9999999980335376,0.9999999895345033,0.9999999495782556,0.9999996763287149,0.999999704005037,0.9999989566357711,0.9999994435281372,0.9999971897836026,0.9999510448579728,0.9999999333631566,0.9999998253419355,0.9999990820492809,0.9999984411180851,0.9999552801965635,0.9999434435010257,0.9999138871490867,0.9999275787327586,0.999806369812805,0.9997402789203546,0.9997312617662827,0.9997906458273809,0.9997526039637274,0.9999940036641962,0.9999992093544877,0.999999958993219,0.9999999766577579,0.999998414603235,0.9999989805019166,0.9999987701854642,0.9999992071207405,0.9999995891367824,0.9999975234298661,0.9999991672243527,0.9999995356420817,0.9999993741621011,0.9999993541992755,0.9999991952932276,0.9999994520877687,0.9999999307248436,0.9999999175093259,0.9999999935831664,0.9999999982886513,0.9999999827521389,0.9999999397929027,0.9999997852009749,0.9999997196392464,0.9999990384038012,0.9999993672637234,0.9999976777222995,0.9999530201118939,0.9999998809290778,0.9999998307589536,0.9999989613251757,0.9999984205323798,0.999948539680391,0.9999416261750044,0.9999158854899205,0.999923042752815,0.9998048585553473,0.9997340463722236,0.9997261964886375,0.999782718282098,0.9997626838512574,0.9999940735376804,0.9999992819732464,0.9999999227331836,0.9999999661440359,0.9999985441986119,0.9999991777812679,0.9999987919076524,0.999998940811466,0.999999660604083,0.9999971772790318,0.9999991420271155,0.9999995412740509,0.9999992876412014,0.9999993081090739,0.9999992002085015,0.9999995296534784,0.9999999272084633,0.9999971643324426
48.40000000000001,0.9999999665454891,0.999999995258909,0.9999999982211336,0.9999999906064254,0.9999999541559526,0.9999997055548212,0.9999997303578736,0.9999990507247331,0.9999994932146531,0.9999974455586306,0.999955595900157,0.9999999401542521,0.999999841290294,0.9999991650163494,0.999998576794534,0.9999594670499546,0.9999486775566701,0.9999214283340311,0.9999339860892248,0.999822886886013,0.9997617489537461,0.9997533586935854,0.9998080918015465,0.9997730547688285,0.9999945072595693,0.9999992771095215,0.9999999637443582,0.9999999788405157,0.9999985496167806,0.9999990675651627,0.9999988772329553,0.9999992773164633,0.9999996254606386,0.9999977774151878,0.9999992791740062,0.9999995909141072,0.9999994386680688,0.9999994426719947,0.9999993200990372,0.9999995010637847,0.9999999395775646,0.9999999249500421,0.9999999941699227,0.9999999984482731,0.9999999844233999,0.9999999451355899,0.9999998046375835,0.9999997444097644,0.9999991252793422,0.9999994228741576,0.9999978875643976,0.9999573896110282,0.9999998921216168,0.9999998463705237,0.999999054929901,0.9999985579896465,0.9999533457458457,0.9999470146685197,0.9999232639143774,0.9999298265271985,0.9998214879312851,0.999755976922484,0.9997486563196039,0.9998008029703751,0.9997823447828281,0.9999945701917065,0.9999993436605561,0.9999999303124181,0.9999999691937942,0.9999986676528103,0.9999992474851628,0.999998895962171,0.9999990336375818,0.9999996901949539,0.9999974627876383,0.9999992498532664,0.9999995951453799,0.9999993598821574,0.999999398791933,0.9999993242300155,0.9999995716125392,0.9999999358716362,0.9999976049553991
48.8,0.9999999697641849,0.9999999957026834,0.9999999983901233,0.9999999915614316,0.9999999583124072,0.9999997321208209,0.9999997543411949,0.9999991362852413,0.9999995384360636,0.9999976779316592,0.9999597229272438,0.9999999461863278,0.9999998557174951,0.9999992403881899,0.999998700521625,0.9999632604837175,0.9999534256802817,0.9999283064593059,0.9999398234348313,0.9998379959518967,0.9997814460320152,0.99977364063509,0.999824084220616,0.999791816241441,0.9999949685096123,0.9999993389650076,0.9999999678714252,0.999999980810073,0.9999986730870863,0.9999991471569774,0.99999897491559,0.9999993412435269,0.9999996585507762,0.999998003938276,0.9999993752865431,0.9999996390959437,0.9999994960533651,0.9999995184588113,0.999999425535103,0.9999995455120455,0.9999999471702424,0.9999999317049701,0.9999999947023015,0.9999999985925581,0.9999999859247274,0.999999949999038,0.9999998222981744,0.9999997669712819,0.9999992042631205,0.999999473568437,0.9999980783435076,0.9999613516462139,0.9999999022011963,0.9999998604804723,0.9999991400002356,0.9999986833395302,0.9999577017137259,0.9999519040935289,0.999929992201411,0.9999360090514222,0.9998367012319797,0.9997761009407301,0.9997692756448732,0.9998173828174001,0.999800377818026,0.9999950251831611,0.999999399946927,0.9999999370723264,0.9999999719595297,0.9999987806049574,0.9999993112565261,0.9999989910131183,0.9999991182726381,0.9999997171867672,0.9999977179152642,0.9999993431886749,0.9999996421961521,0.9999994242826974,0.9999994768763644,0.9999994290064514,0.9999996096796238,0.9999999433715933,0.999997977066689
49.2,0.9999999726589983,0.9999999961034993,0.9999999985424521,0.9999999924132194,0.9999999620871146,0.9999997562712534,0.9999997761710699,0.9999992140950177,0.9999995795968836,0.9999978890562413,0.9999634655230896,0.9999999515539516,0.999999868778961,0.9999993088739111,0.9999988133744707,0.9999666975908439,0.9999577331160843,0.9999345800722919,0.9999451417679495,0.9998518169184717,0.9997995163615989,0.9997922564694574,0.9998387441455039,0.9998090277949869,0.9999953909794362,0.9999993954500082,0.9999999714659843,0.9999999825884833,0.9999987860060402,0.9999992199227018,0.9999990640574767,0.9999993994679666,0.9999996886975967,0.9999982061382209,0.99999945788287,0.9999996811565185,0.9999995471661451,0.9999995834360534,0.9999995146087423,0.9999995858748723,0.9999999536977461,0.9999999378393607,0.9999999951854359,0.9999999987230441,0.9999999872744993,0.9999999544268956,0.9999998383470913,0.9999997875234773,0.9999992760767183,0.9999995197844448,0.9999982518018385,0.9999649443057125,0.9999999112877633,0.9999998732428026,0.9999992173282228,0.9999987976714614,0.9999616498417599,0.9999563408129354,0.9999361279102221,0.9999416439141053,0.999850618917319,0.9997945670418282,0.999788205094801,0.9998325829839471,0.999816917635549,0.9999954420104813,0.9999994513218112,0.9999999431129072,0.9999999744690021,0.9999988839519739,0.9999993696030519,0.9999990778438406,0.9999991954456953,0.9999997418101021,0.9999979460772426,0.9999994240824537,0.9999996833482987,0.9999994817622436,0.9999995441875286,0.9999995175253541,0.9999996442395508,0.9999999498812315,0.9999982913231035
49.6,0.9999999752644433,0.9999999964657036,0.9999999986798482,0.9999999931737623,0.9999999655157685,0.999999778227885,0.9999997960434608,0.9999992848603293,0.9999996170645916,0.9999980808864359,0.9999668595697144,0.9999999563386013,0.9999998806126383,0.9999993711143428,0.9999989163277009,0.9999698119563095,0.9999616408850392,0.9999403025278257,0.9999499874977835,0.9998644594971468,0.9998160941146614,0.9998093428852634,0.9998521825617314,0.9998248173533283,0.9999957779336475,0.9999994470435737,0.9999999746050505,0.9999999841953557,0.9999988892797279,0.999999286451434,0.9999991454096852,0.9999994525039543,0.9999997161651216,0.9999983867758268,0.9999995289359183,0.9999997179259058,0.9999995927458263,0.9999996391969469,0.9999995898602588,0.9999996225476564,0.9999999593230986,0.9999999434119706,0.999999995623962,0.9999999988411061,0.9999999884889601,0.9999999584587479,0.9999998529332126,0.9999998062476163,0.9999993413751939,0.9999995619206659,0.9999984095212491,0.9999682021097359,0.999999919486981,0.9999998847942704,0.9999992876303283,0.9999989019730864,0.9999652284116337,0.9999603668709837,0.9999417234786607,0.9999467799004443,0.9998633512157025,0.9998115116371818,0.9998055829933412,0.9998465182296009,0.9998320877851341,0.9999958238780738,0.9999994982275788,0.9999999485203727,0.9999999767470747,0.9999989785137832,0.9999994229886383,0.9999991571690651,0.9999992658201809,0.9999997642747912,0.9999981502837197,0.9999994942836109,0.9999997193926958,0.9999995331237943,0.9999996022787162,0.9999995923103864,0.9999996756353572,0.9999999555458496,0.9999985567234406
50,0.9999999776111032,0.9999999967931785,0.9999999988038488,0.9999999938535414,0.999999968630641,0.9999997981918675,0.9999998141361492,0.9999993492226181,0.9999996511730695,0.9999982551954348,0.9999699375940001,0.9999999606106368,0.9999998913411957,0.9999994276889299,0.9999990102654749,0.9999726339897324,0.9999651861798858,0.999945522450794,0.9999544028596971,0.9998760240678918,0.999831302416929,0.999825025376493,0.9998645012168331,0.9998393022956933,0.9999961323617004,0.9999994941798934,0.9999999773535186,0.9999999856481468,0.9999989837359244,0.999999347280994,0.9999992196567768,0.999999500818645,0.999999741193427,0.9999985482813248,0.9999995901235587,0.9999997501158842,0.9999996334379241,0.9999996870948594,0.9999996534354759,0.9999996558844,0.9999999641828585,0.9999999484757481,0.9999999960220686,0.9999999989479738,0.9999999895824866,0.9999999621305069,0.99999986619144,0.9999998233083,0.9999994007532821,0.999999600339782,0.9999985529381344,0.9999711563453182,0.9999999268921151,0.9999998952565256,0.9999993515549697,0.9999989971403932,0.9999684721037645,0.9999640203964464,0.9999468266812158,0.999951461425177,0.9998749989911018,0.9998270599341218,0.9998215363608921,0.9998592937758368,0.9998460016054588,0.9999961737210419,0.9999995410644869,0.9999999533692456,0.9999999788160419,0.9999990650399684,0.9999994718372118,0.9999992296409643,0.9999993299998904,0.9999997847718253,0.9999983331900826,0.9999995552860061,0.9999997510084628,0.9999995790696752,0.9999996524725598,0.9999996554933668,0.9999997041733918,0.999999960487752,0.999998780866489
50.40000000000001,0.9999999797261103,0.9999999970893948,0.9999999989158226,0.9999999944617434,0.9999999714609217,0.9999998163456857,0.9999998306104708,0.9999994077645074,0.9999996822257167,0.9999984135924334,0.9999727290818829,0.9999999644309564,0.9999999010739135,0.9999994791218815,0.9999990959903962,0.9999751912264162,0.9999684027231734,0.9999502841573362,0.9999584262927464,0.9998866024712518,0.9998452542547823,0.9998394191570736,0.9998757933883369,0.9998525903241549,0.9999964570011093,0.9999995372528488,0.9999999797661758,0.9999999869624151,0.9999990701309224,0.9999994029024426,0.9999992874227458,0.999999544836559,0.9999997640008481,0.9999986927958472,0.9999996428734003,0.9999997783373857,0.9999996698067666,0.9999997282798896,0.9999997071470024,0.9999996862025229,0.9999999683915735,0.9999999530784411,0.9999999963835419,0.9999999990447485,0.9999999905678192,0.9999999654747626,0.9999998782440396,0.9999998388550396,0.9999994547510085,0.9999996353719323,0.999998683356915,0.9999738353697121,0.999999933585649,0.9999999047379601,0.9999994096892467,0.9999990839867308,0.9999714123367058,0.9999673359681082,0.9999514810458449,0.999955728926315,0.9998856545369013,0.9998413268537981,0.9998361818357556,0.999871006097674,0.9998587630665737,0.9999964942278322,0.9999995801950553,0.9999999577241157,0.9999999806959157,0.9999991442158483,0.999999516536211,0.999999295854677,0.9999993885344267,0.9999998034750784,0.9999984971408615,0.9999996083664774,0.9999997787793522,0.9999996202150497,0.9999996958959321,0.9999997088751185,0.9999997301277109,0.9999999648100646,0.999998970168866
50.8,0.999999981633563,0.9999999973574578,0.9999999990169898,0.9999999950064311,0.999999974033022,0.9999998328549183,0.9999998456128772,0.9999994610152442,0.9999997104982697,0.999998557537912,0.9999752607630912,0.9999999678523912,0.999999909908313,0.9999995258876624,0.9999991742314644,0.9999775085997902,0.999971321091756,0.9999546280383735,0.9999620927828784,0.9998962787333586,0.9998580533081632,0.999852630000987,0.9998861445880436,0.9998647802599714,0.9999967543587025,0.9999995766200483,0.999999981889369,0.9999999881520432,0.999999149155757,0.9999994537641941,0.9999993492764228,0.9999995849435441,0.9999997847859762,0.9999988222074988,0.9999996884007254,0.9999998031153137,0.9999997023464007,0.9999997637298296,0.9999997525259835,0.9999997137870439,0.9999999720454691,0.999999957263137,0.9999999967118052,0.9999999991324174,0.9999999914562618,0.9999999685210988,0.9999998892018505,0.9999998530236771,0.9999995038587729,0.9999996673176706,0.9999988019622611,0.9999762648852725,0.9999999396406662,0.9999999133353052,0.9999994625649649,0.9999991632508585,0.9999740775745226,0.9999703449460728,0.9999557262333586,0.9999596192232153,0.9998954023026683,0.9998544178741731,0.9998496265207665,0.999881743649786,0.9998704675430359,0.999996787860978,0.9999996159479329,0.9999999616411117,0.9999999824046785,0.9999992166680229,0.9999995574397618,0.9999993563533365,0.9999994419241345,0.999999820542871,0.9999986442079777,0.9999996546171855,0.9999998032076763,0.999999657099518,0.9999997335095024,0.999999753976869,0.9999997537438817,0.9999999685999,0.999999130048959
51.2,0.9999999833548888,0.9999999976001485,0.9999999991084391,0.9999999954946911,0.9999999763708485,0.999999847869828,0.9999998592763446,0.9999995094556324,0.9999997362413569,0.9999986883574808,0.9999775568691894,0.9999999709208797,0.9999999179315652,0.9999995684159035,0.9999992456511824,0.9999796086879645,0.9999739690108922,0.9999585909088476,0.9999654341749284,0.9999051297295766,0.9998697947153188,0.999864755013975,0.9998956332078712,0.9998759627745917,0.9999970267300822,0.9999996126064115,0.9999999837623881,0.999999989229432,0.9999992214418836,0.9999995002757617,0.9999994057363912,0.9999996214903611,0.9999998037294691,0.9999989381827515,0.9999997277406176,0.9999998249011295,0.9999997314899564,0.9999997942763713,0.9999997908658138,0.999999738894226,0.9999999752255049,0.9999999610687421,0.9999999970099553,0.9999999992118666,0.9999999922578562,0.9999999712963786,0.9999998991653742,0.9999998659376665,0.9999995485219543,0.9999996964506498,0.9999989098301738,0.9999784681885088,0.9999999451220398,0.9999999211350155,0.9999995106640317,0.9999992356041417,0.9999764936051601,0.9999730757720945,0.9999595983827404,0.9999631658422365,0.9999043195594868,0.9998664298041868,0.99986196876113,0.9998915875324693,0.9998812025234138,0.999997056876097,0.9999996486213173,0.9999999651691399,0.9999999839585043,0.9999992829694356,0.9999995948715706,0.999999411632652,0.999999490624575,0.9999998361193848,0.9999987762240848,0.9999996949730606,0.9999998247261471,0.9999996901970849,0.9999997661327772,0.9999997920836671,0.9999997752422812,0.9999999719309844,0.9999992650822441
51.6,0.9999999849091615,0.9999999978199591,0.9999999991911434,0.99999999593276,0.9999999784960473,0.9999998615267992,0.9999998717216436,0.9999995535225041,0.9999997596828119,0.9999988072544235,0.9999796393674342,0.9999999736764589,0.9999999252217091,0.9999996070957984,0.9999993108519176,0.9999815119368672,0.9999763716208003,0.9999622063257474,0.9999684794562722,0.9999132257919523,0.9998805657749291,0.9998758833423766,0.99990433111209,0.9998862210606571,0.9999972762174422,0.9999996455073592,0.9999999854186141,0.9999999902056708,0.9999992875663536,0.9999995428111682,0.9999994572754616,0.9999996547959286,0.999999820995692,0.9999990421937847,0.9999997617751769,0.9999998440835522,0.999999757617695,0.9999998206272895,0.9999998232590602,0.9999997617547629,0.9999999779999081,0.9999999645304096,0.9999999972807941,0.9999999992838913,0.9999999929815331,0.9999999738250007,0.9999999082257583,0.9999998777092309,0.9999995891450821,0.9999997230200578,0.9999990079380302,0.999980466395735,0.9999999500874547,0.99999992821447,0.9999995544232985,0.999999301656996,0.9999786837925465,0.9999755542418308,0.9999631304254736,0.9999663993129286,0.999912477009023,0.9998774514946794,0.9998732988590239,0.9999006121024306,0.9998910482613773,0.9999973033392916,0.9999996784859913,0.9999999683509249,0.9999999853719541,0.9999993436439958,0.9999996291275635,0.9999994621450805,0.9999995350505878,0.9999998503359481,0.999998894811657,0.9999997302350991,0.9999998437079457,0.9999997199247364,0.9999997944653163,0.9999998242810572,0.9999997948209649,0.9999999748658391,0.9999993791324354
52,0.9999999863133781,0.9999999980191253,0.9999999992659724,0.9999999963261336,0.9999999804282242,0.9999998739496384,0.9999998830584856,0.9999995936127736,0.9999997810297719,0.9999989153210641,0.9999815281727098,0.9999999761541027,0.9999999318487115,0.9999996422800436,0.9999993703816075,0.9999832368621888,0.9999785517182523,0.9999655048777238,0.9999712550147168,0.9999206312652035,0.9998904465907151,0.9998860968241895,0.9999123041803846,0.9998956314479018,0.9999975047458813,0.9999996755916605,0.9999999868864728,0.9999999910906858,0.9999993480565376,0.9999995817120531,0.9999995043247418,0.9999996851502598,0.9999998367342052,0.9999991355423117,0.9999997912565786,0.999999860997656,0.9999997810639342,0.9999998433852243,0.9999998506286508,0.9999997825765697,0.9999999804262752,0.9999999676799194,0.9999999975268578,0.9999999993492064,0.9999999936352447,0.9999999761291313,0.9999999164656826,0.9999998884404073,0.9999996260956174,0.9999997472528295,0.9999990971736904,0.999982278647521,0.9999999545882897,0.999999934643019,0.9999995942389063,0.9999993619646661,0.9999806693049105,0.9999778037516478,0.9999663523716708,0.9999693474374342,0.9999199393410592,0.9998875644912071,0.9998836997300766,0.9999088855329484,0.9999000783731586,0.9999975291430855,0.9999997057880204,0.9999999712238873,0.9999999866581488,0.9999993991707994,0.9999996604782917,0.9999995083036286,0.999999575579976,0.9999998633121989,0.9999990014083819,0.9999997610901462,0.9999998604752924,0.9999997466498256,0.9999998191047169,0.9999998514860583,0.9999998126581678,0.9999999774575937,0.9999994754622276
52.40000000000001,0.9999999875827003,0.999999998199654,0.9999999993337046,0.9999999966796613,0.9999999821851429,0.9999998852507499,0.9999998933865579,0.9999996300871138,0.9999998004705787,0.9999990135490694,0.999983241339601,0.999999978384431,0.9999999378753881,0.9999996742883746,0.9999994247388817,0.9999848002321526,0.9999805299755448,0.9999685144488442,0.9999737848729858,0.9999274050155883,0.9998995106632121,0.9998954705870383,0.9999196128058114,0.9999042639684577,0.9999977140783403,0.9999997031039761,0.9999999881902278,0.9999999918933716,0.9999994033944331,0.9999996172905035,0.9999995472773439,0.9999997128171245,0.9999998510811144,0.9999992193803584,0.9999998168266138,0.9999998759326105,0.9999998021230114,0.9999998630635853,0.9999998737542191,0.9999998015472344,0.9999999825533168,0.9999999705460175,0.9999999977504423,0.999999999408455,0.9999999942260798,0.999999978228913,0.9999999239601601,0.9999998982239916,0.9999996597073783,0.9999997693556557,0.9999991783437571,0.9999839222939367,0.9999999586703805,0.9999999404828946,0.9999996304701935,0.9999994170324179,0.9999824693215578,0.999979845522356,0.9999692915705483,0.9999720355355384,0.9999267657438357,0.9998968436334748,0.9998932475064243,0.9999164703275886,0.9999083603857859,0.9999977360210192,0.999999730751159,0.9999999738208862,0.9999999878289213,0.9999994499879833,0.9999996891711268,0.9999995504853176,0.9999996125568537,0.9999998751571418,0.9999990972893451,0.9999997881276985,0.9999998753067442,0.9999997706964425,0.99999984056186,0.9999998744733322,0.99999982891449,0.9999999797514949,0.9999995568268056
52.8,0.999999988730667,0.9999999983633477,0.9999999993950379,0.9999999969976281,0.9999999837829018,0.9999998955321996,0.9999999027964587,0.9999996632732907,0.9999998181765022,0.9999991028387857,0.9999847952364654,0.9999999803943113,0.9999999433582072,0.9999997034107417,0.9999994743776697,0.9999862172329342,0.9999823251389698,0.9999712604588018,0.999976090901931,0.999933600896631,0.9999078254330196,0.9999040735973604,0.9999263123513865,0.9999121828757015,0.9999979058292773,0.9999997282671371,0.9999999893506408,0.9999999926217056,0.9999994540205952,0.9999996498316346,0.9999995864917561,0.9999997380364588,0.9999998641602947,0.9999992947283969,0.9999998390332537,0.9999998891382706,0.9999998210544269,0.9999998801000244,0.9999998932943567,0.9999998188361746,0.9999999844223062,0.9999999731547199,0.9999999979536274,0.9999999994622158,0.9999999947603641,0.999999980142654,0.9999999307772603,0.9999999071443925,0.999999690283646,0.9999997895168077,0.9999992521810646,0.9999854130623983,0.9999999623746796,0.9999999457900094,0.9999996634432096,0.9999994673202072,0.9999841012201426,0.99998169880204,0.9999719729475558,0.9999744866675783,0.9999330103711793,0.9999053576057296,0.9999020120906724,0.9999234237913136,0.9999159562401283,0.999997925561018,0.9999997535789957,0.9999999761708466,0.9999999888949516,0.9999994964962458,0.999999715432263,0.9999995890343404,0.9999996462946846,0.9999998859701071,0.9999991835864267,0.9999998118541823,0.9999998884434117,0.9999997923509117,0.9999998592738399,0.9999998938972876,0.9999998437348114,0.9999999817861627,0.9999996255528049
53.2,0.9999999897693794,0.9999999985118272,0.9999999994505976,0.9999999972838246,0.999999985236095,0.9999999048866783,0.9999999113705423,0.9999996934691874,0.9999998343033045,0.9999991840077037,0.9999862047031943,0.9999999822073703,0.9999999483479929,0.9999997299101653,0.9999995197113486,0.9999875016183801,0.9999839542087066,0.9999737660816954,0.9999781930144135,0.9999392681753487,0.9999154527794843,0.999911969164769,0.9999324535687305,0.9999194471204487,0.9999980814771894,0.9999997512841888,0.9999999903855215,0.9999999932828491,0.9999995003377241,0.9999996795959412,0.9999996222949153,0.99999976102655,0.9999998760845025,0.9999993624911815,0.9999998583446932,0.9999999008307888,0.9999998380872824,0.9999998948678478,0.9999999098054102,0.9999998345965402,0.9999999860682849,0.9999999755295829,0.9999999981382967,0.9999999995110104,0.9999999952437484,0.9999999818869989,0.9999999369787625,0.9999999152784046,0.9999997180999811,0.9999998079077952,0.9999993193514727,0.9999867652097506,0.9999999657378295,0.9999999506146533,0.9999996934538797,0.9999995132468849,0.9999855807462759,0.9999833810499353,0.9999744192202653,0.9999767218372232,0.9999387227700631,0.9999131694421078,0.9999100576647414,0.9999297984625082,0.9999229227524649,0.9999980992176353,0.999999774456875,0.9999999782992913,0.9999999898658862,0.9999995390620618,0.9999997394685441,0.9999996242649393,0.9999996770790432,0.9999998958416207,0.9999992613052727,0.9999998327050909,0.9999999000942608,0.9999998118665452,0.9999998756149333,0.999999910310752,0.9999998572499735,0.9999999835946368,0.9999996836049838
53.6,0.9999999907096646,0.9999999986465502,0.9999999995009452,0.9999999975416088,0.999999986557956,0.9999999133983735,0.9999999191836839,0.999999720945548,0.9999998489926579,0.9999992577981319,0.9999874831941923,0.9999999838444291,0.9999999528905408,0.9999997540253043,0.9999995611164838,0.9999886658455202,0.9999854326018762,0.9999760524452961,0.9999801093416159,0.9999444519223171,0.9999224494784594,0.9999192154052352,0.9999380829819164,0.9999261107879871,0.9999982423760773,0.9999997723402273,0.9999999913101864,0.9999999938832368,0.9999995427139381,0.9999997068214419,0.9999996549850021,0.999999781986017,0.9999998869563836,0.9999994234715902,0.9999998751612613,0.9999999111973995,0.9999998534241185,0.9999999076856881,0.9999999237573582,0.9999998489668951,0.9999999875210644,0.9999999776919456,0.9999999983061572,0.9999999995553086,0.9999999956812862,0.9999999834770824,0.9999999426207464,0.9999999226959081,0.9999997434067766,0.9999998246848729,0.9999993804600292,0.9999879916600695,0.9999999687926615,0.9999999550021074,0.9999997207708561,0.9999995551939886,0.9999869221671379,0.9999849081031283,0.9999766510949305,0.9999787601759532,0.9999439482719367,0.9999203369906043,0.9999174431572534,0.9999356425091535,0.9999293120379856,0.9999982583232654,0.9999997935536176,0.9999999802287948,0.9999999907504452,0.9999995780206211,0.9999997614691321,0.9999996564640297,0.9999997051701228,0.9999999048541954,0.9999993313401567,0.999999851055306,0.9999999104406349,0.999999829467755,0.999999889905907,0.9999999241807435,0.9999998695782595,0.9999999852052505,0.9999997326425235
54,0.9999999915612181,0.9999999987688291,0.999999999546585,0.9999999977739589,0.9999999877604872,0.9999999211437579,0.9999999263039705,0.9999997459484674,0.9999998623734319,0.9999993248841541,0.9999886429079617,0.9999999853238742,0.9999999570271594,0.9999997759727706,0.9999995989362044,0.9999897211972238,0.9999867743003371,0.999978138812551,0.9999818563933845,0.9999491933686308,0.9999288676224806,0.9999258656664408,0.999943243239405,0.999932223499161,0.9999983897659417,0.9999997916040525,0.9999999921378424,0.9999999944286554,0.999999581485762,0.9999997317256345,0.9999996848339875,0.9999998010956065,0.9999998968693902,0.9999994783827311,0.9999998898255253,0.9999999204004989,0.9999998672442333,0.9999999188257017,0.9999999355472232,0.9999998620727069,0.9999999888060611,0.9999999796611476,0.999999998458756,0.9999999995955345,0.9999999960775006,0.9999999849266694,0.9999999477541258,0.9999999294605023,0.9999997664315738,0.9999998399904096,0.9999994360565607,0.9999891041295267,0.9999999715686305,0.9999999589931824,0.9999997456380888,0.9999995935091658,0.9999881384106057,0.9999862943276854,0.999978687445457,0.9999806191108964,0.9999487283508857,0.99992691333904,0.999924222672826,0.9999410000921187,0.9999351718993544,0.9999984040984135,0.9999998110230647,0.9999999819793676,0.9999999915565156,0.9999996136785111,0.9999997816070282,0.9999996858935917,0.9999997308050147,0.9999999130830488,0.9999993944870034,0.9999998672278805,0.9999999196401166,0.9999998453536174,0.9999999024219201,0.9999999359017939,0.9999998808267001,0.9999999866423596,0.9999997740665667
54.40000000000001,0.9999999923327301,0.999999998879846,0.9999999995879704,0.9999999979835192,0.9999999888545774,0.9999999281923054,0.9999999327933274,0.9999997687016502,0.9999998745628607,0.9999993858779387,0.9999896949045487,0.9999999866619748,0.9999999607951461,0.9999997959492136,0.999999633483253,0.999990677893223,0.999987991984652,0.9999800427469148,0.9999834492040596,0.9999535302325614,0.9999347550064358,0.9999319689183755,0.9999479734367147,0.9999378307784522,0.9999985247823945,0.999999809229658,0.9999999928799073,0.9999999949243129,0.9999996169608547,0.9999997545072788,0.9999997120899521,0.9999998185198213,0.9999999059086118,0.9999995278585393,0.999999902630865,0.9999999285811279,0.99999987970656,0.9999999285205191,0.9999999455103994,0.999999874027669,0.9999999899449916,0.9999999814547232,0.9999999985974958,0.9999999996320705,0.9999999964364443,0.9999999862482812,0.9999999524251315,0.9999999356300796,0.9999997873811635,0.9999998539541335,0.9999994866407449,0.9999901132395339,0.9999999740921942,0.9999999626246945,0.999999768277146,0.9999996285092649,0.9999892411912632,0.9999875527556688,0.9999805454763649,0.9999823145175343,0.9999531009514246,0.9999329472061272,0.9999304458863648,0.9999459116982918,0.9999405461832086,0.9999985376611011,0.9999998270054672,0.9999999835687865,0.9999999922912363,0.9999996463161692,0.9999998000404641,0.9999997127928505,0.99999975419978,0.9999999205967564,0.9999994514548124,0.999999881501513,0.9999999278298269,0.9999998597009648,0.9999999133992339,0.9999999458072028,0.9999998910922288,0.999999987926953,0.9999998090603596
54.8,0.9999999930319965,0.9999999989806666,0.999999999625509,0.9999999981726412,0.9999999898501074,0.9999999346071382,0.9999999387080848,0.9999997894084609,0.9999998856676036,0.9999994413354597,0.9999906492119882,0.9999999878731545,0.9999999642282078,0.9999998141332015,0.9999996650427447,0.9999915451906072,0.999989097155523,0.9999817802629545,0.9999849014651103,0.9999574970184764,0.9999401554815491,0.9999375701120115,0.9999523094122562,0.9999429743917667,0.9999986484654581,0.9999998253575755,0.9999999935462781,0.9999999953749003,0.9999996494204998,0.9999997753480234,0.999999736979198,0.9999998344083992,0.9999999141515311,0.9999995724630611,0.9999999138287509,0.9999999358619458,0.9999998909521614,0.9999999369691392,0.9999999539302223,0.9999998849348761,0.9999999909564535,0.9999999830885767,0.9999999987236482,0.9999999996652622,0.9999999967617517,0.99999998745331,0.9999999566757484,0.9999999412573457,0.9999998064434908,0.9999998666942638,0.999999532666714,0.9999910286192677,0.9999999763871459,0.9999999659298843,0.9999997888893084,0.9999996604831334,0.9999902411245327,0.9999886952093596,0.9999822408711828,0.9999838608586468,0.9999571007884877,0.999938483300481,0.9999361584051987,0.9999504144460478,0.9999454751072331,0.9999986600354809,0.9999998416287357,0.9999999850128763,0.9999999929610724,0.9999996761901233,0.9999998169141701,0.9999997373802653,0.9999997755513336,0.9999999274578444,0.9999995028756863,0.9999998941169149,0.9999999351292465,0.9999998726670728,0.9999999230409139,0.9999999541785436,0.9999999004627046,0.9999999890771634,0.9999998386231486
55.2,0.9999999936660167,0.9999999990722517,0.9999999996595682,0.9999999983434175,0.9999999907560448,0.9999999404456136,0.9999999440994909,0.9999998082537853,0.9999998957847069,0.9999994917616858,0.9999915149227817,0.9999999889702248,0.9999999673568323,0.9999998306869177,0.9999996938746631,0.9999923314747922,0.9999901002438673,0.9999833659635488,0.9999862256457794,0.999961125290367,0.999945109280274,0.9999427105086535,0.9999562840185566,0.9999476926564135,0.9999987617676225,0.9999998401160891,0.9999999941455566,0.9999999957846457,0.9999996791218789,0.9999997944138893,0.9999997597081727,0.9999998488976536,0.9999999216687107,0.9999996126985937,0.999999923634925,0.9999999423497737,0.9999999011063971,0.9999999443419302,0.9999999610460522,0.9999998948878719,0.9999999918564102,0.9999999845771389,0.9999999988383669,0.9999999996954216,0.9999999970566847,0.999999988552122,0.9999999605441102,0.9999999463902914,0.9999998237893853,0.9999998783185402,0.999999574547232,0.9999918589985733,0.999999978474906,0.9999999689387883,0.999999807657462,0.9999996896941488,0.9999911478300489,0.9999897324138852,0.9999837879275824,0.9999852713107441,0.9999607596219697,0.9999435626501957,0.9999414021016716,0.9999545423653475,0.9999499955602326,0.9999987721597259,0.9999998550095671,0.9999999863257518,0.9999999935718827,0.999999703535039,0.9999998323605347,0.9999997598553421,0.9999997950391559,0.9999999337233297,0.9999995493136399,0.9999999052822354,0.99999994164263,0.9999998843919975,0.9999999315216744,0.9999999612536944,0.9999999090178215,0.9999999901086952,0.9999998635988024
55.6,0.9999999942410797,0.9999999991554684,0.9999999996904787,0.9999999984977128,0.9999999915805305,0.999999945759856,0.9999999490141778,0.9999998254057197,0.9999999050024777,0.9999995376152869,0.9999923002813399,0.9999999899645853,0.9999999702086174,0.9999998457576942,0.999999720216123,0.9999930443418668,0.9999910107106003,0.9999848131648766,0.9999874331028239,0.9999644439221378,0.9999496533144787,0.9999474279823553,0.9999599273709197,0.999952020725558,0.9999988655612226,0.9999998536223349,0.9999999946852383,0.9999999961573636,0.9999997063001487,0.9999998118566238,0.9999997804652219,0.9999998621116908,0.9999999285244161,0.9999996490128276,0.9999999322346512,0.999999948137769,0.9999999102808096,0.9999999507848725,0.999999967060101,0.999999903971583,0.999999992658596,0.9999999859335083,0.9999999989426981,0.999999999722831,0.9999999973241738,0.9999999895541518,0.9999999640648579,0.9999999510726206,0.9999998395741296,0.9999998889251592,0.9999996126574858,0.999992612292153,0.9999999803747782,0.9999999716785681,0.9999998247478088,0.9999997163825125,0.9999919700252916,0.9999906740993336,0.9999851996804452,0.9999865578791184,0.999964106507971,0.9999482229053923,0.999946215418594,0.9999583266545687,0.9999541413774249,0.9999988748932556,0.9999998672544627,0.9999999875200258,0.9999999941289792,0.9999997285655907,0.9999998465006633,0.9999997804002879,0.9999998128268516,0.9999999394452104,0.9999995912723476,0.9999999151776863,0.9999999474610748,0.9999998950006121,0.9999999389919998,0.9999999672336211,0.9999999168299164,0.9999999910351844,0.9999998846999816
56,0.999999994762841,0.9999999992310997,0.9999999997185386,0.9999999986371907,0.9999999923309559,0.9999999505972392,0.9999999534945827,0.9999998410171048,0.9999999134012773,0.9999995793129033,0.9999930127632395,0.9999999908663967,0.9999999728085631,0.9999998594793964,0.9999997442834206,0.9999936906731379,0.9999918371370891,0.9999861340102905,0.9999885341803456,0.9999674793266259,0.9999538214491115,0.9999517572975976,0.9999632670753945,0.9999559908492481,0.9999989606451924,0.9999998659832953,0.9999999951718719,0.9999999964964967,0.9999997311703361,0.999999827814936,0.9999997994221862,0.999999874163516,0.9999999347771833,0.9999996818051198,0.9999999397871769,0.999999953307288,0.9999999185747652,0.999999956423162,0.9999999721432006,0.9999999122631549,0.999999993374856,0.9999999871695781,0.9999999990375912,0.9999999997477456,0.9999999975668533,0.9999999904679872,0.9999999672694633,0.9999999553441383,0.9999998539388831,0.999999898603626,0.9999996473385272,0.9999932956758559,0.9999999821041757,0.9999999741738028,0.9999998403114141,0.9999997407673288,0.9999927156103952,0.999991529093341,0.9999864880139445,0.9999877315025449,0.9999671680287157,0.9999524986159447,0.9999506336497608,0.9999617959159999,0.9999579435929981,0.9999989690233539,0.999999878460647,0.9999999886069894,0.9999999946371805,0.9999997514781718,0.9999998594453452,0.9999997991815195,0.999999829063565,0.9999999446709117,0.9999996292019609,0.9999999239594887,0.9999999526642939,0.9999999046043839,0.9999999455816492,0.9999999722881072,0.9999999239646898,0.9999999918685012,0.9999999025285468
56.40000000000001,0.9999999952363898,0.9999999992998528,0.9999999997440168,0.9999999987633366,0.9999999930140334,0.9999999550008235,0.9999999575793306,0.999999855226918,0.9999999210542416,0.9999996172330189,0.9999936591470598,0.9999999916847303,0.9999999751793315,0.9999998719736751,0.9999997662738939,0.9999942767026138,0.9999925873071505,0.9999873395740642,0.9999895383006104,0.9999702556651527,0.9999576447533569,0.9999557303642457,0.9999663284377724,0.9999596326139369,0.9999990477512497,0.9999998772967011,0.9999999956111938,0.9999999968051548,0.9999997539290713,0.9999998424156242,0.9999998167358563,0.9999998851560367,0.9999999404803332,0.9999997114320076,0.9999999464295266,0.9999999579294817,0.9999999260768869,0.9999999613642693,0.9999999764396742,0.9999999198326995,0.9999999940154305,0.9999999882961507,0.9999999991239077,0.999999999770396,0.9999999977870937,0.9999999913014461,0.9999999701865228,0.999999959241103,0.9999998670119752,0.9999999074355292,0.9999996789003962,0.9999939156558143,0.9999999836788198,0.9999999764467483,0.9999998544856066,0.9999997630484911,0.9999933917449693,0.9999923054050409,0.9999876637636272,0.9999888021485698,0.9999699685029514,0.9999564214864167,0.9999546891975669,0.9999649763717654,0.9999614306718042,0.999999055271231,0.9999998887168998,0.9999999895967664,0.9999999951008598,0.9999997724524574,0.9999998712959368,0.9999998163510387,0.9999998438852699,0.9999999494436923,0.9999996635051139,0.9999999317632412,0.9999999573221376,0.9999999133029259,0.9999999514026408,0.9999999765605948,0.99999993048185,0.9999999926190041,0.9999999175927927
56.8,0.999999995666309,0.9999999993623671,0.999999999767156,0.9999999988774784,0.9999999936358599,0.999999959009752,0.9999999613035809,0.9999998681615386,0.999999928027936,0.9999996517194749,0.9999942455794967,0.9999999924276973,0.9999999773414781,0.9999998833510991,0.9999997863676113,0.9999948080780968,0.9999932682813855,0.9999884399559229,0.9999904540466745,0.9999727950392605,0.9999611517311284,0.9999593764716409,0.9999691346551889,0.9999629731622702,0.9999991275495588,0.99999988765185,0.9999999960082414,0.9999999970861485,0.9999997747561682,0.9999998557746054,0.9999998325492981,0.9999998951829744,0.9999999456824408,0.9999997382120593,0.9999999522797282,0.9999999620666654,0.9999999328663043,0.9999999657005388,0.9999999800714517,0.9999999267439662,0.9999999945891936,0.9999999893230405,0.9999999992024295,0.9999999997909915,0.999999997987029,0.999999992061647,0.9999999728420227,0.9999999627965465,0.9999998789100781,0.9999999154952462,0.9999997076249577,0.9999944781310957,0.9999999851129167,0.9999999785175696,0.9999998673952458,0.9999997834083947,0.9999940049176836,0.9999930103011838,0.9999887368093939,0.9999897789002349,0.9999725301784823,0.9999600206100744,0.9999584118095838,0.9999678920618073,0.9999646287219112,0.999999134297574,0.9999998981043099,0.9999999904984489,0.9999999955239882,0.9999997916528333,0.9999998821451693,0.9999998320476887,0.9999998574159419,0.9999999538030139,0.9999996945422176,0.9999999387067979,0.9999999614959014,0.999999921185356,0.9999999565517929,0.9999999801722728,0.999999936435688,0.9999999932957554,0.9999999303220006
57.2,0.9999999960567283,0.9999999994192202,0.9999999997881754,0.9999999989808042,0.9999999942019738,0.9999999626596101,0.9999999646993426,0.9999998799358956,0.9999999343829499,0.9999996830846581,0.9999947776343819,0.9999999931025609,0.9999999793136582,0.9999998937121801,0.9999998047289063,0.9999952899164934,0.9999938864645684,0.9999894443671754,0.9999912892375613,0.9999751176661437,0.9999643685325932,0.9999627225035287,0.9999717069917757,0.9999660373947614,0.999999200653916,0.9999998971303488,0.9999999963674491,0.9999999973420195,0.9999997938160705,0.999999867997854,0.9999998469930619,0.9999999043296931,0.9999999504277602,0.9999997624301457,0.9999999574395586,0.9999999657734936,0.999999939013748,0.9999999695113985,0.9999999831415461,0.9999999330549432,0.9999999951038547,0.9999999902591665,0.9999999992738666,0.9999999998097212,0.9999999981685821,0.9999999927550719,0.9999999752595808,0.9999999660405646,0.9999998897392723,0.9999999228505847,0.9999997337684763,0.9999949884504818,0.9999999864193131,0.999999980404547,0.9999998791538699,0.9999998020134908,0.9999945610093001,0.9999936503751587,0.9999897161601921,0.9999906700350143,0.9999748734083488,0.9999633226836856,0.9999618287958119,0.9999705650254104,0.9999675616895897,0.9999992067076323,0.9999999066969574,0.9999999913202139,0.9999999959101729,0.9999998092297016,0.9999998920778861,0.9999998463982982,0.9999998697686258,0.9999999577848772,0.9999997226361315,0.999999944892728,0.9999999652394492,0.9999999283314862,0.9999999611128894,0.9999999832255311,0.9999999418755937,0.9999999939067027,0.9999999410787268
57.6,0.9999999964113714,0.9999999994709354,0.9999999998072731,0.9999999990743783,0.9999999947174074,0.999999965982752,0.9999999677957594,0.999999890654511,0.9999999401744371,0.9999997116123941,0.999995260366181,0.9999999937158341,0.9999999811128123,0.9999999031483006,0.9999998215077704,0.9999957268538882,0.9999944476667411,0.9999903612091998,0.9999920509966644,0.9999772420391592,0.999967319148286,0.9999657931353885,0.9999740649396907,0.9999688481548439,0.999999267626497,0.9999999058067887,0.99999999669273,0.9999999975750676,0.9999998112591714,0.9999998791822606,0.9999998601862823,0.9999999126739518,0.999999954756613,0.9999997843412036,0.9999999619968818,0.9999999690979706,0.9999999445825071,0.9999999728652376,0.9999999857369898,0.9999999388183991,0.9999999955661271,0.9999999911126367,0.9999999993388634,0.9999999998267566,0.9999999983334867,0.9999999933876242,0.9999999774606643,0.9999999690005812,0.9999998995960135,0.9999999295633671,0.9999997575639544,0.9999954514639258,0.9999999876096354,0.9999999821242609,0.9999998898647356,0.999999819015701,0.9999950653497693,0.9999942316095803,0.999990610031165,0.9999914830966652,0.9999770168120414,0.9999663522046813,0.9999649652281832,0.9999730154676391,0.9999702515381859,0.9999992730558742,0.9999999145625336,0.9999999920694256,0.9999999962626916,0.9999998253206748,0.9999999011717171,0.9999998595187274,0.9999998810464065,0.9999999614221281,0.9999997480762901,0.9999999504104206,0.9999999686001819,0.9999999348128678,0.9999999651585263,0.9999999858068784,0.999999946846519,0.9999999944588327,0.9999999501691792
58,0.9999999967335981,0.9999999995179858,0.9999999998246278,0.9999999991591546,0.9999999951867337,0.9999999690085963,0.9999999706193693,0.9999999004124474,0.9999999454526067,0.999999737560572,0.9999956983584856,0.9999999942733648,0.9999999827543302,0.999999911742554,0.9999998368411218,0.9999961230908804,0.9999949571585995,0.9999911981449643,0.9999927458139906,0.9999791850746826,0.9999700255872411,0.9999686110156031,0.9999762263667397,0.999971426398668,0.9999993289822042,0.9999999137493585,0.9999999969875452,0.999999997787375,0.9999998272230191,0.9999998894164143,0.9999998722376828,0.9999999202865885,0.999999958705739,0.9999998041735572,0.9999999660276396,0.9999999720823202,0.9999999496292697,0.9999999758210059,0.9999999879313149,0.99999994408237,0.9999999959818707,0.9999999918908231,0.9999999993980051,0.9999999998422529,0.999999998483307,0.9999999939646812,0.9999999794647872,0.9999999717015875,0.9999999085680111,0.9999999356899623,0.9999997792232557,0.9999958715691858,0.9999999886944119,0.9999999836917572,0.9999998996217609,0.9999998345537013,0.9999955227699537,0.9999947594330424,0.9999914259139325,0.9999922249606334,0.9999789774230161,0.9999691316521225,0.9999678441237611,0.9999752619119361,0.9999727184122081,0.9999993338502523,0.9999999217629034,0.9999999927527246,0.9999999965845248,0.9999998400516674,0.9999999094976949,0.9999998715148207,0.9999998913432934,0.9999999647447368,0.9999997711223502,0.9999999553378865,0.999999971619871,0.9999999406937079,0.9999999687516872,0.9999999879894069,0.9999999513893933,0.9999999949583019,0.9999999578519799
58.40000000000001,0.9999999970264415,0.9999999995607998,0.9999999998404018,0.9999999992359891,0.9999999956141086,0.9999999717638949,0.9999999731943402,0.9999999092961682,0.9999999502631698,0.9999997611635278,0.9999960957679698,0.99999999478041,0.9999999842521999,0.9999999195705067,0.9999998508539569,0.9999964824336328,0.9999954197217109,0.9999919621642033,0.9999933796028003,0.9999809622464689,0.9999725080404562,0.9999711969317877,0.999978207651707,0.9999737913508986,0.9999993851926475,0.9999999210204035,0.9999999972549627,0.9999999979808277,0.9999998418334193,0.9999998987813178,0.9999998832464903,0.9999999272321418,0.999999962308618,0.9999998221318486,0.9999999695975497,0.9999999747637339,0.9999999542048608,0.9999999784295732,0.9999999897866492,0.9999999488905985,0.9999999963562132,0.9999999926004306,0.9999999994518233,0.999999999856351,0.9999999986194549,0.999999994491141,0.999999981289691,0.9999999741663604,0.9999999167350256,0.9999999412817693,0.9999997989390329,0.999996252754091,0.9999999896831832,0.9999999851206953,0.9999999085103792,0.999999848754091,0.9999959376484814,0.9999952387715834,0.9999921706406175,0.9999929018935947,0.9999807708236732,0.999971681652801,0.9999704866129654,0.9999773213400347,0.9999749807878491,0.9999993895561105,0.9999999283546167,0.9999999933761059,0.9999999968783825,0.9999998535378937,0.9999999171208177,0.9999998824832775,0.9999999007450253,0.9999999677800514,0.9999997920074174,0.9999999597433026,0.9999999743353782,0.999999946031678,0.9999999719470883,0.9999999898348743,0.9999999555414979,0.9999999954105476,0.9999999643455652
58.8,0.9999999972926414,0.9999999995997655,0.9999999998547412,0.9999999993056506,0.99999999600331,0.9999999742729763,0.9999999755426835,0.9999999173843199,0.9999999546477447,0.9999997826342061,0.9999964563642363,0.9999999952417011,0.9999999856191406,0.9999999267008876,0.9999998636604006,0.9999968083310382,0.9999958396940413,0.9999926596428157,0.9999939577511547,0.999982587708579,0.999974785030892,0.999973569963492,0.999980023808416,0.9999759606476649,0.9999994366897892,0.9999999276769327,0.9999999974977081,0.9999999981571348,0.9999998552054415,0.9999999073510412,0.9999998933032685,0.9999999335694165,0.9999999655957604,0.9999998383996286,0.9999999727635525,0.9999999771750173,0.9999999583548905,0.9999999807348887,0.9999999913554855,0.9999999532829295,0.9999999966936512,0.9999999932475582,0.9999999995008008,0.9999999998691786,0.9999999987432057,0.9999999949714661,0.9999999829515063,0.9999999764156606,0.9999999241695928,0.9999999463856588,0.9999998168864798,0.9999965986348467,0.9999999905845997,0.9999999864234809,0.9999999166083146,0.9999998617324558,0.9999963139541919,0.9999956740953573,0.9999928504421779,0.9999935196076605,0.9999824112688638,0.999974021133691,0.9999729120940469,0.9999792093202362,0.999977055611062,0.9999994405997616,0.9999999343893726,0.9999999939449882,0.9999999971467303,0.9999998658847798,0.9999999241005642,0.9999998925124458,0.9999999093298031,0.9999999705530288,0.9999998109409046,0.9999999636863354,0.9999999767792775,0.9999999508786248,0.9999999747923283,0.9999999913954625,0.999999959336803,0.9999999958203823,0.9999999698344331
59.2,0.9999999975346738,0.9999999996352347,0.9999999998677785,0.9999999993688298,0.9999999963577723,0.999999976557967,0.9999999776844485,0.9999999247484419,0.999999958644226,0.9999998021661229,0.999996783565936,0.999999995661501,0.9999999868667218,0.9999999331962137,0.9999998753646606,0.9999971039083728,0.9999962210112342,0.9999932963969986,0.9999944851688269,0.9999840744078439,0.9999768735511148,0.9999757476223887,0.9999816885994582,0.9999779504677213,0.9999994838692816,0.9999999337710824,0.9999999977182076,0.999999998317846,0.9999998674443396,0.9999999151933177,0.9999999024906792,0.999999939351997,0.9999999685949726,0.9999998531416476,0.9999999755750469,0.9999999793451471,0.9999999621203266,0.9999999827749673,0.9999999926821771,0.9999999572956677,0.9999999969981378,0.9999999938377553,0.9999999995453761,0.9999999998808516,0.999999998855712,0.9999999954097223,0.9999999844649007,0.9999999784684126,0.999999930937682,0.9999999510443739,0.9999998332249209,0.9999969124907527,0.9999999914065087,0.9999999876113853,0.9999999239862842,0.9999998735943361,0.9999966552845886,0.9999960694609582,0.9999934710015533,0.9999940833097297,0.9999839117988965,0.9999761674618725,0.9999751383749305,0.9999809401250204,0.9999789584242198,0.9999994873717655,0.9999999399144427,0.9999999944642735,0.9999999973918118,0.9999998771887989,0.9999999304913643,0.999999901683047,0.9999999171689572,0.9999999730864458,0.9999998281110644,0.9999999672192784,0.9999999789803922,0.9999999552811987,0.9999999773288704,0.9999999927152639,0.9999999628062718,0.9999999961920749,0.9999999744744208
59.6,0.9999999977547777,0.9999999996675261,0.9999999998796339,0.9999999994261479,0.9999999966806178,0.9999999786389927,0.9999999796378989,0.9999999314536123,0.9999999622871197,0.999999819935148,0.9999970804735108,0.9999999960436543,0.9999999880054711,0.9999999391133584,0.9999998860618975,0.9999973719977691,0.9999965672440385,0.999993877732586,0.9999949663300002,0.9999854341867559,0.9999787891895983,0.9999777459809731,0.9999832146404503,0.9999797756527888,0.9999995270935235,0.9999999393505374,0.9999999979186251,0.9999999984643669,0.9999998786463918,0.9999999223700888,0.9999999108841742,0.9999999446287151,0.9999999713315985,0.999999866505884,0.9999999780749453,0.9999999812997533,0.9999999655379977,0.999999984582732,0.999999993804201,0.9999999609619012,0.999999997273155,0.9999999943760721,0.9999999995859479,0.999999999891475,0.9999999989580158,0.9999999958096146,0.9999999858432129,0.9999999803418685,0.9999999370992931,0.9999999552968959,0.9999998480992575,0.9999971972956708,0.9999999921560332,0.999999988694653,0.9999999307086372,0.999999884436108,0.9999969649006746,0.9999964285498038,0.9999940375020901,0.9999945977464233,0.9999852843429355,0.9999781365729525,0.9999771818034583,0.999982526838874,0.9999807034822992,0.9999995302299299,0.9999999449730557,0.9999999949384011,0.9999999976156696,0.999999887538233,0.9999999363430293,0.9999999100688374,0.9999999243275551,0.9999999754010906,0.9999998436872358,0.999999970388029,0.9999999809642607,0.9999999592814082,0.9999999795928839,0.9999999938315359,0.9999999659781356,0.9999999965294194,0.9999999783971599
60,0.9999999979549782,0.9999999996969288,0.9999999998904161,0.9999999994781643,0.999999996974686,0.9999999805343599,0.9999999814196734,0.9999999375590343,0.9999999656078483,0.9999998361011214,0.9999973498988755,0.9999999963916317,0.9999999890449714,0.9999999445040653,0.9999998958390163,0.9999976151658101,0.9999968816322437,0.9999944084900183,0.9999954053121308,0.9999866778775985,0.9999805462466166,0.9999795797907122,0.9999846134956064,0.9999814498179697,0.9999995666944587,0.9999999444589153,0.9999999981008942,0.9999999985979729,0.9999998888996702,0.9999999289380018,0.9999999185526282,0.9999999494440747,0.9999999738287384,0.9999998786253409,0.9999999803005748,0.9999999830615363,0.9999999686410391,0.9999999861867317,0.9999999947532249,0.9999999643117932,0.9999999975217774,0.9999999948671053,0.999999999622878,0.9999999999011443,0.99999999905106,0.9999999961745194,0.9999999870985744,0.9999999820517572,0.9999999427090003,0.9999999591787773,0.9999998616412789,0.9999974557465455,0.999999992839641,0.9999999896825981,0.9999999368339327,0.9999998943457862,0.999997245758512,0.9999967547029459,0.9999945546716655,0.9999950672449989,0.9999865398136064,0.999979943088929,0.9999790573869818,0.9999839814571514,0.9999823038594552,0.9999995695020613,0.9999999496047477,0.9999999953713945,0.9999999978201637,0.9999998970138715,0.9999999417011457,0.9999999177372121,0.9999999308649553,0.9999999775159378,0.9999998578218403,0.999999973232928,0.9999999827535405,0.9999999629171117,0.9999999816159648,0.999999994775762,0.999999968878141,0.9999999968357945,0.9999999817138393
60.40000000000001,0.9999999981371086,0.999999999723705,0.9999999999002235,0.9999999995253827,0.9999999972425592,0.9999999822607221,0.9999999830449314,0.9999999431185687,0.9999999686350277,0.9999998508093221,0.9999975943923262,0.9999999967085692,0.9999999899939481,0.9999999494154157,0.9999999047753888,0.9999978357385175,0.9999971671154511,0.9999948930853333,0.9999958058313247,0.9999878153885625,0.9999821578405844,0.999981262590508,0.9999858957653512,0.9999829854530518,0.9999996029761388,0.9999999491361171,0.9999999982667458,0.9999999987198219,0.9999998982847417,0.9999999349488645,0.9999999255589145,0.9999999538386386,0.9999999761074497,0.9999998896196397,0.9999999822844488,0.9999999846506281,0.999999971459286,0.9999999876117546,0.999999995556008,0.9999999673728467,0.9999999977467247,0.9999999953150398,0.9999999996564957,0.9999999999099459,0.9999999991356975,0.9999999965075138,0.9999999882420192,0.9999999836124199,0.9999999478164442,0.9999999627224447,0.9999998739708558,0.9999976902892567,0.9999999934632082,0.9999999905836912,0.9999999424154657,0.9999999034037553,0.999997500537815,0.9999970509526424,0.9999950268228959,0.9999954957506076,0.9999876881935548,0.9999816004263625,0.9999807789021689,0.9999853149767115,0.99998377154678,0.9999996054884821,0.999999953845682,0.9999999957669035,0.9999999980069879,0.9999999056896484,0.9999999466074342,0.999999924749756,0.9999999368353111,0.9999999794483077,0.999999870652154,0.9999999757894833,0.9999999843683586,0.999999966222452,0.9999999834257529,0.9999999955745466,0.9999999715297754,0.9999999971142151,0.999999984518383
60.8,0.9999999983028286,0.9999999997480926,0.9999999999091453,0.9999999995682569,0.9999999974865859,0.9999999838332297,0.9999999845274856,0.9999999481812187,0.9999999713947195,0.9999998641918011,0.9999978162669342,0.9999999969973024,0.9999999908603476,0.999999953890253,0.9999999129435112,0.9999980358239802,0.9999974263609757,0.9999953355475294,0.9999961712745401,0.9999888557825272,0.9999836360056312,0.9999828068062665,0.9999870711666332,0.9999843940154544,0.9999996362170702,0.999999953418647,0.9999999984177315,0.9999999988309655,0.9999999068753108,0.9999999404500604,0.9999999319604308,0.9999999578493803,0.9999999781869282,0.9999998995964349,0.9999999840549262,0.9999999860849065,0.999999974019622,0.9999999888793517,0.9999999962351633,0.9999999701701447,0.9999999979504083,0.9999999957236858,0.9999999996871,0.9999999999179585,0.999999999212701,0.9999999968114025,0.9999999892835841,0.9999999850369335,0.999999952466781,0.9999999659574759,0.9999998851970234,0.9999979031420513,0.999999994032075,0.9999999914056383,0.9999999475017447,0.9999999116834362,0.9999977316678549,0.9999973200509901,0.999995457889778,0.9999958868602226,0.9999887386146428,0.9999831208956522,0.9999823589958287,0.9999865374790157,0.9999851175419745,0.9999996384643383,0.9999999577289399,0.9999999961282411,0.9999999981776856,0.9999999136332262,0.9999999511000791,0.9999999311627469,0.9999999422880298,0.9999999812140111,0.999999882301885,0.9999999780889937,0.9999999858266158,0.999999969228243,0.999999985046462,0.9999999962503727,0.9999999739544694,0.9999999973673752,0.9999999868901333
61.2,0.9999999984536415,0.9999999997703076,0.9999999999172626,0.9999999996071965,0.9999999977089024,0.9999999852656672,0.9999999858799227,0.9999999527915702,0.9999999739106603,0.9999998763685917,0.9999980176206603,0.9999999972603973,0.9999999916514095,0.9999999579675667,0.9999999204096034,0.9999982173328473,0.9999976617891471,0.9999957395526263,0.9999965047289041,0.999989807349132,0.9999849917811298,0.9999842238423009,0.9999881486065477,0.9999856860155033,0.9999996666723631,0.9999999573399039,0.9999999985552447,0.9999999989323588,0.9999999147388063,0.9999999454849283,0.9999999378095782,0.9999999615100041,0.9999999800846737,0.9999999086526706,0.9999999856367775,0.999999987380267,0.9999999763462885,0.999999990008285,0.9999999968098001,0.9999999727265672,0.9999999981349698,0.9999999960965132,0.9999999997149628,0.9999999999252535,0.9999999992827702,0.9999999970887422,0.9999999902323999,0.999999986337223,0.9999999567010891,0.9999999689108504,0.9999998954189659,0.9999980963167848,0.9999999945510966,0.9999999921554515,0.9999999521369246,0.9999999192518937,0.9999979413509303,0.9999975644958967,0.9999958514610806,0.9999962438535365,0.9999896994304078,0.9999845157921461,0.9999838092774851,0.9999876582063117,0.9999863519316012,0.9999996686817119,0.9999999612847863,0.9999999964584168,0.999999998333663,0.9999999209065294,0.9999999552140292,0.999999937027615,0.9999999472681919,0.9999999828274825,0.9999998928825774,0.9999999801590861,0.9999999871442525,0.9999999719623122,0.9999999864993349,0.9999999968222406,0.9999999761717816,0.9999999975976871,0.9999999888961169
61.6,0.9999999985909098,0.999999999790546,0.9999999999246488,0.999999999642571,0.9999999979114522,0.9999999865705765,0.9999999871137129,0.9999999569901911,0.9999999762044703,0.9999998874488086,0.9999982003564041,0.9999999975001781,0.9999999923737302,0.9999999616828428,0.9999999272341563,0.999998381996888,0.9999978755962529,0.9999961084547145,0.9999968090084033,0.9999906776707094,0.9999862352938422,0.9999855241652381,0.9999891362498267,0.9999868710946686,0.9999996945756991,0.9999999609304477,0.9999999986805387,0.99999999902487,0.9999999219369172,0.9999999500931093,0.9999999431541983,0.9999999648512362,0.9999999818166411,0.9999999168756982,0.9999999870516689,0.99999998855086,0.9999999784611586,0.9999999910149103,0.9999999972960678,0.999999975062988,0.9999999983023148,0.9999999964366827,0.9999999997403312,0.9999999999318956,0.9999999993465392,0.9999999973418635,0.9999999910967735,0.9999999875241632,0.9999999605567391,0.9999999716071798,0.9999999047269105,0.9999982716381742,0.9999999950246888,0.9999999928395129,0.999999956361201,0.9999999261703905,0.9999981315836336,0.9999977865546362,0.9999962108107783,0.999996569721103,0.9999905782823558,0.9999857954797561,0.9999851404043748,0.9999886856314807,0.999987483966531,0.9999996963715567,0.9999999645409117,0.9999999967601658,0.9999999984762021,0.9999999275662328,0.9999999589812725,0.9999999423913623,0.9999999518169316,0.9999999843018996,0.9999999024948621,0.9999999820241812,0.9999999883354801,0.9999999744498062,0.9999999878030345,0.9999999973062081,0.9999999781995655,0.9999999978073136,0.9999999905929586
62,0.9999999987158684,0.9999999998089858,0.9999999999313705,0.999999999674714,0.9999999980960035,0.9999999877593703,0.9999999882393097,0.9999999608139957,0.9999999782958431,0.999999897531646,0.9999983662001803,0.9999999977187505,0.9999999930333217,0.9999999650683805,0.99999993347243,0.9999985313857995,0.9999980697753442,0.999996445314262,0.9999970866781841,0.9999914736825993,0.9999873758332906,0.9999867173810416,0.9999900415807048,0.9999879580973439,0.9999997201411344,0.9999999642182427,0.9999999987947418,0.9999999991092882,0.9999999285260832,0.9999999543108631,0.9999999480379717,0.9999999679010897,0.9999999833973773,0.9999999243442704,0.9999999883185785,0.9999999896092979,0.9999999803839816,0.999999991913506,0.9999999977076146,0.9999999771984542,0.9999999984541421,0.999999996747073,0.9999999997634298,0.9999999999379439,0.9999999994045827,0.9999999975728912,0.9999999918842628,0.9999999886076726,0.9999999640677303,0.9999999740689158,0.9999999132029403,0.9999984307612516,0.9999999954568694,0.9999999934636326,0.9999999602111672,0.9999999324948918,0.9999983041761181,0.9999979882852151,0.9999965389257874,0.9999968671899666,0.9999913821606137,0.9999869694676934,0.999986362159488,0.9999896275220714,0.9999885221311466,0.999999721745471,0.999999967522653,0.9999999970359762,0.9999999986064715,0.9999999336642071,0.9999999624310882,0.9999999472969453,0.9999999559717847,0.9999999856492944,0.9999999112295723,0.9999999837058947,0.9999999894129822,0.9999999767134625,0.9999999889739809,0.9999999977158468,0.9999999800541212,0.9999999979981972,0.999999992028498
62.40000000000001,0.9999999988296372,0.9999999998257888,0.9999999999374879,0.9999999997039268,0.999999998264165,0.9999999888424338,0.9999999892662408,0.999999964296575,0.9999999802027181,0.9999999067072836,0.9999985167175984,0.9999999979180237,0.9999999936356644,0.9999999681535813,0.9999999391749085,0.9999986669224321,0.9999982461351039,0.9999967529239215,0.9999973400766794,0.9999922017283263,0.9999884219209103,0.9999878123057153,0.9999908714596319,0.9999889551367013,0.999999743564749,0.9999999672288791,0.9999999988988713,0.999999999186331,0.9999999345579429,0.9999999581713581,0.9999999525007818,0.9999999706851062,0.9999999848401462,0.9999999311294273,0.9999999894541531,0.9999999905668349,0.9999999821325996,0.9999999927165536,0.9999999980559758,0.9999999791503488,0.9999999985919685,0.999999997030307,0.9999999997844631,0.9999999999434518,0.9999999994574221,0.9999999977837626,0.999999992601745,0.9999999895967975,0.999999967264996,0.9999999763165414,0.9999999209217336,0.9999985751871854,0.9999999958512941,0.9999999940331009,0.9999999637201403,0.999999938276527,0.9999984607695572,0.9999981715557534,0.9999968385312484,0.9999971387470085,0.9999921174594196,0.9999880464808897,0.9999874835232208,0.9999904909990081,0.9999894742068196,0.9999997449973214,0.9999999702531956,0.9999999972881116,0.9999999987255367,0.999999939247928,0.9999999655902769,0.9999999517836249,0.9999999597670051,0.9999999868806526,0.9999999191687386,0.999999985223386,0.9999999903880916,0.9999999787738518,0.9999999900266414,0.9999999980626274,0.9999999817503324,0.9999999981720842,0.9999999932431535
62.8,0.9999999989332321,0.9999999998411019,0.9999999999430561,0.999999999730482,0.9999999984174008,0.9999999898292183,0.9999999902031904,0.9999999674684973,0.9999999819414377,0.99999991505771,0.9999986533288034,0.9999999980997304,0.9999999941857551,0.99999997096521,0.9999999443877149,0.9999987898965773,0.9999984063169571,0.9999970338320595,0.9999975713357557,0.9999928676100734,0.9999893813734989,0.9999888170302056,0.9999916321752593,0.9999898696551088,0.9999997650261594,0.9999999699857763,0.9999999989938455,0.9999999992566512,0.9999999400797438,0.9999999617049358,0.9999999565790462,0.999999973226575,0.9999999861570428,0.9999999372952859,0.999999990473016,0.9999999914335241,0.9999999837231406,0.9999999934349798,0.9999999983509011,0.9999999809345373,0.9999999987171505,0.9999999972887745,0.9999999998036166,0.999999999948468,0.9999999995055302,0.9999999979762443,0.9999999932554783,0.9999999904997894,0.9999999701766814,0.9999999783687437,0.9999999279512343,0.999998706277623,0.9999999962112912,0.9999999945527362,0.9999999669184557,0.9999999435620086,0.9999986028519636,0.9999983380620648,0.9999971121135696,0.9999973866602119,0.9999927900278904,0.9999890345246224,0.999988512739161,0.9999912825904116,0.9999903473301334,0.99999976630473,0.9999999727537576,0.9999999975186331,0.9999999988343696,0.9999999443608492,0.9999999684833707,0.9999999558872855,0.9999999632338532,0.9999999880060056,0.9999999263864788,0.9999999865936595,0.9999999912709451,0.9999999806495944,0.9999999909737808,0.9999999983562456,0.9999999833017927,0.9999999983305474,0.9999999942710754
63.2,0.9999999990275749,0.9999999998550586,0.9999999999481248,0.9999999997546258,0.9999999985570432,0.9999999907283258,0.9999999910580748,0.999999970357581,0.9999999835268902,0.9999999226574704,0.9999987773220221,0.9999999982654427,0.9999999946881504,0.9999999735276337,0.9999999491529898,0.9999989014774575,0.9999985518105901,0.9999972903642095,0.9999977823990605,0.9999934766348556,0.9999902613614287,0.9999897389799767,0.9999923294920946,0.9999907084795598,0.999999784689902,0.999999972510368,0.9999999990804943,0.9999999993208426,0.9999999451347168,0.9999999649393525,0.9999999603060193,0.9999999755467334,0.9999999873590963,0.9999999428997448,0.9999999913880309,0.9999999922183566,0.9999999851701916,0.9999999940783634,0.9999999986006316,0.9999999825655035,0.999999998830903,0.9999999975246535,0.9999999998210596,0.9999999999530367,0.9999999995493359,0.9999999981519471,0.9999999938511578,0.9999999913241749,0.9999999728283963,0.9999999802425726,0.9999999343532626,0.9999988252676933,0.9999999965398914,0.9999999950269275,0.9999999698337363,0.9999999483940166,0.9999987317725242,0.9999984893436039,0.999997361941433,0.9999976129980344,0.9999934052164672,0.999989940943821,0.9999894573744882,0.9999920082809436,0.9999911480462874,0.9999997858304377,0.9999999750437573,0.9999999977294177,0.9999999989338568,0.9999999490427443,0.9999999711328259,0.9999999596407267,0.9999999664008595,0.9999999890345137,0.9999999329497921,0.9999999878318271,0.9999999920706182,0.9999999823575535,0.9999999918266772,0.9999999986048973,0.9999999847209183,0.9999999984750048,0.9999999951411198
63.6,0.9999999991135023,0.9999999998677803,0.9999999999527394,0.9999999997765812,0.9999999986843049,0.999999991547585,0.9999999918381103,0.9999999729891438,0.9999999849726401,0.9999999295743451,0.9999988898658456,0.9999999984165888,0.9999999951470059,0.9999999758630375,0.9999999535092366,0.9999990027250395,0.9999986839680235,0.999997524642633,0.9999979750387297,0.9999940336567572,0.9999910684620562,0.9999905849696969,0.9999929686941855,0.9999914778725256,0.9999998027067009,0.9999999748222713,0.9999999991595684,0.9999999993794457,0.9999999497624186,0.9999999679000009,0.9999999637120686,0.9999999776649485,0.9999999884563652,0.9999999479951128,0.9999999922105295,0.9999999929293804,0.9999999864869524,0.9999999946551131,0.9999999988121333,0.9999999840564701,0.9999999989343156,0.9999999977399288,0.9999999998369455,0.9999999999571981,0.9999999995892287,0.9999999983123398,0.9999999943939669,0.9999999920768204,0.999999975243444,0.999999981953585,0.9999999401840693,0.9999989332777943,0.9999999968398544,0.999999995459673,0.9999999724911363,0.999999952811548,0.9999988487545894,0.9999986267979332,0.9999975900849436,0.9999978196470555,0.9999939679194068,0.9999907724774907,0.9999903243754269,0.9999926735570431,0.9999918823580808,0.9999998037235517,0.9999999771409672,0.9999999979221758,0.9999999990248071,0.9999999533300192,0.9999999735591995,0.9999999630739294,0.9999999692940637,0.9999999899745421,0.99999993891927,0.9999999889513355,0.9999999927952447,0.9999999839130085,0.9999999925953093,0.9999999988155104,0.9999999860190517,0.9999999986067357,0.9999999958776701
64,0.9999999991917741,0.9999999998793774,0.9999999999569408,0.9999999997965499,0.9999999988002893,0.9999999922941223,0.9999999925498755,0.9999999753862275,0.9999999862910458,0.9999999358699666,0.9999989920203651,0.9999999985544661,0.9999999955661122,0.9999999779916213,0.9999999574916369,0.9999990946002821,0.9999988040163778,0.999997738604157,0.9999981508706046,0.9999945431155693,0.9999918087087236,0.9999913612534358,0.9999935546251638,0.9999921835786088,0.9999998192146289,0.9999999769394419,0.9999999992317474,0.9999999994329526,0.9999999539990452,0.9999999706101116,0.9999999668249256,0.9999999795988832,0.9999999894580224,0.9999999526286718,0.9999999929505085,0.9999999935738079,0.9999999876853733,0.9999999951726214,0.999999998991295,0.9999999854195106,0.9999999990283669,0.9999999979364093,0.9999999998514142,0.9999999999609889,0.9999999996255621,0.9999999984587622,0.9999999948886233,0.9999999927639899,0.9999999774430305,0.9999999835159752,0.9999999454948402,0.9999990313242794,0.9999999971136946,0.9999999958546162,0.9999999749135633,0.9999999568502358,0.9999989549074442,0.9999987516938466,0.999997798433086,0.999998008328055,0.9999944826136558,0.9999915353086563,0.9999911201181584,0.9999932834483996,0.9999925557708406,0.9999998201206891,0.9999999790616548,0.9999999980984662,0.9999999991079583,0.9999999572559981,0.9999999757813097,0.999999966214299,0.9999999719372337,0.9999999908337303,0.9999999443497334,0.9999999899641651,0.9999999934521209,0.9999999853298096,0.9999999932885177,0.9999999989939421,0.9999999872065559,0.9999999987268966,0.9999999965013315
64.40000000000001,0.99999999926308,0.9999999998899503,0.9999999999607663,0.9999999998147145,0.9999999989060013,0.9999999929744243,0.9999999931993683,0.9999999775698045,0.9999999874933679,0.9999999416003796,0.9999990847472697,0.9999999986802538,0.9999999959489275,0.9999999799317788,0.9999999611323382,0.9999991779744193,0.9999989130694499,0.9999979340164383,0.9999983113680907,0.9999950090721338,0.9999924876357152,0.9999920735707396,0.9999940917249517,0.9999928308673433,0.9999998343401709,0.9999999788783147,0.9999999992976473,0.9999999994818112,0.9999999578777183,0.9999999730909382,0.9999999696699167,0.9999999813646469,0.9999999903724341,0.999999956843179,0.9999999936167987,0.9999999941581081,0.9999999887762783,0.9999999956373958,0.9999999991430951,0.9999999866656503,0.999999999113937,0.9999999981157442,0.9999999998645928,0.9999999999644421,0.9999999996586572,0.9999999985924362,0.9999999953394213,0.9999999933913979,0.9999999794464536,0.9999999849426958,0.9999999503321538,0.999999120329146,0.9999999973637028,0.9999999962150774,0.9999999771218803,0.999999960542641,0.9999990512369744,0.9999988651832762,0.9999979887096397,0.9999981806106618,0.999994953394414,0.9999922351101924,0.9999918504555625,0.9999938425659733,0.9999931733336312,0.9999998351470243,0.99999998082071,0.9999999982597106,0.9999999991839842,0.9999999608511848,0.9999999778163842,0.9999999690868877,0.9999999743520647,0.9999999916190553,0.9999999492908025,0.9999999908810023,0.9999999940477978,0.9999999866205171,0.9999999939141457,0.9999999991451441,0.9999999882929,0.9999999988365329,0.9999999970295181
64.8,0.999999999328047,0.9999999998995902,0.9999999999642498,0.9999999998312407,0.9999999990023556,0.9999999935943962,0.9999999937920571,0.9999999795589637,0.9999999885898671,0.9999999468165504,0.9999991689190019,0.9999999987950241,0.999999996298607,0.9999999817002596,0.9999999644607164,0.9999992536373699,0.9999990121382148,0.999998112492797,0.9999984578747804,0.9999954352406732,0.9999931103195028,0.9999927271889244,0.9999945840634095,0.9999934245724605,0.9999998481991974,0.9999999806539343,0.9999999993578265,0.9999999995264296,0.9999999614287473,0.9999999753619262,0.9999999722701717,0.9999999829769329,0.9999999912072315,0.9999999606773172,0.9999999942172121,0.9999999946880891,0.9999999897694752,0.9999999960551734,0.9999999992717428,0.9999999878049578,0.999999999191818,0.9999999982794372,0.9999999998765968,0.9999999999675881,0.9999999996888056,0.9999999987144762,0.99999999575027,0.9999999939642585,0.9999999812712758,0.9999999862455664,0.9999999547383985,0.9999992011288198,0.9999999975919668,0.9999999965440828,0.999999979135089,0.999999963918518,0.9999991386553342,0.9999989683120933,0.999998162487689,0.9999983379267016,0.9999953840076699,0.9999928770868811,0.9999925207601303,0.999994355136853,0.9999937396770517,0.9999998489172481,0.9999999824317628,0.9999999984072058,0.9999999992534994,0.9999999641435022,0.9999999796801939,0.9999999717145971,0.9999999765583609,0.9999999923368895,0.9999999537874081,0.9999999917113911,0.9999999945881622,0.9999999877965259,0.9999999944791603,0.9999999992733034,0.9999999892867373,0.9999999989365912,0.9999999974769475
65.2,0.9999999993872443,0.9999999999083803,0.9999999999674223,0.9999999998462783,0.9999999990901847,0.9999999941594139,0.9999999943329282,0.9999999813710806,0.9999999895898929,0.9999999515648286,0.9999992453270594,0.9999999988997523,0.9999999966180297,0.9999999833123175,0.9999999675036156,0.9999993223053563,0.9999991021403499,0.9999982755057426,0.9999985916159511,0.9999958250183655,0.9999936814165855,0.9999933269418961,0.9999950353711795,0.9999939691279112,0.9999998608978562,0.9999999822800718,0.9999999994127919,0.9999999995671794,0.9999999646798684,0.9999999774408669,0.9999999746468158,0.9999999844491442,0.9999999919693746,0.9999999641660979,0.9999999947586685,0.9999999951689693,0.9999999906738554,0.9999999964310187,0.9999999993807969,0.9999999888466296,0.999999999262724,0.9999999984288588,0.9999999998875317,0.9999999999704545,0.9999999997162724,0.9999999988258989,0.9999999961247279,0.9999999944873291,0.9999999829334807,0.9999999874353729,0.9999999587521509,0.999999274482119,0.9999999978003894,0.999999996844391,0.9999999809704969,0.9999999670050577,0.9999992179897056,0.9999990620299088,0.9999983212028531,0.9999984815823586,0.9999957778799639,0.9999934660140041,0.9999931359633615,0.9999948250362104,0.9999942590479037,0.999999861536447,0.9999999839072906,0.9999999985421346,0.9999999993170651,0.9999999671585112,0.9999999813871777,0.9999999741183638,0.9999999785742014,0.9999999929930535,0.9999999578802508,0.9999999924638638,0.9999999950785085,0.9999999888681773,0.9999999949897582,0.9999999993819602,0.9999999901959759,0.9999999990279289,0.9999999978560593
65.60000000000001,0.9999999994411894,0.9999999999163961,0.9999999999703115,0.9999999998599634,0.9999999991702467,0.9999999946743716,0.9999999948265282,0.9999999830219717,0.9999999905019658,0.9999999558873676,0.9999993146895236,0.999999998995326,0.999999996909823,0.9999999847818445,0.9999999702855676,0.9999993846278067,0.9999991839088747,0.9999984243993106,0.9999987137090395,0.9999961815123953,0.9999942051982057,0.9999938772657824,0.9999954490679592,0.999994468600912,0.9999998725333896,0.9999999837693344,0.9999999994630041,0.9999999996043992,0.9999999676564643,0.9999999793440392,0.9999999768191438,0.9999999857935069,0.9999999926652126,0.9999999673412228,0.9999999952473059,0.9999999956054421,0.9999999914974816,0.9999999967694084,0.9999999994732667,0.9999999897990655,0.999999999327299,0.9999999985652588,0.9999999998974931,0.9999999999730661,0.9999999997412984,0.9999999989276314,0.9999999964660349,0.9999999949649504,0.9999999844476157,0.9999999885219586,0.9999999624085201,0.9999993410774753,0.9999999979907053,0.9999999971185168,0.9999999826438695,0.999999969827109,0.9999992899902386,0.9999991471989644,0.999998466165349,0.9999986127692592,0.9999961381456182,0.9999940062727574,0.999993700591933,0.9999952558165973,0.9999947353409884,0.999999873100908,0.9999999852587158,0.9999999986655768,0.9999999993751938,0.9999999699196112,0.9999999829505543,0.9999999763173284,0.9999999804160908,0.9999999935928637,0.9999999616062119,0.9999999931460578,0.9999999955236014,0.9999999898448604,0.9999999954514579,0.9999999994741081,0.9999999910278442,0.9999999991113236,0.9999999981773687
66,0.9999999994903531,0.9999999999237064,0.9999999999729431,0.9999999998724191,0.9999999992432321,0.9999999951437257,0.9999999952770032,0.999999984526035,0.9999999913338504,0.9999999598225063,0.9999993776578855,0.9999999990825527,0.9999999971763849,0.9999999861214931,0.9999999728289909,0.9999994411936082,0.9999992581999877,0.999998560400314,0.9999988251731828,0.9999965075647002,0.9999946855821973,0.9999943822316381,0.9999958282884178,0.9999949267222628,0.9999998831948822,0.999999985133263,0.9999999995088813,0.9999999996383977,0.9999999703817639,0.999999981086338,0.9999999788047793,0.9999999870211745,0.999999993300537,0.9999999702314073,0.9999999956885754,0.9999999960017316,0.9999999922476689,0.9999999970743055,0.9999999995516972,0.9999999906699388,0.9999999993861247,0.9999999986897771,0.9999999999065682,0.9999999999754458,0.9999999997641024,0.9999999990205197,0.9999999967771408,0.9999999954010834,0.9999999858269216,0.9999999895143068,0.9999999657394611,0.9999994015394813,0.9999999981644963,0.9999999973687533,0.9999999841695677,0.9999999724073817,0.999999355337246,0.9999992246022001,0.9999985985709915,0.9999987325745708,0.9999964676716457,0.9999945018827483,0.9999942188009051,0.9999956507348025,0.9999951721282707,0.9999998836988562,0.9999999864964955,0.9999999987785179,0.9999999994283533,0.9999999724482225,0.9999999843824258,0.9999999783289901,0.9999999820990975,0.9999999941411764,0.9999999649987245,0.9999999937648159,0.999999995927733,0.9999999907351017,0.9999999958691796,0.9999999995522793,0.9999999917889496,0.9999999991874808,0.9999999984497651
66.40000000000001,0.9999999995351628,0.9999999999303736,0.9999999999753402,0.9999999998837573,0.9999999993097693,0.9999999955715336,0.9999999956881339,0.9999999858963778,0.9999999920926231,0.9999999634051158,0.9999994348232356,0.9999999991621676,0.999999997419904,0.9999999873427876,0.9999999751543739,0.9999994925367727,0.9999993257001762,0.9999986846286045,0.9999989269379116,0.9999968057746046,0.9999951261622043,0.9999948455754641,0.9999961759059534,0.9999953469141578,0.9999998929639461,0.9999999863824234,0.9999999995508039,0.9999999996694561,0.999999972877026,0.999999982681393,0.9999999806198202,0.9999999881423226,0.9999999938806317,0.9999999728626723,0.9999999960873249,0.9999999963616427,0.9999999929310551,0.9999999973492224,0.9999999996182407,0.9999999914662597,0.9999999994397267,0.999999998803453,0.9999999999148361,0.9999999999776142,0.9999999997848835,0.9999999991053358,0.9999999970607315,0.9999999957993427,0.9999999870834505,0.9999999904206162,0.9999999687740593,0.999999456434827,0.9999999983232045,0.9999999975971913,0.9999999855606744,0.9999999747666304,0.9999994146477256,0.999999294950574,0.9999987195112232,0.9999988419902074,0.9999967690805381,0.9999949565318149,0.9999946944042049,0.9999960127764735,0.9999955726856288,0.9999998934111306,0.9999999876302034,0.9999999988818578,0.9999999994769708,0.9999999747639552,0.9999999856938726,0.9999999801693482,0.9999999836369786,0.9999999946424276,0.9999999680881058,0.9999999943262753,0.9999999962947718,0.9999999915466475,0.9999999962473156,0.999999999618615,0.999999992485332,0.999999999257041,0.9999999986807636
66.8,0.9999999995760077,0.9999999999364549,0.9999999999775238,0.9999999998940795,0.999999999370431,0.9999999959614901,0.9999999960633685,0.9999999871449328,0.9999999927847333,0.9999999666669142,0.9999994867218781,0.9999999992348405,0.9999999976423782,0.9999999884562253,0.9999999772804412,0.9999995391415708,0.999999387032665,0.9999987981064332,0.9999990198510693,0.9999970785195252,0.9999955302344858,0.9999952707257607,0.9999964945544695,0.999995732315701,0.9999999019153483,0.9999999875264884,0.999999999589118,0.9999999996978308,0.9999999751617068,0.9999999841416756,0.9999999822789712,0.9999999891662348,0.9999999944103167,0.9999999752586051,0.9999999964478706,0.9999999966886048,0.9999999935536664,0.999999997597276,0.9999999996747179,0.9999999921944327,0.9999999994885806,0.9999999989072346,0.9999999999223691,0.9999999999795903,0.9999999998038227,0.9999999991827836,0.9999999973192526,0.9999999961630268,0.9999999882281728,0.9999999912483697,0.9999999715387892,0.9999995062776835,0.9999999984681455,0.9999999978057373,0.9999999868291082,0.9999999769238243,0.9999994684812702,0.9999993588897046,0.9999988299822621,0.9999989419212179,0.9999970447711114,0.9999953736033889,0.9999951309026122,0.9999963446786901,0.9999959400173871,0.9999999023118031,0.9999999886686047,0.9999999989764183,0.9999999995214368,0.9999999768847618,0.9999999868950397,0.9999999818530311,0.9999999850422955,0.9999999951006702,0.9999999709018561,0.9999999948359459,0.9999999966282066,0.9999999922865372,0.9999999965897909,0.9999999996749268,0.9999999931225134,0.9999999993205859,0.9999999988767188
67.2,0.9999999996132415,0.9999999999420022,0.9999999999795129,0.9999999999034778,0.9999999994257384,0.9999999963169597,0.9999999964058517,0.9999999882825635,0.9999999934160592,0.9999999696367532,0.999999533840421,0.9999999993011812,0.9999999978456315,0.9999999894713683,0.9999999792243062,0.9999995814471828,0.9999994427632668,0.9999989017669878,0.9999991046860285,0.9999973279739088,0.9999959008225067,0.9999956608288157,0.9999967866483375,0.9999960858063113,0.9999999101175857,0.9999999885743143,0.9999999996241385,0.9999999997237556,0.999999977253613,0.9999999854785984,0.9999999837956651,0.9999999901013816,0.9999999948939899,0.9999999774405944,0.9999999967740605,0.9999999969857115,0.9999999941209747,0.9999999978212363,0.9999999997226686,0.9999999928603096,0.9999999995331169,0.9999999990019864,0.9999999999292327,0.9999999999813912,0.9999999998210845,0.9999999992535056,0.9999999975549313,0.9999999964951459,0.9999999892710749,0.9999999920043973,0.9999999740577501,0.9999995515345839,0.9999999986005189,0.9999999979961306,0.9999999879857279,0.9999999788963005,0.9999995173454256,0.9999994170058973,0.9999989308934434,0.9999990331934324,0.9999972969375763,0.9999957562016032,0.9999955315094518,0.9999966489506569,0.999996276878819,0.9999999104687454,0.9999999896197248,0.9999999990629502,0.9999999995621075,0.999999978827078,0.9999999879952154,0.9999999833934138,0.9999999863265174,0.9999999955196063,0.9999999734649286,0.9999999952987793,0.9999999969311865,0.9999999929611693,0.9999999969001171,0.9999999997227472,0.9999999937055424,0.9999999993786448,0.9999999990430037
67.60000000000001,0.9999999996471861,0.9999999999470626,0.9999999999813253,0.9999999999120357,0.9999999994761662,0.9999999966410063,0.9999999967184515,0.9999999893191611,0.9999999939919585,0.9999999723408785,0.9999995766203925,0.9999999993617453,0.999999998031329,0.9999999903969272,0.9999999810016097,0.9999996198519142,0.9999994934056904,0.9999989964621805,0.9999991821482656,0.9999975561265556,0.9999962406994962,0.9999960187719171,0.9999970544006942,0.9999964100271947,0.9999999176334116,0.999999989534009,0.9999999996561524,0.9999999997474437,0.9999999791690422,0.999999986702605,0.9999999851821728,0.9999999909554921,0.9999999953356636,0.9999999794280419,0.9999999970693287,0.9999999972557546,0.9999999946379506,0.9999999980235675,0.9999999997633958,0.9999999934692372,0.9999999995737254,0.9999999990884972,0.9999999999354868,0.9999999999830325,0.9999999998368186,0.999999999318088,0.9999999977697958,0.9999999967984474,0.9999999902212475,0.999999992694933,0.99999997635288,0.9999995926288499,0.9999999987214194,0.9999999981699571,0.9999999890404271,0.9999999806999056,0.9999995617005462,0.9999994698316144,0.9999990230748272,0.9999991165604322,0.9999975275869831,0.9999961071743315,0.9999958991741787,0.9999969278926748,0.9999965857967842,0.9999999179441483,0.9999999904909116,0.9999999991421392,0.9999999995993086,0.9999999806059509,0.9999999890029045,0.9999999848027263,0.9999999875001174,0.9999999959026183,0.999999975799972,0.9999999957192285,0.999999997206555,0.9999999935763614,0.9999999971814391,0.9999999997633728,0.9999999942390352,0.9999999994316986,0.9999999991841628
68,0.9999999996781344,0.9999999999516791,0.9999999999829765,0.9999999999198292,0.9999999995221472,0.9999999969364203,0.9999999970037839,0.9999999902637312,0.999999994517315,0.9999999748031659,0.9999996154624282,0.9999999994170392,0.9999999982009909,0.9999999912408377,0.9999999826266474,0.9999996547170146,0.9999995394263556,0.9999990829697524,0.9999992528813521,0.9999977647964642,0.9999965524091442,0.9999963472046561,0.9999972998402153,0.9999967074010426,0.9999999245203173,0.9999999904129965,0.9999999996854207,0.9999999997690895,0.9999999809229108,0.9999999878232527,0.9999999864497046,0.9999999917356189,0.9999999957389989,0.9999999812385518,0.9999999973367439,0.9999999975012559,0.9999999951091102,0.999999998206465,0.9999999997980018,0.9999999940261016,0.9999999996107597,0.9999999991674864,0.9999999999411858,0.9999999999845284,0.9999999998511614,0.9999999993770657,0.9999999979656932,0.9999999970754386,0.9999999910869668,0.9999999933256674,0.99999997844415,0.9999996299446058,0.9999999988318455,0.9999999983286636,0.9999999900022203,0.9999999823491234,0.9999996019641967,0.9999995178504371,0.9999991072841378,0.9999991927099019,0.9999977385551804,0.9999964291343276,0.999996236604031,0.999997183613533,0.9999968690886578,0.9999999247949982,0.9999999912888933,0.999999999214612,0.9999999996333376,0.9999999822351565,0.9999999899258942,0.9999999860921516,0.999999988572659,0.9999999962527966,0.999999977927549,0.9999999961013023,0.9999999974568814,0.9999999941374046,0.9999999974365763,0.9999999997979008,0.9999999947272127,0.9999999994801851,0.9999999993040396
68.40000000000001,0.9999999997063527,0.9999999999558911,0.999999999984481,0.9999999999269273,0.9999999995640753,0.9999999972057431,0.9999999972642352,0.9999999911244736,0.9999999949965804,0.9999999770453366,0.9999996507300672,0.9999999994675244,0.9999999983560054,0.9999999920103295,0.9999999841124855,0.9999996863701393,0.9999995812487622,0.999999161999754,0.9999993174724146,0.9999979556473253,0.9999968382845853,0.9999966485584808,0.9999975248264904,0.9999969801501004,0.9999999308309744,0.9999999912180739,0.9999999997121818,0.9999999997888703,0.9999999825288718,0.9999999888492879,0.999999987608502,0.9999999924481981,0.9999999961073361,0.9999999828881029,0.999999997579051,0.9999999977244939,0.9999999955385577,0.9999999983718862,0.9999999998274195,0.9999999945353679,0.9999999996445403,0.9999999992396104,0.9999999999463791,0.9999999999858918,0.9999999998642366,0.9999999994309268,0.999999998144306,0.9999999973284082,0.9999999918757673,0.9999999939017946,0.9999999803497421,0.9999996638304188,0.9999999989327083,0.9999999984735699,0.9999999908793215,0.9999999838571928,0.9999996385151421,0.9999995615015705,0.999999184213092,0.9999992622694218,0.9999979315214129,0.9999967244786235,0.9999965462839062,0.9999974180464527,0.9999971288796908,0.9999999310735126,0.9999999920198305,0.9999999992809413,0.9999999996644663,0.9999999837273078,0.9999999907713147,0.9999999872719153,0.9999999895528756,0.9999999965729646,0.9999999798663334,0.9999999964486124,0.9999999976844886,0.9999999946491117,0.9999999976680587,0.9999999998272596,0.9999999951739349,0.999999999524503,0.9999999994058855
68.8,0.9999999997320836,0.999999999959734,0.9999999999858519,0.9999999999333927,0.9999999996023092,0.9999999974512895,0.9999999975019818,0.9999999919088548,0.9999999954338128,0.9999999790871522,0.9999996827531966,0.9999999995136214,0.99999999849764,0.9999999927119894,0.9999999854710669,0.9999997151084856,0.9999996192574543,0.9999992342004581,0.9999993764571105,0.9999981302007783,0.9999971004658158,0.9999969250646419,0.9999977310641159,0.9999972303127447,0.9999999366136392,0.999999991955465,0.9999999997366525,0.999999999806948,0.999999983999422,0.9999999897887146,0.9999999886679219,0.9999999930991031,0.9999999964437238,0.9999999843912023,0.9999999977987077,0.9999999979275289,0.9999999959300239,0.9999999985215789,0.9999999998524384,0.9999999950011167,0.9999999996753582,0.9999999993054679,0.9999999999511119,0.9999999999871346,0.9999999998761571,0.9999999994801166,0.9999999983071665,0.9999999975594448,0.9999999925945086,0.9999999944280565,0.9999999820862097,0.9999996946026,0.9999999990248392,0.99999999860588,0.9999999916792155,0.9999999852362154,0.9999996716969641,0.9999996011839309,0.9999992544931723,0.9999993258117469,0.9999981080216764,0.9999969954063276,0.9999968304946089,0.9999976329637043,0.9999973671189331,0.9999999368275394,0.9999999926893642,0.9999999993416505,0.999999999692943,0.9999999850939527,0.9999999915456952,0.9999999883513686,0.9999999904487428,0.9999999968657022,0.9999999816332883,0.9999999967644149,0.9999999978914774,0.9999999951158619,0.9999999978781587,0.9999999998522352,0.9999999955827316,0.9999999995650151,0.9999999994924511
69.2,0.9999999997555481,0.9999999999632405,0.9999999999871011,0.9999999999392822,0.999999999637176,0.9999999976751679,0.9999999977190093,0.9999999926236737,0.9999999958327116,0.9999999809465924,0.9999997118311738,0.9999999995557138,0.9999999986270521,0.9999999933518188,0.9999999867133081,0.999999741201636,0.999999653801616,0.9999993001637529,0.9999994303241624,0.9999982898485373,0.9999973409156702,0.9999971787706641,0.9999979201156148,0.9999974597586891,0.9999999419125229,0.9999999926308683,0.999999999759031,0.9999999998234701,0.9999999853459999,0.9999999906488587,0.9999999896365135,0.9999999936936943,0.9999999967509435,0.9999999857610249,0.9999999979979173,0.9999999981122247,0.9999999962869012,0.9999999986571052,0.9999999998737269,0.9999999954270773,0.9999999997034775,0.9999999993656054,0.9999999999554251,0.9999999999882675,0.9999999998870255,0.9999999995250418,0.9999999984556704,0.9999999977704551,0.9999999932494362,0.9999999949087818,0.999999983668624,0.9999997225481979,0.9999999991089967,0.9999999987266924,0.9999999924087231,0.9999999864972529,0.9999997018213401,0.9999996372598552,0.9999993187008923,0.9999993838596204,0.9999982694609336,0.9999972439349561,0.9999970913296012,0.9999978299900065,0.9999975855938363,0.9999999421009235,0.9999999933026603,0.9999999993972181,0.9999999997189946,0.9999999863456643,0.9999999922550139,0.9999999893390628,0.9999999912675445,0.9999999971333666,0.9999999832438264,0.9999999970516478,0.9999999980797492,0.9999999955416402,0.9999999980689193,0.999999999873493,0.9999999959568309,0.999999999602052,0.9999999995660641
69.60000000000001,0.9999999997769471,0.9999999999664403,0.9999999999882395,0.9999999999446476,0.9999999996689735,0.9999999978792988,0.9999999979171289,0.9999999932751217,0.9999999961966494,0.9999999826400163,0.9999997382356594,0.9999999995941514,0.9999999987452989,0.9999999939352862,0.9999999878491872,0.9999997648941341,0.9999996851983356,0.9999993604300643,0.9999994795194915,0.9999984358634822,0.9999975614344775,0.999997411555463,0.9999980934132782,0.9999976702029341,0.9999999467681315,0.9999999932495018,0.9999999997794975,0.9999999998385715,0.9999999865790757,0.9999999914364246,0.9999999905220875,0.9999999942368638,0.9999999970315337,0.9999999870095388,0.9999999981786565,0.9999999982802682,0.9999999966122745,0.9999999987798627,0.9999999998918507,0.9999999958166584,0.9999999997291382,0.9999999994205212,0.9999999999593562,0.9999999999893002,0.9999999998969353,0.9999999995660733,0.9999999985910896,0.9999999979631796,0.9999999938462369,0.9999999953479221,0.9999999851107076,0.9999997479277142,0.9999999991858735,0.9999999988370095,0.9999999930740601,0.9999999876504169,0.999999729171015,0.9999996700584678,0.9999993773626005,0.9999994368901627,0.9999984171242887,0.9999974719154183,0.9999973307103807,0.9999980106148117,0.9999977859436483,0.9999999469338414,0.9999999938644488,0.9999999994480815,0.9999999997428286,0.9999999874921236,0.9999999929047453,0.9999999902428179,0.9999999920159333,0.999999997378112,0.9999999847119553,0.9999999973129639,0.9999999982510249,0.999999995930074,0.9999999982421783,0.9999999998915963,0.9999999962991853,0.9999999996359152,0.9999999996286942
70,0.9999999997964635,0.9999999999693603,0.999999999989277,0.999999999949536,0.999999999697973,0.9999999980654318,0.999999998097993,0.999999993868837,0.9999999965287009,0.9999999841823095,0.9999997622131866,0.9999999996292529,0.9999999988533456,0.9999999944673743,0.999999988887825,0.9999997864078197,0.999999713735566,0.999999415492845,0.9999995244499844,0.9999985694098033,0.9999977636735063,0.9999976251432192,0.9999982522700201,0.9999978632185624,0.9999999512175761,0.9999999938161438,0.999999999798217,0.999999999852375,0.9999999877082336,0.9999999921575484,0.9999999913317812,0.9999999947330771,0.9999999972878112,0.9999999881476186,0.9999999983427005,0.9999999984331867,0.99999999690895,0.9999999988911031,0.9999999999072892,0.9999999961729755,0.9999999997525585,0.9999999994706703,0.9999999999629391,0.9999999999902417,0.9999999999059718,0.9999999996035497,0.9999999987145821,0.9999999981392069,0.9999999943900888,0.9999999957490849,0.9999999864249559,0.9999997709775659,0.9999999992561013,0.9999999989377457,0.9999999936808912,0.9999999887049508,0.9999997540024956,0.9999996998787369,0.9999994309588618,0.9999994853388725,0.9999985521872099,0.9999976810457649,0.9999975504005953,0.9999981762035671,0.9999979696716966,0.9999999513631089,0.9999999943790616,0.9999999994946407,0.9999999997646346,0.9999999885421944,0.9999999934999023,0.999999991069786,0.9999999926999852,0.9999999976019064,0.9999999860504081,0.9999999975507599,0.9999999984068637,0.9999999962844658,0.9999999983995912,0.9999999999070222,0.9999999966124953,0.9999999996668795,0.9999999996820089
70.40000000000001,0.999999999814264,0.999999999972025,0.9999999999902226,0.9999999999539901,0.999999999724422,0.9999999982351607,0.9999999982631089,0.9999999944099544,0.9999999968316695,0.9999999855870169,0.9999997839874915,0.9999999996613093,0.9999999989520737,0.9999999949526239,0.999999989837559,0.9999998059439456,0.9999997396748121,0.999999465802672,0.9999995654869271,0.9999986915522799,0.999997949147298,0.9999978211161124,0.9999983978893284,0.9999980402484787,0.9999999552948583,0.9999999943351694,0.9999999998153396,0.9999999998649928,0.9999999887422468,0.9999999928178465,0.9999999920721158,0.9999999951864098,0.9999999975218902,0.9999999891851477,0.9999999984916451,0.9999999985723639,0.999999997179481,0.9999999989919488,0.999999999920448,0.9999999964988765,0.9999999997739365,0.9999999995164678,0.9999999999662048,0.9999999999911,0.9999999999142121,0.99999999963778,0.9999999988272033,0.9999999982999874,0.9999999948857067,0.9999999961155641,0.9999999876227467,0.9999997919123189,0.9999999993202571,0.9999999990297357,0.9999999942343792,0.9999999896693044,0.9999997765484938,0.999999726992248,0.9999994799284553,0.9999995296032756,0.9999986757248798,0.9999978728838043,0.9999977520190027,0.9999983280080391,0.9999981381566549,0.999999955422462,0.9999999948504653,0.9999999995372614,0.9999999997845858,0.9999999895039928,0.9999999940450757,0.9999999918265076,0.9999999933252499,0.9999999978065488,0.9999999872707622,0.9999999977672027,0.999999998548678,0.9999999966078224,0.9999999985426494,0.9999999999201747,0.9999999968992306,0.9999999996951953,0.9999999997274197
70.8,0.9999999998305005,0.999999999974457,0.9999999999910845,0.9999999999580488,0.9999999997485456,0.9999999983899376,0.9999999984138521,0.9999999949031501,0.9999999971081113,0.9999999868664641,0.9999998037616259,0.9999999996905858,0.9999999990422886,0.9999999953951727,0.9999999907060105,0.9999998236850954,0.9999997632535694,0.9999995117709843,0.9999996029691354,0.9999988032647684,0.9999981192449802,0.9999980009260069,0.9999985313743848,0.9999982026161763,0.9999999590311307,0.9999999948105851,0.9999999998310026,0.9999999998765274,0.9999999896891463,0.9999999934224592,0.9999999927490504,0.9999999956005825,0.9999999977357005,0.9999999901311106,0.999999998626926,0.9999999986990539,0.9999999974261905,0.9999999990834066,0.9999999999316709,0.9999999967969645,0.9999999997934527,0.9999999995582924,0.9999999999691817,0.9999999999918826,0.9999999999217268,0.9999999996690462,0.9999999989299145,0.999999998446845,0.999999995337384,0.9999999964503667,0.999999988714441,0.9999998109267138,0.9999999993788675,0.9999999991137409,0.9999999947392297,0.9999999905512023,0.9999997970201407,0.9999997516457215,0.9999995246720215,0.9999995700462522,0.9999987887207494,0.9999980488586774,0.9999979370513643,0.9999984671757778,0.9999982926628758,0.999999959142815,0.9999999952822927,0.9999999995762779,0.9999999998028406,0.9999999903849506,0.9999999945444691,0.9999999925189647,0.9999999938967966,0.9999999979936829,0.9999999883835463,0.9999999979642527,0.9999999986777484,0.9999999969028821,0.9999999986726983,0.9999999999313964,0.9999999971616504,0.9999999997210912,0.999999999766122
71.2,0.9999999998453111,0.9999999999766767,0.9999999999918701,0.9999999999617474,0.9999999997705491,0.9999999985310852,0.9999999985514774,0.9999999953526832,0.9999999973603566,0.999999988031868,0.9999998217198758,0.9999999997173247,0.9999999991247257,0.9999999957987914,0.9999999915001464,0.9999998397969232,0.999999784687536,0.9999995537734948,0.9999996372058079,0.999998905437964,0.9999982752406451,0.9999981659051782,0.9999986537364258,0.9999983515356161,0.9999999624549358,0.9999999952460598,0.9999999998453314,0.9999999998870724,0.9999999905562837,0.9999999939760915,0.9999999933680304,0.9999999959789914,0.9999999979310034,0.9999999909936769,0.9999999987498359,0.9999999988143935,0.999999997651193,0.999999999166381,0.9999999999412492,0.9999999970696193,0.9999999998112712,0.99999999959649,0.9999999999718951,0.999999999992596,0.9999999999285804,0.9999999996976059,0.9999999990235919,0.9999999985809881,0.9999999957490309,0.9999999967562385,0.9999999897094741,0.999999828197503,0.9999999994324132,0.9999999991904565,0.9999999951997315,0.999999991357706,0.999999815608995,0.999999774063298,0.9999995655553895,0.9999996069990705,0.9999988920743624,0.999998210281478,0.9999981068613656,0.9999985947587938,0.9999984343498673,0.9999999625524968,0.9999999956778705,0.9999999996119964,0.9999999998195438,0.9999999911918724,0.9999999950019323,0.9999999931526284,0.9999999944192559,0.9999999981648109,0.9999999893983371,0.9999999981436838,0.9999999987952355,0.9999999971721393,0.9999999987909518,0.9999999999409774,0.9999999974018214,0.9999999997447758,0.999999999799128
71.60000000000001,0.9999999998588217,0.9999999999787027,0.9999999999925862,0.999999999965118,0.9999999997906197,0.9999999986598089,0.9999999986771295,0.9999999957624329,0.9999999975905306,0.9999999890934366,0.9999998380294993,0.9999999997417466,0.9999999992000567,0.9999999961669167,0.9999999922263353,0.9999998544297292,0.9999998041726211,0.9999995921533019,0.9999996684791279,0.9999989988865016,0.99999841830287,0.9999983172761558,0.9999987659024068,0.9999984881202868,0.9999999655924252,0.9999999956449531,0.9999999998584403,0.9999999998967131,0.9999999913503894,0.9999999944830501,0.9999999939340319,0.9999999963247367,0.9999999981094065,0.999999991780276,0.9999999988615395,0.9999999989194138,0.9999999978564129,0.999999999241685,0.9999999999494298,0.9999999973190161,0.9999999998275413,0.9999999996313759,0.9999999999743687,0.9999999999932466,0.9999999999348311,0.999999999723694,0.9999999991090336,0.9999999987035203,0.9999999961242076,0.9999999970356863,0.999999990616439,0.9999998438851179,0.9999999994813332,0.9999999992605166,0.9999999956197937,0.9999999920952715,0.9999998324888629,0.999999794448613,0.9999996029126133,0.9999996407641547,0.9999989866085119,0.9999983583549975,0.9999982627006392,0.9999987117215127,0.9999985642809845,0.999999965677467,0.9999999960402454,0.9999999996446964,0.9999999998348278,0.9999999919309894,0.9999999954209905,0.999999993732503,0.9999999948968575,0.9999999983213058,0.9999999903238472,0.9999999983071028,0.9999999989021925,0.9999999974178659,0.9999999988985062,0.9999999999491637,0.9999999976216342,0.9999999997664394,0.9999999998272955
72,0.9999999998711472,0.999999999980552,0.9999999999932389,0.9999999999681901,0.999999999808928,0.9999999987772069,0.9999999987918532,0.9999999961359325,0.9999999978005708,0.9999999900604601,0.9999998528423047,0.9999999997640531,0.9999999992688953,0.9999999965026807,0.9999999928903993,0.9999998677198888,0.9999998218867676,0.9999996272237308,0.9999996970466352,0.9999990843554495,0.9999985495034492,0.9999984561607577,0.9999988687220263,0.9999986133915172,0.9999999684675597,0.9999999960103418,0.9999999998704339,0.9999999999055273,0.9999999920776242,0.999999994947277,0.9999999944516027,0.999999996640649,0.9999999982723775,0.9999999924976664,0.9999999989630871,0.9999999990150504,0.9999999980436026,0.9999999993100499,0.9999999999564217,0.9999999975471439,0.9999999998423991,0.9999999996632382,0.9999999999766237,0.9999999999938398,0.9999999999405325,0.9999999997475252,0.9999999991869669,0.9999999988154491,0.9999999964661573,0.9999999972909991,0.9999999914431612,0.99999985813518,0.999999999526028,0.9999999993245002,0.9999999960029797,0.9999999927698007,0.9999998478174494,0.9999998129866801,0.9999996370487413,0.9999996716176075,0.9999990730757882,0.9999984941826655,0.9999984057179663,0.9999988189480669,0.9999986834314004,0.9999999685415146,0.9999999963722077,0.999999999674634,0.9999999998488136,0.9999999926080074,0.9999999958048723,0.9999999942631653,0.9999999953334655,0.9999999984644223,0.9999999911680048,0.9999999984559655,0.9999999989995749,0.9999999976421324,0.9999999989963523,0.9999999999561636,0.9999999978228179,0.9999999997862558,0.9999999998513511
72.40000000000001,0.999999999882392,0.9999999999822401,0.9999999999938339,0.9999999999709902,0.9999999998256291,0.9999999988842799,0.9999999988966016,0.9999999964764001,0.9999999979922444,0.9999999909413944,0.9999998662960814,0.9999999997844281,0.9999999993318018,0.9999999968089379,0.9999999934976609,0.9999998797911485,0.9999998379916057,0.9999996592709255,0.999999723143388,0.9999991625262495,0.9999986698254058,0.9999985835883801,0.9999989629741657,0.9999987282861007,0.9999999711022932,0.9999999963450434,0.9999999998814075,0.9999999999135866,0.9999999927436287,0.9999999953723806,0.9999999949248987,0.9999999969293123,0.9999999984212558,0.9999999931519967,0.9999999990554268,0.9999999991021522,0.9999999982143575,0.9999999993721342,0.9999999999624027,0.9999999977558207,0.9999999998559683,0.9999999996923395,0.9999999999786795,0.9999999999943807,0.999999999945733,0.9999999997692952,0.9999999992580546,0.9999999989176941,0.9999999967778331,0.999999997524267,0.9999999921967685,0.9999998710798728,0.9999999995668636,0.9999999993829357,0.9999999963525378,0.9999999933866894,0.9999998617378545,0.9999998298456002,0.9999996682423448,0.9999996998115126,0.9999991521645665,0.9999986187767528,0.9999985369677226,0.9999989172489806,0.9999987926954164,0.9999999711664395,0.9999999966763128,0.9999999997020433,0.9999999998616119,0.9999999932281511,0.9999999961565345,0.999999994748802,0.9999999957326099,0.9999999985953074,0.9999999919380248,0.9999999985915917,0.99999999908825,0.9999999978468249,0.9999999990853857,0.9999999999621541,0.9999999980069547,0.9999999998043835,0.9999999998719108
72.8,0.9999999998926513,0.9999999999837811,0.9999999999943764,0.9999999999735426,0.9999999998408651,0.9999999989819399,0.9999999989922447,0.9999999967867674,0.9999999981671627,0.9999999917439353,0.9999998785158979,0.9999999998030394,0.9999999993892885,0.9999999970882903,0.9999999940529857,0.9999998907557998,0.9999998526339543,0.9999996885562145,0.9999997469839355,0.99999923402215,0.9999987801703383,0.9999987005036077,0.9999990493727919,0.9999988336632895,0.9999999735167413,0.9999999966516382,0.9999999998914484,0.9999999999209556,0.9999999933535666,0.999999995761664,0.9999999953577179,0.9999999971930861,0.9999999985572642,0.9999999937488625,0.9999999991394144,0.99999999918149,0.9999999983701303,0.9999999994285312,0.9999999999675232,0.9999999979467091,0.9999999998683619,0.9999999997189201,0.9999999999805538,0.9999999999948739,0.9999999999504767,0.999999999789183,0.9999999993229007,0.9999999990110952,0.999999997061925,0.9999999977373989,0.9999999928837526,0.9999998828391853,0.9999999996041741,0.9999999994363055,0.999999996671429,0.9999999939508708,0.9999998743799302,0.9999998451781144,0.9999996967478237,0.9999997255760336,0.9999992245044856,0.9999987330658978,0.9999986574176314,0.9999990073672986,0.999998892893167,0.9999999735722187,0.999999996954901,0.9999999997271385,0.9999999998733239,0.9999999937962052,0.9999999964786848,0.9999999951932422,0.9999999960975156,0.9999999987150092,0.9999999926404749,0.999999998715178,0.9999999991690049,0.9999999980336627,0.9999999991664168,0.9999999999672851,0.9999999981754919,0.9999999998209673,0.9999999998894968
73.2,0.999999999902012,0.9999999999851878,0.9999999999948709,0.9999999999758693,0.9999999998547646,0.9999999990710179,0.999999999079576,0.9999999970697049,0.9999999983267951,0.9999999924750881,0.9999998896152793,0.9999999998200402,0.9999999994418229,0.9999999973431096,0.9999999945608219,0.9999999007157442,0.9999998659471833,0.9999997153182699,0.999999768764115,0.9999992994131743,0.9999988813651619,0.9999988077731957,0.9999991285723679,0.9999989303112099,0.9999999757293346,0.9999999969324892,0.9999999999006363,0.9999999999276938,0.9999999939121652,0.9999999961181507,0.9999999957535317,0.9999999974341244,0.9999999986815191,0.9999999942933561,0.9999999992158232,0.9999999992537636,0.9999999985122444,0.999999999479776,0.9999999999719108,0.9999999981213288,0.9999999998796826,0.9999999997431985,0.9999999999822626,0.9999999999953236,0.9999999999548042,0.9999999998073517,0.9999999993820556,0.999999999096419,0.9999999973208827,0.9999999979321373,0.9999999935100267,0.999999893522041,0.9999999996382645,0.9999999994850496,0.9999999969623529,0.9999999944668552,0.9999998858615118,0.999999859123012,0.9999997227975121,0.9999997491213293,0.9999992906714587,0.9999988379020124,0.9999987679558805,0.9999990899842041,0.9999989847767692,0.9999999757771594,0.999999997210116,0.9999999997501154,0.9999999998840421,0.999999994316551,0.9999999967738031,0.999999995599989,0.9999999964311288,0.999999998824486,0.999999993281334,0.9999999988278103,0.9999999992425547,0.9999999982042125,0.9999999992401791,0.9999999999716839,0.9999999983297537,0.9999999998361396,0.999999999904552
73.60000000000001,0.9999999999105533,0.9999999999864722,0.9999999999953217,0.9999999999779904,0.9999999998674456,0.9999999991522711,0.99999999915932,0.9999999973276451,0.9999999984724819,0.9999999931412293,0.9999998996972761,0.9999999998355702,0.9999999994898323,0.9999999975755576,0.9999999950252363,0.9999999097634586,0.9999998780524506,0.9999997397750781,0.9999997886626921,0.9999993592206663,0.999998974168291,0.9999989061924782,0.9999992011728123,0.9999990189527479,0.9999999777569606,0.9999999971897605,0.9999999999090439,0.9999999999338556,0.9999999944237528,0.9999999964446086,0.9999999961155129,0.9999999976543942,0.9999999987950396,0.9999999947901133,0.9999999992853524,0.9999999993196089,0.9999999986419053,0.9999999995263512,0.9999999999756739,0.9999999982810694,0.999999999890024,0.999999999765375,0.9999999999838207,0.9999999999957337,0.9999999999587519,0.9999999998239503,0.9999999994360211,0.9999999991743658,0.9999999975569381,0.999999998110074,0.9999999940809767,0.999999903227321,0.9999999996694133,0.9999999995295701,0.9999999972277702,0.999999994938766,0.9999998962895329,0.9999998718064111,0.9999997466035985,0.9999997706393005,0.9999993511922562,0.9999989340666168,0.9999988693976548,0.9999991657241691,0.9999990690359615,0.9999999777980381,0.9999999974439209,0.9999999997711535,0.999999999893851,0.9999999947932008,0.9999999970441606,0.9999999959722464,0.9999999967361416,0.9999999989246133,0.9999999938660463,0.9999999989304741,0.9999999993095486,0.9999999983599025,0.999999999307337,0.9999999999754586,0.9999999984709517,0.9999999998500213,0.999999999917452
74,0.9999999999183471,0.9999999999876447,0.9999999999957329,0.9999999999799242,0.9999999998790152,0.9999999992263897,0.9999999992321377,0.9999999975628042,0.9999999986054453,0.9999999937481636,0.9999999088554328,0.9999999998497571,0.9999999995337071,0.9999999977876048,0.9999999954499467,0.9999999179828709,0.9999998890598247,0.999999762125738,0.9999998068428555,0.9999994139214468,0.99999905927531,0.9999989964912498,0.9999992677240453,0.9999991002509473,0.9999999796150929,0.999999997425434,0.9999999999167379,0.9999999999394904,0.9999999948922917,0.9999999967435715,0.9999999964465613,0.9999999978556917,0.9999999988987563,0.9999999952433546,0.9999999993486348,0.9999999993796035,0.9999999987602107,0.9999999995686925,0.9999999999789045,0.9999999984272017,0.9999999998994716,0.9999999997856319,0.9999999999852415,0.9999999999961078,0.9999999999623534,0.999999999839115,0.9999999994852544,0.9999999992455747,0.9999999977721238,0.9999999982726624,0.9999999946015092,0.9999999120447934,0.999999999697875,0.9999999995702337,0.9999999974699247,0.9999999953703735,0.9999999057610381,0.9999998833429192,0.9999997683598787,0.999999790305183,0.9999994065486993,0.9999990222766529,0.9999989624911328,0.9999992351596764,0.999999146303276,0.999999979650229,0.9999999976581136,0.9999999997904168,0.9999999999028281,0.9999999952298289,0.9999999972918374,0.9999999963129457,0.9999999970150135,0.999999999016192,0.9999999943995694,0.9999999990240642,0.9999999993705768,0.9999999985020348,0.9999999993684922,0.9999999999787011,0.9999999986001942,0.9999999998627226,0.9999999999285158
74.40000000000001,0.9999999999254592,0.9999999999887151,0.9999999999961077,0.9999999999816873,0.9999999998895713,0.9999999992940029,0.9999999992986323,0.9999999977772012,0.9999999987268001,0.999999994301175,0.9999999171746674,0.9999999998627174,0.9999999995738039,0.9999999979810478,0.9999999958383521,0.9999999254501531,0.9999998990693034,0.9999997825521034,0.9999998234535806,0.9999994639516157,0.9999991373241756,0.9999990793391625,0.9999993287301568,0.9999991748139617,0.9999999813179095,0.9999999976413247,0.9999999999237792,0.9999999999446435,0.9999999953214102,0.9999999970173591,0.9999999967493275,0.999999998039657,0.9999999989935185,0.9999999956569232,0.9999999994062428,0.9999999994342723,0.9999999988681615,0.9999999996071935,0.9999999999816809,0.9999999985608873,0.9999999999081033,0.9999999998041359,0.9999999999865369,0.999999999996449,0.9999999999656394,0.9999999998529701,0.9999999995301723,0.9999999993106296,0.9999999979682913,0.9999999984212299,0.9999999950760935,0.9999999200559556,0.9999999997238819,0.9999999996073753,0.999999997690862,0.9999999957651251,0.9999999143641005,0.9999998938366883,0.9999997882433561,0.9999998082790025,0.9999994571814943,0.9999991031898177,0.9999990479229913,0.9999992988155476,0.9999992171587818,0.9999999813478213,0.9999999978543412,0.9999999998080553,0.999999999911044,0.9999999956298001,0.9999999975187386,0.9999999966247682,0.9999999972699918,0.9999999990999536,0.9999999948864189,0.9999999991093935,0.9999999994261755,0.9999999986317966,0.9999999994241902,0.9999999999814894,0.9999999987184953,0.9999999998743445,0.999999999938014
74.8,0.9999999999319494,0.9999999999896926,0.9999999999964495,0.9999999999832948,0.9999999998992031,0.9999999993556838,0.9999999993593542,0.9999999979726754,0.999999998837563,0.999999994805074,0.9999999247320693,0.9999999998745573,0.9999999996104485,0.9999999981575242,0.9999999961935602,0.9999999322344416,0.999999908171739,0.9999998012202806,0.9999998386308734,0.9999995097100293,0.9999992088999883,0.999999155350679,0.9999993846532254,0.9999992431995968,0.9999999828784014,0.9999999978390952,0.9999999999302233,0.9999999999493563,0.9999999957144297,0.9999999972680947,0.9999999970262342,0.9999999982077878,0.9999999990801021,0.9999999960343193,0.9999999994586949,0.9999999994840926,0.999999998966669,0.9999999996422103,0.9999999999840694,0.9999999986831888,0.99999999991599,0.9999999998210389,0.9999999999877182,0.9999999999967601,0.9999999999686373,0.9999999998656287,0.9999999995711545,0.9999999993700633,0.9999999981471275,0.9999999985569886,0.9999999955088014,0.9999999273347984,0.9999999997476461,0.9999999996413007,0.9999999978924471,0.9999999961261724,0.9999999221786539,0.9999999033823727,0.9999998064157016,0.9999998247068997,0.9999995034937404,0.9999991774094552,0.9999991263234571,0.9999993571729118,0.9999992821344351,0.9999999829037267,0.9999999980341121,0.9999999998242065,0.9999999999185637,0.9999999959961962,0.9999999977266089,0.9999999969101671,0.99999999750313,0.9999999991765673,0.9999999953307077,0.9999999991872004,0.9999999994768319,0.9999999987502701,0.9999999994749257,0.9999999999838896,0.9999999988267831,0.9999999998849792,0.9999999999461765
75.2,0.9999999999378725,0.9999999999905851,0.9999999999967611,0.9999999999847606,0.9999999999079917,0.9999999994119553,0.9999999994148062,0.9999999981509027,0.9999999989386613,0.9999999952642401,0.9999999315976229,0.9999999998853741,0.9999999996439385,0.999999998318527,0.9999999965184122,0.9999999383984896,0.999999916449678,0.9999998182819969,0.9999998524989041,0.9999995515614809,0.9999992745393693,0.9999992250896176,0.9999994359168202,0.9999993059194768,0.9999999843084726,0.9999999980202678,0.999999999936121,0.9999999999536665,0.9999999960743915,0.9999999974977226,0.9999999972794961,0.999999998361452,0.999999999159215,0.9999999963787308,0.9999999995064608,0.999999999529498,0.9999999990565641,0.9999999996740645,0.9999999999861265,0.9999999987950776,0.9999999999231964,0.99999999983648,0.9999999999887954,0.9999999999970439,0.9999999999713728,0.9999999998771947,0.9999999996085475,0.9999999994243628,0.9999999983101689,0.9999999986810458,0.9999999959033421,0.9999999339485002,0.9999999997693615,0.999999999672289,0.9999999980763805,0.9999999964563974,0.9999999292772475,0.9999999120659981,0.9999998230245863,0.9999998397223413,0.9999995458541391,0.9999992454890468,0.9999991982709454,0.9999994106728427,0.9999993417180687,0.9999999843297777,0.9999999981988077,0.9999999998389961,0.9999999999254462,0.999999996331839,0.9999999979170464,0.9999999971713862,0.9999999977163043,0.9999999992466445,0.999999995736183,0.9999999992581561,0.9999999995229891,0.9999999988584426,0.9999999995211476,0.9999999999859581,0.9999999989259067,0.999999999894711,0.9999999999531987
75.60000000000001,0.9999999999432782,0.9999999999914,0.9999999999970454,0.9999999999860972,0.9999999999160112,0.9999999994632934,0.9999999994654467,0.99999999831341,0.9999999990309412,0.9999999956826607,0.9999999378348643,0.9999999998952563,0.9999999996745458,0.9999999984654174,0.9999999968155059,0.9999999439992588,0.9999999239781235,0.9999998338758488,0.9999998651710424,0.9999995898396096,0.999999334734475,0.9999992890733245,0.9999994829092107,0.9999993634428669,0.9999999856190301,0.9999999981862371,0.9999999999415189,0.9999999999576087,0.9999999964040803,0.9999999977080225,0.9999999975111373,0.9999999985018988,0.999999999231504,0.9999999966930621,0.9999999995499663,0.9999999995708834,0.9999999991386039,0.9999999997030472,0.9999999999879003,0.9999999988974421,0.9999999999297817,0.9999999998505859,0.9999999999897778,0.9999999999973028,0.9999999999738688,0.9999999998877626,0.9999999996426669,0.9999999994739726,0.9999999984588155,0.9999999987944127,0.9999999962630953,0.9999999399580559,0.9999999997892051,0.9999999997005952,0.9999999982442129,0.999999996758435,0.9999999357257308,0.9999999199657522,0.999999838204898,0.9999998534472235,0.9999995845999282,0.9999993079363293,0.9999992642963164,0.9999994597196941,0.9999993963570507,0.9999999856368179,0.9999999983496936,0.9999999998525393,0.9999999999317456,0.9999999966393133,0.9999999980915151,0.9999999974104787,0.9999999979112295,0.9999999993107443,0.9999999961062591,0.9999999993228708,0.99999999956505,0.999999998957214,0.999999999563263,0.9999999999877429,0.9999999990166429,0.9999999999036169,0.9999999999592465
76,0.9999999999482118,0.9999999999921442,0.9999999999973046,0.9999999999873161,0.9999999999233292,0.9999999995101326,0.9999999995116943,0.9999999984615887,0.9999999991151741,0.9999999960639663,0.9999999435014771,0.9999999999042849,0.9999999997025188,0.9999999985994364,0.9999999970872163,0.9999999490884569,0.9999999308252274,0.999999848128442,0.9999998767508008,0.9999996248495607,0.9999993899366791,0.9999993477765011,0.9999995259863088,0.9999994162001782,0.9999999868200686,0.99999999833828,0.9999999999464594,0.9999999999612145,0.9999999967060459,0.9999999979006239,0.9999999977230087,0.999999998630269,0.9999999992975596,0.9999999969799589,0.9999999995895975,0.9999999996086073,0.9999999992134786,0.9999999997294221,0.9999999999894317,0.9999999989910946,0.9999999999357997,0.9999999998634722,0.9999999999906738,0.999999999997539,0.9999999999761463,0.9999999998974187,0.9999999996738006,0.9999999995192984,0.9999999985943425,0.9999999988980127,0.99999999659114,0.9999999454188482,0.9999999998073386,0.9999999997264517,0.9999999983973583,0.9999999970346948,0.9999999415838743,0.9999999271527009,0.9999998520798513,0.99999986599288,0.9999996200395672,0.9999993652170734,0.9999993248867826,0.9999995046841564,0.9999994464616405,0.9999999868347852,0.9999999984879289,0.9999999998649411,0.9999999999375115,0.999999996920986,0.9999999982513553,0.9999999976293229,0.9999999980894725,0.999999999369378,0.9999999964440471,0.9999999993818994,0.999999999603381,0.9999999990474056,0.9999999996016419,0.9999999999892848,0.9999999990997027,0.9999999999117671,0.9999999999644613
76.40000000000001,0.9999999999527147,0.9999999999928237,0.999999999997541,0.9999999999884277,0.9999999999300073,0.9999999995528687,0.999999999553931,0.9999999985967063,0.9999999991920641,0.9999999964114624,0.9999999486498332,0.9999999999125337,0.9999999997280848,0.9999999987217156,0.9999999973357151,0.9999999537130233,0.9999999370529183,0.9999998611554322,0.9999998873326956,0.9999996568704196,0.9999994405599508,0.9999994016347173,0.9999995654743656,0.9999994645861842,0.999999987920746,0.9999999984775665,0.9999999999509815,0.9999999999645125,0.9999999969826227,0.9999999980770184,0.9999999979168018,0.9999999987476047,0.9999999993579209,0.9999999972418325,0.9999999996257047,0.9999999996429964,0.9999999992818172,0.999999999753428,0.9999999999907553,0.9999999990767782,0.9999999999412996,0.9999999998752448,0.9999999999914909,0.9999999999977544,0.9999999999782246,0.9999999999062421,0.9999999997022109,0.9999999995607111,0.999999998717912,0.9999999989926895,0.9999999968902817,0.9999999503811652,0.9999999998239095,0.999999999750071,0.9999999985371061,0.99999999728738,0.9999999469059327,0.9999999336914401,0.9999998647620014,0.9999998774610012,0.9999996524551927,0.9999994177585511,0.9999993804894957,0.9999995459060603,0.9999994924080658,0.9999999879327868,0.9999999986145752,0.9999999998762982,0.9999999999427893,0.9999999971790249,0.9999999983977952,0.9999999978296372,0.9999999982524651,0.9999999994230128,0.9999999967523824,0.9999999994357468,0.9999999996383153,0.999999999129766,0.9999999996366198,0.9999999999906185,0.9999999991757366,0.9999999999192262,0.9999999999689632
76.80000000000001,0.9999999999568249,0.9999999999934444,0.9999999999977566,0.9999999999894414,0.9999999999361018,0.9999999995918625,0.9999999995925057,0.9999999987199181,0.999999999262253,0.9999999967281591,0.9999999533274831,0.9999999999200704,0.999999999751451,0.9999999988332867,0.9999999975629876,0.9999999579155715,0.9999999427174726,0.9999998730624745,0.9999998970030322,0.9999996861574368,0.9999994869839521,0.9999994510476351,0.9999996016724436,0.9999995089629701,0.9999999889294539,0.9999999986051678,0.9999999999551208,0.9999999999675293,0.9999999972359483,0.9999999982385722,0.9999999980940631,0.9999999988548578,0.9999999994130805,0.9999999974808802,0.9999999996586058,0.9999999996743475,0.999999999344193,0.9999999997752811,0.9999999999919009,0.9999999991551722,0.9999999999463263,0.999999999886,0.9999999999922362,0.9999999999979508,0.9999999999801212,0.9999999999143047,0.999999999728137,0.9999999995985491,0.9999999988305825,0.9999999990792136,0.9999999971630767,0.999999954890671,0.9999999998390529,0.9999999997716472,0.9999999986646319,0.9999999975185051,0.999999951741156,0.9999999396406872,0.9999998763541693,0.9999998879444727,0.9999996821048643,0.999999465952715,0.9999994315148383,0.999999583696945,0.9999995345413448,0.999999988939169,0.9999999987306052,0.9999999998866985,0.9999999999476203,0.9999999974154155,0.9999999985319593,0.999999998012994,0.999999998401516,0.9999999994720759,0.9999999970338492,0.9999999994848721,0.999999999670156,0.9999999992049785,0.9999999996685018,0.9999999999917737,0.9999999992453399,0.9999999999260529,0.9999999999728544
77.2,0.9999999999605765,0.9999999999940111,0.9999999999979532,0.999999999990366,0.9999999999416637,0.999999999627443,0.9999999996277367,0.9999999988322766,0.9999999993263269,0.9999999970167972,0.9999999575776013,0.9999999999269565,0.999999999772807,0.9999999989350903,0.9999999977708496,0.9999999617347891,0.9999999478700321,0.9999998839460911,0.9999999058406212,0.9999997129440639,0.99999952955688,0.9999994963819667,0.9999996348546825,0.9999995496626387,0.9999999898538818,0.9999999987220651,0.9999999999589096,0.9999999999702889,0.9999999974679804,0.9999999983865356,0.9999999982562067,0.9999999989528975,0.9999999994634879,0.9999999976991044,0.9999999996885892,0.999999999702931,0.9999999994011292,0.9999999997951775,0.9999999999928937,0.9999999992268981,0.9999999999509206,0.999999999895826,0.999999999992916,0.9999999999981299,0.9999999999818521,0.9999999999216721,0.9999999997517972,0.9999999996331217,0.9999999989333188,0.9999999991582885,0.9999999974118543,0.9999999589888321,0.9999999998528919,0.9999999997913573,0.999999998781008,0.9999999977299122,0.9999999561342521,0.9999999450538181,0.9999998869502864,0.9999998975281417,0.9999997092246192,0.9999995101591177,0.9999994783394457,0.9999996183424141,0.9999995731778747,0.9999999898615808,0.9999999988369096,0.999999999896223,0.9999999999520426,0.9999999976319762,0.999999998654878,0.9999999981808316,0.9999999985378211,0.9999999995169578,0.9999999972908034,0.9999999995296933,0.999999999699179,0.9999999992736661,0.9999999996975653,0.9999999999927756,0.9999999993090574,0.9999999999323012,0.999999999976222
77.60000000000001,0.999999999964001,0.9999999999945287,0.9999999999981325,0.9999999999912094,0.9999999999467397,0.9999999996599102,0.9999999996599144,0.9999999989347411,0.99999999938482,0.9999999972798728,0.9999999614393897,0.9999999999332484,0.9999999997923258,0.9999999990279842,0.9999999979609607,0.9999999652058013,0.9999999525570745,0.999999893894463,0.9999999139174327,0.9999997374438149,0.9999995685980725,0.9999995379741901,0.9999996652723765,0.9999995869897921,0.9999999907010759,0.9999999988291575,0.9999999999623779,0.9999999999728132,0.9999999976805111,0.9999999985220537,0.9999999984045249,0.999999999042518,0.999999999509554,0.9999999978983307,0.9999999997159171,0.9999999997289928,0.9999999994531023,0.9999999998132951,0.9999999999937552,0.999999999292524,0.9999999999551201,0.9999999999048034,0.9999999999935359,0.9999999999982935,0.9999999999834317,0.9999999999284046,0.9999999997733902,0.9999999996647113,0.9999999990269998,0.9999999992305574,0.9999999976387369,0.9999999627133047,0.9999999998655391,0.999999999809363,0.9999999988872122,0.9999999979232859,0.9999999601258082,0.9999999499793548,0.9999998966361654,0.9999999062895151,0.9999997340303516,0.9999995507075876,0.9999995213089797,0.9999996501042953,0.9999996086078051,0.9999999907070325,0.9999999989343044,0.9999999999049456,0.9999999999560907,0.9999999978303725,0.9999999987674948,0.9999999983344665,0.9999999986624734,0.9999999995580159,0.9999999975253923,0.9999999995705909,0.9999999997256352,0.9999999993363975,0.9999999997240619,0.9999999999936456,0.9999999993673875,0.99999999993802,0.9999999999791405
78,0.9999999999671271,0.9999999999950014,0.999999999998296,0.9999999999919786,0.9999999999513726,0.9999999996895376,0.9999999996893042,0.9999999990281857,0.9999999994382199,0.9999999975196586,0.9999999649484449,0.9999999999389974,0.9999999998101659,0.9999999991127507,0.999999998134839,0.9999999683605002,0.9999999568208406,0.9999999029881529,0.9999999212991922,0.9999997598519692,0.9999996044003993,0.9999995761330391,0.9999996931558786,0.9999996212238079,0.9999999914774929,0.9999999989272679,0.9999999999655528,0.9999999999751225,0.9999999978751816,0.9999999986461747,0.9999999985401996,0.9999999991244448,0.9999999995516536,0.9999999980802232,0.9999999997408276,0.999999999752757,0.9999999995005469,0.9999999998297951,0.999999999994504,0.9999999993525699,0.9999999999589588,0.9999999999130055,0.9999999999941015,0.9999999999984426,0.9999999999848733,0.999999999934557,0.9999999997930974,0.9999999996935758,0.9999999991124262,0.9999999992966074,0.9999999978456589,0.9999999660982858,0.9999999998770973,0.9999999998258121,0.9999999989841366,0.9999999981001665,0.999999963752671,0.9999999544614095,0.9999999054902046,0.9999999142993974,0.9999997567195311,0.9999995879006855,0.999999560740674,0.9999996792226189,0.9999996410972153,0.9999999914819484,0.9999999990235369,0.9999999999129339,0.9999999999597963,0.9999999980121297,0.999999998870674,0.9999999984751029,0.9999999987764719,0.9999999995955766,0.9999999977395739,0.9999999996079114,0.9999999997497533,0.9999999993936913,0.999999999748221,0.9999999999944024,0.9999999994207865,0.9999999999432546,0.999999999981673
78.40000000000001,0.9999999999699808,0.9999999999954332,0.9999999999984452,0.9999999999926803,0.9999999999556011,0.9999999997165745,0.9999999997161483,0.9999999991134072,0.9999999994869715,0.999999997738225,0.9999999681370902,0.9999999999442503,0.9999999998264716,0.9999999991901032,0.9999999982938721,0.9999999712278438,0.9999999606997221,0.9999999113007654,0.9999999280459249,0.999999780347129,0.9999996372324547,0.999999611141791,0.9999997187163454,0.9999996526209278,0.999999992189049,0.9999999990171504,0.9999999999684591,0.999999999977235,0.9999999980534949,0.9999999987598586,0.9999999986643113,0.9999999991993406,0.9999999995901294,0.9999999982462991,0.999999999763537,0.9999999997744273,0.9999999995438595,0.9999999998448239,0.9999999999951555,0.9999999994075109,0.9999999999624679,0.9999999999204994,0.9999999999946174,0.9999999999985787,0.9999999999861892,0.9999999999401794,0.9999999998110841,0.9999999997199507,0.9999999991903279,0.999999999356975,0.9999999980343828,0.999999969174832,0.9999999998876604,0.9999999998408393,0.9999999990725943,0.9999999982619627,0.9999999670482934,0.9999999585400864,0.9999999135840301,0.9999999216224729,0.9999997774727757,0.9999996220159577,0.9999995969256708,0.9999997059174336,0.99999967089011,0.9999999921922165,0.9999999991052918,0.9999999999202497,0.9999999999631886,0.9999999981786449,0.9999999989652075,0.9999999986038428,0.9999999988807299,0.9999999996299387,0.9999999979351337,0.9999999996419701,0.999999999771741,0.999999999446021,0.9999999997702504,0.9999999999950615,0.999999999469672,0.999999999948046,0.9999999999838738
78.80000000000001,0.999999999972586,0.9999999999958276,0.9999999999985814,0.9999999999933203,0.9999999999594607,0.9999999997412483,0.9999999997406677,0.9999999991911315,0.9999999995314804,0.9999999979374572,0.9999999710346777,0.9999999999490501,0.9999999998413752,0.9999999992606921,0.9999999984393291,0.999999973834127,0.9999999642286135,0.9999999188995495,0.9999999342124517,0.9999997990926434,0.9999996673405684,0.9999996432603631,0.9999997421473374,0.9999996814161726,0.999999992841166,0.9999999990994957,0.9999999999711198,0.9999999999791677,0.9999999982168273,0.9999999988639843,0.999999998777848,0.9999999992678107,0.9999999996252943,0.9999999983979417,0.999999999784242,0.9999999997941894,0.9999999995834017,0.9999999998585143,0.9999999999957234,0.9999999994577821,0.9999999999656758,0.9999999999273465,0.999999999995088,0.9999999999987028,0.9999999999873901,0.9999999999453176,0.9999999998275012,0.9999999997440513,0.99999999926137,0.9999999994121502,0.9999999982065152,0.999999971971149,0.9999999998973144,0.9999999998545679,0.9999999991533273,0.9999999984099627,0.9999999700430479,0.9999999622518473,0.9999999209830832,0.9999999283178366,0.9999997964552891,0.9999996533080026,0.9999996301311657,0.9999997303904692,0.9999996982102509,0.9999999928432328,0.9999999991801964,0.9999999999269499,0.9999999999662941,0.9999999983311979,0.9999999990518205,0.9999999987216945,0.9999999989760817,0.9999999996613751,0.9999999981136996,0.9999999996730542,0.9999999997917878,0.9999999994938185,0.99999999979034,0.9999999999956364,0.999999999514426,0.9999999999524318,0.9999999999857889
79.2,0.9999999999749645,0.9999999999961877,0.9999999999987055,0.9999999999939042,0.9999999999629835,0.9999999997637663,0.9999999997630642,0.9999999992620203,0.9999999995721173,0.9999999981190723,0.9999999736678622,0.999999999953436,0.9999999998549974,0.9999999993251105,0.9999999985723704,0.9999999762032277,0.9999999674392323,0.9999999258459494,0.9999999398488431,0.9999998162379112,0.9999996949506507,0.9999996727272382,0.9999997636262854,0.9999997078250988,0.9999999934388121,0.9999999991749364,0.9999999999735555,0.9999999999809358,0.9999999983664388,0.9999999989593565,0.9999999988817126,0.9999999993304083,0.999999999657434,0.9999999985364125,0.9999999998031213,0.9999999998122123,0.999999999619503,0.999999999870987,0.999999999996219,0.9999999995037808,0.9999999999686084,0.9999999999336027,0.9999999999955174,0.9999999999988161,0.9999999999884863,0.9999999999500134,0.9999999998424862,0.999999999766074,0.9999999993261585,0.9999999994625808,0.99999999836352,0.9999999745128541,0.9999999999061374,0.9999999998671102,0.9999999992270121,0.9999999985453444,0.9999999727645112,0.9999999656298442,0.9999999277471558,0.9999999344394797,0.9999998138181768,0.9999996820103674,0.9999996606023762,0.9999997528266623,0.9999997232628354,0.9999999934399428,0.9999999992488252,0.9999999999330863,0.999999999969137,0.9999999984709607,0.9999999991311772,0.9999999988295809,0.9999999990632904,0.9999999996901354,0.9999999982767561,0.9999999997014256,0.9999999998100659,0.9999999995374776,0.9999999998086621,0.9999999999961385,0.9999999995553982,0.9999999999564466,0.9999999999874578
79.60000000000001,0.9999999999771358,0.9999999999965167,0.9999999999988187,0.9999999999944368,0.9999999999661993,0.9999999997843176,0.9999999997835222,0.9999999993266769,0.9999999996092197,0.9999999982846342,0.9999999760608497,0.9999999999574438,0.9999999998674485,0.9999999993838996,0.9999999986940572,0.9999999783568299,0.9999999703604092,0.9999999321961063,0.999999945000832,0.9999998319195726,0.9999997202698834,0.9999996997612318,0.9999997833158345,0.9999997320454106,0.9999999939865396,0.999999999244052,0.9999999999757854,0.9999999999825535,0.9999999985034838,0.9999999990467122,0.9999999989767313,0.9999999993876386,0.9999999996868095,0.9999999986628619,0.9999999998203375,0.9999999998286501,0.9999999996524642,0.9999999998823514,0.9999999999966522,0.999999999545871,0.9999999999712896,0.9999999999393191,0.9999999999959089,0.9999999999989194,0.999999999989487,0.9999999999543051,0.9999999998561646,0.9999999997861984,0.9999999993852459,0.9999999995086756,0.9999999985067318,0.9999999768232145,0.9999999999142012,0.9999999998785689,0.999999999294266,0.999999998669185,0.999999975237723,0.9999999687042207,0.9999999339308797,0.9999999400367316,0.9999998296996485,0.999999708337288,0.9999996885643485,0.9999997733955542,0.999999746236036,0.9999999939868789,0.9999999993117044,0.9999999999387065,0.9999999999717397,0.9999999985990067,0.9999999992038863,0.999999998928346,0.9999999991430533,0.9999999997164482,0.9999999984256576,0.9999999997273226,0.9999999998267323,0.9999999995773584,0.9999999998253734,0.9999999999965778,0.9999999995929088,0.9999999999601218,0.9999999999889143
80,0.9999999999791184,0.9999999999968172,0.999999999998922,0.9999999999949227,0.9999999999691347,0.9999999998030747,0.9999999998022097,0.9999999993856509,0.999999999643096,0.9999999984355675,0.9999999782356233,0.9999999999611061,0.9999999998788291,0.9999999994375529,0.9999999988053597,0.9999999803146261,0.9999999730183524,0.9999999380013179,0.9999999497101912,0.9999998462625985,0.9999997434882727,0.9999997245631124,0.9999998013650766,0.9999997542584375,0.9999999944885204,0.9999999993073733,0.9999999999778268,0.9999999999840335,0.9999999986290189,0.9999999991267262,0.9999999990636592,0.9999999994399633,0.9999999997136593,0.9999999987783392,0.9999999998360385,0.9999999998436427,0.9999999996825596,0.9999999998927073,0.9999999999970315,0.9999999995843853,0.999999999973741,0.9999999999445424,0.9999999999962662,0.9999999999990137,0.9999999999904003,0.9999999999582274,0.9999999998686506,0.9999999998045882,0.9999999994391353,0.9999999995508082,0.9999999986373668,0.9999999789233638,0.9999999999215713,0.9999999998890379,0.9999999993556519,0.9999999987824697,0.9999999774854195,0.9999999715023863,0.9999999395841731,0.9999999451546647,0.9999998442261191,0.9999997324852851,0.9999997142236158,0.9999997922525726,0.9999997673024136,0.999999994488195,0.9999999993693161,0.9999999999438539,0.9999999999741225,0.9999999987163194,0.9999999992705052,0.9999999990187627,0.9999999992160077,0.9999999997405219,0.999999998561639,0.9999999997509624,0.9999999998419298,0.9999999996137889,0.9999999998406167,0.9999999999969629,0.9999999996272504,0.9999999999634861,0.9999999999901874
