time,node_0,node_1,node_2,node_3,node_4,node_5,node_6,node_7,node_8,node_9,node_10,node_11,node_12,node_13,node_14,node_15,node_16,node_17,node_18,node_19,node_20,node_21,node_22,node_23,node_24,node_25,node_26,node_27,node_28,node_29,node_30,node_31,node_32,node_33,node_34,node_35,node_36,node_37,node_38,node_39,node_40,node_41,node_42,node_43,node_44,node_45,node_46,node_47,node_48,node_49,node_50,node_51,node_52,node_53,node_54,node_55,node_56,node_57,node_58,node_59,node_60,node_61,node_62,node_63,node_64,node_65,node_66,node_67,node_68,node_69,node_70,node_71,node_72,node_73,node_74,node_75,node_76,node_77,node_78,node_79,node_80,node_81,node_82
0,0.1,0.1,0.1,0.1,0.1,0.1,0.1,0.1,0.1,0.1,0.1,0,0,0,0,0.1,0.1,0.1,0.1,0.1,0.1,0.1,0.1,0.1,0.1,0.1,0.1,0.1,0.1,0.1,0.1,0.1,0.1,0,0,0,0,0,0,0,0,0.1,0.1,0.1,0.1,0.1,0.1,0.1,0.1,0.1,0.1,0.1,0,0,0,0,0.1,0.1,0.1,0.1,0.1,0.1,0.1,0.1,0.1,0.1,0.1,0.1,0.1,0.1,0.1,0.1,0.1,0.1,0,0,0,0,0,0,0,0,0
0.4,0.1210391478299778,0.1213035011658922,0.1213078509272756,0.1211614144549371,0.1212361752124928,0.1211392889265316,0.1209506337010405,0.1208392305588086,0.1210855494476734,0.1207964096743908,0.1212605396770385,0.0002503277720556613,0.0003399244824738099,0.0004442597594548905,0.0002380468768399119,0.1210573084665625,0.1210976356615565,0.1211731119027781,0.1211622529676024,0.1211448076060759,0.121319453476926,0.1213137678501115,0.1212792559391824,0.1212825105704258,0.1212536718433173,0.121278358984437,0.1212733823493867,0.1212716074212424,0.1212060776351502,0.1212198776222722,0.1212459359103056,0.1211608321115955,0.1212896022205886,0.0006924892271732201,8.970154668068439e-05,0.0002175067529581584,0.0003955531077131042,9.849541366127343e-05,4.141501718113997e-05,0.0001952345821880252,6.830215041548147e-05,0.1211008179580665,0.1213118426944592,0.1213015423958634,0.1211791515580831,0.1212463619579022,0.1211513848631829,0.120973919451327,0.1207048129554912,0.1210809461558111,0.1208637852225617,0.1212397464650206,0.0004082469806445586,0.0004067120508664344,0.0004709169172098978,0.0002472038220451288,0.1210478126692724,0.1210766526359468,0.1210957273590288,0.121170819509437,0.1211378271984043,0.121307390119646,0.1213122936259415,0.1212770813020338,0.1212735490862853,0.1212500923492299,0.1212775324754518,0.1212569383922433,0.1212659002307681,0.1212415370299961,0.1212386275460621,0.1212578961488451,0.1211797347198321,0.1212804972045804,0.0006957024884279687,0.0001141302630756886,0.0002338523901319835,0.0003771628888022329,0.0001080822008406795,4.1267849948908e-05,0.0001792844222995721,8.541246951902013e-05,1.365551131762333e-05
0.8,0.1456389102247265,0.1462590297949488,0.1462696864940893,0.1459250325271841,0.1461003369647241,0.1458730474671936,0.1454320979876018,0.1451726307895866,0.1457463788303407,0.1450747950575772,0.1461559985947195,0.0006134389652566927,0.0008322763490655572,0.001086920397341476,0.0005837130734899505,0.1456806028738126,0.1457757799474994,0.1459526928327714,0.1459283865072734,0.145886833968963,0.1462964408720432,0.1462834400232859,0.1462023205010907,0.1462101139430476,0.1461424057732013,0.1462005735948834,0.1461889870151337,0.1461848894414352,0.146031017841632,0.1460632318670536,0.146124246208478,0.1459249532622848,0.1462269774831998,0.001692574600784079,0.0002202854881334664,0.0005332318786618856,0.000968474990882538,0.0002416917937406305,0.0001017843900091586,0.0004788519539389343,0.0001679238362927278,0.1457833131939503,0.1462789129609731,0.1462549396831072,0.1459668223701778,0.1461245747973216,0.1459016759419158,0.1454861013337041,0.1448604387114631,0.1457357112027313,0.1452299763727938,0.1461066968001143,0.00099920664344116,0.0009951201310879076,0.00115185754147308,0.000606091918370523,0.1456588594232254,0.1457268973141231,0.1457719835246783,0.145948318671448,0.1458700148371141,0.1462680830638294,0.1462799488361557,0.1461972072577235,0.1461890442760306,0.1461341206116982,0.1461986248106367,0.1461503520421039,0.1461714167132116,0.1461140857342885,0.1461072873073099,0.1461523695522643,0.1459691815025826,0.1462056091713674,0.001700541305908159,0.0002801017583420493,0.0005732235197103821,0.0009235903921631348,0.0002652128879566154,0.0001014266050281136,0.0004398587923481484,0.0002098929879985904,3.374526700007676e-05
1.2,0.1740500449244064,0.1751284756035109,0.1751477686189991,0.1745464723531207,0.1748512303585065,0.1744559566444261,0.1736917394335422,0.1732435401572859,0.1742346583193393,0.1730777508399329,0.1749455328892373,0.001125007358935849,0.001524964626615706,0.001989946929761647,0.001071140165761849,0.1741210714265139,0.1742875445303182,0.1745949719426624,0.1745546718384292,0.1744813192244848,0.1751935111086336,0.1751714707063923,0.1750301443377204,0.1750439535930669,0.1749261205270893,0.1750276959096584,0.1750077039634148,0.1750006963634875,0.1747328508214165,0.1747886107956229,0.1748945197307998,0.1745485317096775,0.1750736653551243,0.003095341411534291,0.0004048816156761105,0.0009783403801460709,0.001774450934311191,0.0004438804818627939,0.0001872272340564883,0.0008789455454130694,0.0003089842476790116,0.1743007463585235,0.175163580790609,0.1751222144469072,0.1746194646656944,0.1748939624384425,0.1745061758517447,0.1737846547335938,0.1727057342421246,0.174216318957823,0.1733429039317625,0.1748589237285566,0.00183011835593255,0.001822068125800722,0.002108306247131045,0.001112070358595805,0.1740841370356112,0.174203104655587,0.1742820741036079,0.1745890595462794,0.1744513298882977,0.1751440983655202,0.1751653451938871,0.1750212282249993,0.1750072337550995,0.1749118968663445,0.175024288497987,0.1749404173416176,0.1749771175682621,0.1748771152465284,0.1748653381475151,0.1749435408173018,0.1746252456604742,0.1750364913946957,0.003110108432987309,0.000514493464833919,0.001051562562721999,0.001692481237352752,0.000487066599256514,0.0001865754501073222,0.0008076094259240288,0.0003860228943307079,6.241423134860694e-05
1.6,0.2064092933434941,0.2080548163155674,0.2080853640985171,0.2071650708000194,0.2076299422710783,0.2070268510111145,0.2058645031046144,0.2051848899063228,0.2066877060200722,0.2049382600458372,0.2077701893252808,0.001829675576543338,0.002477795577666937,0.003230472669552266,0.001743072457786688,0.2065155775177166,0.2067709641980468,0.2072397005151446,0.2071811205178555,0.2070675339054985,0.2081539979096935,0.2081212072501817,0.2079052251057208,0.2079266502194081,0.2077467584799382,0.207902331274683,0.2078720783968086,0.2078615733996784,0.2074525190584203,0.2075372213155367,0.2076985137361348,0.2071714982374009,0.2079725520695775,0.005018496794510351,0.0006600136961464909,0.001591880039567378,0.002882923957743667,0.0007230265429358727,0.0003054585387523798,0.001430717851952406,0.0005042355231707128,0.2067912330610479,0.2081091460598617,0.208046514621509,0.2072769306510804,0.2076960086258976,0.2071041242161052,0.2060048862834835,0.2043715586517955,0.2066600221203497,0.2053360916060936,0.2076367833438635,0.002972318880943887,0.002958395452861128,0.003421726109008164,0.001809457463361693,0.2064604920343855,0.206642960860929,0.2067642588466927,0.2072331828072773,0.2070207031853609,0.2080784657988247,0.2081117834868551,0.2078915783248877,0.2078705107745262,0.2077253208637728,0.2078971020835314,0.2077692746724754,0.2078253657349721,0.2076723433694564,0.2076544424800367,0.207773477342675,0.2072882338918359,0.2079158178286772,0.00504274263677882,0.0008381407273431755,0.001710763834491695,0.002750206110360949,0.0007933414928077004,0.0003044039707450923,0.001314991989223909,0.0006296388197280885,0.0001023902005527546
2,0.2426984027215502,0.2450187884557363,0.2450633453692692,0.2437618591955336,0.2444172203088639,0.2435669049177182,0.241932685974202,0.2409798199351771,0.2430866895945722,0.2406405450516896,0.2446101012383619,0.002782832230035539,0.003764744103414252,0.00490356052019251,0.002652565013895536,0.2428455819022588,0.2432075241559498,0.2438680144568686,0.2437893769484477,0.2436268546215506,0.2451585472630979,0.2451134468390891,0.2448084847514587,0.244839136574438,0.2445853838987453,0.2448054960018153,0.2447632102750775,0.244748674039158,0.2441713837903032,0.2442903239497911,0.2445173223641014,0.2437754547380624,0.2449046273689132,0.007606044543022441,0.001006322665698893,0.002422369008091999,0.004379664895261463,0.001101544830521099,0.0004661366687333826,0.002177912240286518,0.0007696293365091092,0.2432362366590072,0.2450964132011241,0.2450087676749604,0.2439202819405961,0.2445115658757447,0.2436767633389648,0.2421288924840544,0.2398423911870607,0.2430480360765259,0.2411926879412833,0.2444203308334043,0.004513856946749049,0.004491538768981041,0.005192437129413897,0.002753248321306741,0.2427695982849849,0.24302816319639,0.2432002526209656,0.2438622327651906,0.2435593967724912,0.2450518635453447,0.2451000576626048,0.2447891714438715,0.2447598316191526,0.2445555020012402,0.2447980762595226,0.2446180792548604,0.2446972863739797,0.2444809329849801,0.2444557870962972,0.2446232512139279,0.2439395978621502,0.2448246201336856,0.007643222572900458,0.001277028887238415,0.002602858102832659,0.004178786143634488,0.001208605606326857,0.0004645382241773236,0.002002363922700072,0.0009605247834115721,0.0001571187321486289
2.4,0.2827106187017469,0.2858035276064039,0.2858647641472396,0.2841252436244439,0.2849986387507408,0.2838654810861377,0.2816929934203659,0.2804293881371595,0.2832228958369826,0.2799879135035987,0.285249592687408,0.004052674561159966,0.0054765385361115,0.007125264702490239,0.003864969253246445,0.282903574527838,0.2833882670132137,0.2842680192282497,0.2841683005081431,0.283948504716912,0.2859896459231989,0.2859309792886747,0.2855240664596291,0.2855654171609819,0.2852271501202017,0.2855213895535583,0.2854655571719926,0.2854465722324524,0.2846765061231755,0.2848344300611909,0.2851363992781776,0.2841492703361084,0.2856536772564295,0.01103207575757708,0.001469434746923895,0.003529652238393248,0.006369659385224472,0.001607229292692597,0.0006812845392183126,0.003174491171666574,0.001124999599107008,0.2834266470395026,0.2859082482882637,0.2857922945160042,0.2843373344955896,0.2851259270389369,0.284013086060978,0.2819525009567136,0.2789247873504766,0.2831718314216395,0.2807130327826861,0.2849946091444117,0.006562420530201053,0.006528447960554033,0.007542787132979886,0.004011162532089639,0.2828044231261418,0.2831506530518602,0.2833812963544269,0.2842646897876216,0.2838568273630165,0.2858472341533234,0.2859130102504051,0.2854982129889709,0.2854595414830055,0.2851877422943702,0.285511432013234,0.2852719240370326,0.2853776232771153,0.2850885324475613,0.2850551420456411,0.2852778735560177,0.2843674027462141,0.2855470450934747,0.01108657333757467,0.001863360005473845,0.003791984010204563,0.006078688881547054,0.001763308212693771,0.0006789601190554311,0.002919551415058993,0.00140324268591522,0.0002309290062965311
2.8,0.3260327370192656,0.3299758726126562,0.3300561102504344,0.3278327471547404,0.3289461384346268,0.3275019448832435,0.3247388009268253,0.3231350548701158,0.3266797399051609,0.3225852212420722,0.3292587507258521,0.005722609025056782,0.007723591370282112,0.0100359820283117,0.00546025018237886,0.3262751308552181,0.3268956949278448,0.3280164835879673,0.3278956151300025,0.3276112909848928,0.3302128826687866,0.3301398398358004,0.329620691924176,0.3296739043283204,0.3292427188686574,0.3296187266,0.3295482749476127,0.329524604252401,0.3285421801485675,0.3287428078976162,0.3291269995434909,0.3278707386641374,0.329787584235694,0.01550448834232319,0.002081014951586664,0.004987082217026697,0.008980323704105436,0.002274377751178979,0.0009658067142294665,0.004486616238931841,0.00159489491954894,0.3269446697163168,0.33011083775497,0.3299640815044373,0.3281043391741685,0.3291103146989348,0.3276916000419165,0.3250675042267186,0.3212301030090862,0.3266151486131448,0.3234970880959221,0.3289313140627858,0.009248583348872153,0.009198823620128107,0.01062059034775112,0.005666028286267891,0.3261512824689717,0.3265945587671916,0.3268900197389507,0.3280176054161908,0.3274923537551849,0.3300310812380516,0.3301167911855398,0.3295875631880611,0.3295387382356803,0.3291929573184258,0.3296059352882771,0.3293012298997869,0.3294361011484808,0.3290667176109914,0.3290243088714945,0.3293076989935409,0.3281479369177084,0.3296516803853031,0.01558179622551051,0.002636839051456953,0.005356694059932222,0.008571961230549322,0.002495001019269136,0.0009625222711068501,0.004127706063246581,0.00198814044431881,0.0003292401763369987
3.2,0.3720495427363412,0.3768916271464013,0.3769925661875989,0.3742558453625344,0.3756231011007531,0.373850433482783,0.3704643094007563,0.3685024696944506,0.3728373977224639,0.3678424463410796,0.375998640923066,0.007894043444700346,0.01063929229631896,0.01380403849830651,0.007535692651996351,0.3723434358564202,0.3731083916176811,0.3744836976717701,0.3743426831961821,0.3739883531993311,0.3771822638726388,0.377094590135491,0.3764568329731652,0.3765225942990601,0.375993342899375,0.3764558894578953,0.3763703490682345,0.3763419907666524,0.3751348503804326,0.3753804507823471,0.3758512379517971,0.3743113494968655,0.3766635155946227,0.02126831947943549,0.00288005747088586,0.006884084947507276,0.01236503070363517,0.003145165665651841,0.001338131648661739,0.006194993850163708,0.002209604254555002,0.3731684570841652,0.377058963379669,0.3768800110573154,0.3745908633851311,0.3758269729349665,0.374085123055515,0.370865903018096,0.3661778302554367,0.3727586126234821,0.3689482953761522,0.37559396416551,0.0127293434313108,0.01265864993923945,0.01460275719361398,0.007818557773344221,0.372194319690236,0.3727407415576783,0.3731050298567833,0.3744914094266106,0.3738400239318851,0.3769587463971594,0.377066135046537,0.3764159022277668,0.3763564208994302,0.375932742399181,0.376440047142041,0.3760668257145587,0.3762325330638013,0.3757780283208161,0.3757261463980778,0.3760735197082137,0.3746505479703648,0.3764967129481535,0.02137520080638023,0.003646237578722303,0.007392652894098566,0.01180569321697016,0.00344982549709767,0.001333587460172114,0.005701516159852209,0.002752587986243621,0.0004588208579745281
3.6,0.4199738012729204,0.4257280479569571,0.4258505364527097,0.4225911002616118,0.4242161906931312,0.4221107741802847,0.4180937312817148,0.4157696718112688,0.4209032241221754,0.4150025000280652,0.4246533842139267,0.01068960656629374,0.01438363192173022,0.01862936636426148,0.01020903968181104,0.4203194344961252,0.4212315487846949,0.4228647090645837,0.422705630763527,0.4222781374751964,0.4260728582542131,0.4259709060466613,0.4252129613144928,0.4252913509343123,0.4246628682201968,0.4252131708529166,0.4251127859417228,0.4250800087691397,0.4236446560101986,0.4239357525884205,0.4244940168739578,0.4226674002373896,0.425460274042181,0.02860816750693709,0.003914473309201119,0.009329162840277513,0.01670685554020157,0.004271331032519101,0.001821015203064605,0.00839764673609673,0.003006427838618464,0.4213026685825978,0.4259285712963607,0.4257173285408242,0.4229910888450822,0.4244611031874241,0.42239181216189,0.4185692974418325,0.4130226306685729,0.4208101100642744,0.416301977770691,0.4241697776876742,0.01719185067303136,0.01709392199365036,0.01969893616533486,0.01059055190145998,0.4201455696961693,0.4207971249581349,0.4212314200663805,0.4228811169523868,0.4220994827791557,0.4258069363100704,0.425936934289255,0.4251639601586637,0.4250936866288947,0.4245913409036122,0.4251941589229766,0.424751980522458,0.4249489394449199,0.4244078536202649,0.4243464276601477,0.4247586076931582,0.4230689366492146,0.4252621908054864,0.02875280835898718,0.004951300683525225,0.01001577191536056,0.01595574262348848,0.00468433082173322,0.001814828704892669,0.007731837052663534,0.003742500233808354,0.0006281177492623175
4,0.4688996239594233,0.4755410111882358,0.4756848996081414,0.4719152443109571,0.4737915068572516,0.4713632347594597,0.4667334502365527,0.4640577952471029,0.4699657097441665,0.463191431540658,0.4742865963720898,0.01425678157375502,0.01914702746313924,0.02474696805336244,0.01362206195906153,0.4692954035690087,0.4703511401523578,0.4722345748296647,0.4720604847099391,0.4715592735568148,0.4759381982380068,0.4758229104100492,0.4749483653176393,0.4750387820297537,0.4743141829891384,0.4749495993310238,0.4748353648136514,0.474798717185591,0.4731411994719961,0.4734764673704383,0.474119361875044,0.4720151095017674,0.4752352866902958,0.03784887796928906,0.005243039259567776,0.012453351556799,0.02222231853342033,0.005716235284781017,0.002442547509035958,0.01121314656721715,0.004031250990725189,0.470432698390921,0.4757740760655996,0.4755318034666348,0.4723791538036329,0.474077177184309,0.4716900945664683,0.4672813364518464,0.4609033318419697,0.4698586884505708,0.4646763475239458,0.4737257848684238,0.02285708189757261,0.02272432991042612,0.02615481374112567,0.01412852391253853,0.4690984178356333,0.4698525814120189,0.470354948747516,0.4722615832958563,0.4713507276139579,0.4756309452552029,0.4757835487407899,0.4748913034974211,0.4748104739068493,0.4742320475440088,0.4749274058821613,0.4744189121220399,0.4746461899479169,0.474020711326084,0.4739500780500888,0.4744252265130726,0.4724765433472474,0.4750068777960968,0.03804099125783697,0.006625062773780659,0.01336578210797911,0.0212305295369792,0.006267687965929749,0.002434231901334266,0.01032878604534283,0.005014210271282698,0.0008476727722384935
4.4,0.5178716397131928,0.5253385123561503,0.5255026220196726,0.521256296961806,0.5233669137936995,0.5206392557869514,0.5154398297685552,0.512437246817704,0.5190642866881995,0.5114840956286332,0.5239139920731131,0.01877184659623319,0.02515405952743785,0.03242962164678333,0.01794447188861321,0.5183143332302091,0.5195040107198953,0.5216196778744621,0.5214343948438017,0.5208614820196626,0.5257840449787542,0.5256568726649424,0.5246742619451144,0.5247754244417322,0.5239619171403834,0.5246760744864708,0.5245496924921095,0.5245099838339089,0.5226454833102085,0.523021857704463,0.523742992415125,0.5213818105180328,0.5249979257374493,0.04935328571691665,0.00693776800782936,0.01641407688002304,0.02916469303462394,0.007557358517012324,0.003237409549840382,0.01478428734159903,0.005340478910000821,0.5195948277007979,0.5256020275767976,0.525331242794505,0.5217805696758337,0.523691457858617,0.5210096135199627,0.516055841905091,0.5089071955589382,0.5189442995346956,0.513139024735612,0.5232810440986924,0.02998300510800021,0.02980644837151708,0.03425445726818404,0.01860763898059861,0.5180968652817477,0.518946702125594,0.519512155711133,0.5216588553137813,0.5206248614984016,0.5254382170999491,0.5256124779645279,0.5246094129351108,0.5245185956206372,0.5238698603502069,0.524650788786413,0.5240815643049918,0.5243369331306481,0.5236327610753241,0.5235536423254097,0.5240874037229852,0.5218980492554095,0.5247414222376894,0.04960412747509794,0.008756625034124143,0.01761016415076039,0.02787451509574397,0.008284355493230594,0.003226347242447334,0.0136253013365296,0.006636752385693148,0.001130651504327477
4.800000000000001,0.5659588282827508,0.5741584236486379,0.5743406319871591,0.569669153617268,0.5719887226118224,0.5689966865613316,0.5632918163682747,0.5599988475635322,0.5672637039798445,0.5589748760246173,0.5725802736213942,0.02444386598864965,0.03266659158959999,0.04198895782472912,0.02337795697768219,0.5664439288803981,0.5677525403207037,0.5700735037217004,0.5698813551608843,0.5692409955843859,0.5746463834101165,0.5745091554849047,0.5734312113578341,0.5735412299036496,0.5726494893470226,0.5734328144635888,0.5732965803265895,0.5732548388793273,0.5712062761645156,0.5716192470317701,0.5724092521323013,0.5698216447726572,0.5737871229324868,0.06351540297032239,0.009086743859374137,0.02139923971884085,0.03782615356477189,0.009889268190094204,0.004248427998179633,0.01928208364607422,0.007003384434514216,0.5678509475321648,0.5744490280573016,0.5741532768337749,0.5702480868824591,0.5723488643984237,0.5694066645332629,0.5639696859017631,0.5561393476028925,0.5671321211451048,0.5607784834658249,0.5718831661564732,0.03886647455186424,0.03863568315151234,0.04432074266250114,0.02423571894607945,0.5662094356932706,0.567144177058919,0.5677650690458211,0.5701260060591488,0.5689793619118517,0.574266157310319,0.5744602826080927,0.5733590672542076,0.5732590868432673,0.5725484881784586,0.573404608937116,0.5727827322072239,0.5730628603577208,0.5722886876101998,0.5722021271345074,0.5727880446720465,0.5703853469262415,0.5735058344998242,0.0638376465086669,0.0114544180254998,0.02294822032724533,0.03617070252966102,0.01083722757203214,0.004233837809159548,0.01778108313434196,0.008694601011656845,0.001493509108891691
5.2,0.6123213193715096,0.6211380376485794,0.6213354589255871,0.616303608038746,0.6188004717299538,0.6155875543266771,0.6094568820216302,0.6059187664571611,0.6137211741222852,0.6048423647471464,0.6194280128373574,0.03151826256849523,0.0419854317690553,0.05377365611015446,0.03015990704747875,0.6128435058299951,0.6142520223546249,0.6167447998019314,0.6165503521130952,0.6158484861748893,0.6216611297032382,0.6215158991648088,0.6203584302790093,0.6204749335618526,0.6195181697133862,0.6203587046407026,0.6202153454055678,0.6201727607908486,0.6179687096322426,0.6184127413541278,0.6192600902076365,0.6164836895307398,0.6207408333481405,0.08074715410830188,0.01179743878372676,0.02763118281823942,0.04853767661497076,0.01282706464159834,0.005528476481280933,0.02490983351327986,0.009104906024892672,0.6143559817357918,0.6214513957866022,0.6211349396275877,0.6169299150742081,0.6191918883681357,0.6160321106879775,0.6101889130479629,0.6017865254302474,0.6135796692412536,0.6067691907770574,0.6186769285265159,0.04984273066440849,0.04954586173690726,0.05671251764794336,0.0312568494339911,0.6125960126365069,0.6136019803803223,0.6142686328524148,0.6168113588941672,0.6155658877573689,0.6212517138504883,0.621463250549266,0.6202796358910635,0.6201714767833922,0.6194093897006664,0.6203278080150987,0.6196631875877991,0.6199639282622673,0.6191306545395356,0.6190379272186052,0.6196680425648848,0.617085860265899,0.6204388560392274,0.0811545568919463,0.01484992139151085,0.02961487695306481,0.04644114952026295,0.01405124993096213,0.005509373376467923,0.02298670979862595,0.01129088474229892,0.001956823670301549
5.600000000000001,0.6562609284574691,0.6655657786294054,0.6657750026223637,0.6604554089213385,0.6630942985011304,0.6597090021842366,0.6532411973118513,0.6495082780420028,0.6577370187064494,0.6483990493080189,0.6637490141133962,0.04027922033109645,0.05344933054672937,0.06816313489307071,0.03856614352669177,0.6568145369862006,0.6583014459567695,0.6609286956417879,0.6607365111267438,0.659980107200106,0.6661159099351285,0.6659648034095599,0.6647454158698957,0.6648657089705851,0.6638586043476858,0.6647429526831883,0.664595446489015,0.6645533065085503,0.6622256156730011,0.6626946131575889,0.6635865514432124,0.6606630940506529,0.665147737091539,0.1014567922540447,0.01520047396469398,0.03536995457977784,0.0616652176145125,0.01651024842719849,0.007142767561155242,0.03190678419666272,0.01174890684294343,0.6584086924836142,0.6658969380595818,0.6655644165358873,0.6611208684260309,0.6635120322719253,0.6601823895336069,0.6540189743492312,0.6451663358572243,0.6575874326929904,0.6504214368111716,0.662955508283546,0.06328099297618983,0.06290497009461578,0.07181679202178369,0.03995384785050987,0.6565583733056743,0.6576200749463286,0.6583215334655425,0.6610096627768995,0.6596812536649259,0.6656831037809949,0.6659091701922591,0.6646606951805599,0.6645454024086873,0.6637432928152791,0.6647096192790379,0.6640132394197363,0.6643299613519215,0.6634497890880702,0.6633522994454965,0.6640178238031677,0.6612937630437563,0.664829621693302,0.1019635894674257,0.01910173205063691,0.03788354387541552,0.05904409502809535,0.01807741830645308,0.007117913668790521,0.0294675438330916,0.01455104986886513,0.002546330938174937
6,0.6972505636932652,0.7069102678087501,0.7071276147876751,0.7015955119164674,0.7043400797378048,0.7008325525636022,0.6941191524609125,0.690243438391516,0.6987839678400868,0.6891210739742167,0.7050133583563075,0.05104982963690702,0.0674297420929892,0.08555486772348754,0.04891163327463301,0.6978299983394871,0.6993728263366248,0.702095943528086,0.7019103853031942,0.7011068002395464,0.7074791012063609,0.7073241921367028,0.7060610573759269,0.7061822863712576,0.7051399713439689,0.7060542233334525,0.7059056252541902,0.7058652548035801,0.7034467598649002,0.7039345075717338,0.7048579428219492,0.7018303692011902,0.706476354839656,0.1260177595046743,0.01945371492564898,0.0449149836720167,0.07760036475565063,0.02110686517510249,0.009171570198554654,0.04055067601989305,0.01506186244852834,0.6994810131744396,0.7072540185243873,0.7069101385787401,0.7022915979381261,0.7047789462266281,0.7013287674365352,0.6949341966829655,0.6857570879580811,0.6986281837386956,0.6912109518682948,0.7041895336434463,0.07957432870860662,0.07910522923071241,0.09003406040334185,0.05064851474404376,0.6975695570981313,0.6986707736875946,0.6993955613598305,0.7021913661828557,0.7007967242790623,0.7070288738826029,0.7072663964130748,0.7059711452837413,0.7058497387003899,0.7050193620158688,0.7060187034518408,0.7053018967487721,0.705629803607641,0.7047153627816849,0.7046145485864407,0.7053064985261949,0.7024792461426429,0.7061467886854933,0.1266377361384052,0.02439975280114308,0.04806703400254797,0.074365960496378,0.02309696706176257,0.009139415930506649,0.03748680446333327,0.01862687814602072,0.003294198910709381
6.4,0.7349423068204313,0.74482693240507,0.7450486892044536,0.7393775054018793,0.7421924293073884,0.7386116404634003,0.7317419075216468,0.7277742134466668,0.7365149808853249,0.7266575509332324,0.7428762530851654,0.06418852877206772,0.08431951632895252,0.1063435371155256,0.06154781309888526,0.7355423393797307,0.7371189674607423,0.7399002732323356,0.7397253623344054,0.7388818193733141,0.7454063499508407,0.7452495669516809,0.7439603875835324,0.7440796919447411,0.743016881514291,0.743947404356574,0.7438006959480892,0.7437634026033647,0.7412860124126194,0.7417865329750224,0.7427287781648073,0.739638804958437,0.744381745479787,0.1547282227090333,0.02474647272944494,0.05660393014619428,0.09674356982091654,0.02681765190412197,0.01171336844053958,0.05115812067497809,0.01919687622991801,0.7372257977336648,0.7451781215244924,0.7448274097654477,0.7400959138196338,0.7426473651091411,0.7391248023273302,0.7325861983254852,0.723207562071124,0.7363548252219281,0.7287878745139894,0.7420340479759829,0.09912191907120492,0.09854563476348248,0.111755058347393,0.06369823282897549,0.7352818825980714,0.7364066117470689,0.7371433900393716,0.7400099785315227,0.7385655715670043,0.7449444914692325,0.7451904125154277,0.7438659768420575,0.7437393895610572,0.7428921218817099,0.7439099196134785,0.743183751850122,0.7435181508566729,0.7425817632443852,0.7424790155896444,0.7431887359275348,0.7402958366293479,0.7440452865911769,0.1554734614404408,0.03096910335734735,0.06051518774381863,0.09280632504502721,0.029325401423499,0.01167198291701443,0.04734688548275562,0.02370065842024028,0.004240584962043254
6.800000000000001,0.7691576129386685,0.7791461374004106,0.7793687519162299,0.7736268943432362,0.7764793877918952,0.772871054061811,0.7659282481753262,0.7619161336499136,0.7707531138374037,0.7608224316459791,0.7771665620680561,0.08008009839726415,0.1045137052808408,0.1308908776562219,0.07685483438098153,0.7697735518782151,0.7713632149410122,0.7741675694308983,0.7740068846455417,0.7731301294880275,0.7797285794067395,0.7795716520621625,0.7782729040415602,0.7783875464644817,0.7773179024714884,0.7782519354200085,0.7781099052257548,0.7780769324648399,0.7755702406949214,0.7760780463811294,0.7770273634672722,0.773913708002359,0.778693740736242,0.187763911238899,0.03130341723369454,0.07080713564257185,0.119478399597656,0.03387972235256086,0.01488844249278831,0.06408142653239471,0.02433781732926653,0.7714665507724046,0.7794999120866646,0.779146545918708,0.7743599186371194,0.7769457037170118,0.7733956781651518,0.7667945655994353,0.7573295523120103,0.7705902916938944,0.76296818987772,0.7763172128446674,0.1223022561459892,0.1216054750866909,0.1373280782285371,0.07948717696520881,0.7695170710199305,0.7706502475971085,0.7713883310756797,0.7742912304158914,0.7728125337870377,0.7792604520616897,0.7795118876665661,0.7781746129928455,0.7780436590192921,0.7771900091041521,0.7782126612736845,0.777487471185864,0.777823970321444,0.7768771123268717,0.7767737178316693,0.7774932519257864,0.7745694988234845,0.7783546242756105,0.1886432896276606,0.03907312542952816,0.07560752169704224,0.1147542047176749,0.03701581391280528,0.01483543326869523,0.05938765811919704,0.02998915914661018,0.00543552130872668
7.2,0.7998650429519336,0.8098487585193647,0.8100689834141311,0.8043178806018905,0.807178584850259,0.8035838779214586,0.7966430008587323,0.7926295358725181,0.8014689191293632,0.7915739504182095,0.8078628249474901,0.09911937335364726,0.1283811913458643,0.1594864874876737,0.09522689035263966,0.8004927763127444,0.8020767207618583,0.8048725354156397,0.8047291399004459,0.8038252937974312,0.8104274351334823,0.8102718725451795,0.8089783341400709,0.8090858054031766,0.8080215327820428,0.8089475767041568,0.8088127306832881,0.8087852170576612,0.8062756627624766,0.8067858973903714,0.8077318346126722,0.8046291136013463,0.8093926154548247,0.225129911463106,0.0393875804328113,0.08791586193548892,0.146136287315997,0.04256907924848701,0.0188427947779091,0.07970018843244998,0.03070322304017831,0.8021746659907584,0.8102007296025792,0.8098484452642897,0.8050586253658673,0.8076521135875914,0.8041150323215664,0.7975250805893573,0.7880780207481088,0.801304982504318,0.7937127468303798,0.8070165147197965,0.1494369302447093,0.148608443409627,0.1670176298936505,0.09841029685432938,0.8002439027639763,0.8013718787521771,0.8021015906697629,0.8050097042694246,0.8035107729556926,0.8099578290435958,0.8102121685667749,0.8088766965085868,0.8087420671206071,0.8078913743404008,0.8089066328419745,0.8081917305847677,0.8085263615258437,0.8075793361062759,0.8074764416894429,0.8081987446576515,0.8052752061568531,0.8090546349885041,0.2261475197209257,0.0490145613304017,0.09373905474857044,0.1405548347352982,0.0464606493164817,0.01877521833241076,0.07398017427337097,0.037746837399593,0.00694117473693947
7.600000000000001,0.8271512855813199,0.8370353192180303,0.837250306227225,0.8315435572218465,0.8343868955084016,0.830841827034921,0.8239686468128669,0.8199918905384551,0.8287511844939643,0.818987113924437,0.8350628053200682,0.1216861606818478,0.1562271109103617,0.1923021706882387,0.1170490100273087,0.8277872212798326,0.8293490561777542,0.8321087813748437,0.8319851611823336,0.8310597536421952,0.8376043125572717,0.8374514061247139,0.8361759360698747,0.8362740377217931,0.8352256846680683,0.8361337113382048,0.8360082075000902,0.8359871490399071,0.8334976588551967,0.8340061450526652,0.8349396951618793,0.8318779086431703,0.8365783037777573,0.2666199245476291,0.04930153723047051,0.1083225566864655,0.1769531612049599,0.05320093251294472,0.02375225032541062,0.09840584821638655,0.03854939538395904,0.8294400125597399,0.837381652599112,0.8370337161376785,0.8322860054274722,0.8348640409899499,0.831375184612578,0.8248611668005315,0.8155242013458829,0.82858752790568,0.8210993933595797,0.8342284797562631,0.1807466591176518,0.1797789192194038,0.2009577223520289,0.1208485413027719,0.8275491749582951,0.828659983715662,0.8293728682909751,0.8322588844429807,0.8307522196187096,0.8371373920363238,0.8373923432023618,0.836071410545842,0.8359336950104675,0.8350939886018214,0.8360911593631875,0.8353946611365211,0.8357239378000254,0.8347857305062004,0.834684327606827,0.8354033429105676,0.8325069442223488,0.8362447574843248,0.2677736677395488,0.06113365145130387,0.1152976537427166,0.1704678589149417,0.05799075550359216,0.02366651717982884,0.09151398675588392,0.04726744564724839,0.008834520891757616
8,0.851190419721079,0.8608938364454393,0.8611011888369492,0.8554845497468841,0.858288679433565,0.8548239923077079,0.8480750223653781,0.8441680243369486,0.8527759864926733,0.8432240474639038,0.8589516618667417,0.1481108348331754,0.1882481660280816,0.2293452388574129,0.1426645329370086,0.8518313574745379,0.8533571672510172,0.856057384239441,0.8559553904639537,0.8550135277836314,0.8614481216175567,0.8612989625973577,0.8600524654228798,0.860139374807103,0.859115787786534,0.8599973119582555,0.8598829126776228,0.8598691264517312,0.857419122669357,0.8579223383442127,0.8588359611590467,0.855840417588083,0.8604383006331087,0.3117929252169936,0.06138551722529063,0.1323919490948899,0.2120220024127947,0.06612646407911675,0.02982642070863031,0.1205777060194276,0.04817184628101376,0.8534398649627072,0.8612312873481043,0.8608905089310418,0.8562235165488018,0.8587663868643511,0.8553558013955983,0.8489734571920988,0.8398263840974972,0.8526138607104415,0.8452930712721645,0.8581369726904982,0.2163039395510278,0.2151947002778391,0.2391059739487596,0.1471347500576305,0.8516069194916284,0.8526903731617475,0.8533792951446892,0.8562196844384714,0.8547163240962478,0.8609874397322865,0.8612410295841958,0.8599454602967841,0.859805183994328,0.8589831646732936,0.8599531590457226,0.8592819235137273,0.8596028527014011,0.8586811276958825,0.8585820511013041,0.8592926839129282,0.8564462072355096,0.8601119863442208,0.3130736209206417,0.0758015773613115,0.1406320263678137,0.2046203580962015,0.07197022513893551,0.02971820267496468,0.1123764085168082,0.05888287384991253,0.01121045792307646
8.4,0.8722150039038237,0.881670005835832,0.8818677985256701,0.8763797058389612,0.8791262186370044,0.8757676004947197,0.8691906765869367,0.8653817912044025,0.8737776499360403,0.8645057677158615,0.8797723552118947,0.1786318918016884,0.2244856955321383,0.270418893643623,0.172334113771124,0.8728579771360523,0.8743362716887829,0.8769575274004071,0.8768783227350526,0.875924933008374,0.8822054203156943,0.8820609237937852,0.8808524361746738,0.8809267570519667,0.8799351392838451,0.8807831990449575,0.8806812366256989,0.8806753252522381,0.8782809724792962,0.8787759823454971,0.8796635370574286,0.8767550672389276,0.8812178792429701,0.3599759423963538,0.0760108814983689,0.1604230850006304,0.2512483164098496,0.08172438624666351,0.03731202241787952,0.1465497567209447,0.05990392200390105,0.8744097746871912,0.8819959130498439,0.8816646847362112,0.8771107188192746,0.87960188985851,0.8762946033426036,0.8700910647086146,0.8612019237429632,0.8736181840123054,0.8665174409985001,0.8789836880422575,0.2559895922050792,0.2547433576527314,0.2812072445532466,0.17751142190823,0.8726494745311482,0.8736971484852893,0.8743563129017032,0.8771310682635118,0.8756408139141723,0.8817539764734332,0.8820045220524698,0.8807433428512046,0.880601014587713,0.8798021180820577,0.8807374058799774,0.8800970382458799,0.8804071001687365,0.8795082871058212,0.8794122233519596,0.880110247062354,0.8773326033217921,0.8809011211146558,0.3613671884392511,0.09340748804705302,0.1700110755214701,0.2429610845385011,0.0887852931950306,0.0371761745707355,0.1369226726317141,0.07295773806269244,0.01418535299451069
8.800000000000001,0.8904911442989529,0.8996418187924047,0.8998285946949478,0.8945009538047984,0.8971744591203153,0.8939429195169747,0.8875780560006293,0.883891385218598,0.8920237559181706,0.8830875978526815,0.8978003887147775,0.2133493164358477,0.264784158110259,0.3150991740459188,0.2061895421453993,0.8911332689898709,0.8925548376203225,0.8950813418872597,0.8950253604716631,0.8940654507343786,0.9001550048512663,0.900015933890599,0.8988527749750942,0.8989135741482612,0.8979596044088105,0.8987686878843442,0.8986800423428836,0.8986823616172314,0.8963569378763815,0.8968413032302751,0.8976979289949844,0.8948932585459339,0.8991947202721005,0.4102973336187984,0.09356720607872004,0.1926045572818131,0.2943176840270837,0.1003855263528383,0.0464947786379931,0.1765694194764514,0.07411111387599978,0.8926185244554106,0.8999540741339052,0.8996344145364983,0.8952200995401727,0.8976458392252333,0.8944622477945398,0.8884767285051639,0.8799027087879004,0.8918679788537087,0.8850302342671373,0.8970429371713985,0.2994624739013275,0.2980914306976398,0.3267763055645216,0.2120841199129843,0.8909425639649879,0.8919477145884649,0.8925726338109671,0.8952648924197617,0.893796584269957,0.8997153224192829,0.8999613852695134,0.8987420036777205,0.8985981636271015,0.8978266720694721,0.8987211791412991,0.8981160762627456,0.8984131904416577,0.8975426177307295,0.8974501187685574,0.8981320473798217,0.8954386896500833,0.8988894121328951,0.4117762878849241,0.1143374670327455,0.2035777324466027,0.2852247036064312,0.108825570031931,0.04632529513248978,0.1654373438597447,0.08987799599299182,0.01790096011083784
9.200000000000001,0.9062984816600779,0.9150994395918488,0.915274188598282,0.9101332179483134,0.9127209131216415,0.9096332097937976,0.9035134940252471,0.8999693215430959,0.9077951236634755,0.8992392671720916,0.9133237308514448,0.2521804688040553,0.3087643677583635,0.3627368347296667,0.2441885131640633,0.9069368428971638,0.9082945609098543,0.9107138329255136,0.9106807667054823,0.9097196328656847,0.9155877770965747,0.9154547632039866,0.9143427071177114,0.9143895345887068,0.9134775156180265,0.9142434604691556,0.914168551578953,0.9141791854118477,0.9119334889817963,0.9124051739259832,0.913227146823211,0.910539332018674,0.9146587851670599,0.461748285901325,0.1144413280166883,0.2289679546422429,0.3406847477221628,0.1224889361490023,0.05769881767549347,0.2107516850613343,0.09117933938352045,0.9083480831964247,0.9153964440137657,0.915090038432087,0.9108369900629811,0.9131859724759013,0.9101422824047891,0.9044068130468912,0.8961951840989522,0.9076439794780482,0.9011033499740571,0.9126015892386858,0.3461515175497287,0.3446756475776352,0.3751071741223741,0.2507771293566342,0.906765323859427,0.9077227722754224,0.9083101986944715,0.9109058526498952,0.9094676190456594,0.9151619827648113,0.9154023196288898,0.9142307184179954,0.914085978660311,0.9133451551344849,0.9141941362678448,0.9136275561072128,0.9139100440714165,0.9130720836532193,0.9129835825609929,0.9136465349185732,0.9110499145088289,0.9143664393469572,0.4632873006401435,0.1389444570592034,0.2413032456790313,0.3309155512856032,0.1324563807697681,0.05748884800713064,0.19808953515235,0.1100318983597422,0.02252855879677685
9.600000000000001,0.9199151679439942,0.9283302871970923,0.928492412054191,0.9235594061037241,0.9260507004790021,0.9231197470947118,0.9172721199538493,0.9138872573606219,0.9213708198213665,0.9132298693967157,0.9266278886598329,0.2948273714632367,0.355820229507168,0.412488455372451,0.2860788852342654,0.9205467644973176,0.9218353827883728,0.9241378994276861,0.9241267234191658,0.9231700675872285,0.9287918266737448,0.9286653848599161,0.9276088294852565,0.9276417181160576,0.9267747358027675,0.9274946166417237,0.927433413798347,0.9274521616053402,0.9252948932892151,0.9257521799687265,0.9265367643003305,0.9239756316246992,0.9278973829014787,0.5132634460085038,0.1389873597414492,0.2693472596352365,0.38959029201385,0.1483689036595889,0.07128215112505315,0.2490349997895074,0.1114955223684861,0.9218786069126442,0.9286109009896533,0.9283191311470278,0.9242445821598348,0.9265075323993165,0.923616189136151,0.9181562701482601,0.9103451681932941,0.9212251728791522,0.9150078400509472,0.9259441468948243,0.395276226522808,0.3937224262434636,0.4253119486114694,0.2933002008652885,0.920395340159081,0.9213013402774062,0.9218491747811529,0.9243365384680425,0.9229359674568074,0.9283817189421003,0.9286152381171648,0.9274961564022921,0.9273512274419194,0.9266434576812238,0.9274433637547522,0.9269175109862662,0.9271840627152709,0.9263822625471724,0.9262980891187844,0.9269396634041974,0.9244496629389826,0.9276191772501253,0.5148322981010005,0.1675095660073216,0.2829503797449395,0.3793183728220634,0.1599821749845485,0.07102411054643593,0.2348872329172203,0.1337820927810261,0.02827302875229944
10,0.9316073700586527,0.9396087456281982,0.939758017665717,0.9350499604823672,0.9374361852642382,0.9346714128730229,0.9291172671245961,0.9259052859280404,0.9330177163781551,0.9253172995326296,0.9379855800584289,0.3407645783249802,0.4051442084741737,0.4633748246630525,0.3313817298206815,0.9322291238157441,0.9334450570348694,0.9356239274846717,0.9356329706949107,0.9346869013115455,0.9400421455533868,0.9399226839005621,0.9389248033440081,0.9389442444586202,0.9381243276831068,0.9387963380762856,0.938748390999216,0.9387747721286203,0.9367128584109585,0.937154278592826,0.9378995828024534,0.9354721409538045,0.9391848580866801,0.5638070356621847,0.1674880730032273,0.3133534751461313,0.44010762732751,0.1782739161871775,0.08762655729964558,0.2911474471878548,0.1354193345861897,0.933477998725991,0.9398722369396929,0.9395961993570426,0.9357135251684784,0.9378829339694983,0.9351530067666657,0.9299881336483261,0.9226071522456467,0.9328783468640356,0.9270033828014917,0.9373424140262263,0.4458960787849087,0.4442963200608034,0.4763854028831228,0.3391355899923255,0.9320982238438441,0.932950322258991,0.9334575036573829,0.9358270684255349,0.9344712756911323,0.939649245351052,0.9398749747370765,0.9388120605444208,0.9386677594938582,0.937994690946189,0.9387430401328202,0.9382591648366798,0.9385088118763468,0.9377460027559467,0.9376663976345919,0.938284567612833,0.9359088746601186,0.9389216771814612,0.565375364098446,0.2001973864414151,0.3280548910945592,0.4295385836020081,0.1916029792733942,0.08731236944605493,0.2756386088862124,0.1614289071760049,0.0353763845609224
10.4,0.9416225752577924,0.9491896903556326,0.9493261976108237,0.9448562144641069,0.9471304218777027,0.9445380939246051,0.9392936894356347,0.9362650542156888,0.9429838576240558,0.9357414957274981,0.9476502120065229,0.3892543304253376,0.4557808345360154,0.5143581363048657,0.3794006029040468,0.9422313981008058,0.9433725178451237,0.9454231901480227,0.9454502504125283,0.9445211644742805,0.94959415879568,0.9494819835441407,0.9485448611374157,0.948551754910013,0.9477800308189674,0.9484033617742594,0.9483678527200042,0.9484011304701313,0.9464399737477898,0.9468642597463004,0.9475691024446647,0.9452799145350458,0.9487760914735397,0.6124501542770188,0.2001102520514424,0.3603729931602768,0.4912127351269346,0.2123210519030986,0.1071201602849346,0.3365923143372946,0.1632462035995348,0.9433952820688574,0.9494356841648635,0.9491761997568282,0.9454953355552467,0.9475652484117804,0.9450027656959635,0.9401468405194463,0.9332174604141151,0.9428514494873343,0.937331555338948,0.9470489688271729,0.4969825665423261,0.495371359549408,0.5272853838898802,0.3875522278652711,0.9421209842451456,0.9429178736700872,0.9433842524890504,0.9456285288683238,0.9443241225093898,0.9492197402393913,0.9494368096201443,0.9484327399780518,0.9482899790740723,0.947652651038054,0.9483479082580885,0.947906416031597,0.9481385110856669,0.9474168832703134,0.9473420099172689,0.9479350486194292,0.9456794558648728,0.9485285604585731,0.6139896994641528,0.2370106925933096,0.3759329523246627,0.480567964345645,0.2273685156244742,0.1067416679039521,0.3199294869544437,0.1931668578188349,0.04412004050125322
10.8,0.9501858975831154,0.9573049745689275,0.9574290650779533,0.9532067376941571,0.9553635735211781,0.9529470690261669,0.9480238093455086,0.9451859520104686,0.951494824582354,0.9447207081714566,0.9558523218292418,0.439390518957276,0.5067009446269818,0.5644251010837175,0.4292597767369277,0.9507787964061467,0.9518442319877097,0.9537642273964276,0.9538067198265459,0.9529010887588798,0.9576802134423892,0.9575755312031368,0.9567002754872013,0.9566958585320328,0.9559726998767903,0.9565474150971641,0.9565232299669997,0.95656245470367,0.9547061119669472,0.955112166658012,0.9557759557446489,0.953627469981587,0.9569029597559212,0.6584281808885439,0.2368593433239699,0.4095945674022042,0.5418668868859084,0.2504520456447869,0.1301313921075602,0.3846600047575889,0.1951637389556334,0.9518569704320101,0.9575334031297763,0.9572910225000989,0.9538187905578661,0.9557846599467474,0.953392905588194,0.9488545826642961,0.9423905228199292,0.9513699496732253,0.9462121203406072,0.9552936024706408,0.5475021402536843,0.5459137216128596,0.5770154586321152,0.4376487497119025,0.9506883870811345,0.9514297538763625,0.9518559546357311,0.9539693816931151,0.952722345951649,0.957325316750536,0.9575329537181144,0.9565895259113945,0.9564492832292469,0.9558482433730141,0.9564897094905418,0.9560902800360953,0.956304480734922,0.9556256326877558,0.9555555869527287,0.9561220188157183,0.9539906522975304,0.956671470927136,0.6599145116507789,0.2777523995029322,0.4257176449111122,0.5313655614526234,0.2671372903826151,0.1296809584963689,0.3671250460240135,0.2290390689924063,0.05482476517785403
11.2,0.9574986237727267,0.9641620882029653,0.9642743116044599,0.9603059029908323,0.9623415266802647,0.9601016101350957,0.9555062473497477,0.952863630364114,0.9587523280653268,0.9524500348531133,0.9627982020142276,0.4901664200760731,0.5568844149115453,0.6126622798806267,0.4799677468166795,0.9580728178221971,0.9590627666641474,0.9608514348749932,0.9609065575391437,0.960030654309952,0.9645082381230714,0.9644111570028024,0.9635980056514056,0.9635837618177279,0.9629089232350295,0.9634358318171664,0.9634216443817932,0.9634657120257593,0.9617170134164814,0.9621038968703377,0.962726523579908,0.9607193653481648,0.9637729701691115,0.7011727409063164,0.277541258581093,0.4600637939474528,0.5910977944408675,0.2923995059807603,0.1569740813570581,0.4344684255492686,0.231206377655476,0.9590656612115418,0.964373143531798,0.9641481527332844,0.960888530738678,0.9627471121810361,0.9605268983177593,0.9563099208223808,0.9503175031242135,0.9586354305074793,0.953841566688394,0.9622819440213026,0.5964961146308144,0.5949618267033618,0.6246964854573588,0.4884205669950826,0.9580015274109575,0.9586878956223324,0.9590751732721804,0.9610540645716784,0.959869598267758,0.9641736694728656,0.9643712060069439,0.9634894078720357,0.9633526848974081,0.962788088411304,0.9633757996736952,0.9630175086725935,0.9632137621585962,0.9625787285268145,0.9625135459847982,0.9630521248673272,0.9610476114207466,0.9635577035266011,0.7025863086964181,0.3220038771214908,0.4764212446156121,0.5809401342216262,0.3105496392066255,0.1564453764571587,0.4163999274083882,0.2688969359727283,0.06784695192874225
11.6,0.9637383350291068,0.9699443248494464,0.9700453755815979,0.9663340145388151,0.9682460397218652,0.9661811330303145,0.961915969427552,0.9594701801502556,0.9649343635208677,0.9591015510369119,0.9686700460193752,0.5405554497110446,0.6053976063917923,0.6583128214469839,0.530496268260263,0.9642913602123723,0.9652069107219705,0.9668652001315732,0.9669300984816094,0.9660897104716121,0.970261909111729,0.9701724403864165,0.9694208573591212,0.9693984202618101,0.9687711603535381,0.9692516888110706,0.9692460501723598,0.9692937697519678,0.9676543939674555,0.9680213229337016,0.9686030719265191,0.9667363015829588,0.9695694071703789,0.7403185027147573,0.321740420865214,0.510757522221277,0.6380666009513611,0.337672303295358,0.1878652632936604,0.4850276100974665,0.2712156604279732,0.9652001846206892,0.9701384137076491,0.9699308442906885,0.9668852058344053,0.968634477573703,0.9665844086384123,0.9626879832881379,0.9571665863857345,0.9648257477949075,0.9603932347620725,0.968195607983798,0.6431452593764605,0.6416915036458331,0.6696174661846185,0.538840388927439,0.964237952518037,0.9648705294272563,0.9652206267209579,0.9670631214926314,0.9659454710670278,0.9699482336176702,0.9701351189202639,0.9693151875167079,0.9691829600404882,0.9686546489126289,0.9691892867079575,0.9688707241747393,0.9690492490572125,0.9684585175547133,0.9683981791029249,0.9689078869913285,0.9670314770859665,0.9693703468490013,0.7416450204500978,0.3691275381710479,0.5270138464254011,0.6284209164644522,0.3570232541406672,0.1872541832252949,0.4667948973944375,0.3123739765403435,0.08356955055387119
12,0.9690600615590762,0.9748119283788518,0.9749025934585134,0.9714484611563939,0.9732358942212022,0.97134235939373,0.9674055004419705,0.9651554046613161,0.9701963849874584,0.9648254776809615,0.9736270858608513,0.5895913734671646,0.6514539877219473,0.7008089789605828,0.5798616587139791,0.9695898432183411,0.9704328133831014,0.9719630529038407,0.9720349663524016,0.971235135915724,0.9751017956504278,0.9750198572381252,0.974328627452245,0.9742996840929521,0.9737188706989941,0.9741549372966042,0.9741563621715069,0.9742065248776615,0.9726770500975461,0.9730234060236138,0.9735648818562476,0.9718362226781189,0.9744524646494415,0.7756894263444825,0.3688220044017795,0.5606658965097535,0.6821124006575787,0.3855670730296954,0.222879838166279,0.5353185408805654,0.3148150784307055,0.9704167644186474,0.9749896301861191,0.9747992757389893,0.9719666269285151,0.9736057166872214,0.9717224547923307,0.9681416915870477,0.9630843370918614,0.9700962101007138,0.9660184769618994,0.9731933336841515,0.6868114046696492,0.6854583857391183,0.7112615389243069,0.5879386662848685,0.9695527968770284,0.9701333265676452,0.9704483391078389,0.9721543331577512,0.9711066556329663,0.9748093296830554,0.9749851445299027,0.9742266218709837,0.9740997911530328,0.9736073529539673,0.9740901634041219,0.9738095417349421,0.9739708047184652,0.9734243319268064,0.973368768350659,0.9738488279716592,0.9721004916336183,0.9742694134580097,0.776919686912691,0.4182976545769235,0.576505136619342,0.6731072862105871,0.4057764702515202,0.2221854507816824,0.517291939122226,0.3588822748429898,0.102385916478942
12.4,0.9735980482187414,0.9789038200727356,0.978984933748185,0.9757854802560718,0.9774486427168597,0.9757210770450068,0.9721067674529973,0.9700487334159933,0.9746730793736345,0.9697519582693339,0.9778073193339847,0.63643538384559,0.6944512691106239,0.7397803172241163,0.6271953131373448,0.9741029344687572,0.9748757286809105,0.976281419748809,0.9763577985871397,0.9756026231879785,0.9791670863107611,0.9790925087724336,0.9784598329251261,0.9784260368258916,0.9778902341758328,0.9782841290993177,0.9782911715470354,0.9783426140137492,0.9769225616647129,0.9772479029273973,0.977749972221024,0.9761560128616862,0.9785609654179502,0.8072712601311094,0.4179623900650805,0.6088684421730455,0.722771651716072,0.4352080140933693,0.2619088891063923,0.5843729918391094,0.3614077671120514,0.9748507728896313,0.9790658481584994,0.9788922877987735,0.9762695137035289,0.9777986217969918,0.9760771580689322,0.9728035798040215,0.9681976584907671,0.9745813602187499,0.9708484275627499,0.9774127130377274,0.7270540619747183,0.7258153535893788,0.7493083279902345,0.6348712816894944,0.9740805168997834,0.9746111479411509,0.9748934024472156,0.9764644429367156,0.9754887234412992,0.9788958943006898,0.9790603627702088,0.9783621552402154,0.9782415055697407,0.9777843134416124,0.978217035489798,0.9779722822161812,0.9781169680522164,0.9776142025126806,0.9775632987809029,0.9780131927712177,0.9763917050897448,0.9783935596443643,0.8084005685705329,0.4685573569695075,0.624016091154961,0.7144934887741689,0.4558789728284648,0.2611342455846379,0.5668953347777164,0.4076366076415501,0.1246751365696262
12.8,0.9774678202275499,0.9823396177740991,0.9824120244092343,0.9794622270129795,0.9810026559038508,0.979434195792516,0.9761332459469173,0.9742614350586974,0.9784804337754756,0.9739931281321124,0.9813295348105505,0.6804215637024061,0.7339839675154455,0.775041780997672,0.6717939516493487,0.9779465786668665,0.978652063571445,0.9799376822105114,0.9800162690677379,0.9793087788967457,0.9825776086134045,0.9825101438576864,0.981933734229944,0.9818966342586826,0.9814041724412265,0.981758447191055,0.9817697606019465,0.981821416739203,0.980509301891627,0.9808133763019988,0.9812771237869452,0.9798134995889235,0.9820143796364951,0.8351772323936588,0.4682058744926729,0.6545930108014829,0.7597749111591043,0.4856108596162558,0.3046303497255151,0.6313417446431013,0.410201895886547,0.9786187756467971,0.9824867843038098,0.9823294121349072,0.9799115369164262,0.9813318508066924,0.9797657821995889,0.9767878899278282,0.9726160055838473,0.9783970495967217,0.9749960686733445,0.9809722138990972,0.7636249442222051,0.7625077603845646,0.7836176412178824,0.6789658339536576,0.977936924276545,0.978420095591647,0.9786720450472893,0.9801111836022207,0.9792082189278027,0.9823275077060893,0.9824805033805961,0.9818409487132536,0.9817271157249982,0.9813043533957804,0.9816891531060733,0.981477986351234,0.9816069613503463,0.9811468792825735,0.9811004792062819,0.9815199689022636,0.9800229984460009,0.9818621058100624,0.8362046311193889,0.5188935871224418,0.6688307968841142,0.7522698713452096,0.5063232147510509,0.3037829756863213,0.6147054600576906,0.457705713972087,0.1507683185463246
13.2,0.9807683321328654,0.9852217477587629,0.9852862733457909,0.9825789348535874,0.9839992621971453,0.9825818883866958,0.9795821779138679,0.977888887350605,0.9817178821485321,0.9776452572208637,0.9842954309690594,0.7210777597613235,0.7698348891949698,0.8065680144458638,0.7131454877120283,0.9812201203584793,0.981861518544702,0.9830323278487878,0.9831112035687825,0.9824533203526068,0.9854359429689825,0.9853752753496297,0.9848524518559626,0.9848134400739841,0.984362468970105,0.9846798376794055,0.9846942165719804,0.9847451546482183,0.9835385521577301,0.9838213064407353,0.9842480020459401,0.982909559501188,0.9849149421947858,0.8596126887828062,0.5185394744728071,0.6972512957685785,0.7930265625295332,0.5357611281148653,0.350500652711223,0.6755422685556578,0.4602629221784414,0.9818206565538666,0.985354932567003,0.9852129911886025,0.9829934485195123,0.9843070483001736,0.9828888556580171,0.9801927247057846,0.9764336135596374,0.9816425910973203,0.978558373922631,0.9839732961314276,0.7964462627416792,0.7954522333274415,0.8142011803185792,0.7197433511869712,0.9812213082546641,0.9816596544851925,0.981883791788274,0.9831953992727154,0.9823648465759016,0.9852065168917039,0.9853480621093959,0.9847650049924918,0.984658456906424,0.9842691338997437,0.9846085420301804,0.9844285298653478,0.9845428006464551,0.9841239560369779,0.9840818676702836,0.9844710058153672,0.9830952148735855,0.9847771567282692,0.8605401250119779,0.568317593325986,0.7104239232522663,0.7863057649157554,0.5561049172782343,0.3495925538391092,0.6599747199666303,0.508083855336234,0.1809070519397931
13.6,0.9835840589763849,0.9876375185360872,0.9876949504195343,0.9852210266476589,0.9865248431866198,0.9852496786380645,0.9825367104063238,0.9810127468743339,0.9844703919905566,0.9807908239523074,0.9867916979688264,0.7581239197711888,0.8019516271162799,0.8344606004136539,0.7509316463285552,0.9840083822235637,0.9845891810808159,0.9856510546378789,0.9857286527397862,0.9851212219142474,0.987829500169733,0.9877752593136884,0.9873030439558351,0.9872633230489489,0.9868518540730812,0.9871351084522313,0.9871515122435983,0.9872009564051833,0.9860965870120456,0.9863581707877073,0.9867492443238822,0.9855301926021907,0.9873497368328351,0.8808426500144342,0.5679734503659982,0.7364501263025389,0.8225743478924269,0.5846935957035334,0.3987732396814288,0.7164822809891814,0.5105856132066345,0.9845416876635756,0.9877576419777848,0.9876302577653937,0.9856011642428155,0.9868109210512005,0.9855322419584968,0.9831021189380272,0.9797315941131403,0.9844028501358355,0.9816183867502899,0.9865024870647775,0.8255796010340698,0.8247058318893756,0.8411887832766365,0.7569173360018939,0.9840185087156089,0.9844147839211169,0.9846135739038642,0.9858031263944652,0.9850436068827648,0.9876201218724469,0.9877503799921922,0.9872212549959088,0.9871222868525721,0.986765249321634,0.9870620991570047,0.9869107065324176,0.987011376652838,0.986631964172509,0.9865939660271072,0.9869530994880825,0.9856942602138707,0.9872256885802225,0.8816741889608106,0.615937839866004,0.7484646883452262,0.8166207217036444,0.6042993181384128,0.3978203353463141,0.7021400250718958,0.5577710086684229,0.215197709453097
14,0.9859869461605111,0.9896610763455779,0.9897121501700906,0.9874610917491844,0.9886528016279983,0.9875103934139774,0.9850678656907184,0.9837029279721625,0.9868104078494788,0.9835004351968231,0.988891977934736,0.7914532623284664,0.8304147821589832,0.8589138361345574,0.7850121759167803,0.9863836138166361,0.9869074862792473,0.9878667432139785,0.9879418395941716,0.9873847205842817,0.9898324819576879,0.9897842564789088,0.9893594638080845,0.9893200324605509,0.9889459718927384,0.9891979104403693,0.9892154713854741,0.9892628088769776,0.9882566450989553,0.9884974078446154,0.9888544277659218,0.9877484804125708,0.9893926648735012,0.8991645020046369,0.6156144048746587,0.7719821667910849,0.8485749858915298,0.631560402781208,0.4485445901596919,0.7538606687417273,0.5601740728977964,0.9868544645325076,0.9897690761549883,0.9896552941045607,0.9878077174466187,0.988917187618912,0.9877690767793238,0.9855879499045319,0.9825798214121103,0.9867501907335199,0.9842471471642482,0.9886333345905531,0.8511914972060255,0.8504317214692297,0.8647944294193529,0.7903754290224694,0.9864008555403414,0.9867578724996343,0.9869337009288139,0.9880075496467996,0.9873167918170391,0.9896423432766406,0.9897616049644591,0.9892835238641687,0.9891922632002168,0.9888662050308206,0.9891235680707312,0.9889981961648686,0.9890864236100025,0.9887443504778779,0.9887101983580581,0.9890399589684682,0.9878930850195636,0.9892815198526442,0.8999056441481161,0.6610149700644768,0.7828020065640967,0.8433505917156209,0.6501217606076298,0.4475656093671899,0.7408315645614223,0.6058484462705753,0.2535680112024067
14.4,0.9880381756011626,0.9913551980896386,0.9914005906774748,0.9893606842339319,0.9904453569249753,0.989425934568378,0.9872363000528147,0.9860193497038557,0.9887996088472927,0.9858345487052315,0.9906586593825627,0.8211029145647269,0.8554037688898027,0.8801830037191543,0.8153971682782541,0.9884072639816003,0.9888779981921331,0.9897412507407216,0.9898129360800891,0.9893051322543052,0.9915076800102236,0.9914650312423892,0.9910843523975476,0.991046005552948,0.9907071829317927,0.9909305541213531,0.9909485728221753,0.9909933495372635,0.9900807378110766,0.9903012182895026,0.9906258715211075,0.9896263802189944,0.9911062522902058,0.9148866129516989,0.6607205423466176,0.8038021181603592,0.8712606802481326,0.675678870300834,0.4988221456812047,0.7875507402095029,0.6081165967852602,0.9888206661396788,0.9914520101244608,0.9913508264364146,0.989675041316151,0.9906883588595686,0.9896615291055963,0.9877116497938525,0.9850385782747965,0.9887462337137237,0.9865054222739748,0.9904281930117472,0.873520336183662,0.872866013639121,0.885285515679995,0.8201503098765623,0.988429928569308,0.9887505104300993,0.9889056478585651,0.989870786399251,0.9892457918940796,0.9913358258836911,0.9914444910443345,0.9910143308104626,0.9909307522273325,0.990634229570684,0.9908553478570522,0.9907533704379147,0.9908303286823235,0.9905232904629847,0.9904927245586802,0.9907940081417996,0.9897534979244006,0.9910071193009908,0.9155437376396136,0.7029934205380094,0.8134373043394033,0.8667135921584754,0.6929657812969418,0.4978371456825544,0.7758617997060339,0.6515384697230964,0.295734418276246
14.8,0.9897897331505957,0.9927729021089768,0.9928132288943932,0.9909719249597534,0.9919551494263411,0.9910488538491442,0.9890938397078701,0.9880134430951256,0.9904904649397888,0.9878449826656955,0.9921444855831084,0.8472202450954353,0.8771644824720415,0.8985574053751629,0.8422138869740793,0.9901315569229621,0.9905529927437963,0.9913270075152089,0.9913946493981016,0.9909344595576089,0.9929080932919986,0.9928705682760537,0.9925306465255423,0.9924939868426512,0.9921881810367383,0.9923856394985272,0.9924035717736296,0.9924454793726779,0.9916212727269004,0.9918221813195832,0.9921162520613634,0.9912163330016033,0.9925432737339417,0.9283127069248835,0.7027336150170851,0.831995034230239,0.8909095737001108,0.7165553719294473,0.5486032972524955,0.8175722638459941,0.6536443281430325,0.9904926242367191,0.9928594447607153,0.9927698358572313,0.9912555621606318,0.9921773315020488,0.9912623697402965,0.9895257107524034,0.9871599644047181,0.9904434120366151,0.9884452248224772,0.9919398221731193,0.8928474123055739,0.8922886879695016,0.9029572743385065,0.8463860947966849,0.9901581195615022,0.9904450608737175,0.9905816389106089,0.991445479744724,0.9908826962246687,0.9927534578869692,0.9928520150699182,0.9924665027427401,0.9923904484513122,0.9921218991241791,0.9923101144990167,0.9922289145260311,0.9922957591852373,0.9920213145005887,0.9919940663207883,0.9922680015166638,0.991327787004974,0.9924552294200513,0.9288926406075071,0.7415095758137901,0.8404914673589879,0.8869797917374987,0.7324172471527245,0.5476320518236325,0.8072008199241737,0.6942416473587244,0.3411893019153183
15.2,0.9912857791950953,0.9939588734279589,0.9939946891613274,0.9923389073590916,0.9932266520487102,0.9924237313252215,0.9906848018434253,0.9897294315293467,0.9919275942570632,0.9895762157678164,0.9933939736571968,0.8700297303839279,0.8959813959189642,0.9143390490799911,0.8656732626124716,0.9916008699201752,0.991976841304739,0.9926684154801864,0.9927316160267368,0.9923167918647622,0.9940783599646484,0.9940455031060252,0.9937429994203166,0.9937084562235525,0.9934334207149974,0.9936074950104271,0.9936249336675795,0.9936637914756546,0.9929224860489269,0.9931046812214824,0.993370027737344,0.9925626799489883,0.993748188853831,0.9397312760673943,0.741287380746064,0.8567424780393279,0.907821635155827,0.7538866481541943,0.5969523316066374,0.844058525780681,0.6961673258344397,0.9919147027383348,0.9940360354039514,0.9939569826100141,0.9925936028418356,0.9934287933182293,0.9926163474186934,0.9910749899503393,0.9889890862251172,0.9918863260336578,0.9901111230561723,0.993212797172475,0.9094734974375336,0.9089999775857709,0.9181129206649731,0.8693051242396534,0.9916299956351589,0.9918860305167991,0.9920060280880562,0.9927761977767287,0.992271686213562,0.9939398023157109,0.9940288073184014,0.993684598482959,0.9936158020259467,0.9933735696682149,0.993532251743424,0.9934692595028731,0.9935271017150648,0.9932827416545496,0.993258540423066,0.9935064499892573,0.9926601443713995,0.9936703008743584,0.9402409705401809,0.7763804354651201,0.8641711848438907,0.9044458046869374,0.7682476139618892,0.5960128534029554,0.8349445411140499,0.733550257383572,0.3892145606283836
15.6,0.992563833894468,0.9949507102106467,0.9949825118275565,0.9934989169790788,0.9942973981866324,0.9935883683882094,0.9920471195540951,0.9912054080122146,0.9931489342280256,0.9910664926143898,0.9944446517248052,0.889803489357846,0.9121552058646201,0.9278269089499364,0.8860395345812153,0.9928529221420526,0.9931872052958679,0.9938030588737206,0.9938616121954013,0.9934895098392851,0.9950560102321285,0.9950273732498752,0.9947590211227814,0.9947268735576318,0.9944803614443638,0.9946334318365411,0.9946500862597881,0.9946858207221835,0.9940216895118619,0.994186150165952,0.9944246795905235,0.993702893785654,0.9947583969501924,0.949409084777744,0.7761965017577848,0.878290663276948,0.9223002957966032,0.7875434469999436,0.6430635634083089,0.8672233662020632,0.7352869751211479,0.9931244968074641,0.9950193413405261,0.9949498509327966,0.9937266049832931,0.9944804483653589,0.9937613828968276,0.9923978310634076,0.9905650559222057,0.9931129117004041,0.9915413569037103,0.9942847364260146,0.9237011284250771,0.923302466963222,0.9310492666855433,0.8891783339899408,0.9928834749483465,0.9931112509189906,0.9932164882835217,0.9939006478499001,0.993450235291885,0.9949323474829175,0.9950124025755361,0.9947061509739703,0.9946442617575678,0.9944266235277945,0.9945590993015172,0.9945118314530746,0.9945617182775432,0.9943449275131971,0.9943235057469738,0.994546863477949,0.993787901344337,0.9946897442463983,0.949855386001812,0.8075789130416096,0.8847382822948867,0.9194152275954327,0.800392065222446,0.6421709717506886,0.8592812536734327,0.7692410891450022,0.438923438040315
16,0.9936557933336247,0.9957800039972482,0.9958082347701296,0.9944834800986037,0.9951990406093326,0.9945748119725392,0.9932132940569827,0.9924742372034496,0.994186744472637,0.9923487554833105,0.9953281275122601,0.9068370655033983,0.9259861047574295,0.9393061236216201,0.9036049115331264,0.9939197906677907,0.9942160584953801,0.9947627432997529,0.9948165956377609,0.994484313244576,0.9958725524258329,0.9958477024146466,0.9956103518108811,0.9955807535444806,0.9953605419928634,0.9954948265928408,0.995510502280027,0.9955431261182802,0.9949503441952672,0.9950981398880527,0.9953117818425404,0.9946686380402329,0.9956053223733954,0.9575877999035283,0.8074319868129242,0.8969230476449426,0.9346394058695832,0.8175428881086859,0.686303041771155,0.887331496909931,0.7707880368263558,0.9941538660325986,0.9958409086872407,0.9957800273860545,0.9946861838324893,0.9953640762674345,0.9947295968022066,0.9935270224425679,0.9919218291528851,0.9941554404457598,0.9927687815166911,0.9951873618501031,0.9358221290077698,0.9354884391553175,0.9420470678285723,0.9063008385547578,0.9939508316498168,0.9941528883040088,0.9942450268804731,0.9948507208462052,0.9944501332356874,0.9957625893481137,0.9958343241635841,0.9955627409204943,0.9955073477591107,0.995312543763491,0.9954220323954996,0.9953881298873316,0.9954310313252589,0.9952393392392401,0.9952204373484033,0.995420823728195,0.9947425887784003,0.9955450119195129,0.957977288140587,0.8352021806740824,0.9024840083091826,0.932184520696927,0.8289190339342012,0.6854688893458367,0.8804604413837188,0.8012533704856346,0.4893259605787935
16.4,0.994588794792673,0.9964732692060216,0.9964983235175234,0.9953192590641065,0.995958258634937,0.9954102289180655,0.9942111983512939,0.9935643100470329,0.9950684613614418,0.9934514258069942,0.9960710048307332,0.9214308537592356,0.9377621269104885,0.9490412469969437,0.9186698585088174,0.994828772991195,0.9950905565029032,0.9955743821191066,0.9956235963028449,0.9953280931276559,0.9965544076487608,0.9965329332417421,0.9963235841035457,0.9962965876014317,0.996100501035592,0.9962180487844083,0.9962326282267698,0.9962622207744891,0.9957349775300561,0.9958672384875389,0.9960579187132272,0.9954866710738468,0.9963153464001894,0.9644828788019545,0.8350895949351674,0.9129384302915452,0.9451147008974539,0.8440157559694885,0.7262265122432908,0.9046738422858071,0.8026161478662199,0.9950298182363639,0.9965272021565288,0.9964740283958815,0.9954990320857634,0.9961064420299552,0.9955481892992016,0.9944906129758003,0.9930889091348715,0.9950413705239138,0.9938216613794399,0.9959474078229273,0.9461095322438929,0.9458316500651187,0.9513651854740001,0.9209731596333505,0.9948595498589692,0.9950383019560124,0.9951188483363481,0.9956533833981979,0.995298356002257,0.9964569616826527,0.9965210164339016,0.9962809182661838,0.9962315707303234,0.9960578332662016,0.99614738943034,0.9961246515761468,0.9961614533696014,0.9959924746502551,0.9959758445105112,0.9961549038105151,0.9955508406760285,0.9962625262195774,0.9648217633553104,0.859438487305124,0.9177089490914694,0.9430335829511189,0.853996893521186,0.7254585785953919,0.8987661541160803,0.8296582826615367,0.5394077724480363
16.8,0.9953859496231675,0.9970527383875388,0.9970749666618691,0.9960288125011197,0.9965975314667997,0.9961176495779974,0.9950647550732217,0.9945001764196069,0.9958174239691887,0.9943990585186051,0.9966956653049722,0.9338768061878774,0.9477517152064123,0.9572726260303313,0.9315287728324874,0.9956031160447123,0.9958337732610731,0.9962607494545004,0.9963054743930299,0.9960436694999322,0.9971237093881926,0.9971052251325676,0.9969210512910384,0.9968966303478929,0.9967225615263083,0.9968252506108811,0.9968386762900412,0.9968653658999351,0.9963979614137441,0.9965158499949122,0.9966854653023793,0.9961796130958741,0.9969106025520889,0.9702839957957572,0.8593566455821836,0.9266345977621112,0.9539788416217614,0.8671736803460147,0.7625760007859572,0.9195484322393334,0.8308472028756324,0.9957752610570854,0.9971004021993793,0.9970540936673244,0.9961876897172743,0.996730073523367,0.996240189890318,0.9953126056235071,0.9940919413689711,0.9957940700996982,0.994724337764186,0.9965873964462671,0.9548129671414077,0.9545825974011943,0.959237649027427,0.9334877549947584,0.9956330467923767,0.9957907715245192,0.9958610843631605,0.9963314367184345,0.9960178019906683,0.997037630931461,0.9970946422853101,0.9968829888220351,0.9968392156988898,0.996684796619796,0.9967572651462108,0.9967436772708099,0.9967751784115469,0.9966266434541327,0.9966120509898552,0.9967714519058642,0.9962351603050763,0.9968644711017272,0.9705780508889678,0.880536299434014,0.93070837179708,0.9522200985047357,0.8758621173988699,0.7618784781397292,0.9144958597428723,0.8546257848527414,0.5882092208231768
17.2,0.9960669615452059,0.9975370395171399,0.997556753006861,0.9966312380193557,0.9971357949725717,0.9967165987232549,0.9957945088285087,0.995303077756521,0.9964534897951028,0.9952128905969468,0.9972209324033714,0.9444496467793174,0.9561995823221012,0.964215061006174,0.9424603407914638,0.9962626309826484,0.9964653235461897,0.9968411181677417,0.9968815634534316,0.9966504142275171,0.9975989843750644,0.9975831335144109,0.9974214981168819,0.9973995678646312,0.9972454960895069,0.9973350365538414,0.9973472963758613,0.9973712453252981,0.9969581694274361,0.9970628543000225,0.9972132499739828,0.9967665942552546,0.9974096522011456,0.9751564453638574,0.8804811057871089,0.9382969563925208,0.9614591276952383,0.8872795204614968,0.7952603723307472,0.93224657218096,0.8556542647896563,0.9964096381156018,0.9975790838352793,0.9975388618515713,0.9967711965511239,0.9972539232710345,0.9968250947695108,0.9960135467255874,0.994953219232922,0.9964334304491962,0.9954977903588791,0.9971262962035253,0.9621566211511564,0.9619663950530807,0.9658728027167394,0.9441200880457111,0.9962912840580943,0.9964301122877031,0.9964914110380364,0.9969041599999091,0.9966279142295436,0.9975231724201943,0.9975737620958924,0.9973876830007695,0.9973490075912815,0.9972122025168625,0.9972701859164171,0.9972639386910827,0.9972908525271936,0.9971606285626091,0.9971478554378814,0.9972892566714944,0.9968145674940229,0.9973694644542122,0.9754109767008804,0.8987779927644358,0.9417623065832883,0.9599767399813981,0.8947915533272088,0.7946343250099229,0.9279447473312379,0.8763929828113503,0.6348922759363297
17.6,0.9966486469408945,0.9979417706994652,0.9979592459488151,0.9971427138746524,0.9975889979206974,0.9972236301095561,0.996418110466524,0.9959913979298419,0.996993556700254,0.9959113024935472,0.9976626337331503,0.9534016838177437,0.9633250029089943,0.9700580398093444,0.9517216790797347,0.9968242112686058,0.997001888578674,0.9973317995283083,0.997368214841711,0.9971647767533356,0.9979957301058409,0.9979821860057573,0.9978406497039269,0.9978210837441227,0.9976850896781609,0.9977630291614905,0.9977741443434142,0.9977955363335788,0.9974315302174873,0.9975241640687973,0.9976571145650037,0.997263800789927,0.9978280563773059,0.9792431046573294,0.8987452033620411,0.9481913032684586,0.967757103673152,0.9046227157896347,0.8243262621672599,0.9430435744849043,0.8772761541005757,0.9969494656576323,0.9979787925755121,0.9979439438860078,0.997265643388092,0.9976939300381501,0.9973194076246185,0.9966110269768809,0.9956921168173345,0.9969763858001827,0.9961601112219924,0.9975800799472081,0.9683390140000047,0.9681824847763639,0.9714538659557964,0.953123328507594,0.996851284266388,0.9969731954652763,0.9970265701776864,0.9973878549000343,0.9971452059241633,0.9979291435781656,0.9979739095522621,0.9978107225162927,0.9977766747931934,0.9976558433651848,0.9977016825582478,0.9977011821787199,0.9977241400861454,0.9976102442870101,0.9975990888340315,0.997724110371888,0.997305144329503,0.9977931270665484,0.9794629386472054,0.914458985612661,0.9511294748583881,0.966510419264445,0.9110800248945745,0.8237702334017373,0.9393948894050232,0.8952366352304992,0.6787867073283843
18,0.9971453721454754,0.9982799863680543,0.9982954692630552,0.9975769545492467,0.9979705721082079,0.9976527791459376,0.9969507279944536,0.9965810472078555,0.997452005413783,0.9965102082054573,0.9980340760857691,0.9609603310146361,0.9693218016589747,0.9749669871234199,0.9595453601413743,0.9973022695042109,0.9974576598267326,0.9977465993650116,0.9977792581628633,0.9976007279648269,0.9983269031828447,0.9983153696505586,0.998191692820419,0.99817433743224,0.9980546142741691,0.9981223459739975,0.9981323612167149,0.9981513913449334,0.9978314925877576,0.9979131937820059,0.9980303871982971,0.9976849345856129,0.9981788583290747,0.9826666587983486,0.9144444737772275,0.9565598223498414,0.9730494245717601,0.9195001525527825,0.8499252817778008,0.9521931653714316,0.8959902359628172,0.9974087842585785,0.9983125315602063,0.9982824080984538,0.9976846362023908,0.9980634942647691,0.9977370980160725,0.9971201077559322,0.9963254619821251,0.9974373541656112,0.9967269063654008,0.9979621966179316,0.9735339679512628,0.9734055655835333,0.9761403852472058,0.9607257926729621,0.9973275679268795,0.9974343884653868,0.9974808100622498,0.9977963058206114,0.9975837045145508,0.9982685684848044,0.9983080785651621,0.9981652994411446,0.9981354252899742,0.9980290071236144,0.9980647745305967,0.9980686439476634,0.9980882006805719,0.9979888066160878,0.9979790841412743,0.9980892844375701,0.9977204946166081,0.9981485628681849,0.9828561482728161,0.9278722691362751,0.9590441579967938,0.9720029213344464,0.9250234256180487,0.8494359398739487,0.9491084132724585,0.9114509746674401,0.7194122505860114
18.4,0.997569420991718,0.9985626076106718,0.9985763169868421,0.9979455935422186,0.9982918291361091,0.9980159461710362,0.9974053963226359,0.997085791140626,0.9978410749155346,0.9970233869330785,0.9983464460913525,0.9673275586482568,0.9743594506837523,0.97908510880043,0.9661385169968261,0.9977091062425466,0.9978447139722595,0.9980972035336874,0.9981263904206654,0.9979701352692563,0.9986033311926219,0.9985935419332884,0.9984856821456259,0.9984703677219111,0.9983652287543373,0.9984240008688292,0.9984329765576027,0.9984498435190857,0.998169416059174,0.9982412543077852,0.9983442807759387,0.9980415996517504,0.998472989848088,0.9855318878220175,0.9278722075881459,0.9636194572395597,0.9774894956447685,0.9322022879982577,0.8722820265280755,0.9599246845313468,0.9120905275130856,0.9977995386508101,0.998591172578821,0.9985651896910327,0.9980396864338937,0.9983738798255524,0.9980899896607573,0.9975536844313799,0.9968678598121903,0.9978286114464714,0.9972116375650211,0.9982839694396587,0.9778923054346547,0.9777872669851818,0.9800701905762508,0.9671303395021095,0.9977325234167455,0.9978259277741059,0.9978662583787348,0.9981411688177739,0.997955327175414,0.9985523465289696,0.9985871339964982,0.9984624804137241,0.9984363482919599,0.9983428746397246,0.9983703779130845,0.9983774501867123,0.99839409019338,0.9983075289839393,0.9982990715882308,0.9983959304404849,0.9980721304997084,0.998446763444842,0.9856949294430294,0.9392977381309422,0.9657151932953403,0.9766124057264229,0.9369068225764169,0.871854772756496,0.9573237816303003,0.9253309889685649,0.7564784630572038
18.8,0.9979313040771899,0.9987987677747088,0.9988108985915076,0.9982585049555829,0.9985622949462075,0.9983232210383883,0.9977933158644177,0.9975175337556289,0.9981711811342378,0.9974627667418763,0.998609147719472,0.9726806397194517,0.9785848315850462,0.9825355300549393,0.9716833626347584,0.9980552219509686,0.9981733300407885,0.998393503689463,0.998419504872245,0.9982830798867617,0.9988340593703345,0.9988257768014379,0.9987318826575637,0.9987184326399055,0.9986263153748839,0.9986772414219558,0.9986852475627768,0.99870014778132,0.998454898811598,0.9985178846633064,0.9986082285330758,0.9983436271728835,0.9987196128052133,0.987927886050344,0.9393087092725617,0.9695619398836012,0.9812095310059841,0.9430038292726972,0.8916657815683283,0.9664422933835298,0.9258712378347563,0.9981318971155212,0.9988238021666301,0.9988014357295422,0.9983405388441675,0.9986345530565891,0.9983880892490319,0.9979227964345845,0.9973319744346725,0.9981606091947245,0.9976259146208492,0.9985549317009396,0.9815439323635482,0.9814582200535924,0.983361581806878,0.9725150819952917,0.9980767207821213,0.9981582352018192,0.9981932382252587,0.9984323001775472,0.9982701986672577,0.9987895964387912,0.9988201574321155,0.998711547195719,0.99868875259488,0.9986068540070135,0.9986276481745084,0.9986369535727018,0.9986510977334456,0.9985758551470643,0.9985685111841933,0.9986534178103958,0.9983697977599296,0.998696948238904,0.9880679456372271,0.9489954766455778,0.9713264223880697,0.9804753943643385,0.9469967650515617,0.8912952737724342,0.9642543543421206,0.9371606727866049,0.7898673291373943
19.2,0.9982400195022763,0.9989961030893696,0.9990068292025029,0.9985240738149275,0.9987899917006258,0.9985831580964204,0.9981241081982868,0.9978865624882514,0.9984511877583394,0.9978386685190092,0.9988300863357027,0.9771737010896412,0.9821243401624435,0.985423520706242,0.9763386051745351,0.9983495814291682,0.9984522579451308,0.9986438726929991,0.9986669689578868,0.9985481255778325,0.9990266418776305,0.9990196554942061,0.9989380578082018,0.99892629544939,0.9988457627447203,0.998889832282355,0.9988969438852737,0.9989100672601406,0.9986960531683369,0.9987511309523666,0.9988301664405081,0.9985993490599356,0.9989264058512387,0.9899301368601007,0.9490145250086128,0.974554900861201,0.9843227822459443,0.9521580887682537,0.9083673546379487,0.9719255459940419,0.9376152339480669,0.9984145202809281,0.9990180125496519,0.9989987953406257,0.9985954468736379,0.9988534685381961,0.9986398648817282,0.9982368922993329,0.9977287754564866,0.9984422447785629,0.9979797462943178,0.9987831097033191,0.9846000691261677,0.9845302846535985,0.9861155592354538,0.97703491859039,0.99836917835413,0.9984401864532293,0.9984705362403322,0.998678034056376,0.9985369206816779,0.9989879454789665,0.9990147378021238,0.9989202832811901,0.9989004513824733,0.9988288618190545,0.9988442674537537,0.9988550161422592,0.9988670285370954,0.9988017391144787,0.9987953723937922,0.9988696180549821,0.9986217495915221,0.9989068503248266,0.9900502796761367,0.957202107247673,0.9760380640363696,0.9837089760768706,0.9555369021646674,0.9080479269944544,0.9700885322454543,0.9472054452690736,0.8196050507539265
19.6,0.9985032732442066,0.9991609967282975,0.9991704733016803,0.9987494235426848,0.998981675199918,0.9988030092416246,0.9984060355114127,0.9982017607487791,0.9986886365491501,0.9981600167904852,0.9990159076342436,0.9809397187379446,0.9850861107191835,0.9878386727512539,0.9802413730064503,0.9985998383888622,0.9986889461788935,0.9988553975303011,0.9988758592498578,0.9987725464952005,0.9991873862008112,0.9991815106527732,0.9991107118164182,0.9991004651130635,0.9990302037169319,0.9990682930996612,0.9990745867430181,0.9990861137140277,0.9988997371932725,0.9989477809510957,0.9990167708055897,0.9988158283690847,0.9990998048564182,0.9916024023084903,0.9572267487360141,0.9787436263052665,0.9869257709878169,0.9598941376796047,0.9226813600071591,0.9765308198370678,0.9475866248373694,0.9986547876667001,0.9991801458939628,0.9991636635049841,0.9988114039977614,0.9990373097991624,0.9988524818551479,0.9985040565237554,0.9980677539972488,0.99868109128519,0.9982817565349241,0.9989752610766923,0.9871554713842089,0.9870987720932752,0.988417979235273,0.9808235193107867,0.9986175896430423,0.9986793394994562,0.9987056304092012,0.9988854171442774,0.9987628003198569,0.9991537722678189,0.9991772153237809,0.9990952148938227,0.9990780017854493,0.9990155597221517,0.9990266848825772,0.9990382470063933,0.9990484414454365,0.9989918805685613,0.998986369390556,0.9990511438328405,0.9988349771442843,0.9990829562636505,0.9917053260069467,0.9641293859692978,0.9799886175557241,0.9864130457428339,0.9627460617563164,0.9224073381077468,0.9749909282762276,0.9557078427969438,0.8458291689458113
20,0.9987276659330185,0.9992987835496375,0.9993071491520626,0.9989406076452991,0.9991430348109132,0.9989889215189527,0.9986461893402974,0.9984707928612464,0.9988899433583163,0.9984345226058235,0.9991721985339805,0.984092702926829,0.9875622130539338,0.9898569483460282,0.9835093755006733,0.9988125265602457,0.9988897351144066,0.9990340763823126,0.9990521601274248,0.9989625205716733,0.999321557979491,0.999316630991348,0.9992552932135631,0.9992463983386505,0.9991852153515129,0.9992180982516612,0.9992236495930296,0.9992337492553307,0.9990717495772939,0.9991135614809917,0.9991736581532621,0.998999053598384,0.9992452044213552,0.9929984116828625,0.9641575872864421,0.982253146607322,0.9891004210228147,0.9664159755705496,0.9348935703846769,0.9803932331730929,0.95602657562237,0.9988589889620497,0.999315499124781,0.9993013856502582,0.998994338273102,0.9991916919274259,0.9990320023452802,0.9987312039849273,0.9983571123369676,0.9988835933129884,0.9985393713278468,0.999137075441065,0.9892905422570178,0.9892445625998679,0.9903415643556572,0.9839955089673608,0.9988285167068797,0.9988821289859487,0.9989048838353505,0.9990604070641936,0.998954044082799,0.9992924104580372,0.9993128860434246,0.9992418134938862,0.9992269062800935,0.9991725533735389,0.999180317368504,0.9991922020979884,0.9992008482461194,0.9991519228958775,0.9991471589908925,0.9992035499796676,0.9990154038045613,0.9992307072995684,0.9930864801630473,0.9699643536051873,0.9832970160912938,0.9886724619110275,0.968818061387008,0.9346594920751092,0.9791041473110282,0.9628856456012681,0.8687558655796039
20.4,0.9989188515961959,0.9994139216968717,0.9994213001271632,0.9991027714976939,0.9992788618096649,0.9991461047236128,0.99885065315933,0.9987002652232585,0.9990605650585994,0.9986688426489485,0.9993036560491935,0.9867299024686143,0.989630731438516,0.991542553591708,0.9862431129114496,0.9989932225843302,0.9990600212876906,0.9991849854266666,0.9992009318296761,0.9991232937950069,0.9994335525114596,0.9994294327460822,0.9993763657233913,0.9993686692593049,0.9993154869928197,0.9993438444927328,0.9993487265268045,0.9993575555625753,0.9992169937983675,0.9992533045600014,0.9993055533707933,0.9991541027119984,0.9993671266927185,0.9941633489160376,0.9699944930942068,0.9851904389841021,0.9909160299612763,0.9719030702839101,0.9452725837973509,0.9836287840006297,0.9631515174980922,0.9990324858458751,0.9994284955230517,0.9994164291972547,0.9991492761100482,0.9993213320356,0.9991835545350269,0.9989242467051521,0.9986039304883896,0.9990552338181256,0.9987589804940979,0.9992733433327269,0.9910732799681935,0.9910360601286818,0.9919477311322423,0.9866486739926846,0.9990075551461534,0.9990540318795814,0.9990737097199742,0.9992080401617461,0.9991159227049518,0.9994083194573868,0.9994261731904718,0.9993646658518666,0.9993517819381064,0.9993045597958755,0.9993097172279872,0.9993215520196831,0.9993288810209742,0.9992866198138201,0.9992825072384049,0.9993315025021587,0.9991680490609282,0.9993546680684384,0.9942386258004476,0.9748704971588583,0.9860648384856341,0.9905590544425372,0.9739226647184841,0.9450733415403474,0.9825508727030369,0.96893171578905,0.8886506451267696
20.8,0.9990816729358446,0.9995101363203046,0.9995166382009802,0.9992402891073144,0.9993931911280661,0.9992789736003016,0.9990246425968399,0.9988958668624359,0.9992051417703292,0.9988687179351693,0.9994142292176497,0.9889339197647538,0.991357674904581,0.992949618954671,0.9885280156347855,0.9991466850472207,0.9992043971633381,0.9993124200670387,0.9993264526447271,0.999259319845335,0.9995270382453926,0.9995236031883026,0.9994777516412622,0.999471111876685,0.999424961553101,0.9994493916775301,0.9994536735744143,0.9994613758055203,0.9993396165353307,0.9993710873470202,0.9994164311594619,0.9992852817640683,0.9994693627578159,0.9951351484758337,0.9749013158225763,0.9876466004571169,0.9924310510151417,0.9765117647744971,0.9540649266512483,0.9863365308614223,0.9691530388561558,0.9991798491548398,0.9995228283799757,0.999512527294142,0.9992804803119013,0.9994301926299541,0.9993114758720124,0.9990882370011938,0.9988143124741863,0.9992006763608615,0.9989460779982173,0.9993880983994455,0.9925610343397819,0.9925309568051737,0.9932882217139707,0.9888660827012969,0.9991594750207955,0.9991997087096615,0.9992167119320782,0.9993325734448474,0.9992529112969799,0.9995052274340711,0.9995207706252102,0.999467616823324,0.9994565026155551,0.9994155481671072,0.9994187121215711,0.9994302230984089,0.9994364326589954,0.9993999756161622,0.9993964296479719,0.9994389206207499,0.9992971668445871,0.9994586680372896,0.9951994292998549,0.9789895096417367,0.9883784563013275,0.9921334470386564,0.9782072351659444,0.9538958484380106,0.9854360511627026,0.9740149659273819,0.9058040605149535
21.2,0.9992202768786865,0.9995905398777434,0.9995962640523364,0.9993568789022977,0.9994894207104151,0.9993912685160068,0.9991726264411007,0.9990624920497856,0.9993276180786003,0.999039094848018,0.9995072383743908,0.9907746733807804,0.9927986956450182,0.9941236837807672,0.9904364413746984,0.9992769732783205,0.9993267701365283,0.9994200145418566,0.9994323392422776,0.9993743788484336,0.9996050767619068,0.9996022206812034,0.9995626520861831,0.9995569396007818,0.9995169542837378,0.9995379808914634,0.9995417272790468,0.9995484336794699,0.9994431244783631,0.9994703500747044,0.999509635037561,0.9993962421779503,0.9995550910635445,0.9959456147144093,0.9790200587485107,0.9896989027684255,0.9936946759653258,0.9803771766184066,0.9614927411970814,0.9886007001658924,0.9741988842591224,0.9993049753684669,0.9996015811850706,0.9995927991764174,0.9993915665734374,0.9995216021569271,0.9994194344199867,0.999227490415779,0.9989935146877379,0.9993238864162113,0.9991053837152107,0.9994847370891156,0.9938020649492234,0.9937777991010035,0.9944065401531439,0.9907180544418783,0.9992883412857543,0.9993231240592115,0.9993378048448138,0.999437604680372,0.9993688085478276,0.9995862510460598,0.9995997628546639,0.9995538891667488,0.99954431837837,0.9995088582794143,0.9995105219013295,0.999521515937002,0.999526774861683,0.9994953632491087,0.9994923093098514,0.9995290961459673,0.9994063624290803,0.9995459200748341,0.9960004572272789,0.9824433512898579,0.9903110419977379,0.9934466819198374,0.9817987598461508,0.9613496258749036,0.9878490393884808,0.9782820148700111,0.9205129613223986
21.6,0.999338213471167,0.9996577327828702,0.9996627675469331,0.9994557018948946,0.9995704120225478,0.9994861578791052,0.9992984311024067,0.999204347230579,0.9994313463641913,0.9991842308084765,0.9995854753837342,0.9923111763187451,0.9940006104616229,0.9951029926692901,0.9920294927398589,0.9993875489379751,0.9994304639219235,0.9995108432414131,0.9995216485255364,0.9994716784014865,0.9996702230447284,0.9996678550642165,0.999633747820768,0.9996288455432362,0.9995942526312651,0.999612333623743,0.9996156042041003,0.9996214332421592,0.9995304829854994,0.9995539954792994,0.999587977463878,0.9994900800593685,0.9996269765961882,0.9966213821648252,0.9824729409249556,0.9914126798886193,0.994748223350554,0.9836153240170648,0.9677533131093653,0.9904926514903899,0.9784346244202642,0.9994111856907272,0.999667328130155,0.9996598509046308,0.9994856019222336,0.9995983563387292,0.9995105316550257,0.9993456913096795,0.9991460584048932,0.9994282348476338,0.9992409491365157,0.9995661193933372,0.9948369060310132,0.9948173603840292,0.9953392031689433,0.9922639449425618,0.9993976167687777,0.9994276493871316,0.999440315531384,0.9995261740239656,0.999466838143832,0.9996539956424053,0.999665725396103,0.9996261840688465,0.999617955788809,0.9995873002226221,0.9995878562403978,0.9995982050647222,0.9996026572664454,0.9995756237485581,0.9995729963753986,0.9996047937972301,0.9994986912994636,0.9996191198531266,0.9966681343818222,0.9853364074184964,0.9919243990293726,0.9945416483230453,0.9848060155834859,0.9676324336594232,0.9898656286812371,0.9818592075247348,0.9330669633495239
22,0.9994385206541125,0.9997138875791783,0.9997183117701124,0.9995394450011205,0.9996385746952738,0.9995663250714478,0.9994053307949808,0.9993250442174412,0.9995191748937552,0.9993077865144381,0.9996512878694962,0.9935931191953448,0.9950027315521628,0.9959196173639725,0.9933586407586062,0.999481362934024,0.9995183049772631,0.9995875065409863,0.9995969638493097,0.9995539395337012,0.9997246092456449,0.9997226515547267,0.9996932837553273,0.9996890866452074,0.9996592001987151,0.9996747350327843,0.9996775844450113,0.9996826426524139,0.9996041994615604,0.9996244726641089,0.9996538240819151,0.9995694203620817,0.9996872539560603,0.9971847349146687,0.9853645586993076,0.9928430256411845,0.9956263436296663,0.9863252974959543,0.9730198330145822,0.992072665103197,0.9819856790789937,0.9995013104438021,0.9997222181182823,0.9997158596449748,0.9995651879962634,0.9996628033454673,0.999587389541581,0.9994459835614644,0.9992758282653652,0.999516586170344,0.9993562491212695,0.9996346536460291,0.995699550427729,0.9956838318979373,0.9961168201600885,0.9935537365124893,0.9994902502428115,0.9995161507853935,0.9995270709326096,0.9996008500298349,0.9995497350708348,0.9997106390944476,0.9997208086736297,0.9996867654654997,0.9996797021063821,0.9996532382776295,0.9996529962742227,0.9996626227094191,0.9996663907252888,0.999643149999455,0.9996408918780988,0.999668335501261,0.9995767428388798,0.9996805291862758,0.9972245607439603,0.9877576086533967,0.9932705981957839,0.995454325195639,0.9873217252242336,0.9729179186214465,0.9915499012944651,0.9848547730025365,0.9437394157524085
22.4,0.9995237970194069,0.9997608193142234,0.9997647032807077,0.9996103918303437,0.9996959378110366,0.999634042235141,0.9994961253730295,0.9994276813351921,0.9995935229150901,0.99941290641092,0.9997066499998364,0.9946622610088425,0.9958380195426094,0.9966004207193857,0.9944671546648955,0.9995609298087345,0.9995926961938381,0.9996522035204746,0.9996604680070162,0.999623469852962,0.9997700146375484,0.9997684008505605,0.9997431397603634,0.9997395542330957,0.9997137673483645,0.999727103861564,0.9997295817220574,0.9997339644096159,0.9996663938627987,0.999683847856876,0.9997091646067056,0.9996364882622977,0.9997377969519374,0.99765430268171,0.9877840110871344,0.9940362966852132,0.996358057170041,0.9885913610242142,0.9774429243026238,0.9933915381375276,0.9849594711644801,0.9995777610304944,0.9997680449611804,0.9997626441579337,0.9996325315639834,0.9997169153725408,0.9996522242879738,0.9995310484632,0.9993861583373492,0.999591373835632,0.9994542614989644,0.9996923679029698,0.9964184686684366,0.9964058481322969,0.9967650195228794,0.994629435458345,0.9995687517559657,0.999591063879291,0.9996004722086269,0.9996638024433231,0.9996198190553645,0.9997580019132204,0.9997668081275548,0.9997375307581422,0.9997314759736357,0.9997086615274078,0.9997078629379722,0.9997167292280569,0.9997199172832806,0.999699957301685,0.9996980183688522,0.9997216712248381,0.9996427112132512,0.9997320459100854,0.9976882050838247,0.9897824311627864,0.9943934198678877,0.9962148532423002,0.989424609372868,0.977357129477911,0.9929558979694026,0.9873609712627679,0.9527819819870176
22.8,0.9995962643037951,0.9998000443620065,0.99980345083005,0.999670482875767,0.9997442099447295,0.9996912328981808,0.9995732074825427,0.9995149139961195,0.9996564446673802,0.9995022888300198,0.9997532219754162,0.9955536382779667,0.9965340750461396,0.9971678802439383,0.9953913473842623,0.999628391409634,0.9996556797408022,0.9997067935741186,0.9997140050164537,0.9996822257862762,0.9998079240178169,0.9998065976872923,0.9997848899949341,0.9997818331830999,0.9997596105754073,0.9997710511477014,0.9997732022142134,0.9997769942728867,0.9997188583395495,0.9997338641246589,0.9997556724741459,0.9996931697160795,0.9997801769119417,0.998045650051816,0.9898069057520058,0.9950314272018509,0.9969676426130797,0.9904849132393891,0.9811525928223037,0.9944919901594486,0.9874475652618793,0.9996425913478931,0.999806306019849,0.9998017237358965,0.9996895042917087,0.9997623487868668,0.9997069088133471,0.9996031715999545,0.9994799072046778,0.9996546644353973,0.9995375360841382,0.9997409700282232,0.9970174807423559,0.9970073641198816,0.9973052388728184,0.9955262873244581,0.9996352570580602,0.9996544577477293,0.9996625581536447,0.9997168638060921,0.9996790570580101,0.9997976058844874,0.9998052227874404,0.9997800701121076,0.999774886749204,0.9997552432923572,0.9997540742259539,0.9997621723248064,0.9997648689891582,0.9997477428286634,0.9997460794475153,0.9997664384901432,0.999698455447165,0.9997752624839583,0.9980744917843085,0.9914747313588237,0.9953296110941839,0.9968484536261293,0.9911812794276955,0.981080459610717,0.9941290930016616,0.9894561346152275,0.960421961081998
23.2,0.9996578210943018,0.9998328295801464,0.9998358144296586,0.9997213667226854,0.9997848297348758,0.9997395251216936,0.9996386204621911,0.9995890160063222,0.9997096839330142,0.9995782470584457,0.9997924000263396,0.9962966077287215,0.9971139862717487,0.9976407884354459,0.9961616512072491,0.9996855713856886,0.9997089906624453,0.9997528486052937,0.9997591324205062,0.9997318655337115,0.9998395764589918,0.9998384897413404,0.9998198526060245,0.9998172515276528,0.9997981224410497,0.9998079295270608,0.9998097939452664,0.9998130706864971,0.9997631077053321,0.9997759917791419,0.9997947550352059,0.9997410628578707,0.9998157115482544,0.9983717738399903,0.9914971994671216,0.9958610680876002,0.9974753933300456,0.9920662724240884,0.9842603556304068,0.9954098876138698,0.9895276987520626,0.999697550229801,0.9998382511801645,0.9998343674715952,0.9997376934325803,0.9998004946631599,0.9997530256475685,0.9996643002478287,0.9995595233638901,0.9997082124458407,0.9996082544595644,0.999781898276461,0.9975164981727058,0.9975084022886037,0.9977553962361317,0.9962738250562203,0.9996915826916416,0.9997080894625147,0.9997150592729062,0.9997615815900018,0.9997291164440213,0.9998307230938973,0.9998373041971504,0.9998157161747381,0.9998112843064423,0.9997943911607764,0.9997929932165526,0.9998003368443653,0.999802617325848,0.9997879357315838,0.9997865099406292,0.9998040123788,0.9997455503624483,0.9998115151417005,0.99839629590284,0.9928883947692637,0.9961099718548001,0.9973762110691788,0.9926479459768867,0.9841997731114569,0.9951076837312461,0.9912065507290921,0.9668615745627854
23.6,0.9997100889915055,0.9998602333837361,0.9998628463469633,0.9997644436329125,0.999819008479956,0.9997802965969701,0.999694108233664,0.9996519327506552,0.999754720517914,0.9996427624388142,0.9998253584346619,0.9969157396210647,0.9975970500965576,0.9980348461171314,0.9968035404925518,0.9997340218230114,0.9997541025866211,0.9997916972414113,0.9997971655548199,0.9997737941129877,0.999866005995685,0.9998651184635902,0.9998491313568214,0.9998469220435581,0.9998304735675012,0.9998388746398176,0.9998404882410744,0.999843316242645,0.999800422151901,0.9998114709293228,0.9998275957938958,0.9997815216359909,0.9998455059123013,0.9986435219122382,0.9929088524045175,0.9965525667498757,0.9978982589131877,0.9933862711937593,0.9868613855867953,0.9961753014881364,0.9912656536525963,0.9997441262454372,0.9998649237492379,0.9998616354361363,0.9997784448390578,0.9998325212426462,0.9997919117230234,0.9997160926106433,0.9996271020835653,0.9997535068919727,0.9996682817118158,0.999816363876514,0.9979321531585011,0.9979256856889155,0.9981304581284568,0.9968967671649216,0.999739273087155,0.9997534506110158,0.9997594438852068,0.999799262311497,0.9997714102133011,0.9998584169121787,0.9998640972745115,0.9998455857570416,0.9998418008260445,0.9998272891033413,0.9998257683895724,0.9998323866418825,0.999834314760443,0.9998217393633472,0.9998205181971966,0.9998355475428479,0.9997853297839617,0.9998419251206525,0.9986643598483103,0.9940687953877309,0.9967602872223444,0.9978157384969678,0.9938719353674017,0.9868105494828017,0.9959237074435207,0.99266816167135,0.9722785838439794
24,0.9997544522896981,0.9998831400611367,0.9998854253522711,0.9998009026501159,0.9998477660180587,0.9998147129051287,0.9997411582571299,0.9997053272702017,0.999792809843955,0.9996975304813224,0.9998530848566036,0.9974315791281805,0.9979993831012993,0.9983631635912401,0.997338318840111,0.999775063143257,0.9997922667000365,0.9998244622846325,0.9998292150116751,0.9998092016669734,0.9998880755774674,0.9998873531705191,0.9998736504913743,0.9998717771148051,0.9998576479574036,0.9998648399050536,0.9998662345319437,0.9998686724652539,0.999831883405736,0.9998413474077608,0.9998551899497402,0.9998156928626751,0.9998704867255968,0.9988699451902321,0.9940872923606511,0.9971288048034341,0.9982503873599163,0.9944876613005644,0.9890365681732641,0.9968134147768621,0.9927169445541434,0.9997835859759578,0.9998871946005433,0.9998844130900157,0.9998128994758642,0.9998594096031244,0.9998246962950599,0.9997599600325152,0.9996844347567063,0.9997918111130907,0.9997192111551734,0.9998453868827462,0.9982783302334484,0.9982731731141918,0.9984429189770939,0.9974157833303938,0.9997796408088535,0.9997918069678403,0.9997969574147892,0.9998310088553813,0.9998071354665706,0.9998815762556889,0.9998864744308601,0.9998706147751493,0.9998673858669832,0.9998549329239492,0.9998533675016006,0.9998592997908122,0.9998609296720273,0.999850166862399,0.9998491217412599,0.9998620134988241,0.9998189231950841,0.999867433249802,0.9988876434159242,0.9950540721837197,0.9973021228730844,0.998181739174672,0.9948930191362654,0.9889939423306121,0.9966040017335226,0.9938880720177142,0.9768277440594418
24.4,0.9997920920780112,0.9999022884411984,0.9999042853248566,0.9998317531934359,0.9998719609490827,0.9998437599697777,0.9997810384859507,0.9997506201283974,0.9998250166641084,0.9997440008497658,0.9998764100147349,0.9978612925259219,0.9983344377173716,0.9986366828775727,0.9977837876842481,0.9998098182263653,0.9998245449753023,0.9998520924287632,0.9998562183411267,0.9998390960327329,0.9999065053997851,0.9999059195031852,0.9998941839324349,0.9998925979554018,0.9998804726988902,0.9998866257264214,0.9998878295688781,0.9998899289910977,0.9998584053343202,0.9998665031032984,0.9998783743054258,0.9998445476739629,0.9998914311613466,0.9990585930297742,0.9950706955153538,0.9976089108484461,0.9985435820754166,0.9954063377896304,0.9908544100022286,0.9973452968809173,0.9939283162246877,0.9998170067196288,0.9999057906791982,0.9999034400356904,0.9998420244238742,0.9998819836242255,0.9998523330396935,0.9997971031669433,0.9997330516666972,0.9998241966378398,0.9997624029517215,0.9998698263599867,0.9985666143510282,0.9985625100968427,0.9987032047690335,0.9978481442435891,0.9998138009339309,0.9998242323122417,0.9998286558670129,0.9998577520485741,0.9998373061103376,0.9999009442236892,0.9999051640595219,0.9998915875395924,0.9998888357947565,0.9998781601006534,0.9998766060698694,0.9998818981886715,0.9998832757138006,0.9998740711405534,0.9998731773244152,0.9998842242775968,0.9998472868402559,0.9998888289694171,0.9990736173788421,0.9958762354613493,0.9977535009538699,0.9984864807897132,0.9957445680222383,0.990818690763527,0.9971710254576105,0.9949058708135143,0.9806427283595033
24.8,0.9998240155372089,0.9999182958402499,0.9999200391452535,0.9998578519588169,0.9998923160913814,0.9998682715782712,0.9998148291324209,0.9997890238573309,0.9998522437635733,0.9997834119867267,0.9998960326591446,0.9982192137421918,0.9986134370894527,0.998864532736278,0.9981548121381343,0.9998392415821445,0.9998518384900604,0.9998753891159208,0.9998789668714015,0.9998643304233287,0.9999218965423464,0.9999214231826649,0.9999113797321617,0.9999100391030202,0.9998996429484386,0.9999049040207918,0.9999059419504702,0.9999077480508248,0.9998807598537908,0.9998876815710382,0.9998978524321096,0.9998689082420549,0.9999089909763987,0.9992157607591593,0.995891096402083,0.9980088646045904,0.9987876862170226,0.9961723966719613,0.9923727685194177,0.9977885615727919,0.9949390559469504,0.999845304434139,0.9999213187969431,0.9999193340398055,0.9998666392103919,0.9999009351590963,0.9998756272177378,0.9998285429484358,0.9997742589870304,0.9998515720311503,0.999799017423568,0.9998904057987692,0.99880666770953,0.998803408166672,0.9989200122433252,0.9982082712934368,0.9998427004074069,0.9998516372439945,0.9998554343379292,0.9998802773652506,0.9998627806553231,0.9999171420341475,0.9999207743208115,0.9999091613053731,0.9999068184732208,0.999897674903516,0.9998961713379731,0.9999008724516748,0.9999020364967715,0.9998941701541544,0.9998934062570561,0.9999028633314849,0.9998712301172186,0.9999067746806611,0.9992285094216246,0.9965621187896637,0.9981294722199833,0.9987401943404681,0.9964545459760692,0.992342852484266,0.9976435572100163,0.9957547790992713,0.9838382632130336
25.2,0.9998510810979023,0.9999316780652709,0.999933198649182,0.9998799258235442,0.9999094399239628,0.9998889527157381,0.9998434499500618,0.9998215726825094,0.9998752563844161,0.9998168210547275,0.9999125405527822,0.9985173053379762,0.9988457406749367,0.9990543266730223,0.9984637984817535,0.9998641442782107,0.9998749115557691,0.9998950292737978,0.9998981283959217,0.999885626948146,0.9999347506914386,0.999934369838147,0.9999257805466196,0.9999246489476035,0.9999157429417209,0.9999202388187189,0.999921132713012,0.9999226850068624,0.9998995988578883,0.9999055096541353,0.999914215843466,0.9998894704544398,0.9999237127465173,0.999346696902731,0.9965753428456835,0.9983420073419847,0.9989909053398583,0.9968110425766662,0.9936403925698029,0.998157924054059,0.995782132430866,0.9998692576051552,0.9999342854939091,0.99993261110173,0.9998874381718895,0.9999168451784786,0.9998952586593546,0.9998551470967213,0.9998091707436818,0.9998747074503485,0.9998300437548535,0.9999077345154871,0.9990065460818387,0.9990039632045422,0.9991005934662838,0.998508200227381,0.9998671430955944,0.9998747937274975,0.9998780512847965,0.9998992475100665,0.9998842858370613,0.9999306890292889,0.9999338129990246,0.9999238868487383,0.9999218939811049,0.9999140695359052,0.9999126424508666,0.9999168028473381,0.9999177863404299,0.9999110681994481,0.9999104157589646,0.9999185044563645,0.9998914379719042,0.9999218261780357,0.9993575099337456,0.9971341933019092,0.99844259893302,0.9989514091144662,0.9970463610766853,0.9936153478943737,0.9980372873281869,0.9964626383626594,0.9865122991077002
25.6,0.9998740200335423,0.999942866122373,0.9999441912914723,0.999898591345226,0.9999238446468808,0.9999063993444002,0.9998676836454938,0.9998491481411348,0.9998947030038113,0.9998451297915826,0.9999264281153742,0.9987655464259115,0.9990391510744029,0.9992124127371078,0.9987210961267965,0.9998852152317403,0.9998944122692747,0.999911584561833,0.9999142663603205,0.9999035965906407,0.9999454865945817,0.9999451815562702,0.9999378407801418,0.9999368869359189,0.999929263663384,0.9999331035655257,0.9999338726154962,0.9999352055831522,0.9999154727773231,0.9999205157373707,0.9999279618106099,0.9999068231659708,0.9999360548354298,0.9994557765015313,0.9971459127226923,0.9986194720272639,0.9991600778396972,0.9973433634336135,0.9946982764297428,0.9984656712162712,0.9964851766868447,0.9998895276295685,0.9999451136165565,0.9999437022180684,0.9999050094469181,0.9999302015309752,0.999911801208368,0.999877652783423,0.9998387363860463,0.9998942555408499,0.9998563246946097,0.99992232567249,0.9991729639700437,0.9991709222733216,0.9992509942705852,0.9987579713480977,0.9998878111583934,0.9998943559886724,0.9998971491793505,0.9999152215120934,0.9999024366800658,0.9999420193959463,0.9999447040794915,0.9999362257130686,0.9999345319922759,0.9999278419277543,0.9999265074461309,0.9999301768949476,0.999931007716807,0.9999252738565464,0.999924716953581,0.9999316293655507,0.99990848989994,0.9999344497956572,0.999464944064372,0.997611260997798,0.9987033614522834,0.9991272335523922,0.9975395903376896,0.9946773175935709,0.99836531809563,0.9970527567399349,0.9887481042333139
26,0.999893454982689,0.9999522201731285,0.999953374061928,0.9999143713584643,0.9999359613927259,0.9999211151657669,0.9998881959522286,0.9998725011346068,0.9999111330041535,0.9998691068078974,0.9999381112588851,0.9989722584917619,0.9992001711689169,0.9993440826713123,0.9989353353392626,0.999903039386711,0.9999108900112462,0.9999255376592029,0.9999278560862178,0.9999187561712685,0.9999544537888314,0.9999542106934898,0.999947940940867,0.9999471379896534,0.9999406177064473,0.9999438956510932,0.9999445566497552,0.9999457003193593,0.9999288462852357,0.9999331451559557,0.9999395083499738,0.9999214645387311,0.9999464016256728,0.9995466459715318,0.9976216092463058,0.9988505450434768,0.9993009013573404,0.9977869887649718,0.9955808376998589,0.9987220576883026,0.9970713216441399,0.9999066762166386,0.9999541561542821,0.9999529673864216,0.9999198511058695,0.9999414138605384,0.9999257391684347,0.9998966860044782,0.9998637645371881,0.9999107692103677,0.9998785777950839,0.9999346114525569,0.9993115165934268,0.9993099069895067,0.9993762538214276,0.998965957264911,0.9999052832726043,0.9999108782991409,0.9999132720756284,0.9999286708654647,0.9999177535354186,0.9999514961400958,0.9999538015871304,0.9999465646626206,0.9999451263563021,0.9999394107100061,0.9999381775688849,0.9999414041636376,0.9999421059144311,0.9999372151082974,0.9999367400323755,0.9999426424506105,0.99992287606692,0.9999450367963865,0.9995544154661492,0.998009042781961,0.9989204998975262,0.9992735904337419,0.9979505946112259,0.9955633035354885,0.9986385853020169,0.9975446298555408,0.9906162145938754
26.4,0.9999099158274343,0.9999600411921036,0.9999610451060152,0.999927709097954,0.999946153038146,0.9999335258225706,0.9999055528282804,0.9998922708896775,0.9999250116947712,0.999889406791744,0.9999479398623059,0.9991443786348881,0.9993342193560424,0.9994537468624088,0.9991137105283104,0.9999181132246302,0.999924810339495,0.999937296046615,0.9999392984866415,0.9999315427455846,0.999961944054527,0.9999617514039352,0.9999563996609182,0.9999557245878614,0.9999501517677337,0.9999529486118944,0.9999535162208909,0.9999544966964121,0.9999401115855202,0.9999437732016516,0.9999492068320079,0.9999338159072166,0.9999550754535984,0.999622344100191,0.9980181505791291,0.9990429698378765,0.9994181221210769,0.998156647077231,0.9963169336920977,0.9989356387323577,0.9975599173290276,0.9999211802377742,0.9999617077877766,0.9999607073025895,0.9999323848475661,0.9999508261358261,0.9999374812106413,0.9999127781266491,0.9998849434263221,0.9999247167422549,0.9998974136526274,0.9999449558375504,0.9994268655505071,0.9994256003239255,0.9994805714976329,0.9991391377644334,0.9999200501628078,0.9999248301049743,0.9999268805470579,0.9999399931708278,0.9999306765435291,0.9999594227665333,0.9999614011387447,0.999955227795864,0.9999540073297291,0.9999491278158947,0.9999479993351416,0.9999508287136307,0.999951421364806,0.9999472520777791,0.999946847033239,0.9999518831788344,0.9999350109820707,0.9999539154474375,0.9996289263151008,0.9983406756729963,0.9991013007821679,0.9993954136017643,0.9982930385449789,0.9963022684019018,0.9988662127822832,0.997954552410104,0.9921762061123852
26.8,0.9999238532966369,0.9999665807043581,0.9999674534287655,0.9999389802135134,0.9999547249936132,0.9999439909286405,0.9999202351779984,0.9999090012436714,0.9999367330777957,0.9999065870292794,0.9999562082620159,0.9992876884201441,0.9994458095355099,0.9995450805700884,0.9992622175581038,0.9999308579934199,0.9999365676601899,0.9999472036652165,0.999948931658557,0.9999423258211041,0.9999682009714983,0.9999680492605431,0.9999634837610473,0.9999629168917654,0.9999581571548751,0.9999605423778305,0.9999610293717355,0.9999618693082841,0.9999495996540555,0.9999527160996532,0.999957352587707,0.9999442335408149,0.999962346619235,0.9996854030613489,0.9983486682746266,0.9992032014540393,0.9995156931598339,0.9984646364444101,0.9969307328041734,0.9991135496094606,0.9979671376220511,0.9999334443938953,0.9999680145274654,0.9999671731308445,0.9999429676278661,0.999958727173445,0.9999473721320846,0.9999263800116226,0.9999028584454551,0.9999364946415433,0.9999133515586528,0.9999536653698512,0.9995228939705012,0.9995219026878774,0.9995674463374791,0.999283330036142,0.9999325278313311,0.9999366088911372,0.9999383643814992,0.9999495236622841,0.9999415779071255,0.999966053040649,0.9999677495867394,0.99996248669716,0.9999614518361456,0.9999572890843529,0.9999562646997816,0.9999587395554027,0.9999592400035519,0.9999556877585314,0.9999553426072785,0.9999596365052842,0.9999452450943693,0.9999613611545557,0.9996909774729216,0.9986171321445084,0.999251837156098,0.999496812371418,0.9985783290752138,0.9969184696583674,0.999055810077045,0.9982961353805251,0.9934782759597124
27.2,0.9999356506123802,0.9999720489193117,0.9999728069979854,0.9999485029887781,0.9999619342900816,0.9999528142565084,0.9999326514448393,0.9999231546167723,0.9999466306932637,0.9999211215998419,0.9999631640738753,0.999407005349692,0.9995387014954067,0.999621146070411,0.9993858523256633,0.9999416309846338,0.9999464960043589,0.9999555507776556,0.9999570406790943,0.9999514177198251,0.999973427892295,0.9999733092848543,0.9999694166778526,0.9999689412288207,0.9999648786208286,0.9999669118768235,0.999967329365145,0.9999680483945791,0.9999575897464182,0.999960240271734,0.9999641938303088,0.9999530186199036,0.9999684417817013,0.999737932713382,0.9986241275690048,0.9993366196394577,0.9995969064121387,0.9987212208539307,0.9974424576991107,0.9992617397118865,0.9983064933618261,0.9999438120165074,0.9999732817578937,0.9999725746645353,0.9999519015306407,0.999965359476052,0.9999557027955877,0.9999378740650757,0.9999180072175095,0.9999464385498202,0.9999268329156115,0.9999609982152681,0.9996028360790239,0.9996020622643945,0.9996397934881806,0.9994033812994652,0.9999430688229132,0.9999465511160258,0.9999480533663618,0.9999575449456388,0.9999507723026111,0.9999715991473764,0.9999730530696097,0.9999685689443009,0.9999676920723659,0.9999641431815859,0.9999632196281566,0.9999653794420102,0.9999658019791297,0.9999627770529699,0.999962483089772,0.9999661416169822,0.999953874624617,0.9999676049669153,0.9997426520432797,0.9988475730548945,0.9993771695745772,0.9995812088284659,0.9988159844064718,0.9974322051051348,0.9992137219848855,0.9985807422309376,0.9945646343226557
27.6,0.999945633454605,0.9999766215252539,0.9999772795107957,0.9999565470294927,0.9999679972310054,0.9999602523628569,0.9999431483749907,0.9999351239879433,0.9999549868293776,0.9999334135593219,0.9999690156127395,0.9995063429202897,0.9996160264821766,0.9996844946262488,0.9994887767755373,0.999950735142299,0.9999548781894609,0.9999625823068754,0.9999638658821384,0.9999590823649125,0.9999777945948692,0.9999777026487362,0.9999743855199632,0.9999739872017193,0.999970521791699,0.9999722542600592,0.9999726118876064,0.9999732269978558,0.9999643174378182,0.9999665701522217,0.9999699391592911,0.9999604256946031,0.9999735510006366,0.9997816909229799,0.998853681033215,0.9994477070951592,0.9996645029738673,0.9989349633718115,0.9978690164897472,0.999385168571673,0.9985892650999123,0.9999525742733968,0.999977680951726,0.9999770871421154,0.9999594421449925,0.9999709266549801,0.9999627185302964,0.9999475845095436,0.9999308125145451,0.9999548325159264,0.9999382327266748,0.9999671717956982,0.9996693853357851,0.999668783771777,0.9997000414020376,0.999503329831086,0.9999519718116132,0.9999549415018743,0.9999562264474653,0.9999642952238943,0.9999585257093175,0.9999762385106392,0.9999774837324854,0.9999736652380832,0.9999729227270456,0.9999698991069549,0.9999690713226133,0.9999709522597431,0.9999713089722754,0.9999687343849653,0.9999684841415887,0.9999715992760785,0.99996114989985,0.9999728407146368,0.9997856850519254,0.9990396441729186,0.99948151412875,0.9996514524200504,0.9990139439364147,0.9978604461355465,0.9993452375366548,0.998817856010318,0.9954707163282267
28,0.9999540784812474,0.999980445365221,0.9999810160440041,0.9999633406482782,0.9999730958359031,0.9999665218896689,0.999952020210961,0.9999452431500274,0.9999620403418059,0.999943805385867,0.9999739381326914,0.9995890443233788,0.9996803919911367,0.9997372515786696,0.9995744575864216,0.9999584272463191,0.9999619536050572,0.9999685048862449,0.9999696098496116,0.9999655427287168,0.9999814428336311,0.9999813722677627,0.9999785469762654,0.999978213645037,0.9999752594114746,0.9999767349687216,0.9999770410953958,0.9999775669671531,0.9999699814204669,0.9999718947820262,0.9999747638715151,0.9999666698549907,0.9999778336420332,0.9998181422145451,0.9990449656374421,0.9995401984479075,0.9997207650581187,0.9991130057462563,0.9982245369744396,0.9994879698043755,0.998824867294321,0.9999599780110883,0.9999813552734442,0.9999808569400809,0.9999658056731183,0.9999755996639393,0.999968626230152,0.9999557861379543,0.9999416333214315,0.9999619168673851,0.999947869427142,0.9999723692173936,0.9997247846456084,0.9997243191853628,0.9997502129284285,0.999586539478399,0.9999594897561923,0.9999620209251329,0.9999631195038117,0.9999699752436194,0.9999650628946931,0.9999801194933592,0.9999811853375267,0.9999779353770273,0.9999773070352211,0.9999747325072835,0.999973994315315,0.9999756292401442,0.9999759303474177,0.9999737401108542,0.99997352718567,0.9999761779861973,0.9999672824164593,0.9999772309986921,0.9998215215389822,0.9991997249600655,0.9995683828292528,0.9997099155445592,0.9991788281895473,0.9982173737696948,0.9994547648203099,0.9990153877299549,0.9962262285432064
28.4,0.9999612206086175,0.999983643178581,0.99998413777246,0.9999690771394389,0.9999773832660398,0.9999718057430033,0.9999595165387621,0.9999537954834206,0.9999679932899653,0.9999525879267865,0.9999780790756727,0.9996578940613524,0.9997339691757964,0.9997811873271217,0.9996457819558895,0.9999649248786671,0.9999679248267188,0.9999734928190154,0.9999744433158781,0.9999709871440312,0.9999844909714934,0.9999844374696364,0.9999820322629588,0.999981753616198,0.9999792365917923,0.9999804928277396,0.9999807546890487,0.9999812039935375,0.9999747492492249,0.999976373371012,0.9999788152687645,0.9999719328073627,0.9999814233315969,0.99984850667186,0.999204351927137,0.9996172046699902,0.9997675926702775,0.9992613027476744,0.9985208175526142,0.9995735881306446,0.9990211542547894,0.999966232432948,0.9999844242564294,0.9999840063278452,0.9999711749596877,0.9999795220341116,0.9999736003509667,0.9999627117684499,0.999950774302012,0.9999678948914709,0.9999560132899267,0.9999767446849831,0.9997709015852367,0.9997705433805262,0.9997919929463479,0.9996558119570313,0.9999658368346986,0.9999679931152239,0.9999689319449135,0.9999747541599755,0.9999705737580656,0.9999833661619264,0.9999842779476453,0.9999815132642523,0.9999809818563125,0.9999787909883036,0.9999781356052979,0.9999795541810077,0.9999798083221506,0.9999779459179703,0.999977764827984,0.9999800191703314,0.9999724508243985,0.999980912217628,0.9998513649794515,0.9993331370520279,0.9996407008177743,0.9997585732581853,0.9993161565551402,0.9985148311179837,0.9995459771194578,0.9991799350283566,0.9968560466158145
28.8,0.9999672592285173,0.9999863175622729,0.9999867459091655,0.9999739201089153,0.9999809883927793,0.9999762583207727,0.9999658489814559,0.99996102145594,0.9999730165675083,0.9999600080544272,0.9999815624862762,0.9997152110813795,0.9997785657310736,0.9998177765205238,0.9997051542150559,0.9999704123507321,0.999972963232438,0.9999776931148628,0.9999785101532666,0.9999755746503974,0.9999870378452298,0.9999869978906947,0.9999849512658424,0.9999847185772136,0.9999825752249848,0.9999836443223866,0.9999838681721238,0.999984251833592,0.9999787621972426,0.999980139989476,0.999982217120967,0.9999763680219989,0.9999844321092103,0.9998738007042844,0.9993371527844397,0.9996813169351496,0.9998065675177166,0.9993848183561974,0.9987677069433401,0.9996448938254666,0.9991846767762554,0.9999715147832661,0.9999869877067277,0.9999866374391181,0.9999757046050892,0.9999828142705137,0.9999777879760787,0.9999685585898145,0.9999584938910082,0.9999729385040425,0.9999628936062528,0.9999804280613471,0.9998092911145648,0.9998090171825865,0.9998267847552064,0.9997134805547254,0.999971194338501,0.9999730303395147,0.9999738323069138,0.9999787744877905,0.9999752187054063,0.9999860822688075,0.9999868618367034,0.9999845111032492,0.9999840619329496,0.999982198582137,0.9999816189896326,0.9999828478341554,0.9999830623112338,0.9999814793701142,0.9999813254226775,0.9999832415185421,0.9999768059959553,0.9999839987858949,0.9998762176346228,0.9994443187981981,0.9997009041802025,0.9997990697144585,0.9994305294935107,0.9987627044252099,0.9996219349913866,0.9993169988711667,0.9973809811182318
29.2,0.999972363514142,0.9999885542802639,0.9999889249955501,0.9999780080001945,0.9999840196438713,0.9999800099349346,0.9999711969050632,0.9999671250286553,0.9999772546780012,0.9999662752114181,0.999984492725317,0.9997629264552509,0.9998156866451847,0.9998482474048551,0.9997545764124696,0.9999750457445226,0.9999772137702512,0.9999812297456401,0.9999819315809058,0.9999794395216027,0.9999891659912036,0.9999891367282184,0.9999873960087817,0.999987201898331,0.999985377693531,0.999986287188647,0.9999864784252238,0.9999868058516704,0.9999821393585975,0.9999833075245437,0.9999850734191468,0.9999801050930867,0.9999869539133024,0.9998948710255532,0.9994477981595676,0.9997346932693054,0.9998390062648704,0.9994876898584552,0.9989734233462805,0.9997042782642229,0.9993208971458653,0.9999759751831444,0.9999891289614354,0.9999888355888932,0.9999795253006325,0.9999855775439288,0.9999813130944913,0.999973493559853,0.9999650112051947,0.9999771930579429,0.9999687048154062,0.9999835287081508,0.9998412478405478,0.9998410399059624,0.9998557570812544,0.9997614882878202,0.9999757156798493,0.9999772782261844,0.9999779629977283,0.9999821562803248,0.9999791332017641,0.9999883545817112,0.9999890207540215,0.9999870229139195,0.9999866434626549,0.9999850595045972,0.9999845487149881,0.9999856115927079,0.999985792576698,0.9999844477343527,0.9999843169161097,0.9999859446384156,0.9999804753179919,0.9999865866736947,0.9998969141738894,0.999536971267582,0.9997510215363683,0.9998327735292196,0.9995257808804396,0.9989692433614953,0.999685188189707,0.9994311649099659,0.99781842811731
29.6,0.9999766769456327,0.9999904250285931,0.9999907456491268,0.9999814579362386,0.999986568241625,0.9999831705514375,0.9999757122796232,0.9999722791230865,0.9999808297843676,0.9999715670016256,0.999986957593676,0.9998026481474238,0.9998465848261711,0.9998736229556316,0.9997957155031828,0.9999789571983704,0.99998079900391,0.9999842072407139,0.9999848097172073,0.9999826950986245,0.9999909443374516,0.9999909234551194,0.9999894435579965,0.9999892817934867,0.9999877299878922,0.9999885034273129,0.999988666705236,0.9999889459906862,0.9999849811139817,0.9999859710161959,0.9999874715309222,0.9999832534303528,0.9999890675031599,0.9999124229715565,0.9995399812013402,0.9997791308186027,0.9998660048999395,0.9995733649990592,0.9991448222863174,0.9997537336535846,0.9994343690936014,0.9999797407429792,0.9999909176084689,0.9999906720438854,0.9999827475031428,0.9999878967912116,0.9999842802132977,0.9999776579958082,0.9999705119413034,0.9999807814202819,0.9999736117336019,0.9999861387205453,0.9998678495646051,0.9998676931250076,0.9998798832536222,0.9998014530675482,0.9999795306445959,0.999980859854283,0.9999814443192089,0.9999850006555555,0.9999824316260791,0.9999902556666236,0.9999908246498977,0.9999891274789813,0.999988807093153,0.999987461314935,0.9999870125560658,0.9999879305894744,0.9999880832946946,0.9999869412024345,0.9999868300833208,0.9999882121199629,0.9999835663256554,0.9999887563773889,0.9999141496857564,0.9996141803042833,0.9997927420727298,0.9998608239061072,0.9996051052948633,0.999141329826765,0.9997378607203644,0.9995262551360108,0.9981829198810382
30,0.9999803211678325,0.9999919897456612,0.9999922668580555,0.9999843689797611,0.9999887109289659,0.9999858329525206,0.9999795238181003,0.9999766302839179,0.9999838451415445,0.9999760339620895,0.999989030960157,0.9998357150021243,0.9998723032814654,0.9998947551569496,0.9998299593529459,0.9999822585488526,0.9999838225447377,0.9999867137238178,0.9999872305777988,0.9999854370336293,0.9999924304505228,0.999992416085945,0.9999911584539681,0.999991023779666,0.9999897043269209,0.9999903618341793,0.9999905011621171,0.9999907392635328,0.9999873720577244,0.9999882104698167,0.9999894848534772,0.9999859053839787,0.999990838909794,0.9999270440977379,0.9996167803865654,0.9998161261028894,0.9998884756898119,0.9996447165395067,0.9992876211045919,0.999794919541376,0.9995288882764966,0.9999829190582699,0.9999924117568139,0.9999922063364876,0.9999854645488048,0.9999898433187229,0.9999867774074658,0.9999811714758996,0.9999751534053294,0.999983807428713,0.9999777540113226,0.9999883356516253,0.9998899935606014,0.9998898771331612,0.9998999738490471,0.9998347220197081,0.9999827490024703,0.9999838792211476,0.9999843778753258,0.9999873927713264,0.9999852105343658,0.9999918462143871,0.9999923319511965,0.999990890813011,0.9999906204342456,0.999989477572842,0.9999890844106768,0.9999898763003255,0.999990005132119,0.9999890356023035,0.9999889412526677,0.9999901141087818,0.9999861697777812,0.9999905754119944,0.9999285030119568,0.9996785185047959,0.9998274722537188,0.9998841690569595,0.9996711643094415,0.9992847032547573,0.9997817217952218,0.9996054546059471,0.9984865897117657
30.4,0.9999833992769618,0.9999932985426496,0.9999935378973671,0.9999868248990479,0.9999905122642393,0.9999880754100453,0.9999827404984686,0.9999803026528595,0.999986388005482,0.9999798036327958,0.9999907749721738,0.9998632417334555,0.9998937102535392,0.9999123535649254,0.9998584634079971,0.9999850444243941,0.9999863719618176,0.9999888234777153,0.9999892666050214,0.9999877460347458,0.9999936724108148,0.9999936630684181,0.9999925947478245,0.999992482737348,0.9999913613600651,0.9999919201239185,0.9999920389507331,0.9999922418424066,0.9999893834693696,0.9999900932270798,0.9999911750438837,0.9999881388890824,0.9999923234913767,0.9999392238412482,0.9996807615336443,0.999846925238764,0.9999071779566501,0.9997041378963841,0.9994065869137357,0.9998292182813413,0.9996076180342796,0.9999856011799954,0.9999936599316059,0.999993488197475,0.9999877552911458,0.9999914769884807,0.9999888788941896,0.999984135153854,0.9999790687980213,0.9999863588204188,0.9999812499304961,0.9999901848071358,0.9999084267923252,0.9999083413071678,0.9999167038905091,0.9998624167523565,0.9999854635708202,0.9999864241809961,0.9999868494591473,0.9999894043350654,0.9999875514213207,0.999993176985763,0.9999935914613415,0.9999923682314517,0.999992140164211,0.9999911700725137,0.9999908264871799,0.9999915087314876,0.9999916174112254,0.9999907946801834,0.999990714599323,0.9999917094662865,0.9999883622590944,0.999992100402587,0.9999404561839195,0.9997321303807623,0.9998563830840264,0.9999035981990569,0.9997261752049919,0.9994041492551802,0.9998182450027395,0.9996714172757966,0.9987395633733948
30.8,0.9999859986192546,0.9999943933166078,0.9999945999292608,0.999988896513593,0.9999920265528773,0.9999899639450149,0.9999854545593109,0.9999834013532065,0.9999885320976997,0.9999829840250783,0.9999922419155447,0.9998861564105478,0.9999115284835989,0.999927009105729,0.9998821895783184,0.9999873948720843,0.9999885212490049,0.9999905991097159,0.99999097880181,0.9999896901878026,0.9999947103779214,0.9999947048624441,0.9999937977065507,0.9999937046367117,0.999992752017993,0.9999932267127962,0.9999933280028305,0.999993500810861,0.9999910754002589,0.9999916759642586,0.99999259389398,0.9999900197030376,0.999993567657002,0.9999493699029557,0.9997340629743302,0.9998725657927779,0.9999227437058091,0.9997536229493906,0.9995056938253339,0.9998577812756879,0.9996731944196063,0.9999878641375178,0.9999947026560888,0.9999945591702871,0.9999896863353079,0.9999928480538741,0.9999906472055704,0.9999866345735137,0.9999823708640333,0.9999885097135379,0.9999841996372799,0.9999917411782202,0.9999237710797675,0.9999237093920886,0.9999306355058303,0.9998854710725487,0.9999877528136164,0.9999885689345543,0.9999889314975455,0.9999910957205194,0.9999895230568331,0.9999942904375992,0.9999946439467591,0.9999936060843921,0.9999934137961323,0.9999925907209425,0.9999922911481459,0.9999928782571306,0.9999929699279942,0.9999922720210426,0.9999922040756544,0.9999930475831967,0.9999902083814514,0.9999933788390976,0.9999504106115308,0.9997768034524495,0.9998804494881034,0.9999197681994731,0.999771984985625,0.9995036574204629,0.9998486576395444,0.9997263543449574,0.9989502880672572
31.2,0.999988193172795,0.999995309098435,0.9999954873395909,0.9999906436827853,0.9999932994733026,0.9999915542369705,0.9999877440463369,0.9999860153706883,0.999990339692748,0.9999856665754704,0.9999934757791293,0.9999052316846218,0.9999263595816649,0.9999392139013257,0.9999019386280079,0.9999893775873033,0.9999903329155858,0.9999920933798502,0.9999924185315249,0.9999913269197099,0.9999955778973039,0.9999955752582688,0.9999948052409036,0.9999947279837998,0.9999939190676718,0.9999943222149544,0.9999944085137666,0.9999945556329769,0.999992498434742,0.9999930063762844,0.9999937849063468,0.9999916032978249,0.9999946103122584,0.9999578218957371,0.9997784666368742,0.9998939116533041,0.9999356989641774,0.9997948326155476,0.999588254377434,0.999881567520942,0.9997278138767105,0.9999897730805813,0.9999955737722271,0.9999954539593623,0.999991313929915,0.9999939987010853,0.9999921350220099,0.99998874205792,0.9999851549971847,0.9999903227088338,0.9999866878927149,0.9999930510693001,0.9999365440564085,0.9999365005545602,0.999942236802342,0.9999046624065475,0.9999896830454514,0.9999903761376607,0.9999906851207482,0.9999925177527442,0.9999911834623303,0.999995222082441,0.999995523461561,0.9999946432094249,0.9999944811590155,0.9999937831169662,0.9999935224641239,0.9999940271630567,0.999994104479536,0.9999935126645781,0.9999934550358024,0.9999941699018804,0.9999917626454344,0.9999944505486247,0.9999587005661131,0.9998140275783676,0.9999004831160364,0.9999332257595835,0.9998101321096737,0.9995865532409983,0.9998739818300123,0.9997721079711931,0.9991258084801139
31.6,0.9999900455736189,0.9999960751793842,0.999996228854056,0.9999921169914732,0.9999943694453918,0.999992893237212,0.999989674976091,0.9999882200041171,0.99999186338582,0.9999879286596907,0.9999945135711784,0.9999211107992474,0.999938704319307,0.9999493777846441,0.9999183771531875,0.9999910498055259,0.9999918597574504,0.9999933507439981,0.9999936290357742,0.9999927046583703,0.9999963029910963,0.9999963024769154,0.9999956491011394,0.9999955850320523,0.9999948984190169,0.9999952406982199,0.9999953141898608,0.9999954393852772,0.9999936951764657,0.9999941245957837,0.9999947846189455,0.9999929364602017,0.9999954840714742,0.9999648627147067,0.9998154573521093,0.9999116820812007,0.9999464815453931,0.9998291503674985,0.9996570293293863,0.9999013757327188,0.9997733064060397,0.9999913830972259,0.9999963015431856,0.999996201556351,0.9999926855686104,0.999994964343372,0.9999933867190614,0.9999905187363817,0.9999875018812442,0.9999918506692419,0.9999887864118318,0.9999941534691701,0.9999471766199728,0.9999471469110411,0.9999518975883518,0.9999206379711169,0.9999913102999374,0.9999918986866289,0.9999921619137849,0.9999937132130986,0.9999925815820589,0.9999960016253192,0.9999962584536941,0.9999955121490949,0.9999953756397173,0.9999947838786418,0.9999945575229575,0.9999949909434077,0.9999950561470067,0.9999945544648552,0.999994505602761,0.9999951111942403,0.9999930710143149,0.9999953489306913,0.9999656044093669,0.9998450444544872,0.9999171596692681,0.9999444258845566,0.999841897961032,0.9996556083100879,0.9998950687946677,0.9998102127586762,0.9992719981150677
32,0.9999916088383897,0.9999967160525204,0.9999968484704242,0.9999933591781985,0.9999952687821971,0.9999940205315336,0.9999913031735389,0.9999900789488995,0.9999931475891465,0.9999898357309321,0.9999953864268181,0.9999343292529098,0.9999489795257974,0.9999578420560794,0.9999320600492584,0.9999924599069264,0.999993146357155,0.9999944086562005,0.9999946467142053,0.9999938642356727,0.9999969090687582,0.9999969100888959,0.9999963558783221,0.9999963027972608,0.9999957202227324,0.9999960107380346,0.9999960732948605,0.99999617978966,0.9999947015024189,0.9999950643886473,0.999995623718429,0.9999940586444659,0.9999962162742686,0.9999707280092656,0.9998462723205856,0.9999264759079777,0.9999554558392091,0.9998577285204835,0.9997143193387447,0.9999178711152802,0.9998111965973686,0.9999927407560808,0.9999969095737349,0.9999968261808105,0.999993841345489,0.9999957747078149,0.9999944396723239,0.999992016263714,0.9999894797343829,0.9999931382262726,0.9999905558517147,0.999995081205805,0.9999560274623452,0.9999560081202362,0.9999599424673803,0.9999339365703065,0.9999926819130895,0.9999931812294824,0.9999934053982984,0.9999947181079601,0.9999937586960514,0.9999966539142728,0.9999968726886415,0.9999962401710784,0.9999961252242812,0.9999956237589679,0.9999954275329944,0.9999957993898345,0.9999958543730992,0.999995429234153,0.9999953878186552,0.9999959006343577,0.9999941722445037,0.9999961019935766,0.9999713539447678,0.9998708889027642,0.9999310416589444,0.9999537472587943,0.9998683497562095,0.9997131323452942,0.9999126274046235,0.9998419470330239,0.9993937529383966
32.4,0.99999292782841,0.9999972521995709,0.9999973662371308,0.9999944063450512,0.9999960246592008,0.9999949694911625,0.9999926758319897,0.9999916460674575,0.999994229798481,0.9999914431375184,0.9999961205398235,0.9999453328389465,0.9999575321552278,0.9999648909415166,0.9999434492198662,0.9999936487769209,0.9999942303540016,0.9999952986675598,0.9999955022034239,0.999994840073049,0.9999974156873708,0.9999974177812315,0.9999969478428353,0.9999969039078291,0.999996409792655,0.9999966563019184,0.9999967095278386,0.9999968000794566,0.999995547620828,0.9999958541611931,0.9999963279757794,0.9999950031157897,0.9999968298379764,0.9999756140736277,0.9998719423639548,0.9999387916899074,0.9999629251227795,0.9998815268149902,0.9997620414781266,0.9999316076659855,0.999842754528994,0.9999938854143593,0.9999974175786775,0.9999973480659494,0.9999948151019694,0.9999964547477892,0.9999953253580662,0.9999932782778478,0.9999911462157014,0.9999942230548693,0.999992047500337,0.999995861918991,0.9999633951668362,0.9999633835307272,0.999966641743659,0.9999450067472345,0.9999938378647515,0.9999942614447953,0.9999944522858809,0.9999955627380936,0.9999947496144235,0.999997199735154,0.9999973860207938,0.9999968501230535,0.9999967533710574,0.9999963285836313,0.9999961587525298,0.9999964775062855,0.9999965238669449,0.9999961637051726,0.9999961286125011,0.9999965626988211,0.9999950990098976,0.999996733223724,0.9999761422051409,0.999892423304602,0.999942597358461,0.999961505044857,0.9998903763053022,0.9997610499943483,0.9999272479718375,0.9998683755898935,0.9994951533352519
32.8,0.9999940404932612,0.999997700748588,0.9999977989035821,0.9999952889822548,0.9999966599299651,0.9999957682446449,0.9999938328367406,0.9999929668928343,0.9999951416647455,0.9999927976671348,0.9999967379465707,0.9999544926675219,0.9999646509976106,0.9999707611354924,0.9999529291550118,0.9999946509593894,0.9999951435190935,0.999996047353356,0.9999962212864258,0.9999956611830568,0.9999978391864395,0.9999978419978532,0.9999974436465745,0.9999974073170533,0.9999969883806089,0.9999971974916766,0.9999972427596399,0.9999973197255467,0.9999962589634229,0.9999965178085071,0.9999969190325773,0.9999957979163198,0.9999973439724237,0.9999796844197351,0.9998933263188065,0.999949044492485,0.9999691418086029,0.9999013445719416,0.9998017930768677,0.999943046757597,0.9998690382059795,0.9999948503267645,0.9999978420244129,0.9999977841149543,0.9999956353969693,0.9999970254090935,0.9999960702814213,0.9999943416351752,0.9999925500438405,0.999995136952045,0.9999933047105003,0.9999965188795075,0.9999695282796081,0.9999695222929389,0.999972220504377,0.9999542218992397,0.9999948119146912,0.9999951711235802,0.9999953335378797,0.9999962725998576,0.9999955836866132,0.9999976564762533,0.9999978150376366,0.9999973611490448,0.9999972797427633,0.9999969200391075,0.9999967732727685,0.9999970462772836,0.9999970853640235,0.9999967803403726,0.9999967506143302,0.9999971179223935,0.9999958788518285,0.9999972623150857,0.9999801299377891,0.9999103663129928,0.9999522165853714,0.9999679615370918,0.9999087178123262,0.9998009649191756,0.9999394220680119,0.9998903853282017,0.9995795994596497
33.2,0.9999949789267897,0.9999980760236609,0.999998160463317,0.9999960328356254,0.9999971938124836,0.9999964404983976,0.9999948078877703,0.9999940799050672,0.9999959099006023,0.9999939388580582,0.9999972571856252,0.9999621176737347,0.9999705764281077,0.999975649749222,0.9999608199013772,0.999995495633861,0.9999959126650636,0.999996677095113,0.9999968256590531,0.9999963520153444,0.9999981932179461,0.9999981964743029,0.9999978589109902,0.9999978288998047,0.9999974738273183,0.9999976511662033,0.9999976896506433,0.9999977550451219,0.9999968569378709,0.9999970754289201,0.9999974150617058,0.9999964666813294,0.9999977747792643,0.9999830752524869,0.9999111397085634,0.9999575798676256,0.9999743159746061,0.9999178474873541,0.9998349049718356,0.9999525726183374,0.9998909289372122,0.9999956635852957,0.9999981966646003,0.9999981484492215,0.9999963263274211,0.9999975042731922,0.9999966967590576,0.9999952374571595,0.9999937323704529,0.9999959067492801,0.9999943641167774,0.9999970716790607,0.9999746336941974,0.9999746317762535,0.999976866183248,0.9999618928635992,0.9999956325645131,0.9999959370843182,0.9999960752613211,0.9999968691445807,0.9999962856540502,0.9999980386840863,0.999998173597741,0.9999977892896877,0.999997720820255,0.999997416334945,0.999997289677316,0.9999975233131148,0.9999975562642718,0.9999972980126555,0.9999972728399998,0.9999975835322372,0.9999965349814866,0.9999977057809443,0.9999834510049178,0.9999253167909197,0.9999602238422081,0.9999733350291837,0.99992399070517,0.9998342132498156,0.9999495590336556,0.9999087149475968,0.9996499242795666
33.6,0.9999957702633872,0.9999983900044197,0.9999984626076893,0.9999966596408122,0.9999976424666979,0.999997006229373,0.9999956294516117,0.9999950176141593,0.9999965570472086,0.9999949001119708,0.9999976938526988,0.9999684650319995,0.9999755085227345,0.999979720929927,0.9999673878608205,0.9999962074432756,0.999996560415698,0.9999972067402083,0.9999973335758545,0.9999969331710182,0.9999984891889613,0.9999984926841967,0.9999982067195431,0.9999981819523693,0.9999978811091693,0.9999980314640646,0.999998064168944,0.9999981197120419,0.9999973595621846,0.9999975439256696,0.9999978313225091,0.9999970293285421,0.9999981357545075,0.9999859000305387,0.9999259786423313,0.9999646854924336,0.9999786224641132,0.99993158995747,0.9998624859137258,0.9999605052267417,0.9999091608215175,0.9999963489154832,0.9999984929874186,0.9999984528663017,0.9999969082220582,0.9999979060972738,0.9999972235790489,0.9999959920167458,0.9999947279450929,0.9999965550841218,0.9999952566678318,0.999997536811352,0.9999788836314643,0.999978884575133,0.9999807348591786,0.9999682783965438,0.9999963238718612,0.9999965819466681,0.9999966994661037,0.9999973704183389,0.9999968763703879,0.9999983585281832,0.9999984732800816,0.9999981479852196,0.9999980904171127,0.9999978327602794,0.9999977235976092,0.9999979233916162,0.9999979511678811,0.999997732577802,0.9999977112671753,0.9999979739801925,0.9999970869575768,0.9999980774671297,0.9999862168807314,0.9999377737675911,0.9999668892575988,0.9999778071948207,0.9999367083219068,0.9998619081608293,0.9999579997290807,0.9999239796956962,0.9997084879444332
34,0.9999964374384194,0.9999986527101516,0.9999987151048197,0.9999971877446211,0.9999980194804108,0.9999974822696731,0.9999963215680878,0.999995807478544,0.9999971021225754,0.9999957096379196,0.999998061067577,0.9999737488267991,0.9999796138140359,0.9999831113734592,0.9999728547802936,0.9999968071949639,0.9999971058568633,0.9999976521581211,0.9999977603942483,0.9999974220057558,0.9999987366312622,0.9999987402120271,0.9999984980301141,0.9999984776111567,0.9999982227974612,0.9999983502419691,0.999998378024988,0.9999984251846779,0.9999977819995269,0.999997937513501,0.9999981806272357,0.9999975026402101,0.9999984382098598,0.9999882532653558,0.9999383397331689,0.999970600860298,0.999982206795317,0.9999430336780779,0.9998854595904741,0.9999671110524424,0.9999243453205641,0.9999969263507738,0.9999987405890226,0.999998707222433,0.9999973982279199,0.9999982432676658,0.9999976665571377,0.9999966274888499,0.9999955661027404,0.9999971010525657,0.999996008501745,0.9999979281614479,0.9999824214501195,0.9999824243406372,0.9999839565014629,0.9999735938978251,0.9999969061394055,0.9999971247855181,0.9999972247047871,0.9999977916008911,0.9999973734097447,0.9999986261897936,0.9999987237593105,0.99999844849696,0.9999984001110577,0.9999981821514333,0.9999980881806514,0.9999982589131052,0.999998282325161,0.9999980973558259,0.9999980793197343,0.9999983013894815,0.999997551258488,0.9999983889825066,0.9999885203962697,0.9999481530734704,0.9999724376954823,0.9999815292306213,0.9999472981433929,0.9998849770371283,0.9999650279874243,0.9999366919879773,0.9997572565274442
34.4,0.9999969998331479,0.9999988725209134,0.9999989261161356,0.9999976326306618,0.9999983362781051,0.9999978827998904,0.9999969045337912,0.9999964726836935,0.9999975611696962,0.999996391252669,0.9999983698669811,0.999978147271477,0.9999830309145064,0.9999859349151687,0.9999774052358109,0.9999973124540927,0.9999975650869082,0.9999980267094468,0.999998119032935,0.9999978331388847,0.9999989435100121,0.9999989470644649,0.9999987420203855,0.9999987252034411,0.9999985094441296,0.9999986174426463,0.9999986410361156,0.9999986810645687,0.9999981370089771,0.9999982681451773,0.9999984737329208,0.999997900754528,0.9999986916259879,0.9999902136857272,0.9999486366973179,0.9999755253499171,0.999985190079776,0.9999525631385514,0.9999045954901408,0.9999726120023039,0.9999369917350045,0.9999974128035403,0.9999989474853864,0.9999989197520832,0.9999978108060568,0.999998526180501,0.9999980390055969,0.9999971625855681,0.9999962716005912,0.9999975607605163,0.9999966416879212,0.999998257417917,0.9999853664836592,0.9999853706341723,0.9999866393376291,0.9999780186743111,0.999997396497712,0.999997581683756,0.9999976666130508,0.9999981454596085,0.9999977915802615,0.9999988501869742,0.9999989331191985,0.9999987002604864,0.9999986596056321,0.9999984752847814,0.9999983944828563,0.999998540282353,0.9999985600142264,0.9999984035357026,0.9999983882751144,0.9999985759295803,0.9999979417652914,0.9999986500600547,0.9999904388578038,0.999956801205806,0.9999770563388607,0.9999846269687847,0.999956116147686,0.9999041924560457,0.9999708801532443,0.999947278587114,0.9997978677066303
34.8,0.9999974738214904,0.9999990564459854,0.9999991024607826,0.9999980073639431,0.9999986024648791,0.9999982197653613,0.9999973954809335,0.9999970328018979,0.9999979477198438,0.9999969650589895,0.9999986295351122,0.999981808718035,0.9999858751974277,0.9999882863530862,0.9999811928625453,0.9999977380459307,0.9999979516819496,0.9999983416413041,0.9999984203580219,0.9999981788830005,0.9999991164815615,0.9999991199303199,0.9999989463770894,0.9999989325411659,0.9999987499056968,0.9999988414034841,0.9999988614323021,0.9999988953970687,0.9999984353254023,0.9999985458705196,0.9999987196706067,0.9999982355804177,0.9999989039486926,0.9999918468737142,0.9999572141864405,0.9999796249435268,0.9999876731160497,0.999960498528173,0.9999205346248085,0.9999771928714876,0.9999475242653092,0.9999978225484201,0.9999991203727072,0.9999990973348791,0.999998158150408,0.9999987635612989,0.9999983521283711,0.9999976130936548,0.9999968653268207,0.9999979477898409,0.9999971748556564,0.9999985344199117,0.9999878180667761,0.9999878229673494,0.9999888734906434,0.999981701987076,0.9999978093982147,0.9999979661993316,0.999998038366141,0.9999984427317534,0.9999981433576312,0.9999990376464791,0.9999991081144429,0.9999989111815745,0.9999988770334093,0.9999987212068008,0.9999986518016355,0.9999987762292813,0.9999987928580727,0.9999986605156418,0.9999986476068328,0.9999988061307992,0.999998270169386,0.9999988688597212,0.9999920366435764,0.9999640068850326,0.9999809010033531,0.9999872051321833,0.9999634587662443,0.9999201980109492,0.9999757530263719,0.9999560949147509,0.9998316855350989
35.2,0.9999978732333955,0.9999992103483156,0.9999992498364986,0.9999983229668306,0.9999988261157817,0.9999985032273224,0.999997808867417,0.9999975043511273,0.9999982731840874,0.9999974480202533,0.9999988478817643,0.9999848566602961,0.9999882426930543,0.9999902446317561,0.9999843455409938,0.9999980964808283,0.9999982770891157,0.9999986064206399,0.9999986735082121,0.9999984696064577,0.99999926110877,0.9999992643976314,0.9999991175382489,0.9999991061670482,0.9999989516153265,0.9999990291154539,0.9999990461125735,0.9999990749233587,0.9999986859795359,0.9999987791386153,0.9999989260219037,0.9999985171475657,0.9999990818372136,0.9999932074603161,0.999964359313399,0.9999830378203097,0.9999897397967676,0.9999671064863203,0.9999338109687306,0.9999810075491024,0.9999562962258763,0.9999981676313271,0.9999992648448611,0.9999992457185872,0.9999984505416861,0.9999989627332606,0.9999986153540474,0.9999979923291692,0.9999973649006623,0.9999982735921599,0.9999976237264825,0.9999987674494589,0.999989858887026,0.9999898641643929,0.9999907340076611,0.9999847680856015,0.9999981570300489,0.9999982897598125,0.9999983510642784,0.9999986924463747,0.9999984392509998,0.9999991945311686,0.9999992543893536,0.9999990878841758,0.99999905921018,0.9999989275113316,0.9999988679545406,0.9999989740781982,0.9999989880907474,0.9999988761891436,0.9999988652724674,0.9999989991482582,0.9999985463164751,0.9999990522224252,0.999993367366149,0.9999700106861044,0.9999841013931631,0.9999893508756933,0.9999695728420597,0.9999335298327942,0.9999798104774149,0.9999634369736139,0.9998598461017735
35.6,0.9999982097474172,0.9999993391321735,0.999999373004122,0.9999985887368901,0.999999014019202,0.9999987416591083,0.9999981568916082,0.9999979012682345,0.9999985471840831,0.9999978544469897,0.9999990314763209,0.9999873938989635,0.9999902133316374,0.9999918754936158,0.9999869697140474,0.9999983983137108,0.9999985509588228,0.9999988290151491,0.9999988861686417,0.9999987140391619,0.9999993820408576,0.9999993851349683,0.9999992608960541,0.9999992515607282,0.9999991208112831,0.9999991864403203,0.9999992008600427,0.9999992252916833,0.9999988965676316,0.9999989750521648,0.9999990991513023,0.9999987539017603,0.9999992308723948,0.9999943409543909,0.9999703112556804,0.9999858790132061,0.9999914599442522,0.9999726090562964,0.9999448693230575,0.9999841841864712,0.9999636018866681,0.999998458215471,0.9999993855750009,0.9999993697053847,0.9999986966462949,0.9999991298425017,0.9999988366164041,0.9999983115219502,0.9999977851802687,0.9999985478215125,0.9999980015648526,0.9999989634776019,0.9999915577747981,0.9999915631606738,0.9999922833820949,0.9999873203986644,0.9999984496724208,0.9999985619956161,0.9999986140580126,0.9999989021953241,0.9999986881117319,0.9999993258302172,0.9999993766605263,0.9999992359182065,0.9999992118480345,0.9999991005724743,0.9999990495142301,0.9999991399738156,0.9999991517807791,0.9999990571854565,0.9999990479557652,0.999999160983391,0.9999987784967648,0.999999205883086,0.9999944756730248,0.9999750130650926,0.9999867654765259,0.9999911367334573,0.9999746639232724,0.9999446345245957,0.9999831889568825,0.9999695512784407,0.9998832955900083
36,0.9999984932232107,0.9999994469000562,0.9999994759417286,0.9999988125155531,0.9999991718816024,0.9999989421959616,0.9999984498432881,0.9999982353095012,0.9999987778315155,0.9999981964087497,0.9999991858446355,0.9999895060096571,0.9999918536432066,0.9999932336872626,0.9999891539813384,0.9999986524481103,0.999998781425488,0.9999990161300171,0.9999990648014481,0.9999989195304928,0.9999994831636384,0.9999994860428435,0.9999993809667738,0.9999993733114477,0.9999992627287764,0.9999993182928512,0.9999993305222421,0.9999993512344053,0.9999990734786116,0.9999991395815265,0.9999992444013082,0.9999989529540383,0.9999993557311968,0.9999952852662446,0.9999752692608512,0.9999882442868175,0.9999928916708685,0.9999771911461831,0.9999540802157276,0.9999868295025034,0.9999696863440141,0.9999987028740207,0.9999994864672155,0.9999994733074681,0.9999989037687785,0.9999992700471352,0.999999022590765,0.9999985801406728,0.9999981386923903,0.9999987786153386,0.9999983195595787,0.9999991283716771,0.9999929720260397,0.9999929773322511,0.999993573654029,0.999989445023874,0.9999986959924235,0.9999987910213995,0.9999988352228331,0.9999990783614118,0.9999988973939218,0.999999435718216,0.9999994788694415,0.9999993599336614,0.9999993397339886,0.9999992457402147,0.999999202006236,0.9999992790709814,0.9999992890187203,0.9999992090716924,0.9999992012701693,0.9999992966698062,0.9999989736897528,0.9999993346492815,0.9999953987462059,0.9999791810510886,0.9999889831289062,0.9999926230720876,0.9999789031732378,0.9999538841197538,0.9999860020841729,0.9999746431322482,0.9999028220578994
36.4,0.9999987319829775,0.9999995370838783,0.9999995619733878,0.9999990009151132,0.9999993044997029,0.9999991108456536,0.999998696400429,0.999998516389462,0.9999989719640668,0.9999984840825035,0.9999993156346629,0.9999912642267188,0.9999932190027874,0.9999943648050695,0.9999909720877334,0.9999988663931664,0.9999989753445754,0.9999991734073734,0.9999992148398541,0.9999990922667724,0.9999995677250129,0.9999995703801663,0.9999994815330475,0.9999994752626791,0.9999993817610306,0.9999994287936453,0.9999994391623303,0.999999456716391,0.9999992220853471,0.9999992777448024,0.9999993662563211,0.9999991202907864,0.9999994603329776,0.9999960719760914,0.9999793992986238,0.9999902133618452,0.9999940833419924,0.9999810067274811,0.999961752255098,0.9999890323641814,0.999974753716537,0.9999989088375145,0.9999995707831817,0.9999995598770389,0.9999990780649409,0.9999993876759844,0.9999991788930696,0.9999988061675299,0.9999984359956589,0.9999989728317121,0.9999985871464567,0.9999992670698354,0.9999941493342607,0.9999941544332944,0.9999946481580403,0.9999912136293254,0.9999989032966307,0.9999989836735748,0.999999021190856,0.9999992263104285,0.9999990733741139,0.9999995276882493,0.9999995643099346,0.9999994638264958,0.9999994468797042,0.9999993675047082,0.9999993300753726,0.9999993956939203,0.9999994040745391,0.9999993365226787,0.9999993299298773,0.9999994104292197,0.9999991377706364,0.9999994425510602,0.9999961675502885,0.9999826538102595,0.9999908291622375,0.999993860130724,0.9999824331122942,0.9999615884840193,0.9999883444632537,0.999978883501183,0.9999190816457799
36.8,0.9999989330497833,0.9999996125546884,0.9999996338767418,0.9999991595105795,0.999999415905331,0.9999992526661146,0.9999989038802504,0.9999987528676304,0.9999991353447414,0.9999987260474695,0.9999994247558402,0.9999927278490568,0.9999943555023287,0.9999953068156247,0.999992485416482,0.9999990464809448,0.9999991384928315,0.9999993055943769,0.9999993408515812,0.9999992374546712,0.9999996384398159,0.9999996408698696,0.9999995657630749,0.9999995606332859,0.9999994815945474,0.9999995213973433,0.9999995301859043,0.9999995450593935,0.9999993469057779,0.9999993937593884,0.999999468480296,0.9999992609509649,0.9999995479621365,0.9999967273917008,0.9999828396315932,0.9999918526060219,0.9999950752121177,0.9999841840219761,0.9999681425214608,0.9999908667765219,0.9999789740154461,0.9999990822030821,0.9999996412479532,0.9999996322149071,0.9999992247218193,0.9999994863618382,0.9999993102475827,0.999998996330423,0.9999986859878657,0.9999991362497007,0.9999988122812508,0.9999993837280274,0.9999951294010763,0.9999951342109193,0.9999955429805597,0.9999926858743555,0.9999990777437104,0.9999991457108488,0.9999991775463531,0.9999993505527942,0.9999992213366686,0.9999996046632276,0.9999996357346974,0.9999995508608813,0.9999995366470125,0.9999994696342782,0.999999437625803,0.9999994934699171,0.9999995005297402,0.9999994434637282,0.9999994378936446,0.9999995058023071,0.9999992756844047,0.9999995329665934,0.9999968078727879,0.9999855473027591,0.9999923658523231,0.9999948897214208,0.9999853724203416,0.9999680057482475,0.9999902948692695,0.9999824147708212,0.999932620856512
37.2,0.9999991023491375,0.9999996757144061,0.9999996939728703,0.999999293001693,0.9999995094872214,0.9999993719151437,0.9999990784513706,0.9999989517908444,0.9999992728301021,0.9999989295342965,0.9999995164963354,0.9999939462390631,0.9999953015064753,0.9999960913382908,0.9999937450603748,0.9999991980500318,0.999999275737287,0.9999994166847785,0.9999994466763596,0.999999359475781,0.9999996975774026,0.999999699787125,0.9999996363104274,0.9999996321189938,0.9999995653226518,0.9999995990001477,0.9999996064473169,0.9999996190462827,0.9999994517385432,0.9999994911694455,0.9999995542323341,0.9999993791754913,0.9999996213709061,0.9999972734286289,0.9999857054351919,0.9999932172695429,0.9999959007847725,0.999986829803394,0.9999734651517321,0.9999923943665582,0.9999824888355118,0.9999992281112107,0.9999997001383083,0.999999692661209,0.9999993481095516,0.9999995691532922,0.9999994206281047,0.9999991562990471,0.9999988961655414,0.9999992737384485,0.9999990016704072,0.9999994818437429,0.999995945275107,0.9999959497474847,0.9999962881719902,0.9999939114208172,0.9999992245239431,0.9999992819834117,0.9999993089906368,0.9999994548795644,0.9999993457300355,0.9999996690890114,0.9999996954442449,0.9999996237716315,0.9999996118531136,0.999999555291285,0.999999527938866,0.9999995754414985,0.9999995813882255,0.9999995331905923,0.9999995284856189,0.999999585758472,0.9999993915925715,0.9999996087275261,0.9999973411897164,0.9999879581484096,0.9999936450385127,0.9999957466423692,0.9999878199208403,0.9999733509269411,0.9999919188952568,0.9999853555182434,0.9999438947903202
37.6,0.9999992448795297,0.9999997285725437,0.9999997442013707,0.9999994053497704,0.9999995880934529,0.9999994721766091,0.9999992253131196,0.9999991190981473,0.9999993885122977,0.9999991006357115,0.9999995936216964,0.999994960487662,0.9999960889481341,0.9999967447050379,0.9999947935468568,0.9999993256006653,0.9999993911779204,0.9999995100381683,0.9999995355416614,0.9999994620169054,0.9999997470348285,0.9999997490330294,0.9999996953976465,0.999999691977386,0.9999996355408226,0.9999996640300064,0.9999996703388235,0.9999996810083998,0.9999995397771726,0.9999995729531328,0.9999996261637584,0.9999994785331772,0.9999996828655185,0.9999977283436499,0.9999880926523936,0.9999943533474049,0.9999965879448186,0.9999890329847807,0.9999778985114857,0.9999936664535958,0.9999854161041399,0.9999993508951136,0.9999997493565432,0.9999997431711991,0.9999994519095479,0.9999996386086336,0.9999995133768866,0.9999992908505155,0.9999990728432954,0.9999993893998933,0.9999991609660838,0.9999995643602037,0.9999966244669569,0.9999966285782518,0.999996908756437,0.9999949316084178,0.999999348010821,0.9999993965756979,0.9999994194811286,0.9999995424768773,0.9999994502985209,0.9999997230123167,0.9999997453612461,0.9999996848500291,0.9999996748587602,0.9999996271294288,0.9999996037722105,0.9999996441605852,0.999999649169332,0.9999996084702587,0.9999996044968894,0.9999996527879402,0.9999994889968651,0.9999996722073211,0.9999977853865843,0.9999899668520396,0.9999947098727039,0.9999964598545532,0.9999898579027552,0.9999778031187452,0.9999932711579357,0.9999878044926889,0.9999532824258562
38,0.9999993648566478,0.9999997728103679,0.9999997861830866,0.9999994998932547,0.9999996541175918,0.9999995564668093,0.9999993488470368,0.9999992597939198,0.9999994858389309,0.9999992444845129,0.9999996584578471,0.9999958048003552,0.9999967444068165,0.9999972888446835,0.9999956662739531,0.9999994329257756,0.9999994882680561,0.9999995884804045,0.9999996101600851,0.9999995481798577,0.9999997883979936,0.9999997901961549,0.9999997448862613,0.9999997420990928,0.9999996944267223,0.9999997185222467,0.9999997238653264,0.9999997328987628,0.9999996137062073,0.999999641612802,0.999999686499629,0.9999995620268719,0.9999997343784299,0.9999981073456954,0.9999900812049445,0.9999952991297897,0.9999971599008225,0.9999908676059567,0.9999815911695865,0.9999947257732403,0.9999878540369401,0.9999994542069081,0.9999997904921085,0.9999997853785672,0.9999995392226368,0.9999996968746474,0.9999995913047565,0.9999994040092093,0.9999992213390696,0.9999994866891954,0.9999992949309451,0.9999996337540887,0.9999971898773182,0.9999971936215982,0.9999974255725115,0.9999957808493217,0.9999994518890361,0.9999994929268163,0.9999995123486203,0.9999996160222432,0.9999995381933665,0.9999997681458896,0.9999997870926262,0.9999997360157402,0.9999997276421705,0.9999996873754515,0.9999996674431897,0.9999997017675056,0.999999705985903,0.9999996716256399,0.9999996682708184,0.9999997089790215,0.9999995708434707,0.9999997253953345,0.9999981553588067,0.9999916404910334,0.9999955962752439,0.9999970534609958,0.9999915548868269,0.9999815115048658,0.9999943971344318,0.9999898439307883,0.9999610993483691
38.40000000000001,0.9999994658353054,0.999999809834561,0.9999998212725147,0.9999995794452672,0.9999997095711284,0.9999996273241012,0.9999994527448378,0.9999993780941413,0.9999995677142089,0.9999993654039235,0.9999997129609118,0.9999965076510101,0.9999972900061773,0.9999977420192463,0.9999963927054754,0.999999523221652,0.9999995699159513,0.9999996543881846,0.9999996728112939,0.9999996205739741,0.9999998229927323,0.9999998246039639,0.9999997863354301,0.9999997840674183,0.9999997438073777,0.9999997641830051,0.9999997687070397,0.9999997763534133,0.9999996757821005,0.9999996992508535,0.9999997371071907,0.9999996321829097,0.9999997775288584,0.9999984231047616,0.999991737668502,0.9999960864927439,0.9999976359693562,0.9999923953213448,0.9999846668752103,0.9999956079130878,0.9999898844323157,0.9999995411241782,0.9999998248730938,0.9999998206483373,0.9999996126603009,0.9999997457527643,0.9999996567754125,0.9999994991648358,0.9999993461305577,0.9999995685163435,0.9999994075773722,0.9999996921093917,0.9999976605695251,0.9999976639532274,0.99999785597347,0.999996487789054,0.9999995392625091,0.9999995739321237,0.9999995903961308,0.999999677765548,0.9999996120663727,0.9999998059230324,0.9999998219814543,0.999999778877071,0.9999997718609795,0.9999997378977364,0.9999997208990072,0.9999997500573007,0.9999997536097971,0.9999997246067239,0.9999997217747391,0.999999756082924,0.9999996396108669,0.9999997699589265,0.999998463511689,0.9999930349547332,0.9999963341468457,0.999997547521716,0.9999929679290942,0.9999846003459615,0.9999953346916721,0.9999915423175726,0.9999676083509018
38.8,0.9999995508125002,0.9999998408221018,0.9999998506015928,0.9999996463759504,0.9999997561443854,0.9999996868844206,0.9999995401164767,0.9999994775499165,0.9999996365842848,0.9999994670345579,0.9999997587759583,0.9999970927423083,0.9999977441610651,0.999998119437145,0.9999969973658631,0.999999599181383,0.9999996385704962,0.9999997097602554,0.9999997254109491,0.9999996813940507,0.999999851927505,0.9999998533657579,0.9999998210510563,0.9999998192082817,0.9999997852155721,0.9999998024424204,0.9999998062720264,0.9999998127428233,0.9999997279012989,0.9999997476335273,0.9999997795533437,0.9999996911264747,0.9999998136735229,0.9999986861758283,0.9999931175011525,0.9999967419726526,0.9999980322277441,0.9999936674717073,0.9999872287037358,0.9999963425082969,0.9999915754154882,0.9999996142399542,0.9999998536092332,0.9999998501210616,0.9999996744216315,0.9999997867545823,0.9999997117763818,0.9999995791720696,0.9999994509872407,0.9999996373318656,0.9999995022850265,0.9999997411795999,0.9999980524126271,0.9999980554505364,0.9999982144102241,0.9999970762728654,0.9999996127455576,0.9999996420288793,0.9999996559822331,0.9999997295971902,0.9999996741487971,0.9999998375432201,0.9999998511502982,0.9999998147814559,0.9999998089041633,0.9999997802639017,0.9999997657757154,0.9999997905353608,0.9999997935268535,0.9999997690503457,0.9999997666601925,0.999999795568126,0.9999996973838284,0.9999998072955365,0.999998720176792,0.9999941968104054,0.9999969483774023,0.9999979587319612,0.9999941445390593,0.9999871731446404,0.999996115359868,0.9999929566858844,0.9999730282635557
39.2,0.9999996223144979,0.9999998667578041,0.9999998751162842,0.9999997026819599,0.9999997952577303,0.9999997369449052,0.9999996135813787,0.9999995611517721,0.9999996945092494,0.9999995524416118,0.9999997972864156,0.9999975798052501,0.9999981221993173,0.999998433763844,0.9999975006682457,0.9999996630737374,0.9999996962934987,0.9999997562773641,0.999999769568696,0.9999997324859929,0.9999998761290742,0.9999998774085579,0.9999998501269254,0.9999998486320451,0.9999998199371796,0.9999998344992397,0.9999998377402427,0.9999998432149719,0.9999997716575293,0.9999997882445422,0.999999815152896,0.9999997406450917,0.99999984394917,0.9999989053519844,0.9999942668998535,0.9999972876607223,0.9999983620573234,0.9999947268093698,0.9999893625102436,0.9999969542371975,0.9999929837239357,0.9999996757386712,0.9999998776278292,0.9999998747497432,0.99999972635823,0.9999998211484679,0.9999997579787478,0.9999996464346321,0.9999995390818084,0.9999996951991171,0.9999995819001086,0.9999997824400408,0.9999983786166853,0.9999983813289202,0.9999985129168164,0.999997566150155,0.9999996745398183,0.9999996992684631,0.9999997110912779,0.9999997731053889,0.9999997263178356,0.9999998640102674,0.9999998755374496,0.9999998448577611,0.9999998399355571,0.9999998157891512,0.9999998034478309,0.9999998244641096,0.9999998269830089,0.9999998063303952,0.9999998043135341,0.9999998286659849,0.9999997459157632,0.9999998385763447,0.9999989339586627,0.999995164858029,0.9999974596857358,0.9999983009866528,0.9999951242769497,0.9999893161128312,0.9999967653929042,0.9999941345313438,0.9999775413067146
39.6,0.9999996824704022,0.9999998884657151,0.9999998956071462,0.9999997500451018,0.9999998281046325,0.9999997790174893,0.9999996753454458,0.9999996314176957,0.9999997432238529,0.9999996242053285,0.9999998296556483,0.999997985264684,0.9999984368793013,0.9999986955470965,0.9999979196036831,0.9999997168097395,0.999999744820643,0.9999997953527272,0.9999998066369369,0.9999997754021043,0.9999998963723181,0.9999998975070771,0.9999998744791592,0.9999998732685457,0.9999998490508936,0.9999998613582225,0.9999998641004597,0.9999998687314396,0.9999998083899958,0.999999822330196,0.9999998450090729,0.999999782242104,0.9999998693082155,0.9999990879585847,0.9999952243469116,0.9999977419476215,0.9999986365955836,0.9999956089348786,0.9999911398062123,0.9999974636503771,0.9999941566108671,0.999999727460281,0.9999998977037627,0.9999998953306827,0.9999997700289335,0.9999998499986686,0.9999997967874176,0.9999997029762239,0.9999996130841605,0.9999997438552427,0.9999996488191388,0.999999817131948,0.9999986501783551,0.9999986525881359,0.9999987615146831,0.9999979739440892,0.9999997264991384,0.9999997473772557,0.9999997573925674,0.9999998096243787,0.9999997701526306,0.9999998861642614,0.9999998959271941,0.9999998700517293,0.9999998659303296,0.9999998455768645,0.9999998350700574,0.9999998529021731,0.9999998550229873,0.9999998375999902,0.999999835898444,0.9999998564089952,0.9999997866812155,0.9999998647828758,0.9999991120235799,0.9999959714257921,0.9999978853186141,0.9999985858501378,0.999995940083755,0.9999911010600694,0.9999973066512867,0.9999951154071336,0.9999812992147996
40,0.999999733074293,0.9999999066353795,0.9999999127348718,0.9999997898818016,0.9999998556878622,0.9999998143740464,0.9999997272660401,0.9999996904674296,0.9999997841887118,0.9999996844973316,0.9999998568619286,0.9999983227933125,0.9999986988206834,0.9999989135710703,0.9999982683148587,0.9999997619988489,0.9999997856128886,0.9999998281745104,0.9999998377518503,0.9999998114476445,0.9999999133051474,0.9999999143087629,0.9999998948750736,0.9999998938964373,0.9999998734615707,0.9999998838615046,0.9999998861812152,0.9999998900976523,0.9999998392239259,0.9999998509372821,0.9999998700475258,0.9999998171817128,0.999999890548615,0.9999992400982864,0.9999960218982403,0.9999981201433825,0.9999988651124702,0.9999963434933506,0.9999926201557215,0.9999978878610966,0.9999951334305559,0.9999997709543522,0.9999999144845628,0.9999999125292516,0.9999998067459545,0.9999998741981413,0.9999998293834244,0.9999997505003551,0.9999996752406913,0.9999997847625752,0.9999997050596582,0.9999998462995547,0.9999988762517928,0.9999988783838134,0.9999989685492882,0.999998313409005,0.9999997701843082,0.999999787807951,0.9999997962902069,0.9999998402749378,0.9999998069814507,0.9999999047082793,0.9999999129751049,0.9999998911556782,0.9999998877055504,0.9999998705526681,0.9999998616123671,0.9999998767372417,0.9999998785227577,0.9999998638268969,0.9999998623916354,0.9999998796628792,0.9999998209200796,0.9999998867376874,0.9999992603400135,0.9999966434495307,0.9999982396326179,0.9999988229471323,0.9999966193887398,0.9999925877993824,0.999997757337341,0.999995932252129,0.9999844283359913
