assignment,alpha_frontal,alpha_temporal,alpha_parietal,alpha_insular,alpha_limbic,alpha_occipital,alpha_subcortical,frontal_over_occipital,order,clinical_order
0,0.719519,0.567705,0.250493,0.401509,0.539739,0.217733,0.458239,3.304587,temporal frontal parietal occipital,1
1,0.723713,0.571014,0.251954,0.403849,0.542885,0.460910,0.219003,1.570183,temporal frontal occipital parietal,0
2,0.754652,0.595425,0.262725,0.421113,0.228365,0.566094,0.480614,1.333087,temporal occipital frontal parietal,0
3,0.753101,0.594201,0.262184,0.420248,0.227896,0.479626,0.564930,1.570183,temporal frontal occipital parietal,0
4,0.732394,0.577863,0.254975,0.408693,0.466438,0.549397,0.221629,1.333087,temporal occipital frontal parietal,0
5,0.726654,0.573335,0.252977,0.405490,0.462783,0.219893,0.545092,3.304587,temporal frontal parietal occipital,1
6,0.754713,0.595473,0.262746,0.566140,0.421147,0.228383,0.480653,3.304587,temporal frontal parietal occipital,1
7,0.759329,0.599115,0.264353,0.569602,0.423723,0.483593,0.229780,1.570183,temporal frontal occipital parietal,0
8,0.776350,0.612545,0.270278,0.582370,0.234931,0.433221,0.494432,1.792040,temporal frontal occipital parietal,0
9,0.777496,0.613449,0.270678,0.583230,0.235278,0.495163,0.433861,1.570183,temporal frontal occipital parietal,0
10,0.752813,0.593974,0.262084,0.564714,0.479443,0.420087,0.227808,1.792040,temporal frontal occipital parietal,0
11,0.749341,0.591234,0.260875,0.562110,0.477231,0.226758,0.418150,3.304587,temporal frontal parietal occipital,1
12,0.708578,0.559072,0.246684,0.214423,0.395403,0.531532,0.451271,1.333087,temporal occipital frontal parietal,0
13,0.707210,0.557993,0.246208,0.214009,0.394640,0.450400,0.530506,1.570183,temporal frontal occipital parietal,0
14,0.694901,0.548281,0.241923,0.210284,0.521272,0.387771,0.442561,1.792040,temporal frontal occipital parietal,0
15,0.695820,0.549006,0.242243,0.210562,0.521962,0.443146,0.388284,1.570183,temporal frontal occipital parietal,0
16,0.701554,0.553531,0.244239,0.212297,0.446798,0.391484,0.526263,1.792040,temporal frontal occipital parietal,0
17,0.703840,0.555334,0.245035,0.212989,0.448254,0.527978,0.392759,1.333087,temporal occipital frontal parietal,0
18,0.746944,0.589344,0.260041,0.475705,0.416812,0.560312,0.226033,1.333087,temporal occipital frontal parietal,0
19,0.740976,0.584635,0.257963,0.471904,0.413482,0.224226,0.555835,3.304587,temporal frontal parietal occipital,1
20,0.731763,0.577365,0.254756,0.466036,0.548924,0.408341,0.221438,1.792040,temporal frontal occipital parietal,0
21,0.728482,0.574777,0.253614,0.463947,0.546462,0.220446,0.406510,3.304587,temporal frontal parietal occipital,1
22,0.761821,0.601081,0.265220,0.485180,0.230534,0.425114,0.571472,1.792040,temporal frontal occipital parietal,0
23,0.764517,0.603209,0.266159,0.486897,0.231350,0.573494,0.426618,1.333087,temporal occipital frontal parietal,0
24,0.699166,0.551646,0.390151,0.243407,0.524471,0.211574,0.445276,3.304587,temporal frontal parietal occipital,1
25,0.703125,0.554770,0.392360,0.244786,0.527441,0.447798,0.212772,1.570183,temporal frontal occipital parietal,0
26,0.732293,0.577784,0.408637,0.254940,0.221599,0.549322,0.466374,1.333087,temporal occipital frontal parietal,0
27,0.730832,0.576631,0.407822,0.254432,0.221157,0.465444,0.548226,1.570183,temporal frontal occipital parietal,0
28,0.711316,0.561232,0.396931,0.247637,0.453015,0.533586,0.215251,1.333087,temporal occipital frontal parietal,0
29,0.705901,0.556960,0.393909,0.245752,0.449566,0.213612,0.529524,3.304587,temporal frontal parietal occipital,1
30,0.772402,0.609430,0.431018,0.579409,0.268904,0.233736,0.491919,3.304587,temporal frontal parietal occipital,1
31,0.777238,0.613245,0.433717,0.583036,0.270587,0.494998,0.235200,1.570183,temporal frontal occipital parietal,0
32,0.776350,0.612545,0.433221,0.582370,0.234931,0.270278,0.494432,2.872408,temporal frontal parietal occipital,1
33,0.780566,0.615871,0.435574,0.585533,0.236207,0.497118,0.271746,1.570183,temporal frontal occipital parietal,0
34,0.752813,0.593974,0.420087,0.564714,0.479443,0.262084,0.227808,2.872408,temporal frontal parietal occipital,1
35,0.752191,0.593484,0.419740,0.564248,0.479047,0.227620,0.261868,3.304587,temporal frontal parietal occipital,1
36,0.724148,0.571357,0.404092,0.219134,0.252105,0.543212,0.461187,1.333087,temporal occipital frontal parietal,0
37,0.722720,0.570230,0.403294,0.218702,0.251608,0.460277,0.542140,1.570183,temporal frontal occipital parietal,0
38,0.694901,0.548281,0.387771,0.210284,0.521272,0.241923,0.442561,2.872408,temporal frontal parietal occipital,1
39,0.698277,0.550945,0.389655,0.211305,0.523805,0.444711,0.243098,1.570183,temporal frontal occipital parietal,0
40,0.701554,0.553531,0.391484,0.212297,0.446798,0.244239,0.526263,2.872408,temporal frontal parietal occipital,1
41,0.706355,0.557318,0.394162,0.213750,0.449855,0.529864,0.245910,1.333087,temporal occipital frontal parietal,0
42,0.764267,0.603011,0.426479,0.486738,0.266072,0.573306,0.231275,1.333087,temporal occipital frontal parietal,0
43,0.758020,0.598082,0.422993,0.482759,0.263897,0.229384,0.568620,3.304587,temporal frontal parietal occipital,1
44,0.731763,0.577365,0.408341,0.466036,0.548924,0.254756,0.221438,2.872408,temporal frontal parietal occipital,1
45,0.731176,0.576902,0.408013,0.465663,0.548483,0.221261,0.254551,3.304587,temporal frontal parietal occipital,1
46,0.761821,0.601081,0.425114,0.485180,0.230534,0.265220,0.571472,2.872408,temporal frontal parietal occipital,1
47,0.767485,0.605550,0.428274,0.488787,0.232248,0.575720,0.267192,1.333087,temporal occipital frontal parietal,0
48,0.713012,0.562571,0.534858,0.248228,0.397877,0.215764,0.454095,3.304587,temporal frontal parietal occipital,1
49,0.717131,0.565820,0.537947,0.249662,0.400176,0.456718,0.217011,1.570183,temporal frontal occipital parietal,0
50,0.732293,0.577784,0.549322,0.254940,0.221599,0.408637,0.466374,1.792040,temporal frontal parietal occipital,1
51,0.733313,0.578589,0.550087,0.255296,0.221908,0.467024,0.409206,1.570183,temporal frontal parietal occipital,1
52,0.711316,0.561232,0.533586,0.247637,0.453015,0.396931,0.215251,1.792040,temporal frontal parietal occipital,1
53,0.708215,0.558786,0.531260,0.246558,0.451040,0.214313,0.395201,3.304587,temporal frontal parietal occipital,1
54,0.750922,0.592482,0.563296,0.419032,0.261426,0.227236,0.478238,3.304587,temporal frontal parietal occipital,1
55,0.755491,0.596087,0.566723,0.421582,0.263017,0.481148,0.228619,1.570183,temporal frontal parietal occipital,1
56,0.754652,0.595425,0.566094,0.421113,0.228365,0.262725,0.480614,2.872408,temporal frontal parietal occipital,1
57,0.758635,0.598568,0.569082,0.423336,0.229570,0.483151,0.264111,1.570183,temporal frontal parietal occipital,1
58,0.732394,0.577863,0.549397,0.408693,0.466438,0.254975,0.221629,2.872408,temporal frontal parietal occipital,1
59,0.731806,0.577399,0.548956,0.408365,0.466064,0.221451,0.254771,3.304587,temporal frontal parietal occipital,1
60,0.724148,0.571357,0.543212,0.219134,0.252105,0.404092,0.461187,1.792040,temporal frontal parietal occipital,1
61,0.725146,0.572144,0.543960,0.219436,0.252452,0.461822,0.404648,1.570183,temporal frontal occipital parietal,0
62,0.708578,0.559072,0.531532,0.214423,0.395403,0.246684,0.451271,2.872408,temporal frontal parietal occipital,1
63,0.712088,0.561842,0.534165,0.215485,0.397362,0.453507,0.247906,1.570183,temporal frontal occipital parietal,0
64,0.703840,0.555334,0.527978,0.212989,0.448254,0.245035,0.392759,2.872408,temporal frontal parietal occipital,1
65,0.706355,0.557318,0.529864,0.213750,0.449855,0.394162,0.245910,1.792040,temporal frontal parietal occipital,1
66,0.764267,0.603011,0.573306,0.486738,0.266072,0.426479,0.231275,1.792040,temporal frontal parietal occipital,1
67,0.760689,0.600188,0.570622,0.484459,0.264826,0.230192,0.424482,3.304587,temporal frontal parietal occipital,1
68,0.746944,0.589344,0.560312,0.475705,0.416812,0.260041,0.226033,2.872408,temporal frontal parietal occipital,1
69,0.746333,0.588861,0.559853,0.475316,0.416471,0.225848,0.259828,3.304587,temporal frontal parietal occipital,1
70,0.764517,0.603209,0.573494,0.486897,0.231350,0.266159,0.426618,2.872408,temporal frontal parietal occipital,1
71,0.767485,0.605550,0.575720,0.488787,0.232248,0.428274,0.267192,1.792040,temporal frontal parietal occipital,1
72,0.713012,0.562571,0.215764,0.248228,0.397877,0.534858,0.454095,1.333087,temporal occipital frontal parietal,0
73,0.711627,0.561478,0.215345,0.247746,0.397105,0.453213,0.533819,1.570183,temporal frontal occipital parietal,0
74,0.699166,0.551646,0.211574,0.243407,0.524471,0.390151,0.445276,1.792040,temporal frontal occipital parietal,0
75,0.700096,0.552380,0.211856,0.243731,0.525169,0.445869,0.390670,1.570183,temporal frontal occipital parietal,0
76,0.705901,0.556960,0.213612,0.245752,0.449566,0.393909,0.529524,1.792040,temporal frontal occipital parietal,0
77,0.708215,0.558786,0.214313,0.246558,0.451040,0.531260,0.395201,1.333087,temporal occipital frontal parietal,0
78,0.750922,0.592482,0.227236,0.419032,0.261426,0.563296,0.478238,1.333087,temporal occipital frontal parietal,0
79,0.749386,0.591270,0.226771,0.418175,0.260891,0.477260,0.562143,1.570183,temporal frontal occipital parietal,0
80,0.719519,0.567705,0.217733,0.401509,0.539739,0.250493,0.458239,2.872408,temporal frontal occipital parietal,0
81,0.723139,0.570561,0.218829,0.403529,0.542455,0.460545,0.251754,1.570183,temporal frontal occipital parietal,0
82,0.726654,0.573335,0.219893,0.405490,0.462783,0.252977,0.545092,2.872408,temporal frontal occipital parietal,0
83,0.731806,0.577399,0.221451,0.408365,0.466064,0.548956,0.254771,1.333087,temporal occipital frontal parietal,0
84,0.772402,0.609430,0.233736,0.579409,0.268904,0.431018,0.491919,1.792040,temporal frontal occipital parietal,0
85,0.773537,0.610326,0.234080,0.580260,0.269299,0.492642,0.431652,1.570183,temporal frontal occipital parietal,0
86,0.754713,0.595473,0.228383,0.566140,0.421147,0.262746,0.480653,2.872408,temporal frontal occipital parietal,0
87,0.758697,0.598616,0.229589,0.569128,0.423371,0.483190,0.264133,1.570183,temporal frontal occipital parietal,0
88,0.749341,0.591234,0.226758,0.562110,0.477231,0.260875,0.418150,2.872408,temporal frontal occipital parietal,0
89,0.752191,0.593484,0.227620,0.564248,0.479047,0.419740,0.261868,1.792040,temporal frontal occipital parietal,0
90,0.758020,0.598082,0.229384,0.482759,0.263897,0.422993,0.568620,1.792040,temporal frontal occipital parietal,0
91,0.760689,0.600188,0.230192,0.484459,0.264826,0.570622,0.424482,1.333087,temporal occipital frontal parietal,0
92,0.740976,0.584635,0.224226,0.471904,0.413482,0.257963,0.555835,2.872408,temporal frontal occipital parietal,0
93,0.746333,0.588861,0.225848,0.475316,0.416471,0.559853,0.259828,1.333087,temporal occipital frontal parietal,0
94,0.728482,0.574777,0.220446,0.463947,0.546462,0.253614,0.406510,2.872408,temporal frontal occipital parietal,0
95,0.731176,0.576902,0.221261,0.465663,0.548483,0.408013,0.254551,1.792040,temporal frontal occipital parietal,0
96,0.717131,0.565820,0.456718,0.249662,0.400176,0.537947,0.217011,1.333087,temporal occipital frontal parietal,0
97,0.711627,0.561478,0.453213,0.247746,0.397105,0.215345,0.533819,3.304587,temporal frontal parietal occipital,1
98,0.703125,0.554770,0.447798,0.244786,0.527441,0.392360,0.212772,1.792040,temporal frontal occipital parietal,0
99,0.700096,0.552380,0.445869,0.243731,0.525169,0.211856,0.390670,3.304587,temporal frontal parietal occipital,1
100,0.730832,0.576631,0.465444,0.254432,0.221157,0.407822,0.548226,1.792040,temporal frontal occipital parietal,0
101,0.733313,0.578589,0.467024,0.255296,0.221908,0.550087,0.409206,1.333087,temporal occipital frontal parietal,0
102,0.755491,0.596087,0.481148,0.421582,0.263017,0.566723,0.228619,1.333087,temporal occipital frontal parietal,0
103,0.749386,0.591270,0.477260,0.418175,0.260891,0.226771,0.562143,3.304587,temporal frontal parietal occipital,1
104,0.723713,0.571014,0.460910,0.403849,0.542885,0.251954,0.219003,2.872408,temporal frontal parietal occipital,1
105,0.723139,0.570561,0.460545,0.403529,0.542455,0.218829,0.251754,3.304587,temporal frontal parietal occipital,1
106,0.753101,0.594201,0.479626,0.420248,0.227896,0.262184,0.564930,2.872408,temporal frontal parietal occipital,1
107,0.758635,0.598568,0.483151,0.423336,0.229570,0.569082,0.264111,1.333087,temporal occipital frontal parietal,0
108,0.777238,0.613245,0.494998,0.583036,0.270587,0.433717,0.235200,1.792040,temporal frontal parietal occipital,1
109,0.773537,0.610326,0.492642,0.580260,0.269299,0.234080,0.431652,3.304587,temporal frontal parietal occipital,1
110,0.759329,0.599115,0.483593,0.569602,0.423723,0.264353,0.229780,2.872408,temporal frontal parietal occipital,1
111,0.758697,0.598616,0.483190,0.569128,0.423371,0.229589,0.264133,3.304587,temporal frontal parietal occipital,1
112,0.777496,0.613449,0.495163,0.583230,0.235278,0.270678,0.433861,2.872408,temporal frontal parietal occipital,1
113,0.780566,0.615871,0.497118,0.585533,0.236207,0.435574,0.271746,1.792040,temporal frontal parietal occipital,1
114,0.722720,0.570230,0.460277,0.218702,0.251608,0.403294,0.542140,1.792040,temporal frontal occipital parietal,0
115,0.725146,0.572144,0.461822,0.219436,0.252452,0.543960,0.404648,1.333087,temporal occipital frontal parietal,0
116,0.707210,0.557993,0.450400,0.214009,0.394640,0.246208,0.530506,2.872408,temporal frontal parietal occipital,1
117,0.712088,0.561842,0.453507,0.215485,0.397362,0.534165,0.247906,1.333087,temporal occipital frontal parietal,0
118,0.695820,0.549006,0.443146,0.210562,0.521962,0.242243,0.388284,2.872408,temporal frontal parietal occipital,1
119,0.698277,0.550945,0.444711,0.211305,0.523805,0.389655,0.243098,1.792040,temporal frontal occipital parietal,0
120,0.742212,0.258394,0.585610,0.414172,0.556762,0.224601,0.472691,3.304587,frontal parietal temporal occipital,0
121,0.746676,0.259948,0.589132,0.416663,0.560110,0.475534,0.225951,1.570183,frontal parietal occipital temporal,0
122,0.779654,0.271429,0.615152,0.435065,0.235931,0.584848,0.496537,1.333087,frontal parietal occipital temporal,0
123,0.777998,0.270852,0.613845,0.434141,0.235430,0.495482,0.583607,1.570183,frontal parietal occipital temporal,0
124,0.755919,0.263166,0.596425,0.421820,0.481421,0.567044,0.228748,1.333087,frontal occipital parietal temporal,0
125,0.749807,0.261038,0.591602,0.418410,0.477528,0.226899,0.562459,3.304587,frontal parietal temporal occipital,0
126,0.779719,0.271451,0.615203,0.584897,0.435101,0.235950,0.496578,3.304587,frontal parietal temporal occipital,0
127,0.784646,0.273167,0.619091,0.588594,0.437851,0.499717,0.237442,1.570183,frontal parietal occipital temporal,0
128,0.802835,0.279499,0.633441,0.602237,0.242946,0.448000,0.511300,1.792040,frontal parietal occipital temporal,0
129,0.804061,0.279926,0.634409,0.603157,0.243317,0.512081,0.448685,1.570183,frontal parietal occipital temporal,0
130,0.777690,0.270745,0.613603,0.583376,0.495287,0.433969,0.235337,1.792040,frontal parietal temporal occipital,0
131,0.773986,0.269455,0.610680,0.580597,0.492927,0.234216,0.431902,3.304587,frontal parietal temporal occipital,0
132,0.730575,0.254342,0.576428,0.221079,0.407678,0.548033,0.465280,1.333087,frontal occipital parietal temporal,0
133,0.729121,0.253836,0.575281,0.220639,0.406867,0.464354,0.546942,1.570183,frontal parietal occipital temporal,0
134,0.716045,0.249284,0.564964,0.216682,0.537133,0.399570,0.456026,1.792040,frontal parietal temporal occipital,0
135,0.717021,0.249623,0.565734,0.216977,0.537865,0.456648,0.400114,1.570183,frontal parietal occipital temporal,0
136,0.723111,0.251744,0.570539,0.218820,0.460527,0.403513,0.542434,1.792040,frontal parietal occipital temporal,0
137,0.725540,0.252589,0.572455,0.219555,0.462073,0.544256,0.404868,1.333087,frontal occipital parietal temporal,0
138,0.771430,0.268565,0.608663,0.491299,0.430476,0.578679,0.233442,1.333087,frontal parietal occipital temporal,0
139,0.765065,0.266350,0.603641,0.487246,0.426924,0.231516,0.573905,3.304587,frontal parietal temporal occipital,0
140,0.755247,0.262932,0.595894,0.480993,0.566540,0.421445,0.228545,1.792040,frontal parietal temporal occipital,0
141,0.751753,0.261715,0.593137,0.478767,0.563919,0.227488,0.419495,3.304587,frontal parietal temporal occipital,0
142,0.787308,0.274093,0.621191,0.501412,0.238247,0.439336,0.590590,1.792040,frontal parietal occipital temporal,0
143,0.790188,0.275096,0.623463,0.503246,0.239118,0.592751,0.440943,1.333087,frontal parietal occipital temporal,0
144,0.767579,0.267225,0.428327,0.605625,0.575791,0.232277,0.488847,3.304587,frontal parietal temporal occipital,0
145,0.772354,0.268887,0.430992,0.609392,0.579373,0.491888,0.233722,1.570183,frontal occipital parietal temporal,0
146,0.807693,0.281190,0.450712,0.637275,0.244416,0.605882,0.514394,1.333087,frontal occipital parietal temporal,0
147,0.805916,0.280572,0.449720,0.635873,0.243878,0.513263,0.604549,1.570183,frontal parietal occipital temporal,0
148,0.782249,0.272332,0.436513,0.617199,0.498189,0.586795,0.236716,1.333087,frontal occipital parietal temporal,0
149,0.775705,0.270054,0.432861,0.612036,0.494022,0.234736,0.581886,3.304587,frontal parietal temporal occipital,0
150,0.759931,0.264562,0.424059,0.570054,0.599590,0.229962,0.483976,3.304587,frontal temporal parietal occipital,0
151,0.764611,0.266192,0.426671,0.573564,0.603283,0.486957,0.231379,1.570183,frontal occipital parietal temporal,0
152,0.802835,0.279499,0.448000,0.602237,0.242946,0.633441,0.511300,1.267417,frontal occipital parietal temporal,0
153,0.800479,0.278679,0.446686,0.600470,0.242233,0.509800,0.631583,1.570183,frontal occipital parietal temporal,0
154,0.777690,0.270745,0.433969,0.583376,0.495287,0.613603,0.235337,1.267417,frontal occipital parietal temporal,0
155,0.770666,0.268300,0.430050,0.578106,0.490813,0.233211,0.608060,3.304587,frontal parietal temporal occipital,0
156,0.713175,0.248285,0.397969,0.215814,0.562700,0.534981,0.454199,1.333087,frontal occipital parietal temporal,0
157,0.711790,0.247802,0.397195,0.215395,0.561607,0.453317,0.533941,1.570183,frontal occipital temporal parietal,0
158,0.716045,0.249284,0.399570,0.216682,0.537133,0.564964,0.456026,1.267417,frontal occipital parietal temporal,0
159,0.714170,0.248631,0.398524,0.216115,0.535727,0.454833,0.563485,1.570183,frontal occipital parietal temporal,0
160,0.723111,0.251744,0.403513,0.218820,0.460527,0.570539,0.542434,1.267417,frontal occipital parietal temporal,0
161,0.722622,0.251574,0.403240,0.218672,0.460215,0.542067,0.570153,1.333087,frontal occipital parietal temporal,0
162,0.752055,0.261820,0.419664,0.478960,0.593376,0.564146,0.227579,1.333087,frontal occipital parietal temporal,0
163,0.746005,0.259714,0.416288,0.475107,0.588603,0.225748,0.559607,3.304587,frontal temporal parietal occipital,0
164,0.755247,0.262932,0.421445,0.480993,0.566540,0.595894,0.228545,1.267417,frontal occipital parietal temporal,0
165,0.748620,0.260625,0.417748,0.476773,0.561569,0.226540,0.590666,3.304587,frontal temporal parietal occipital,0
166,0.787308,0.274093,0.439336,0.501412,0.238247,0.621191,0.590590,1.267417,frontal occipital parietal temporal,0
167,0.786728,0.273891,0.439012,0.501042,0.238071,0.590155,0.620733,1.333087,frontal occipital parietal temporal,0
168,0.784301,0.273046,0.588334,0.618818,0.437658,0.237337,0.499496,3.304587,frontal parietal temporal occipital,0
169,0.789287,0.274782,0.592075,0.622752,0.440440,0.502672,0.238846,1.570183,frontal parietal occipital temporal,0
170,0.807693,0.281190,0.605882,0.637275,0.244416,0.450712,0.514394,1.792040,frontal parietal occipital temporal,0
171,0.808934,0.281622,0.606813,0.638254,0.244791,0.515185,0.451404,1.570183,frontal parietal occipital temporal,0
172,0.782249,0.272332,0.586795,0.617199,0.498189,0.436513,0.236716,1.792040,frontal parietal temporal occipital,0
173,0.778501,0.271027,0.583983,0.614242,0.495802,0.235582,0.434421,3.304587,frontal parietal temporal occipital,0
174,0.739129,0.257320,0.554450,0.412451,0.583178,0.223668,0.470728,3.304587,frontal parietal temporal occipital,0
175,0.743556,0.258862,0.557770,0.414922,0.586670,0.473547,0.225007,1.570183,frontal parietal occipital temporal,0
176,0.779654,0.271429,0.584848,0.435065,0.235931,0.615152,0.496537,1.267417,frontal occipital parietal temporal,0
177,0.777432,0.270655,0.583182,0.433825,0.235258,0.495122,0.613398,1.570183,frontal parietal occipital temporal,0
178,0.755919,0.263166,0.567044,0.421820,0.481421,0.596425,0.228748,1.267417,frontal occipital parietal temporal,0
179,0.749281,0.260855,0.562065,0.418116,0.477193,0.226740,0.591187,3.304587,frontal parietal temporal occipital,0
180,0.713175,0.248285,0.534981,0.215814,0.562700,0.397969,0.454199,1.792040,frontal parietal temporal occipital,0
181,0.714143,0.248622,0.535706,0.216107,0.563463,0.454815,0.398508,1.570183,frontal parietal occipital temporal,0
182,0.730575,0.254342,0.548033,0.221079,0.407678,0.576428,0.465280,1.267417,frontal occipital parietal temporal,0
183,0.728624,0.253663,0.546569,0.220489,0.406589,0.464037,0.574889,1.570183,frontal parietal occipital temporal,0
184,0.725540,0.252589,0.544256,0.219555,0.462073,0.572455,0.404868,1.267417,occipital frontal parietal temporal,0
185,0.722622,0.251574,0.542067,0.218672,0.460215,0.403240,0.570153,1.792040,frontal parietal temporal occipital,0
186,0.752055,0.261820,0.564146,0.478960,0.593376,0.419664,0.227579,1.792040,frontal parietal temporal occipital,0
187,0.748590,0.260614,0.561547,0.476754,0.590642,0.226531,0.417731,3.304587,frontal parietal temporal occipital,0
188,0.771430,0.268565,0.578679,0.491299,0.430476,0.608663,0.233442,1.267417,frontal occipital parietal temporal,0
189,0.764517,0.266159,0.573494,0.486897,0.426618,0.231350,0.603209,3.304587,frontal parietal temporal occipital,0
190,0.790188,0.275096,0.592751,0.503246,0.239118,0.623463,0.440943,1.267417,frontal occipital parietal temporal,0
191,0.786728,0.273891,0.590155,0.501042,0.238071,0.439012,0.620733,1.792040,frontal parietal occipital temporal,0
192,0.784301,0.273046,0.237337,0.618818,0.437658,0.588334,0.499496,1.333087,frontal occipital temporal parietal,0
193,0.782625,0.272463,0.236830,0.617496,0.436723,0.498429,0.587078,1.570183,frontal occipital temporal parietal,0
194,0.767579,0.267225,0.232277,0.605625,0.575791,0.428327,0.488847,1.792040,frontal temporal occipital parietal,0
195,0.768700,0.267615,0.232616,0.606509,0.576632,0.489561,0.428953,1.570183,frontal occipital temporal parietal,0
196,0.775705,0.270054,0.234736,0.612036,0.494022,0.432861,0.581886,1.792040,frontal temporal occipital parietal,0
197,0.778501,0.271027,0.235582,0.614242,0.495802,0.583983,0.434421,1.333087,frontal occipital temporal parietal,0
198,0.739129,0.257320,0.223668,0.412451,0.583178,0.554450,0.470728,1.333087,frontal occipital temporal parietal,0
199,0.737641,0.256802,0.223217,0.411621,0.582003,0.469780,0.553333,1.570183,frontal occipital temporal parietal,0
200,0.742212,0.258394,0.224601,0.414172,0.556762,0.585610,0.472691,1.267417,frontal occipital temporal parietal,0
201,0.740198,0.257692,0.223991,0.413048,0.555251,0.471409,0.584021,1.570183,frontal occipital temporal parietal,0
202,0.749807,0.261038,0.226899,0.418410,0.477528,0.591602,0.562459,1.267417,frontal occipital temporal parietal,0
203,0.749281,0.260855,0.226740,0.418116,0.477193,0.562065,0.591187,1.333087,frontal occipital temporal parietal,0
204,0.759931,0.264562,0.229962,0.570054,0.599590,0.424059,0.483976,1.792040,frontal temporal occipital parietal,0
205,0.761030,0.264945,0.230295,0.570878,0.600457,0.484676,0.424672,1.570183,frontal occipital temporal parietal,0
206,0.779719,0.271451,0.235950,0.584897,0.435101,0.615203,0.496578,1.267417,frontal occipital temporal parietal,0
207,0.777496,0.270678,0.235278,0.583230,0.433861,0.495163,0.613449,1.570183,frontal occipital temporal parietal,0
208,0.773986,0.269455,0.234216,0.580597,0.492927,0.610680,0.431902,1.267417,frontal occipital temporal parietal,0
209,0.770666,0.268300,0.233211,0.578106,0.490813,0.430050,0.608060,1.792040,frontal temporal occipital parietal,0
210,0.746005,0.259714,0.225748,0.475107,0.588603,0.416288,0.559607,1.792040,frontal temporal occipital parietal,0
211,0.748590,0.260614,0.226531,0.476754,0.590642,0.561547,0.417731,1.333087,frontal occipital temporal parietal,0
212,0.765065,0.266350,0.231516,0.487246,0.426924,0.603641,0.573905,1.267417,frontal occipital temporal parietal,0
213,0.764517,0.266159,0.231350,0.486897,0.426618,0.573494,0.603209,1.333087,frontal occipital temporal parietal,0
214,0.751753,0.261715,0.227488,0.478767,0.563919,0.593137,0.419495,1.267417,frontal occipital temporal parietal,0
215,0.748620,0.260625,0.226540,0.476773,0.561569,0.417748,0.590666,1.792040,frontal temporal occipital parietal,0
216,0.789287,0.274782,0.502672,0.622752,0.440440,0.592075,0.238846,1.333087,frontal occipital parietal temporal,0
217,0.782625,0.272463,0.498429,0.617496,0.436723,0.236830,0.587078,3.304587,frontal parietal temporal occipital,0
218,0.772354,0.268887,0.491888,0.609392,0.579373,0.430992,0.233722,1.792040,frontal parietal temporal occipital,0
219,0.768700,0.267615,0.489561,0.606509,0.576632,0.232616,0.428953,3.304587,frontal parietal temporal occipital,0
220,0.805916,0.280572,0.513263,0.635873,0.243878,0.449720,0.604549,1.792040,frontal parietal occipital temporal,0
221,0.808934,0.281622,0.515185,0.638254,0.244791,0.606813,0.451404,1.333087,frontal occipital parietal temporal,0
222,0.743556,0.258862,0.473547,0.414922,0.586670,0.557770,0.225007,1.333087,frontal occipital parietal temporal,0
223,0.737641,0.256802,0.469780,0.411621,0.582003,0.223217,0.553333,3.304587,frontal parietal temporal occipital,0
224,0.746676,0.259948,0.475534,0.416663,0.560110,0.589132,0.225951,1.267417,frontal occipital parietal temporal,0
225,0.740198,0.257692,0.471409,0.413048,0.555251,0.223991,0.584021,3.304587,frontal parietal temporal occipital,0
226,0.777998,0.270852,0.495482,0.434141,0.235430,0.613845,0.583607,1.267417,frontal occipital parietal temporal,0
227,0.777432,0.270655,0.495122,0.433825,0.235258,0.583182,0.613398,1.333087,frontal occipital parietal temporal,0
228,0.764611,0.266192,0.486957,0.573564,0.603283,0.426671,0.231379,1.792040,frontal parietal temporal occipital,0
229,0.761030,0.264945,0.484676,0.570878,0.600457,0.230295,0.424672,3.304587,frontal parietal temporal occipital,0
230,0.784646,0.273167,0.499717,0.588594,0.437851,0.619091,0.237442,1.267417,frontal occipital parietal temporal,0
231,0.777496,0.270678,0.495163,0.583230,0.433861,0.235278,0.613449,3.304587,frontal parietal temporal occipital,0
232,0.804061,0.279926,0.512081,0.603157,0.243317,0.634409,0.448685,1.267417,frontal occipital parietal temporal,0
233,0.800479,0.278679,0.509800,0.600470,0.242233,0.446686,0.631583,1.792040,frontal parietal occipital temporal,0
234,0.711790,0.247802,0.453317,0.215395,0.561607,0.397195,0.533941,1.792040,frontal parietal temporal occipital,0
235,0.714143,0.248622,0.454815,0.216107,0.563463,0.535706,0.398508,1.333087,frontal occipital parietal temporal,0
236,0.729121,0.253836,0.464354,0.220639,0.406867,0.575281,0.546942,1.267417,frontal occipital parietal temporal,0
237,0.728624,0.253663,0.464037,0.220489,0.406589,0.546569,0.574889,1.333087,frontal occipital parietal temporal,0
238,0.717021,0.249623,0.456648,0.216977,0.537865,0.565734,0.400114,1.267417,occipital frontal parietal temporal,0
239,0.714170,0.248631,0.454833,0.216115,0.535727,0.398524,0.563485,1.792040,frontal parietal temporal occipital,0
240,0.710221,0.396320,0.560369,0.247256,0.532764,0.214920,0.452317,3.304587,temporal frontal parietal occipital,1
241,0.714307,0.398600,0.563592,0.248679,0.535829,0.454919,0.216156,1.570183,temporal frontal parietal occipital,1
242,0.744430,0.415409,0.587360,0.259166,0.225272,0.558426,0.474104,1.333087,temporal frontal occipital parietal,0
243,0.742920,0.414567,0.586169,0.258640,0.224815,0.473142,0.557293,1.570183,temporal frontal parietal occipital,1
244,0.722762,0.403318,0.570263,0.251622,0.460304,0.542172,0.218715,1.333087,temporal frontal occipital parietal,0
245,0.717172,0.400199,0.565853,0.249676,0.456744,0.217023,0.537978,3.304587,temporal frontal parietal occipital,1
246,0.785917,0.438560,0.620093,0.589547,0.273609,0.237826,0.500526,3.304587,frontal temporal parietal occipital,0
247,0.790924,0.441354,0.624044,0.593303,0.275352,0.503714,0.239341,1.570183,frontal temporal parietal occipital,0
248,0.790004,0.440841,0.623318,0.592613,0.239063,0.275032,0.503129,2.872408,frontal temporal parietal occipital,0
249,0.794370,0.443277,0.626763,0.595888,0.240384,0.505909,0.276552,1.570183,frontal temporal parietal occipital,0
250,0.765645,0.427248,0.604099,0.574340,0.487615,0.266552,0.231692,2.872408,temporal frontal parietal occipital,1
251,0.765002,0.426889,0.603592,0.573858,0.487206,0.231497,0.266328,3.304587,temporal frontal parietal occipital,1
252,0.736014,0.410713,0.580720,0.222725,0.256236,0.552113,0.468744,1.333087,temporal frontal occipital parietal,0
253,0.734539,0.409890,0.579555,0.222278,0.255722,0.467804,0.551006,1.570183,temporal frontal parietal occipital,1
254,0.705821,0.393865,0.556897,0.213588,0.529464,0.245724,0.449515,2.872408,temporal frontal parietal occipital,1
255,0.709304,0.395808,0.559645,0.214642,0.532077,0.451733,0.246937,1.570183,temporal frontal parietal occipital,1
256,0.712686,0.397695,0.562313,0.215666,0.453887,0.248114,0.534613,2.872408,temporal frontal parietal occipital,1
257,0.717640,0.400460,0.566222,0.217165,0.457042,0.538330,0.249839,1.333087,temporal occipital frontal parietal,0
258,0.777496,0.433861,0.613449,0.495163,0.270678,0.583230,0.235278,1.333087,temporal frontal occipital parietal,0
259,0.771032,0.430254,0.608349,0.491046,0.268427,0.233322,0.578381,3.304587,frontal temporal parietal occipital,0
260,0.743882,0.415103,0.586927,0.473755,0.558014,0.258975,0.225106,2.872408,temporal frontal parietal occipital,1
261,0.743275,0.414765,0.586448,0.473368,0.557559,0.224922,0.258764,3.304587,temporal frontal parietal occipital,1
262,0.774965,0.432449,0.611452,0.493551,0.234512,0.269796,0.581331,2.872408,frontal temporal parietal occipital,0
263,0.780827,0.435719,0.616077,0.497284,0.236286,0.585728,0.271837,1.333087,frontal temporal occipital parietal,0
264,0.755843,0.421778,0.263139,0.596364,0.566987,0.228725,0.481372,3.304587,temporal frontal parietal occipital,1
265,0.760472,0.424361,0.264751,0.600017,0.570460,0.484321,0.230126,1.570183,temporal frontal occipital parietal,0
266,0.794708,0.443466,0.276670,0.627030,0.240486,0.596141,0.506124,1.333087,frontal temporal occipital parietal,0
267,0.792988,0.442506,0.276071,0.625672,0.239966,0.505029,0.594851,1.570183,frontal temporal occipital parietal,0
268,0.770063,0.429713,0.268090,0.607584,0.490429,0.577654,0.233028,1.333087,temporal frontal occipital parietal,0
269,0.763720,0.426174,0.265882,0.602580,0.486389,0.231109,0.572896,3.304587,temporal frontal parietal occipital,1
270,0.748425,0.417639,0.260557,0.561423,0.590512,0.226481,0.476648,3.304587,temporal frontal parietal occipital,1
271,0.752964,0.420172,0.262137,0.564828,0.594093,0.479539,0.227854,1.570183,temporal frontal occipital parietal,0
272,0.790004,0.440841,0.275032,0.592613,0.239063,0.623318,0.503129,1.267417,frontal temporal occipital parietal,0
273,0.787723,0.439568,0.274238,0.590901,0.238373,0.501676,0.621518,1.570183,frontal temporal occipital parietal,0
274,0.765645,0.427248,0.266552,0.574340,0.487615,0.604099,0.231692,1.267417,temporal frontal occipital parietal,0
275,0.758835,0.423448,0.264181,0.569232,0.483278,0.229631,0.598726,3.304587,temporal frontal parietal occipital,1
276,0.703033,0.392309,0.244754,0.212744,0.554697,0.527372,0.447739,1.333087,temporal frontal occipital parietal,0
277,0.701686,0.391557,0.244285,0.212337,0.553635,0.446882,0.526362,1.570183,temporal frontal occipital parietal,0
278,0.705821,0.393865,0.245724,0.213588,0.529464,0.556897,0.449515,1.267417,temporal occipital frontal parietal,0
279,0.703999,0.392848,0.245090,0.213037,0.528097,0.448355,0.555460,1.570183,temporal frontal occipital parietal,0
280,0.712686,0.397695,0.248114,0.215666,0.453887,0.562313,0.534613,1.267417,temporal occipital frontal parietal,0
281,0.712210,0.397430,0.247949,0.215522,0.453584,0.534257,0.561938,1.333087,temporal frontal occipital parietal,0
282,0.740785,0.413375,0.257897,0.471783,0.584484,0.555692,0.224169,1.333087,temporal frontal occipital parietal,0
283,0.734914,0.410099,0.255853,0.468044,0.579852,0.222392,0.551288,3.304587,temporal frontal parietal occipital,1
284,0.743882,0.415103,0.258975,0.473755,0.558014,0.586927,0.225106,1.267417,temporal frontal occipital parietal,0
285,0.737452,0.411515,0.256736,0.469660,0.553191,0.223160,0.581854,3.304587,temporal frontal parietal occipital,1
286,0.774965,0.432449,0.269796,0.493551,0.234512,0.611452,0.581331,1.267417,frontal temporal occipital parietal,0
287,0.774403,0.432135,0.269601,0.493193,0.234342,0.580910,0.611009,1.333087,frontal temporal occipital parietal,0
288,0.790572,0.441158,0.593039,0.623766,0.275230,0.239235,0.503491,3.304587,frontal temporal parietal occipital,0
289,0.795639,0.443985,0.596839,0.627764,0.276994,0.506717,0.240768,1.570183,frontal temporal parietal occipital,0
290,0.794708,0.443466,0.596141,0.627030,0.240486,0.276670,0.506124,2.872408,frontal temporal parietal occipital,0
291,0.799126,0.445931,0.599456,0.630516,0.241823,0.508938,0.278208,1.570183,frontal temporal parietal occipital,0
292,0.770063,0.429713,0.577654,0.607584,0.490429,0.268090,0.233028,2.872408,temporal frontal parietal occipital,1
293,0.769413,0.429350,0.577166,0.607071,0.490015,0.232832,0.267863,3.304587,temporal frontal parietal occipital,1
294,0.707398,0.394744,0.530646,0.246273,0.558141,0.214065,0.450519,3.304587,temporal frontal parietal occipital,1
295,0.711451,0.397006,0.533687,0.247685,0.561339,0.453101,0.215292,1.570183,temporal frontal parietal occipital,1
296,0.744430,0.415409,0.558426,0.259166,0.225272,0.587360,0.474104,1.267417,temporal occipital frontal parietal,0
297,0.742404,0.414279,0.556906,0.258460,0.224659,0.472814,0.585761,1.570183,temporal frontal parietal occipital,1
298,0.722762,0.403318,0.542172,0.251622,0.460304,0.570263,0.218715,1.267417,temporal occipital frontal parietal,0
299,0.716690,0.399930,0.537617,0.249509,0.456438,0.216877,0.565473,3.304587,temporal frontal parietal occipital,1
300,0.703033,0.392309,0.527372,0.212744,0.554697,0.244754,0.447739,2.872408,temporal frontal parietal occipital,1
301,0.706488,0.394237,0.529964,0.213790,0.557423,0.449940,0.245957,1.570183,temporal frontal parietal occipital,1
302,0.736014,0.410713,0.552113,0.222725,0.256236,0.580720,0.468744,1.267417,temporal occipital frontal parietal,0
303,0.734034,0.409608,0.550627,0.222126,0.255546,0.467483,0.579157,1.570183,temporal frontal parietal occipital,1
304,0.717640,0.400460,0.538330,0.217165,0.457042,0.566222,0.249839,1.267417,temporal occipital frontal parietal,0
305,0.712210,0.397430,0.534257,0.215522,0.453584,0.247949,0.561938,2.872408,temporal frontal parietal occipital,1
306,0.740785,0.413375,0.555692,0.471783,0.584484,0.257897,0.224169,2.872408,temporal frontal parietal occipital,1
307,0.740183,0.413040,0.555240,0.471399,0.584009,0.223987,0.257687,3.304587,temporal frontal parietal occipital,1
308,0.777496,0.433861,0.583230,0.495163,0.270678,0.613449,0.235278,1.267417,temporal frontal occipital parietal,0
309,0.770475,0.429943,0.577963,0.490691,0.268233,0.233153,0.607910,3.304587,frontal temporal parietal occipital,0
310,0.780827,0.435719,0.585728,0.497284,0.236286,0.616077,0.271837,1.267417,frontal temporal occipital parietal,0
311,0.774403,0.432135,0.580910,0.493193,0.234342,0.269601,0.611009,2.872408,frontal temporal parietal occipital,0
312,0.790572,0.441158,0.239235,0.623766,0.275230,0.593039,0.503491,1.333087,frontal temporal occipital parietal,0
313,0.788870,0.440208,0.238720,0.622423,0.274637,0.502406,0.591762,1.570183,frontal temporal occipital parietal,0
314,0.755843,0.421778,0.228725,0.596364,0.566987,0.263139,0.481372,2.872408,temporal frontal parietal occipital,1
315,0.759838,0.424008,0.229934,0.599517,0.569984,0.483917,0.264530,1.570183,temporal frontal occipital parietal,0
316,0.763720,0.426174,0.231109,0.602580,0.486389,0.265882,0.572896,2.872408,temporal frontal parietal occipital,1
317,0.769413,0.429350,0.232832,0.607071,0.490015,0.577166,0.267863,1.333087,temporal frontal occipital parietal,0
318,0.707398,0.394744,0.214065,0.246273,0.558141,0.530646,0.450519,1.333087,temporal frontal occipital parietal,0
319,0.706034,0.393984,0.213653,0.245799,0.557065,0.449651,0.529624,1.570183,temporal frontal occipital parietal,0
320,0.710221,0.396320,0.214920,0.247256,0.532764,0.560369,0.452317,1.267417,temporal occipital frontal parietal,0
321,0.708376,0.395291,0.214362,0.246614,0.531381,0.451143,0.558913,1.570183,temporal frontal occipital parietal,0
322,0.717172,0.400199,0.217023,0.249676,0.456744,0.565853,0.537978,1.267417,temporal occipital frontal parietal,0
323,0.716690,0.399930,0.216877,0.249509,0.456438,0.537617,0.565473,1.333087,temporal frontal occipital parietal,0
324,0.748425,0.417639,0.226481,0.561423,0.590512,0.260557,0.476648,2.872408,temporal frontal parietal occipital,1
325,0.752343,0.419825,0.227666,0.564362,0.593603,0.479143,0.261921,1.570183,temporal frontal occipital parietal,0
326,0.785917,0.438560,0.237826,0.589547,0.273609,0.620093,0.500526,1.267417,frontal temporal occipital parietal,0
327,0.783659,0.437300,0.237143,0.587853,0.272823,0.499088,0.618312,1.570183,frontal temporal occipital parietal,0
328,0.765002,0.426889,0.231497,0.573858,0.487206,0.603592,0.266328,1.267417,temporal frontal occipital parietal,0
329,0.758835,0.423448,0.229631,0.569232,0.483278,0.264181,0.598726,2.872408,temporal frontal parietal occipital,1
330,0.734914,0.410099,0.222392,0.468044,0.579852,0.255853,0.551288,2.872408,temporal frontal parietal occipital,1
331,0.740183,0.413040,0.223987,0.471399,0.584009,0.555240,0.257687,1.333087,temporal frontal occipital parietal,0
332,0.771032,0.430254,0.233322,0.491046,0.268427,0.608349,0.578381,1.267417,frontal temporal occipital parietal,0
333,0.770475,0.429943,0.233153,0.490691,0.268233,0.577963,0.607910,1.333087,frontal temporal occipital parietal,0
334,0.743275,0.414765,0.224922,0.473368,0.557559,0.586448,0.258764,1.267417,temporal frontal occipital parietal,0
335,0.737452,0.411515,0.223160,0.469660,0.553191,0.256736,0.581854,2.872408,temporal frontal parietal occipital,1
336,0.795639,0.443985,0.506717,0.627764,0.276994,0.596839,0.240768,1.333087,frontal temporal occipital parietal,0
337,0.788870,0.440208,0.502406,0.622423,0.274637,0.238720,0.591762,3.304587,frontal temporal parietal occipital,0
338,0.760472,0.424361,0.484321,0.600017,0.570460,0.264751,0.230126,2.872408,temporal frontal parietal occipital,1
339,0.759838,0.424008,0.483917,0.599517,0.569984,0.229934,0.264530,3.304587,temporal frontal parietal occipital,1
340,0.792988,0.442506,0.505029,0.625672,0.239966,0.276071,0.594851,2.872408,frontal temporal parietal occipital,0
341,0.799126,0.445931,0.508938,0.630516,0.241823,0.599456,0.278208,1.333087,frontal temporal occipital parietal,0
342,0.711451,0.397006,0.453101,0.247685,0.561339,0.533687,0.215292,1.333087,temporal frontal occipital parietal,0
343,0.706034,0.393984,0.449651,0.245799,0.557065,0.213653,0.529624,3.304587,temporal frontal parietal occipital,1
344,0.714307,0.398600,0.454919,0.248679,0.535829,0.563592,0.216156,1.267417,temporal occipital frontal parietal,0
345,0.708376,0.395291,0.451143,0.246614,0.531381,0.214362,0.558913,3.304587,temporal frontal parietal occipital,1
346,0.742920,0.414567,0.473142,0.258640,0.224815,0.586169,0.557293,1.267417,temporal occipital frontal parietal,0
347,0.742404,0.414279,0.472814,0.258460,0.224659,0.556906,0.585761,1.333087,temporal frontal occipital parietal,0
348,0.752964,0.420172,0.479539,0.564828,0.594093,0.262137,0.227854,2.872408,temporal frontal parietal occipital,1
349,0.752343,0.419825,0.479143,0.564362,0.593603,0.227666,0.261921,3.304587,temporal frontal parietal occipital,1
350,0.790924,0.441354,0.503714,0.593303,0.275352,0.624044,0.239341,1.267417,frontal temporal occipital parietal,0
351,0.783659,0.437300,0.499088,0.587853,0.272823,0.237143,0.618312,3.304587,frontal temporal parietal occipital,0
352,0.794370,0.443277,0.505909,0.595888,0.240384,0.626763,0.276552,1.267417,frontal temporal occipital parietal,0
353,0.787723,0.439568,0.501676,0.590901,0.238373,0.274238,0.621518,2.872408,frontal temporal parietal occipital,0
354,0.701686,0.391557,0.446882,0.212337,0.553635,0.244285,0.526362,2.872408,temporal frontal parietal occipital,1
355,0.706488,0.394237,0.449940,0.213790,0.557423,0.529964,0.245957,1.333087,temporal occipital frontal parietal,0
356,0.734539,0.409890,0.467804,0.222278,0.255722,0.579555,0.551006,1.267417,temporal occipital frontal parietal,0
357,0.734034,0.409608,0.467483,0.222126,0.255546,0.550627,0.579157,1.333087,temporal frontal occipital parietal,0
358,0.709304,0.395808,0.451733,0.214642,0.532077,0.559645,0.246937,1.267417,temporal occipital frontal parietal,0
359,0.703999,0.392848,0.448355,0.213037,0.528097,0.245090,0.555460,2.872408,temporal frontal parietal occipital,1
360,0.714922,0.536291,0.564078,0.248893,0.398943,0.216342,0.455311,3.304587,temporal frontal parietal occipital,1
361,0.719062,0.539397,0.567345,0.250334,0.401254,0.457948,0.217595,1.570183,temporal frontal parietal occipital,1
362,0.734308,0.550833,0.579373,0.255642,0.222209,0.409761,0.467657,1.792040,temporal frontal parietal occipital,1
363,0.735333,0.551602,0.580183,0.255999,0.222519,0.468311,0.410333,1.570183,temporal frontal parietal occipital,1
364,0.713216,0.535011,0.562732,0.248299,0.454225,0.397991,0.215826,1.792040,temporal frontal parietal occipital,1
365,0.710099,0.532673,0.560273,0.247214,0.452240,0.214883,0.396252,3.304587,temporal frontal parietal occipital,1
366,0.753040,0.564885,0.594153,0.420214,0.262163,0.227877,0.479588,3.304587,temporal frontal parietal occipital,1
367,0.757636,0.568332,0.597779,0.422778,0.263763,0.482514,0.229268,1.570183,temporal frontal parietal occipital,1
368,0.756792,0.567699,0.597113,0.422307,0.229012,0.263469,0.481977,2.872408,temporal frontal parietal occipital,1
369,0.760797,0.570704,0.600274,0.424543,0.230225,0.484528,0.264864,1.570183,temporal frontal parietal occipital,1
370,0.734409,0.550908,0.579453,0.409817,0.467722,0.255677,0.222239,2.872408,temporal frontal parietal occipital,1
371,0.733817,0.550465,0.578986,0.409487,0.467345,0.222060,0.255471,3.304587,temporal frontal parietal occipital,1
372,0.726118,0.544689,0.572912,0.219730,0.252791,0.405191,0.462442,1.792040,temporal frontal parietal occipital,1
373,0.727121,0.545442,0.573703,0.220034,0.253140,0.463080,0.405751,1.570183,temporal frontal parietal occipital,1
374,0.710464,0.532946,0.560560,0.214993,0.396455,0.247341,0.452472,2.872408,temporal frontal parietal occipital,1
375,0.713993,0.535594,0.563345,0.216061,0.398425,0.454720,0.248569,1.570183,temporal frontal parietal occipital,1
376,0.705701,0.529374,0.556802,0.213552,0.449439,0.245683,0.393798,2.872408,temporal frontal parietal occipital,1
377,0.708229,0.531270,0.558797,0.214317,0.451048,0.395208,0.246563,1.792040,temporal frontal parietal occipital,1
378,0.766462,0.574953,0.604743,0.488135,0.266836,0.427703,0.231939,1.792040,temporal frontal parietal occipital,1
379,0.762863,0.572253,0.601904,0.485843,0.265583,0.230850,0.425695,3.304587,temporal frontal parietal occipital,1
380,0.749040,0.561884,0.590997,0.477040,0.417982,0.260771,0.226667,2.872408,temporal frontal parietal occipital,1
381,0.748425,0.561423,0.590512,0.476648,0.417639,0.226481,0.260557,3.304587,temporal frontal parietal occipital,1
382,0.766713,0.575141,0.604941,0.488295,0.232015,0.266923,0.427844,2.872408,temporal frontal parietal occipital,1
383,0.769698,0.577380,0.607296,0.490196,0.232918,0.429509,0.267963,1.792040,temporal frontal parietal occipital,1
384,0.761169,0.570983,0.264993,0.600567,0.424750,0.230337,0.484765,3.304587,temporal frontal parietal occipital,1
385,0.765865,0.574505,0.266628,0.604272,0.427370,0.487755,0.231758,1.570183,temporal frontal occipital parietal,0
386,0.783183,0.587496,0.272657,0.617936,0.236999,0.437034,0.498784,1.792040,temporal frontal occipital parietal,0
387,0.784350,0.588371,0.273064,0.618857,0.237352,0.499528,0.437686,1.570183,temporal frontal occipital parietal,0
388,0.759236,0.569533,0.264320,0.599042,0.483534,0.423672,0.229752,1.792040,temporal frontal occipital parietal,0
389,0.755705,0.566884,0.263091,0.596256,0.481285,0.228684,0.421701,3.304587,temporal frontal parietal occipital,1
390,0.718551,0.539013,0.250156,0.400968,0.566941,0.217440,0.457622,3.304587,temporal frontal parietal occipital,1
391,0.722734,0.542151,0.251612,0.403302,0.570241,0.460286,0.218706,1.570183,temporal frontal occipital parietal,0
392,0.756792,0.567699,0.263469,0.422307,0.229012,0.597113,0.481977,1.267417,temporal occipital frontal parietal,0
393,0.754698,0.566128,0.262740,0.421139,0.228379,0.480643,0.595461,1.570183,temporal frontal occipital parietal,0
394,0.734409,0.550908,0.255677,0.409817,0.467722,0.579453,0.222239,1.267417,temporal occipital frontal parietal,0
395,0.728141,0.546207,0.253495,0.406320,0.463730,0.220343,0.574508,3.304587,temporal frontal parietal occipital,1
396,0.693998,0.520595,0.241608,0.210010,0.547569,0.387267,0.441985,1.792040,temporal frontal occipital parietal,0
397,0.694914,0.521282,0.241927,0.210288,0.548292,0.442569,0.387778,1.570183,temporal frontal occipital parietal,0
398,0.710464,0.532946,0.247341,0.214993,0.396455,0.560560,0.452472,1.267417,temporal occipital frontal parietal,0
399,0.708618,0.531562,0.246698,0.214435,0.395425,0.451297,0.559104,1.570183,temporal frontal occipital parietal,0
400,0.705701,0.529374,0.245683,0.213552,0.449439,0.556802,0.393798,1.267417,temporal occipital frontal parietal,0
401,0.702940,0.527303,0.244721,0.212716,0.447680,0.392257,0.554624,1.792040,temporal frontal occipital parietal,0
402,0.730761,0.548172,0.254407,0.465399,0.576575,0.407782,0.221135,1.792040,temporal frontal occipital parietal,0
403,0.727489,0.545718,0.253268,0.463315,0.573993,0.220145,0.405956,3.304587,temporal frontal parietal occipital,1
404,0.749040,0.561884,0.260771,0.477040,0.417982,0.590997,0.226667,1.267417,temporal occipital frontal parietal,0
405,0.742522,0.556994,0.258501,0.472889,0.414344,0.224694,0.585854,3.304587,temporal frontal parietal occipital,1
406,0.766713,0.575141,0.266923,0.488295,0.232015,0.604941,0.427844,1.267417,temporal occipital frontal parietal,0
407,0.763455,0.572697,0.265789,0.486220,0.231029,0.426026,0.602371,1.792040,temporal frontal occipital parietal,0
408,0.779166,0.584483,0.434793,0.614767,0.271259,0.235783,0.496226,3.304587,temporal frontal parietal occipital,1
409,0.784087,0.588174,0.437539,0.618649,0.272972,0.499360,0.237272,1.570183,temporal frontal occipital parietal,0
410,0.783183,0.587496,0.437034,0.617936,0.236999,0.272657,0.498784,2.872408,temporal frontal parietal occipital,1
411,0.787474,0.590715,0.439429,0.621322,0.238297,0.501517,0.274151,1.570183,temporal frontal occipital parietal,0
412,0.759236,0.569533,0.423672,0.599042,0.483534,0.264320,0.229752,2.872408,temporal frontal parietal occipital,1
413,0.758604,0.569059,0.423319,0.598544,0.483131,0.229561,0.264100,3.304587,temporal frontal parietal occipital,1
414,0.698251,0.523785,0.389640,0.243089,0.550924,0.211298,0.444694,3.304587,temporal frontal parietal occipital,1
415,0.702200,0.526748,0.391844,0.244464,0.554040,0.447209,0.212493,1.570183,temporal frontal occipital parietal,0
416,0.734308,0.550833,0.409761,0.255642,0.222209,0.579373,0.467657,1.267417,temporal occipital frontal parietal,0
417,0.732336,0.549354,0.408661,0.254955,0.221612,0.466402,0.577818,1.570183,temporal frontal occipital parietal,0
418,0.713216,0.535011,0.397991,0.248299,0.454225,0.562732,0.215826,1.267417,temporal occipital frontal parietal,0
419,0.707304,0.530576,0.394692,0.246241,0.450459,0.214037,0.558067,3.304587,temporal frontal parietal occipital,1
420,0.693998,0.520595,0.387267,0.210010,0.547569,0.241608,0.441985,2.872408,temporal frontal parietal occipital,1
421,0.697365,0.523121,0.389146,0.211029,0.550225,0.444130,0.242781,1.570183,temporal frontal occipital parietal,0
422,0.726118,0.544689,0.405191,0.219730,0.252791,0.572912,0.462442,1.267417,temporal occipital frontal parietal,0
423,0.724190,0.543243,0.404115,0.219147,0.252120,0.461214,0.571391,1.570183,temporal frontal occipital parietal,0
424,0.708229,0.531270,0.395208,0.214317,0.451048,0.558797,0.246563,1.267417,temporal occipital frontal parietal,0
425,0.702940,0.527303,0.392257,0.212716,0.447680,0.244721,0.554624,2.872408,temporal frontal parietal occipital,1
426,0.730761,0.548172,0.407782,0.465399,0.576575,0.254407,0.221135,2.872408,temporal frontal parietal occipital,1
427,0.730176,0.547733,0.407455,0.465026,0.576113,0.220958,0.254203,3.304587,temporal frontal parietal occipital,1
428,0.766462,0.574953,0.427703,0.488135,0.266836,0.604743,0.231939,1.267417,temporal occipital frontal parietal,0
429,0.759638,0.569834,0.423895,0.483789,0.264460,0.229874,0.599359,3.304587,temporal frontal parietal occipital,1
430,0.769698,0.577380,0.429509,0.490196,0.232918,0.607296,0.267963,1.267417,temporal occipital frontal parietal,0
431,0.763455,0.572697,0.426026,0.486220,0.231029,0.265789,0.602371,2.872408,temporal frontal parietal occipital,1
432,0.779166,0.584483,0.235783,0.614767,0.271259,0.434793,0.496226,1.792040,temporal frontal occipital parietal,0
433,0.780321,0.585349,0.236133,0.615678,0.271661,0.496962,0.435437,1.570183,temporal frontal occipital parietal,0
434,0.761169,0.570983,0.230337,0.600567,0.424750,0.264993,0.484765,2.872408,temporal frontal parietal occipital,1
435,0.765222,0.574023,0.231563,0.603765,0.427012,0.487346,0.266404,1.570183,temporal frontal occipital parietal,0
436,0.755705,0.566884,0.228684,0.596256,0.481285,0.263091,0.421701,2.872408,temporal frontal parietal occipital,1
437,0.758604,0.569059,0.229561,0.598544,0.483131,0.423319,0.264100,1.792040,temporal frontal occipital parietal,0
438,0.698251,0.523785,0.211298,0.243089,0.550924,0.389640,0.444694,1.792040,temporal frontal occipital parietal,0
439,0.699179,0.524481,0.211578,0.243412,0.551656,0.445285,0.390158,1.570183,temporal frontal occipital parietal,0
440,0.714922,0.536291,0.216342,0.248893,0.398943,0.564078,0.455311,1.267417,temporal occipital frontal parietal,0
441,0.713053,0.534889,0.215777,0.248242,0.397900,0.454121,0.562603,1.570183,temporal frontal occipital parietal,0
442,0.710099,0.532673,0.214883,0.247214,0.452240,0.560273,0.396252,1.267417,temporal occipital frontal parietal,0
443,0.707304,0.530576,0.214037,0.246241,0.450459,0.394692,0.558067,1.792040,temporal frontal occipital parietal,0
444,0.718551,0.539013,0.217440,0.400968,0.566941,0.250156,0.457622,2.872408,temporal frontal occipital parietal,0
445,0.722161,0.541721,0.218533,0.402983,0.569789,0.459922,0.251413,1.570183,temporal frontal occipital parietal,0
446,0.753040,0.564885,0.227877,0.420214,0.262163,0.594153,0.479588,1.267417,temporal occipital frontal parietal,0
447,0.750967,0.563330,0.227250,0.419057,0.261442,0.478267,0.592518,1.570183,temporal frontal occipital parietal,0
448,0.733817,0.550465,0.222060,0.409487,0.467345,0.578986,0.255471,1.267417,temporal occipital frontal parietal,0
449,0.728141,0.546207,0.220343,0.406320,0.463730,0.253495,0.574508,2.872408,temporal frontal occipital parietal,0
450,0.727489,0.545718,0.220145,0.463315,0.573993,0.253268,0.405956,2.872408,temporal frontal occipital parietal,0
451,0.730176,0.547733,0.220958,0.465026,0.576113,0.407455,0.254203,1.792040,temporal frontal occipital parietal,0
452,0.762863,0.572253,0.230850,0.485843,0.265583,0.601904,0.425695,1.267417,temporal occipital frontal parietal,0
453,0.759638,0.569834,0.229874,0.483789,0.264460,0.423895,0.599359,1.792040,temporal frontal occipital parietal,0
454,0.748425,0.561423,0.226481,0.476648,0.417639,0.590512,0.260557,1.267417,temporal occipital frontal parietal,0
455,0.742522,0.556994,0.224694,0.472889,0.414344,0.258501,0.585854,2.872408,temporal frontal occipital parietal,0
456,0.784087,0.588174,0.499360,0.618649,0.272972,0.437539,0.237272,1.792040,temporal frontal parietal occipital,1
457,0.780321,0.585349,0.496962,0.615678,0.271661,0.236133,0.435437,3.304587,temporal frontal parietal occipital,1
458,0.765865,0.574505,0.487755,0.604272,0.427370,0.266628,0.231758,2.872408,temporal frontal parietal occipital,1
459,0.765222,0.574023,0.487346,0.603765,0.427012,0.231563,0.266404,3.304587,temporal frontal parietal occipital,1
460,0.784350,0.588371,0.499528,0.618857,0.237352,0.273064,0.437686,2.872408,temporal frontal parietal occipital,1
461,0.787474,0.590715,0.501517,0.621322,0.238297,0.439429,0.274151,1.792040,temporal frontal parietal occipital,1
462,0.702200,0.526748,0.447209,0.244464,0.554040,0.391844,0.212493,1.792040,temporal frontal occipital parietal,0
463,0.699179,0.524481,0.445285,0.243412,0.551656,0.211578,0.390158,3.304587,temporal frontal parietal occipital,1
464,0.719062,0.539397,0.457948,0.250334,0.401254,0.567345,0.217595,1.267417,temporal occipital frontal parietal,0
465,0.713053,0.534889,0.454121,0.248242,0.397900,0.215777,0.562603,3.304587,temporal frontal parietal occipital,1
466,0.735333,0.551602,0.468311,0.255999,0.222519,0.580183,0.410333,1.267417,temporal occipital frontal parietal,0
467,0.732336,0.549354,0.466402,0.254955,0.221612,0.408661,0.577818,1.792040,temporal frontal parietal occipital,1
468,0.722734,0.542151,0.460286,0.403302,0.570241,0.251612,0.218706,2.872408,temporal frontal parietal occipital,1
469,0.722161,0.541721,0.459922,0.402983,0.569789,0.218533,0.251413,3.304587,temporal frontal parietal occipital,1
470,0.757636,0.568332,0.482514,0.422778,0.263763,0.597779,0.229268,1.267417,temporal occipital frontal parietal,0
471,0.750967,0.563330,0.478267,0.419057,0.261442,0.227250,0.592518,3.304587,temporal frontal parietal occipital,1
472,0.760797,0.570704,0.484528,0.424543,0.230225,0.600274,0.264864,1.267417,temporal occipital frontal parietal,0
473,0.754698,0.566128,0.480643,0.421139,0.228379,0.262740,0.595461,2.872408,temporal frontal parietal occipital,1
474,0.694914,0.521282,0.442569,0.210288,0.548292,0.241927,0.387778,2.872408,temporal frontal parietal occipital,1
475,0.697365,0.523121,0.444130,0.211029,0.550225,0.389146,0.242781,1.792040,temporal frontal occipital parietal,0
476,0.727121,0.545442,0.463080,0.220034,0.253140,0.573703,0.405751,1.267417,temporal occipital frontal parietal,0
477,0.724190,0.543243,0.461214,0.219147,0.252120,0.404115,0.571391,1.792040,temporal frontal parietal occipital,1
478,0.713993,0.535594,0.454720,0.216061,0.398425,0.563345,0.248569,1.267417,temporal occipital frontal parietal,0
479,0.708618,0.531562,0.451297,0.214435,0.395425,0.246698,0.559104,2.872408,temporal frontal parietal occipital,1
480,0.737670,0.223226,0.582026,0.256813,0.411637,0.553355,0.469799,1.333087,frontal occipital parietal temporal,0
481,0.736188,0.222778,0.580857,0.256296,0.410810,0.468855,0.552243,1.570183,frontal parietal occipital temporal,0
482,0.722859,0.218744,0.570341,0.251656,0.542245,0.403372,0.460366,1.792040,frontal parietal occipital temporal,0
483,0.723854,0.219045,0.571125,0.252002,0.542991,0.460999,0.403927,1.570183,frontal parietal occipital temporal,0
484,0.730061,0.220924,0.576023,0.254164,0.464953,0.407391,0.547647,1.792040,frontal parietal occipital temporal,0
485,0.732537,0.221673,0.577976,0.255025,0.466530,0.549505,0.408773,1.333087,frontal occipital parietal temporal,0
486,0.778322,0.235528,0.614101,0.434322,0.270965,0.583850,0.495689,1.333087,frontal parietal occipital temporal,0
487,0.776672,0.235029,0.612799,0.433401,0.270391,0.494638,0.582612,1.570183,frontal parietal occipital temporal,0
488,0.744638,0.225335,0.587524,0.415525,0.558581,0.259238,0.474236,2.872408,frontal parietal temporal occipital,0
489,0.748515,0.226508,0.590583,0.417689,0.561490,0.476706,0.260588,1.570183,frontal parietal occipital temporal,0
490,0.752282,0.227648,0.593555,0.419791,0.479105,0.261899,0.564316,2.872408,frontal parietal temporal occipital,0
491,0.757804,0.229319,0.597912,0.422873,0.482622,0.568459,0.263822,1.333087,frontal occipital parietal temporal,0
492,0.801423,0.242518,0.632328,0.601178,0.279007,0.447213,0.510401,1.792040,frontal parietal occipital temporal,0
493,0.802645,0.242888,0.633292,0.602095,0.279433,0.511179,0.447895,1.570183,frontal parietal occipital temporal,0
494,0.782396,0.236761,0.617315,0.586906,0.436595,0.272383,0.498283,2.872408,frontal parietal temporal occipital,0
495,0.786678,0.238056,0.620694,0.590118,0.438985,0.501010,0.273874,1.570183,frontal parietal occipital temporal,0
496,0.776624,0.235014,0.612761,0.582576,0.494607,0.270374,0.433374,2.872408,frontal parietal temporal occipital,0
497,0.779686,0.235941,0.615177,0.584873,0.496558,0.435083,0.271440,1.792040,frontal parietal occipital temporal,0
498,0.785950,0.237836,0.620119,0.500547,0.273621,0.438579,0.589572,1.792040,frontal parietal occipital temporal,0
499,0.788820,0.238705,0.622384,0.502375,0.274620,0.591725,0.440180,1.333087,frontal parietal occipital temporal,0
500,0.767642,0.232296,0.605675,0.488887,0.428362,0.267247,0.575838,2.872408,frontal parietal temporal occipital,0
501,0.773393,0.234036,0.610212,0.492550,0.431571,0.580152,0.269249,1.333087,frontal parietal occipital temporal,0
502,0.754241,0.228241,0.595101,0.480352,0.565785,0.262581,0.420884,2.872408,frontal parietal temporal occipital,0
503,0.757129,0.229115,0.597379,0.482192,0.567952,0.422496,0.263587,1.792040,frontal parietal occipital temporal,0
504,0.787009,0.238157,0.273989,0.620955,0.439170,0.590366,0.501221,1.333087,frontal occipital parietal temporal,0
505,0.785323,0.237646,0.273402,0.619624,0.438228,0.500147,0.589101,1.570183,frontal occipital parietal temporal,0
506,0.770174,0.233062,0.268128,0.607672,0.577737,0.429775,0.490499,1.792040,frontal occipital temporal parietal,0
507,0.771302,0.233404,0.268521,0.608562,0.578584,0.491218,0.430405,1.570183,frontal occipital temporal parietal,0
508,0.778355,0.235538,0.270976,0.614127,0.495709,0.434340,0.583874,1.792040,frontal occipital temporal parietal,0
509,0.781169,0.236389,0.271956,0.616347,0.497502,0.585985,0.435911,1.333087,frontal occipital parietal temporal,0
510,0.741535,0.224396,0.258158,0.413794,0.585075,0.556254,0.472260,1.333087,frontal occipital temporal parietal,0
511,0.740037,0.223942,0.257636,0.412958,0.583894,0.471306,0.555130,1.570183,frontal occipital temporal parietal,0
512,0.744638,0.225335,0.259238,0.415525,0.558581,0.587524,0.474236,1.267417,frontal occipital temporal parietal,0
513,0.742610,0.224721,0.258532,0.414394,0.557061,0.472945,0.585924,1.570183,frontal occipital temporal parietal,0
514,0.752282,0.227648,0.261899,0.419791,0.479105,0.593555,0.564316,1.267417,frontal occipital parietal temporal,0
515,0.751753,0.227488,0.261715,0.419495,0.478767,0.563919,0.593137,1.333087,frontal occipital temporal parietal,0
516,0.762474,0.230732,0.265448,0.571961,0.601597,0.425478,0.485596,1.792040,frontal occipital temporal parietal,0
517,0.763580,0.231067,0.265833,0.572791,0.602469,0.486300,0.426095,1.570183,frontal occipital temporal parietal,0
518,0.782396,0.236761,0.272383,0.586906,0.436595,0.617315,0.498283,1.267417,frontal occipital parietal temporal,0
519,0.780158,0.236083,0.271604,0.585227,0.435346,0.496858,0.615550,1.570183,frontal occipital parietal temporal,0
520,0.776624,0.235014,0.270374,0.582576,0.494607,0.612761,0.433374,1.267417,frontal occipital parietal temporal,0
521,0.773281,0.234002,0.269210,0.580068,0.492478,0.431509,0.610124,1.792040,frontal occipital temporal parietal,0
522,0.748455,0.226490,0.260567,0.476668,0.590536,0.417656,0.561445,1.792040,frontal occipital temporal parietal,0
523,0.751058,0.227277,0.261473,0.478325,0.592589,0.563397,0.419108,1.333087,frontal occipital temporal parietal,0
524,0.767642,0.232296,0.267247,0.488887,0.428362,0.605675,0.575838,1.267417,frontal occipital parietal temporal,0
525,0.767091,0.232129,0.267055,0.488536,0.428055,0.575425,0.605239,1.333087,frontal occipital parietal temporal,0
526,0.754241,0.228241,0.262581,0.480352,0.565785,0.595101,0.420884,1.267417,frontal occipital temporal parietal,0
527,0.751088,0.227286,0.261484,0.478344,0.563420,0.419125,0.592613,1.792040,frontal occipital temporal parietal,0
528,0.806264,0.243983,0.449914,0.636147,0.280693,0.604810,0.513484,1.333087,frontal occipital parietal temporal,0
529,0.804494,0.243448,0.448926,0.634751,0.280076,0.512357,0.603482,1.570183,frontal parietal occipital temporal,0
530,0.770174,0.233062,0.429775,0.607672,0.577737,0.268128,0.490499,2.872408,frontal parietal temporal occipital,0
531,0.774323,0.234318,0.432090,0.610945,0.580850,0.493142,0.269573,1.570183,frontal occipital parietal temporal,0
532,0.778355,0.235538,0.434340,0.614127,0.495709,0.270976,0.583874,2.872408,frontal parietal temporal occipital,0
533,0.784268,0.237327,0.437640,0.618792,0.499475,0.588310,0.273035,1.333087,frontal occipital parietal temporal,0
534,0.719935,0.217859,0.401741,0.250638,0.568033,0.540051,0.458504,1.333087,frontal occipital parietal temporal,0
535,0.718523,0.217432,0.400953,0.250147,0.566919,0.457605,0.538992,1.570183,frontal occipital parietal temporal,0
536,0.722859,0.218744,0.403372,0.251656,0.542245,0.570341,0.460366,1.267417,frontal occipital parietal temporal,0
537,0.720949,0.218166,0.402306,0.250991,0.540812,0.459150,0.568833,1.570183,frontal occipital parietal temporal,0
538,0.730061,0.220924,0.407391,0.254164,0.464953,0.576023,0.547647,1.267417,frontal occipital parietal temporal,0
539,0.729563,0.220773,0.407113,0.253990,0.464635,0.547273,0.575629,1.333087,frontal occipital parietal temporal,0
540,0.762474,0.230732,0.425478,0.571961,0.601597,0.265448,0.485596,2.872408,frontal parietal temporal occipital,0
541,0.766540,0.231962,0.427747,0.575012,0.604805,0.488185,0.266863,1.570183,frontal occipital parietal temporal,0
542,0.801423,0.242518,0.447213,0.601178,0.279007,0.632328,0.510401,1.267417,frontal occipital parietal temporal,0
543,0.799075,0.241808,0.445903,0.599417,0.278190,0.508906,0.630475,1.570183,frontal occipital parietal temporal,0
544,0.779686,0.235941,0.435083,0.584873,0.496558,0.615177,0.271440,1.267417,frontal occipital parietal temporal,0
545,0.773281,0.234002,0.431509,0.580068,0.492478,0.269210,0.610124,2.872408,frontal parietal temporal occipital,0
546,0.748455,0.226490,0.417656,0.476668,0.590536,0.260567,0.561445,2.872408,frontal parietal temporal occipital,0
547,0.753921,0.228144,0.420706,0.480149,0.594849,0.565546,0.262470,1.333087,frontal occipital parietal temporal,0
548,0.785950,0.237836,0.438579,0.500547,0.273621,0.620119,0.589572,1.267417,frontal occipital parietal temporal,0
549,0.785372,0.237661,0.438256,0.500179,0.273419,0.589138,0.619663,1.333087,frontal occipital parietal temporal,0
550,0.757129,0.229115,0.422496,0.482192,0.567952,0.597379,0.263587,1.267417,frontal occipital parietal temporal,0
551,0.751088,0.227286,0.419125,0.478344,0.563420,0.261484,0.592613,2.872408,frontal parietal temporal occipital,0
552,0.806264,0.243983,0.604810,0.636147,0.280693,0.449914,0.513484,1.792040,frontal parietal occipital temporal,0
553,0.807501,0.244358,0.605738,0.637123,0.281123,0.514272,0.450604,1.570183,frontal parietal occipital temporal,0
554,0.787009,0.238157,0.590366,0.620955,0.439170,0.273989,0.501221,2.872408,frontal parietal temporal occipital,0
555,0.791342,0.239468,0.593617,0.624374,0.441588,0.503981,0.275498,1.570183,frontal parietal occipital temporal,0
556,0.781169,0.236389,0.585985,0.616347,0.497502,0.271956,0.435911,2.872408,frontal parietal temporal occipital,0
557,0.784268,0.237327,0.588310,0.618792,0.499475,0.437640,0.273035,1.792040,frontal parietal occipital temporal,0
558,0.719935,0.217859,0.540051,0.250638,0.568033,0.401741,0.458504,1.792040,frontal parietal occipital temporal,0
559,0.720921,0.218158,0.540791,0.250981,0.568811,0.459132,0.402291,1.570183,frontal parietal occipital temporal,0
560,0.737670,0.223226,0.553355,0.256813,0.411637,0.582026,0.469799,1.267417,frontal occipital parietal temporal,0
561,0.735681,0.222624,0.551863,0.256120,0.410527,0.468532,0.580457,1.570183,frontal parietal occipital temporal,0
562,0.732537,0.221673,0.549505,0.255025,0.466530,0.577976,0.408773,1.267417,frontal occipital parietal temporal,0
563,0.729563,0.220773,0.547273,0.253990,0.464635,0.407113,0.575629,1.792040,frontal parietal occipital temporal,0
564,0.741535,0.224396,0.556254,0.413794,0.585075,0.258158,0.472260,2.872408,frontal parietal temporal occipital,0
565,0.745380,0.225559,0.559139,0.415939,0.588109,0.474709,0.259497,1.570183,frontal parietal occipital temporal,0
566,0.778322,0.235528,0.583850,0.434322,0.270965,0.614101,0.495689,1.267417,frontal occipital parietal temporal,0
567,0.776108,0.234858,0.582189,0.433086,0.270194,0.494278,0.612354,1.570183,frontal parietal occipital temporal,0
568,0.757804,0.229319,0.568459,0.422873,0.482622,0.597912,0.263822,1.267417,frontal occipital parietal temporal,0
569,0.751753,0.227488,0.563919,0.419495,0.478767,0.261715,0.593137,2.872408,frontal parietal temporal occipital,0
570,0.751058,0.227277,0.563397,0.478325,0.592589,0.261473,0.419108,2.872408,frontal parietal temporal occipital,0
571,0.753921,0.228144,0.565546,0.480149,0.594849,0.420706,0.262470,1.792040,frontal parietal occipital temporal,0
572,0.788820,0.238705,0.591725,0.502375,0.274620,0.622384,0.440180,1.267417,frontal occipital parietal temporal,0
573,0.785372,0.237661,0.589138,0.500179,0.273419,0.438256,0.619663,1.792040,frontal parietal occipital temporal,0
574,0.773393,0.234036,0.580152,0.492550,0.431571,0.610212,0.269249,1.267417,frontal occipital parietal temporal,0
575,0.767091,0.232129,0.575425,0.488536,0.428055,0.267055,0.605239,2.872408,frontal parietal temporal occipital,0
576,0.804494,0.243448,0.512357,0.634751,0.280076,0.448926,0.603482,1.792040,frontal parietal occipital temporal,0
577,0.807501,0.244358,0.514272,0.637123,0.281123,0.605738,0.450604,1.333087,frontal occipital parietal temporal,0
578,0.785323,0.237646,0.500147,0.619624,0.438228,0.273402,0.589101,2.872408,frontal parietal temporal occipital,0
579,0.791342,0.239468,0.503981,0.624374,0.441588,0.593617,0.275498,1.333087,frontal occipital parietal temporal,0
580,0.771302,0.233404,0.491218,0.608562,0.578584,0.268521,0.430405,2.872408,frontal parietal temporal occipital,0
581,0.774323,0.234318,0.493142,0.610945,0.580850,0.432090,0.269573,1.792040,frontal parietal occipital temporal,0
582,0.718523,0.217432,0.457605,0.250147,0.566919,0.400953,0.538992,1.792040,frontal parietal occipital temporal,0
583,0.720921,0.218158,0.459132,0.250981,0.568811,0.540791,0.402291,1.333087,frontal occipital parietal temporal,0
584,0.736188,0.222778,0.468855,0.256296,0.410810,0.580857,0.552243,1.267417,frontal occipital parietal temporal,0
585,0.735681,0.222624,0.468532,0.256120,0.410527,0.551863,0.580457,1.333087,frontal occipital parietal temporal,0
586,0.723854,0.219045,0.460999,0.252002,0.542991,0.571125,0.403927,1.267417,frontal occipital parietal temporal,0
587,0.720949,0.218166,0.459150,0.250991,0.540812,0.402306,0.568833,1.792040,frontal parietal occipital temporal,0
588,0.740037,0.223942,0.471306,0.412958,0.583894,0.257636,0.555130,2.872408,frontal parietal temporal occipital,0
589,0.745380,0.225559,0.474709,0.415939,0.588109,0.559139,0.259497,1.333087,frontal occipital parietal temporal,0
590,0.776672,0.235029,0.494638,0.433401,0.270391,0.612799,0.582612,1.267417,frontal occipital parietal temporal,0
591,0.776108,0.234858,0.494278,0.433086,0.270194,0.582189,0.612354,1.333087,frontal occipital parietal temporal,0
592,0.748515,0.226508,0.476706,0.417689,0.561490,0.590583,0.260588,1.267417,frontal occipital parietal temporal,0
593,0.742610,0.224721,0.472945,0.414394,0.557061,0.258532,0.585924,2.872408,frontal parietal temporal occipital,0
594,0.763580,0.231067,0.486300,0.572791,0.602469,0.265833,0.426095,2.872408,frontal parietal temporal occipital,0
595,0.766540,0.231962,0.488185,0.575012,0.604805,0.427747,0.266863,1.792040,frontal parietal occipital temporal,0
596,0.802645,0.242888,0.511179,0.602095,0.279433,0.633292,0.447895,1.267417,frontal occipital parietal temporal,0
597,0.799075,0.241808,0.508906,0.599417,0.278190,0.445903,0.630475,1.792040,frontal parietal occipital temporal,0
598,0.786678,0.238056,0.501010,0.590118,0.438985,0.620694,0.273874,1.267417,frontal occipital parietal temporal,0
599,0.780158,0.236083,0.496858,0.585227,0.435346,0.271604,0.615550,2.872408,frontal parietal temporal occipital,0
600,0.724752,0.461572,0.571834,0.252315,0.404429,0.543665,0.219317,1.333087,temporal occipital frontal parietal,0
601,0.719132,0.457992,0.567399,0.250358,0.401292,0.217616,0.539448,3.304587,temporal frontal parietal occipital,1
602,0.710450,0.452463,0.560550,0.247336,0.532936,0.396448,0.214989,1.792040,temporal frontal parietal occipital,1
603,0.707357,0.450494,0.558109,0.246259,0.530616,0.214053,0.394722,3.304587,temporal frontal parietal occipital,1
604,0.738749,0.470486,0.582878,0.257188,0.223553,0.412239,0.554165,1.792040,temporal frontal parietal occipital,1
605,0.741285,0.472101,0.584878,0.258071,0.224320,0.556066,0.413654,1.333087,temporal occipital frontal parietal,0
606,0.763955,0.486539,0.602765,0.426304,0.265963,0.573072,0.231180,1.333087,temporal frontal occipital parietal,0
607,0.757712,0.482563,0.597840,0.422821,0.263790,0.229291,0.568389,3.304587,temporal frontal parietal occipital,1
608,0.731476,0.465854,0.577139,0.408181,0.548709,0.254656,0.221352,2.872408,temporal frontal parietal occipital,1
609,0.730890,0.465480,0.576676,0.407853,0.548269,0.221174,0.254452,3.304587,temporal frontal parietal occipital,1
610,0.761511,0.484982,0.600836,0.424941,0.230440,0.265112,0.571239,2.872408,temporal frontal parietal occipital,1
611,0.767170,0.488586,0.605302,0.428099,0.232153,0.575484,0.267082,1.333087,temporal frontal occipital parietal,0
612,0.786198,0.500705,0.620315,0.589758,0.273707,0.438717,0.237911,1.792040,temporal frontal parietal occipital,1
613,0.782412,0.498294,0.617328,0.586918,0.272389,0.236766,0.436604,3.304587,temporal frontal parietal occipital,1
614,0.767879,0.489038,0.605861,0.576016,0.428494,0.267329,0.232368,2.872408,temporal frontal parietal occipital,1
615,0.767233,0.488626,0.605351,0.575531,0.428134,0.232172,0.267104,3.304587,temporal frontal parietal occipital,1
616,0.786463,0.500873,0.620524,0.589956,0.237991,0.273799,0.438865,2.872408,temporal frontal parietal occipital,1
617,0.789604,0.502874,0.623002,0.592312,0.238942,0.440617,0.274893,1.792040,temporal frontal parietal occipital,1
618,0.730461,0.465208,0.576338,0.221045,0.254303,0.407614,0.547947,1.792040,temporal frontal parietal occipital,1
619,0.732939,0.466786,0.578294,0.221795,0.255165,0.549806,0.408997,1.333087,temporal occipital frontal parietal,0
620,0.714621,0.455120,0.563840,0.216251,0.398775,0.248788,0.536065,2.872408,temporal frontal parietal occipital,1
621,0.719602,0.458292,0.567771,0.217759,0.401555,0.539802,0.250522,1.333087,temporal occipital frontal parietal,0
622,0.702993,0.447714,0.554666,0.212732,0.527342,0.244740,0.392286,2.872408,temporal frontal parietal occipital,1
623,0.705501,0.449311,0.556645,0.213491,0.529224,0.393686,0.245613,1.792040,temporal frontal parietal occipital,1
624,0.772322,0.491868,0.268876,0.609367,0.430974,0.579349,0.233712,1.333087,temporal frontal occipital parietal,0
625,0.765943,0.487805,0.266655,0.604334,0.427414,0.231782,0.574564,3.304587,temporal frontal parietal occipital,1
626,0.756103,0.481538,0.263230,0.596570,0.567182,0.421923,0.228804,1.792040,temporal frontal occipital parietal,0
627,0.752600,0.479307,0.262010,0.593806,0.564555,0.227744,0.419969,3.304587,temporal frontal parietal occipital,1
628,0.788238,0.502004,0.274417,0.621924,0.238528,0.439855,0.591288,1.792040,temporal frontal occipital parietal,0
629,0.791125,0.503842,0.275422,0.624202,0.239402,0.593453,0.441466,1.333087,temporal frontal occipital parietal,0
630,0.728482,0.463947,0.253614,0.406510,0.574777,0.546462,0.220446,1.333087,temporal frontal occipital parietal,0
631,0.722804,0.460331,0.251637,0.403341,0.570296,0.218727,0.542203,3.304587,temporal frontal parietal occipital,1
632,0.731476,0.465854,0.254656,0.408181,0.548709,0.577139,0.221352,1.267417,temporal occipital frontal parietal,0
633,0.725258,0.461894,0.252491,0.404711,0.544044,0.219470,0.572233,3.304587,temporal frontal parietal occipital,1
634,0.761511,0.484982,0.265112,0.424941,0.230440,0.600836,0.571239,1.267417,temporal occipital frontal parietal,0
635,0.760968,0.484636,0.264923,0.424638,0.230276,0.570832,0.600408,1.333087,temporal frontal occipital parietal,0
636,0.748680,0.476811,0.260645,0.561614,0.590713,0.417781,0.226558,1.792040,temporal frontal occipital parietal,0
637,0.745246,0.474624,0.259450,0.559038,0.588004,0.225519,0.415865,3.304587,temporal frontal parietal occipital,1
638,0.767879,0.489038,0.267329,0.576016,0.428494,0.605861,0.232368,1.267417,temporal frontal occipital parietal,0
639,0.761030,0.484676,0.264945,0.570878,0.424672,0.230295,0.600457,3.304587,temporal frontal parietal occipital,1
640,0.786463,0.500873,0.273799,0.589956,0.237991,0.620524,0.438865,1.267417,temporal frontal occipital parietal,0
641,0.783035,0.498690,0.272606,0.587385,0.236954,0.436952,0.617820,1.792040,temporal frontal occipital parietal,0
642,0.697964,0.444511,0.242989,0.211211,0.550698,0.389480,0.523570,1.792040,temporal frontal occipital parietal,0
643,0.700227,0.445952,0.243777,0.211895,0.552483,0.525267,0.390743,1.333087,temporal occipital frontal parietal,0
644,0.714621,0.455120,0.248788,0.216251,0.398775,0.563840,0.536065,1.267417,temporal occipital frontal parietal,0
645,0.714143,0.454815,0.248622,0.216107,0.398508,0.535706,0.563463,1.333087,temporal frontal occipital parietal,0
646,0.702993,0.447714,0.244740,0.212732,0.527342,0.554666,0.392286,1.267417,temporal occipital frontal parietal,0
647,0.700253,0.445969,0.243786,0.211903,0.525287,0.390757,0.552504,1.792040,temporal frontal occipital parietal,0
648,0.790857,0.503672,0.441317,0.623991,0.275329,0.593252,0.239321,1.333087,temporal frontal occipital parietal,0
649,0.784169,0.499412,0.437585,0.618714,0.273001,0.237297,0.588236,3.304587,temporal frontal parietal occipital,1
650,0.756103,0.481538,0.421923,0.596570,0.567182,0.263230,0.228804,2.872408,temporal frontal parietal occipital,1
651,0.755476,0.481139,0.421573,0.596075,0.566712,0.228614,0.263011,3.304587,temporal frontal parietal occipital,1
652,0.788238,0.502004,0.439855,0.621924,0.238528,0.274417,0.591288,2.872408,temporal frontal parietal occipital,1
653,0.794303,0.505866,0.443239,0.626710,0.240364,0.595837,0.276528,1.333087,temporal frontal occipital parietal,0
654,0.707625,0.450664,0.394871,0.246353,0.558321,0.530817,0.214134,1.333087,temporal occipital frontal parietal,0
655,0.702266,0.447251,0.391881,0.244487,0.554092,0.212513,0.526797,3.304587,temporal frontal parietal occipital,1
656,0.710450,0.452463,0.396448,0.247336,0.532936,0.560550,0.214989,1.267417,temporal occipital frontal parietal,0
657,0.704583,0.448727,0.393174,0.245294,0.528535,0.213214,0.555921,3.304587,temporal frontal parietal occipital,1
658,0.738749,0.470486,0.412239,0.257188,0.223553,0.582878,0.554165,1.267417,temporal occipital frontal parietal,0
659,0.738239,0.470161,0.411954,0.257010,0.223398,0.553781,0.582475,1.333087,temporal frontal occipital parietal,0
660,0.748680,0.476811,0.417781,0.561614,0.590713,0.260645,0.226558,2.872408,temporal frontal parietal occipital,1
661,0.748066,0.476419,0.417438,0.561153,0.590228,0.226372,0.260432,3.304587,temporal frontal parietal occipital,1
662,0.786198,0.500705,0.438717,0.589758,0.273707,0.620315,0.237911,1.267417,temporal frontal occipital parietal,0
663,0.779020,0.496133,0.434711,0.584373,0.271208,0.235739,0.614651,3.304587,temporal frontal parietal occipital,1
664,0.789604,0.502874,0.440617,0.592312,0.238942,0.623002,0.274893,1.267417,temporal frontal occipital parietal,0
665,0.783035,0.498690,0.436952,0.587385,0.236954,0.272606,0.617820,2.872408,temporal frontal parietal occipital,1
666,0.697964,0.444511,0.389480,0.211211,0.550698,0.242989,0.523570,2.872408,temporal frontal parietal occipital,1
667,0.702715,0.447537,0.392132,0.212648,0.554447,0.527134,0.244643,1.333087,temporal occipital frontal parietal,0
668,0.730461,0.465208,0.407614,0.221045,0.254303,0.576338,0.547947,1.267417,temporal occipital frontal parietal,0
669,0.729962,0.464889,0.407336,0.220893,0.254129,0.547573,0.575944,1.333087,temporal frontal occipital parietal,0
670,0.705501,0.449311,0.393686,0.213491,0.529224,0.556645,0.245613,1.267417,temporal occipital frontal parietal,0
671,0.700253,0.445969,0.390757,0.211903,0.525287,0.243786,0.552504,2.872408,temporal frontal parietal occipital,1
672,0.790857,0.503672,0.593252,0.623991,0.275329,0.441317,0.239321,1.792040,temporal frontal parietal occipital,1
673,0.787026,0.501232,0.590379,0.620968,0.273995,0.238162,0.439179,3.304587,temporal frontal parietal occipital,1
674,0.772322,0.491868,0.579349,0.609367,0.430974,0.268876,0.233712,2.872408,temporal frontal parietal occipital,1
675,0.771669,0.491451,0.578859,0.608851,0.430609,0.233514,0.268649,3.304587,temporal frontal parietal occipital,1
676,0.791125,0.503842,0.593453,0.624202,0.239402,0.275422,0.441466,2.872408,temporal frontal parietal occipital,1
677,0.794303,0.505866,0.595837,0.626710,0.240364,0.443239,0.276528,1.792040,temporal frontal parietal occipital,1
678,0.707625,0.450664,0.530817,0.246353,0.558321,0.394871,0.214134,1.792040,temporal frontal parietal occipital,1
679,0.704557,0.448710,0.528515,0.245284,0.555900,0.213206,0.393159,3.304587,temporal frontal parietal occipital,1
680,0.724752,0.461572,0.543665,0.252315,0.404429,0.571834,0.219317,1.267417,temporal occipital frontal parietal,0
681,0.718648,0.457684,0.539085,0.250190,0.401022,0.217470,0.567017,3.304587,temporal frontal parietal occipital,1
682,0.741285,0.472101,0.556066,0.258071,0.224320,0.584878,0.413654,1.267417,temporal occipital frontal parietal,0
683,0.738239,0.470161,0.553781,0.257010,0.223398,0.411954,0.582475,1.792040,temporal frontal parietal occipital,1
684,0.728482,0.463947,0.546462,0.406510,0.574777,0.253614,0.220446,2.872408,temporal frontal parietal occipital,1
685,0.727900,0.463577,0.546026,0.406185,0.574318,0.220270,0.253411,3.304587,temporal frontal parietal occipital,1
686,0.763955,0.486539,0.573072,0.426304,0.265963,0.602765,0.231180,1.267417,temporal occipital frontal parietal,0
687,0.757175,0.482221,0.567986,0.422521,0.263603,0.229128,0.597416,3.304587,temporal frontal parietal occipital,1
688,0.767170,0.488586,0.575484,0.428099,0.232153,0.605302,0.267082,1.267417,temporal occipital frontal parietal,0
689,0.760968,0.484636,0.570832,0.424638,0.230276,0.264923,0.600408,2.872408,temporal frontal parietal occipital,1
690,0.700227,0.445952,0.525267,0.211895,0.552483,0.243777,0.390743,2.872408,temporal frontal parietal occipital,1
691,0.702715,0.447537,0.527134,0.212648,0.554447,0.392132,0.244643,1.792040,temporal frontal parietal occipital,1
692,0.732939,0.466786,0.549806,0.221795,0.255165,0.578294,0.408997,1.267417,temporal occipital frontal parietal,0
693,0.729962,0.464889,0.547573,0.220893,0.254129,0.407336,0.575944,1.792040,temporal frontal parietal occipital,1
694,0.719602,0.458292,0.539802,0.217759,0.401555,0.567771,0.250522,1.267417,temporal occipital frontal parietal,0
695,0.714143,0.454815,0.535706,0.216107,0.398508,0.248622,0.563463,2.872408,temporal frontal parietal occipital,1
696,0.784169,0.499412,0.237297,0.618714,0.273001,0.437585,0.588236,1.792040,temporal frontal occipital parietal,0
697,0.787026,0.501232,0.238162,0.620968,0.273995,0.590379,0.439179,1.333087,temporal frontal occipital parietal,0
698,0.765943,0.487805,0.231782,0.604334,0.427414,0.266655,0.574564,2.872408,temporal frontal parietal occipital,1
699,0.771669,0.491451,0.233514,0.608851,0.430609,0.578859,0.268649,1.333087,temporal frontal occipital parietal,0
700,0.752600,0.479307,0.227744,0.593806,0.564555,0.262010,0.419969,2.872408,temporal frontal parietal occipital,1
701,0.755476,0.481139,0.228614,0.596075,0.566712,0.421573,0.263011,1.792040,temporal frontal occipital parietal,0
702,0.702266,0.447251,0.212513,0.244487,0.554092,0.391881,0.526797,1.792040,temporal frontal occipital parietal,0
703,0.704557,0.448710,0.213206,0.245284,0.555900,0.528515,0.393159,1.333087,temporal occipital frontal parietal,0
704,0.719132,0.457992,0.217616,0.250358,0.401292,0.567399,0.539448,1.267417,temporal occipital frontal parietal,0
705,0.718648,0.457684,0.217470,0.250190,0.401022,0.539085,0.567017,1.333087,temporal frontal occipital parietal,0
706,0.707357,0.450494,0.214053,0.246259,0.530616,0.558109,0.394722,1.267417,temporal occipital frontal parietal,0
707,0.704583,0.448727,0.213214,0.245294,0.528535,0.393174,0.555921,1.792040,temporal frontal occipital parietal,0
708,0.722804,0.460331,0.218727,0.403341,0.570296,0.251637,0.542203,2.872408,temporal frontal parietal occipital,1
709,0.727900,0.463577,0.220270,0.406185,0.574318,0.546026,0.253411,1.333087,temporal frontal occipital parietal,0
710,0.757712,0.482563,0.229291,0.422821,0.263790,0.597840,0.568389,1.267417,temporal occipital frontal parietal,0
711,0.757175,0.482221,0.229128,0.422521,0.263603,0.567986,0.597416,1.333087,temporal frontal occipital parietal,0
712,0.730890,0.465480,0.221174,0.407853,0.548269,0.576676,0.254452,1.267417,temporal occipital frontal parietal,0
713,0.725258,0.461894,0.219470,0.404711,0.544044,0.252491,0.572233,2.872408,temporal frontal parietal occipital,1
714,0.745246,0.474624,0.225519,0.559038,0.588004,0.259450,0.415865,2.872408,temporal frontal parietal occipital,1
715,0.748066,0.476419,0.226372,0.561153,0.590228,0.417438,0.260432,1.792040,temporal frontal occipital parietal,0
716,0.782412,0.498294,0.236766,0.586918,0.272389,0.617328,0.436604,1.267417,temporal frontal occipital parietal,0
717,0.779020,0.496133,0.235739,0.584373,0.271208,0.434711,0.614651,1.792040,temporal frontal occipital parietal,0
718,0.767233,0.488626,0.232172,0.575531,0.428134,0.605351,0.267104,1.267417,temporal frontal occipital parietal,0
719,0.761030,0.484676,0.230295,0.570878,0.424672,0.264945,0.600457,2.872408,temporal frontal parietal occipital,1
720,0.580445,0.735666,0.256115,0.410519,0.551852,0.222620,0.468523,2.607339,temporal frontal occipital parietal,0
721,0.583905,0.740051,0.257641,0.412966,0.555141,0.471315,0.223947,1.238884,temporal occipital frontal parietal,0
722,0.609455,0.772434,0.268915,0.431036,0.233746,0.579433,0.491939,1.051813,temporal occipital frontal parietal,0
723,0.608173,0.770809,0.268349,0.430129,0.233254,0.490904,0.578214,1.238884,temporal occipital frontal parietal,0
724,0.591069,0.749131,0.260802,0.418032,0.477098,0.561952,0.226694,1.051813,temporal occipital frontal parietal,0
725,0.586332,0.743127,0.258712,0.414682,0.473274,0.224877,0.557449,2.607339,temporal frontal occipital parietal,0
726,0.609506,0.772498,0.268937,0.579481,0.431072,0.233765,0.491980,2.607339,temporal frontal parietal occipital,1
727,0.613322,0.777335,0.270621,0.583109,0.433771,0.495060,0.235229,1.238884,temporal occipital frontal parietal,0
728,0.627403,0.795182,0.276834,0.596497,0.240630,0.443730,0.506426,1.413930,temporal occipital frontal parietal,0
729,0.628352,0.796385,0.277253,0.597399,0.240994,0.507192,0.444401,1.238884,temporal occipital frontal parietal,0
730,0.607935,0.770507,0.268244,0.577987,0.490712,0.429961,0.233163,1.413930,temporal occipital frontal parietal,0
731,0.605066,0.766871,0.266978,0.575259,0.488396,0.232062,0.427932,2.607339,temporal frontal parietal occipital,1
732,0.571424,0.724232,0.252134,0.219160,0.404139,0.543275,0.461241,1.051813,temporal occipital frontal parietal,0
733,0.570296,0.722804,0.251637,0.218727,0.403341,0.460331,0.542203,1.238884,temporal occipital frontal parietal,0
734,0.560156,0.709951,0.247162,0.214838,0.532562,0.396169,0.452145,1.413930,temporal occipital frontal parietal,0
735,0.560912,0.710910,0.247496,0.215128,0.533281,0.452756,0.396704,1.238884,temporal occipital frontal parietal,0
736,0.565636,0.716897,0.249580,0.216940,0.456569,0.400045,0.537772,1.413930,temporal occipital frontal parietal,0
737,0.567519,0.719284,0.250411,0.217662,0.458089,0.539563,0.401377,1.051813,temporal occipital frontal parietal,0
738,0.603085,0.764361,0.266105,0.486797,0.426531,0.573377,0.231303,1.051813,temporal occipital frontal parietal,0
739,0.598155,0.758112,0.263929,0.482818,0.423044,0.229412,0.568689,2.607339,temporal frontal parietal occipital,1
740,0.590548,0.748470,0.260572,0.476677,0.561457,0.417664,0.226494,1.413930,temporal occipital frontal parietal,0
741,0.587840,0.745038,0.259378,0.474491,0.558882,0.225456,0.415749,2.607339,temporal frontal parietal occipital,1
742,0.615383,0.779947,0.271531,0.496723,0.236019,0.435228,0.585068,1.413930,temporal occipital frontal parietal,0
743,0.617613,0.782773,0.272514,0.498523,0.236875,0.587188,0.436806,1.051813,temporal occipital frontal parietal,0
744,0.563668,0.714402,0.398653,0.248712,0.535901,0.216185,0.454980,2.607339,temporal frontal parietal occipital,1
745,0.566930,0.718537,0.400960,0.250151,0.539002,0.457614,0.217436,1.238884,temporal occipital parietal frontal,0
746,0.590986,0.749025,0.417974,0.260766,0.226662,0.561873,0.477031,1.051813,temporal occipital parietal frontal,0
747,0.589780,0.747497,0.417121,0.260234,0.226200,0.476057,0.560727,1.238884,temporal occipital parietal frontal,0
748,0.573681,0.727093,0.405735,0.253130,0.463062,0.545420,0.220025,1.051813,temporal occipital parietal frontal,0
749,0.569217,0.721436,0.402578,0.251161,0.459460,0.218314,0.541177,2.607339,temporal frontal parietal occipital,1
750,0.624136,0.791041,0.441419,0.593390,0.275393,0.239377,0.503789,2.607339,temporal frontal parietal occipital,1
751,0.628138,0.796113,0.444250,0.597195,0.277159,0.507019,0.240912,1.238884,temporal occipital parietal frontal,0
752,0.627403,0.795182,0.443730,0.596497,0.240630,0.276834,0.506426,2.266348,temporal frontal parietal occipital,1
753,0.630893,0.799605,0.446198,0.599815,0.241968,0.509243,0.278375,1.238884,temporal occipital parietal frontal,0
754,0.607935,0.770507,0.429961,0.577987,0.490712,0.268244,0.233163,2.266348,temporal frontal parietal occipital,1
755,0.607421,0.769856,0.429598,0.577499,0.490297,0.232966,0.268018,2.607339,temporal frontal parietal occipital,1
756,0.584264,0.740506,0.413220,0.224084,0.257800,0.555482,0.471605,1.051813,temporal occipital parietal frontal,0
757,0.583085,0.739012,0.412386,0.223632,0.257280,0.470654,0.554362,1.238884,temporal occipital parietal frontal,0
758,0.560156,0.709951,0.396169,0.214838,0.532562,0.247162,0.452145,2.266348,temporal frontal parietal occipital,1
759,0.562936,0.713475,0.398136,0.215904,0.535205,0.454390,0.248389,1.238884,temporal occipital parietal frontal,0
760,0.565636,0.716897,0.400045,0.216940,0.456569,0.249580,0.537772,2.266348,temporal frontal parietal occipital,1
761,0.569591,0.721910,0.402843,0.218457,0.459762,0.541533,0.251326,1.051813,temporal occipital parietal frontal,0
762,0.617406,0.782511,0.436659,0.498356,0.272423,0.586992,0.236795,1.051813,temporal occipital parietal frontal,0
763,0.612239,0.775963,0.433005,0.494186,0.270144,0.234814,0.582080,2.607339,temporal frontal parietal occipital,1
764,0.590548,0.748470,0.417664,0.476677,0.561457,0.260572,0.226494,2.266348,temporal frontal parietal occipital,1
765,0.590063,0.747856,0.417321,0.476286,0.560996,0.226309,0.260359,2.607339,temporal frontal parietal occipital,1
766,0.615383,0.779947,0.435228,0.496723,0.236019,0.271531,0.585068,2.266348,temporal frontal parietal occipital,1
767,0.620067,0.785884,0.438542,0.500505,0.237816,0.589522,0.273598,1.051813,temporal occipital parietal frontal,0
768,0.575079,0.728865,0.546750,0.253747,0.406724,0.220562,0.464191,2.607339,temporal parietal frontal occipital,0
769,0.578475,0.733170,0.549979,0.255246,0.409126,0.466933,0.221864,1.238884,temporal occipital parietal frontal,0
770,0.590986,0.749025,0.561873,0.260766,0.226662,0.417974,0.477031,1.413930,temporal parietal occipital frontal,0
771,0.591828,0.750093,0.562674,0.261137,0.226985,0.477710,0.418569,1.238884,temporal occipital parietal frontal,0
772,0.573681,0.727093,0.545420,0.253130,0.463062,0.405735,0.220025,1.413930,temporal parietal occipital frontal,0
773,0.571125,0.723854,0.542991,0.252002,0.460999,0.219045,0.403927,2.607339,temporal parietal frontal occipital,0
774,0.606372,0.768526,0.576501,0.428856,0.267555,0.232564,0.489450,2.607339,temporal parietal frontal occipital,0
775,0.610149,0.773313,0.580092,0.431527,0.269221,0.492499,0.234012,1.238884,temporal occipital parietal frontal,0
776,0.609455,0.772434,0.579433,0.431036,0.233746,0.268915,0.491939,2.266348,temporal parietal frontal occipital,0
777,0.612748,0.776608,0.582564,0.433365,0.235009,0.494597,0.270368,1.238884,temporal occipital parietal frontal,0
778,0.591069,0.749131,0.561952,0.418032,0.477098,0.260802,0.226694,2.266348,temporal parietal frontal occipital,0
779,0.590583,0.748515,0.561490,0.417689,0.476706,0.226508,0.260588,2.607339,temporal parietal frontal occipital,0
780,0.584264,0.740506,0.555482,0.224084,0.257800,0.413220,0.471605,1.413930,temporal parietal occipital frontal,0
781,0.585087,0.741549,0.556265,0.224400,0.258163,0.472269,0.413802,1.238884,temporal occipital parietal frontal,0
782,0.571424,0.724232,0.543275,0.219160,0.404139,0.252134,0.461241,2.266348,temporal parietal frontal occipital,0
783,0.574318,0.727900,0.546026,0.220270,0.406185,0.463577,0.253411,1.238884,temporal occipital parietal frontal,0
784,0.567519,0.719284,0.539563,0.217662,0.458089,0.250411,0.401377,2.266348,temporal parietal frontal occipital,0
785,0.569591,0.721910,0.541533,0.218457,0.459762,0.402843,0.251326,1.413930,temporal parietal occipital frontal,0
786,0.617406,0.782511,0.586992,0.498356,0.272423,0.436659,0.236795,1.413930,temporal parietal occipital frontal,0
787,0.614446,0.778760,0.584178,0.495968,0.271117,0.235660,0.434566,2.607339,temporal parietal frontal occipital,0
788,0.603085,0.764361,0.573377,0.486797,0.426531,0.266105,0.231303,2.266348,temporal parietal frontal occipital,0
789,0.602580,0.763720,0.572896,0.486389,0.426174,0.231109,0.265882,2.607339,temporal parietal frontal occipital,0
790,0.617613,0.782773,0.587188,0.498523,0.236875,0.272514,0.436806,2.266348,temporal parietal frontal occipital,0
791,0.620067,0.785884,0.589522,0.500505,0.237816,0.438542,0.273598,1.413930,temporal parietal occipital frontal,0
792,0.575079,0.728865,0.220562,0.253747,0.406724,0.546750,0.464191,1.051813,temporal occipital frontal parietal,0
793,0.573937,0.727418,0.220124,0.253243,0.405916,0.463270,0.545665,1.238884,temporal occipital frontal parietal,0
794,0.563668,0.714402,0.216185,0.248712,0.535901,0.398653,0.454980,1.413930,temporal occipital frontal parietal,0
795,0.564434,0.715373,0.216479,0.249050,0.536629,0.455599,0.399195,1.238884,temporal occipital frontal parietal,0
796,0.569217,0.721436,0.218314,0.251161,0.459460,0.402578,0.541177,1.413930,temporal occipital frontal parietal,0
797,0.571125,0.723854,0.219045,0.252002,0.460999,0.542991,0.403927,1.051813,temporal occipital frontal parietal,0
798,0.606372,0.768526,0.232564,0.428856,0.267555,0.576501,0.489450,1.051813,temporal occipital frontal parietal,0
799,0.605103,0.766918,0.232077,0.427958,0.266995,0.488426,0.575295,1.238884,temporal occipital frontal parietal,0
800,0.580445,0.735666,0.222620,0.410519,0.551852,0.256115,0.468523,2.266348,temporal frontal occipital parietal,0
801,0.583431,0.739451,0.223765,0.412631,0.554691,0.470933,0.257432,1.238884,temporal occipital frontal parietal,0
802,0.586332,0.743127,0.224877,0.414682,0.473274,0.258712,0.557449,2.266348,temporal frontal occipital parietal,0
803,0.590583,0.748515,0.226508,0.417689,0.476706,0.561490,0.260588,1.051813,temporal occipital frontal parietal,0
804,0.624136,0.791041,0.239377,0.593390,0.275393,0.441419,0.503789,1.413930,temporal occipital frontal parietal,0
805,0.625076,0.792232,0.239737,0.594284,0.275807,0.504547,0.442084,1.238884,temporal occipital frontal parietal,0
806,0.609506,0.772498,0.233765,0.579481,0.431072,0.268937,0.491980,2.266348,temporal frontal occipital parietal,0
807,0.612799,0.776672,0.235029,0.582612,0.433401,0.494638,0.270391,1.238884,temporal occipital frontal parietal,0
808,0.605066,0.766871,0.232062,0.575259,0.488396,0.266978,0.427932,2.266348,temporal frontal occipital parietal,0
809,0.607421,0.769856,0.232966,0.577499,0.490297,0.429598,0.268018,1.413930,temporal occipital frontal parietal,0
810,0.612239,0.775963,0.234814,0.494186,0.270144,0.433005,0.582080,1.413930,temporal occipital frontal parietal,0
811,0.614446,0.778760,0.235660,0.495968,0.271117,0.584178,0.434566,1.051813,temporal occipital frontal parietal,0
812,0.598155,0.758112,0.229412,0.482818,0.423044,0.263929,0.568689,2.266348,temporal frontal occipital parietal,0
813,0.602580,0.763720,0.231109,0.486389,0.426174,0.572896,0.265882,1.051813,temporal occipital frontal parietal,0
814,0.587840,0.745038,0.225456,0.474491,0.558882,0.259378,0.415749,2.266348,temporal frontal occipital parietal,0
815,0.590063,0.747856,0.226309,0.476286,0.560996,0.417321,0.260359,1.413930,temporal occipital frontal parietal,0
816,0.578475,0.733170,0.466933,0.255246,0.409126,0.549979,0.221864,1.051813,temporal occipital parietal frontal,0
817,0.573937,0.727418,0.463270,0.253243,0.405916,0.220124,0.545665,2.607339,temporal parietal frontal occipital,0
818,0.566930,0.718537,0.457614,0.250151,0.539002,0.400960,0.217436,1.413930,temporal occipital parietal frontal,0
819,0.564434,0.715373,0.455599,0.249050,0.536629,0.216479,0.399195,2.607339,temporal parietal frontal occipital,0
820,0.589780,0.747497,0.476057,0.260234,0.226200,0.417121,0.560727,1.413930,temporal occipital parietal frontal,0
821,0.591828,0.750093,0.477710,0.261137,0.226985,0.562674,0.418569,1.051813,temporal occipital parietal frontal,0
822,0.610149,0.773313,0.492499,0.431527,0.269221,0.580092,0.234012,1.051813,temporal occipital parietal frontal,0
823,0.605103,0.766918,0.488426,0.427958,0.266995,0.232077,0.575295,2.607339,temporal parietal frontal occipital,0
824,0.583905,0.740051,0.471315,0.412966,0.555141,0.257641,0.223947,2.266348,temporal parietal frontal occipital,0
825,0.583431,0.739451,0.470933,0.412631,0.554691,0.223765,0.257432,2.607339,temporal parietal frontal occipital,0
826,0.608173,0.770809,0.490904,0.430129,0.233254,0.268349,0.578214,2.266348,temporal parietal frontal occipital,0
827,0.612748,0.776608,0.494597,0.433365,0.235009,0.582564,0.270368,1.051813,temporal occipital parietal frontal,0
828,0.628138,0.796113,0.507019,0.597195,0.277159,0.444250,0.240912,1.413930,temporal occipital parietal frontal,0
829,0.625076,0.792232,0.504547,0.594284,0.275807,0.239737,0.442084,2.607339,temporal parietal frontal occipital,0
830,0.613322,0.777335,0.495060,0.583109,0.433771,0.270621,0.235229,2.266348,temporal parietal frontal occipital,0
831,0.612799,0.776672,0.494638,0.582612,0.433401,0.235029,0.270391,2.607339,temporal parietal frontal occipital,0
832,0.628352,0.796385,0.507192,0.597399,0.240994,0.277253,0.444401,2.266348,temporal parietal frontal occipital,0
833,0.630893,0.799605,0.509243,0.599815,0.241968,0.446198,0.278375,1.413930,temporal occipital parietal frontal,0
834,0.583085,0.739012,0.470654,0.223632,0.257280,0.412386,0.554362,1.413930,temporal occipital parietal frontal,0
835,0.585087,0.741549,0.472269,0.224400,0.258163,0.556265,0.413802,1.051813,temporal occipital parietal frontal,0
836,0.570296,0.722804,0.460331,0.218727,0.403341,0.251637,0.542203,2.266348,temporal parietal frontal occipital,0
837,0.574318,0.727900,0.463577,0.220270,0.406185,0.546026,0.253411,1.051813,temporal occipital parietal frontal,0
838,0.560912,0.710910,0.452756,0.215128,0.533281,0.247496,0.396704,2.266348,temporal parietal frontal occipital,0
839,0.562936,0.713475,0.454390,0.215904,0.535205,0.398136,0.248389,1.413930,temporal occipital parietal frontal,0
840,0.608575,0.268527,0.771318,0.430414,0.578596,0.233408,0.491228,2.607339,parietal frontal temporal occipital,0
841,0.612379,0.270205,0.776140,0.433104,0.582213,0.494299,0.234867,1.238884,parietal occipital frontal temporal,0
842,0.640542,0.282632,0.811834,0.453022,0.245669,0.608988,0.517031,1.051813,parietal occipital frontal temporal,0
843,0.639126,0.282007,0.810039,0.452021,0.245126,0.515888,0.607642,1.238884,parietal occipital frontal temporal,0
844,0.620263,0.273684,0.786132,0.438680,0.500663,0.589708,0.237891,1.051813,parietal occipital frontal temporal,0
845,0.615049,0.271383,0.779524,0.434992,0.496454,0.235891,0.584751,2.607339,parietal frontal temporal occipital,0
846,0.640598,0.282656,0.811905,0.609041,0.453062,0.245690,0.517076,2.607339,parietal frontal temporal occipital,0
847,0.644814,0.284517,0.817249,0.613050,0.456044,0.520480,0.247307,1.238884,parietal occipital frontal temporal,0
848,0.660397,0.291393,0.836999,0.627865,0.253284,0.467065,0.533058,1.413930,parietal frontal occipital temporal,0
849,0.661449,0.291857,0.838332,0.628865,0.253687,0.533907,0.467809,1.238884,parietal occipital frontal temporal,0
850,0.638863,0.281891,0.809706,0.607392,0.515676,0.451835,0.245025,1.413930,parietal frontal occipital temporal,0
851,0.635695,0.280493,0.805691,0.604380,0.513119,0.243810,0.449594,2.607339,parietal frontal temporal occipital,0
852,0.598665,0.264154,0.758758,0.229608,0.423405,0.569174,0.483229,1.051813,parietal occipital frontal temporal,0
853,0.597428,0.263608,0.757190,0.229133,0.422530,0.482231,0.567998,1.238884,parietal occipital frontal temporal,0
854,0.586309,0.258702,0.743098,0.224869,0.557426,0.414666,0.473255,1.413930,parietal occipital frontal temporal,0
855,0.587137,0.259068,0.744148,0.225186,0.558214,0.473924,0.415252,1.238884,parietal occipital frontal temporal,0
856,0.592315,0.261352,0.750711,0.227172,0.478104,0.418914,0.563137,1.413930,parietal occipital frontal temporal,0
857,0.594381,0.262264,0.753329,0.227965,0.479771,0.565101,0.420375,1.051813,parietal occipital frontal temporal,0
858,0.633510,0.279529,0.802921,0.511355,0.448049,0.602302,0.242972,1.051813,parietal occipital frontal temporal,0
859,0.628071,0.277129,0.796028,0.506965,0.444202,0.240886,0.597132,2.607339,parietal frontal temporal occipital,0
860,0.619689,0.273431,0.785405,0.500200,0.589163,0.438274,0.237671,1.413930,parietal frontal occipital temporal,0
861,0.616708,0.272115,0.781627,0.497793,0.586329,0.236528,0.436166,2.607339,parietal frontal temporal occipital,0
862,0.647093,0.285522,0.820137,0.522319,0.248181,0.457655,0.615216,1.413930,parietal frontal occipital temporal,0
863,0.649559,0.286610,0.823262,0.524310,0.249127,0.617561,0.459399,1.051813,parietal occipital frontal temporal,0
864,0.651381,0.287415,0.460688,0.825572,0.619294,0.249826,0.525781,2.607339,frontal parietal temporal occipital,0
865,0.655742,0.289338,0.463772,0.831098,0.623439,0.529300,0.251498,1.238884,frontal occipital parietal temporal,0
866,0.688140,0.303634,0.486686,0.872160,0.263924,0.654241,0.555451,1.051813,frontal occipital parietal temporal,0
867,0.686505,0.302913,0.485530,0.870089,0.263297,0.554132,0.652687,1.238884,frontal parietal occipital temporal,0
868,0.664790,0.293331,0.470171,0.842566,0.536604,0.632041,0.254969,1.051813,occipital frontal parietal temporal,0
869,0.658804,0.290690,0.465938,0.834979,0.531772,0.252673,0.626350,2.607339,frontal parietal temporal occipital,0
870,0.609002,0.268715,0.430716,0.579002,0.771860,0.233572,0.491573,2.607339,frontal temporal parietal occipital,0
871,0.612812,0.270396,0.433410,0.582624,0.776688,0.494648,0.235033,1.238884,frontal occipital temporal parietal,0
872,0.660397,0.291393,0.467065,0.627865,0.253284,0.836999,0.533058,0.789006,occipital frontal parietal temporal,0
873,0.655596,0.289274,0.463669,0.623300,0.251442,0.529183,0.830913,1.238884,frontal occipital parietal temporal,0
874,0.638863,0.281891,0.451835,0.607392,0.515676,0.809706,0.245025,0.789006,occipital frontal parietal temporal,0
875,0.630287,0.278107,0.445769,0.599238,0.508753,0.241736,0.798836,2.607339,frontal temporal parietal occipital,0
876,0.570981,0.251939,0.403825,0.218990,0.723671,0.542854,0.460883,1.051813,occipital frontal temporal parietal,0
877,0.569856,0.251442,0.403029,0.218558,0.722245,0.459975,0.541784,1.238884,occipital frontal temporal parietal,0
878,0.586309,0.258702,0.414666,0.224869,0.557426,0.743098,0.473255,0.789006,occipital parietal frontal temporal,0
879,0.582521,0.257031,0.411987,0.223416,0.553825,0.470198,0.738297,1.238884,frontal occipital temporal parietal,0
880,0.592315,0.261352,0.418914,0.227172,0.478104,0.750711,0.563137,0.789006,occipital parietal frontal temporal,0
881,0.589650,0.260176,0.417029,0.226150,0.475953,0.560603,0.747333,1.051813,occipital frontal parietal temporal,0
882,0.602592,0.265887,0.426183,0.486399,0.763736,0.572908,0.231114,1.051813,occipital frontal temporal parietal,0
883,0.597670,0.263715,0.422701,0.482426,0.757497,0.229226,0.568228,2.607339,frontal temporal parietal occipital,0
884,0.619689,0.273431,0.438274,0.500200,0.589163,0.785405,0.237671,0.789006,occipital frontal parietal temporal,0
885,0.611617,0.269869,0.432565,0.493684,0.581488,0.234575,0.775174,2.607339,frontal temporal parietal occipital,0
886,0.647093,0.285522,0.457655,0.522319,0.248181,0.820137,0.615216,0.789006,occipital frontal parietal temporal,0
887,0.643913,0.284119,0.455407,0.519753,0.246962,0.612193,0.816107,1.051813,occipital frontal parietal temporal,0
888,0.666669,0.294160,0.633828,0.844947,0.471500,0.255689,0.538120,2.607339,parietal frontal temporal occipital,0
889,0.671237,0.296176,0.638171,0.850737,0.474731,0.541808,0.257441,1.238884,parietal frontal occipital temporal,0
890,0.688140,0.303634,0.654241,0.872160,0.263924,0.486686,0.555451,1.413930,parietal frontal occipital temporal,0
891,0.689282,0.304138,0.655327,0.873608,0.264362,0.556373,0.487493,1.238884,parietal frontal occipital temporal,0
892,0.664790,0.293331,0.632041,0.842566,0.536604,0.470171,0.254969,1.413930,parietal frontal temporal occipital,0
893,0.661360,0.291818,0.628781,0.838219,0.533835,0.253653,0.467746,2.607339,parietal frontal temporal occipital,0
894,0.592077,0.261247,0.562911,0.418746,0.750409,0.227081,0.477912,2.607339,parietal frontal temporal occipital,0
895,0.595678,0.262836,0.566334,0.421292,0.754972,0.480818,0.228462,1.238884,parietal occipital frontal temporal,0
896,0.640542,0.282632,0.608988,0.453022,0.245669,0.811834,0.517031,0.789006,occipital parietal frontal temporal,0
897,0.636024,0.280638,0.604693,0.449827,0.243936,0.513385,0.806108,1.238884,parietal frontal occipital temporal,0
898,0.620263,0.273684,0.589708,0.438680,0.500663,0.786132,0.237891,0.789006,occipital parietal frontal temporal,0
899,0.612176,0.270116,0.582019,0.432960,0.494135,0.234789,0.775882,2.607339,parietal frontal temporal occipital,0
900,0.570981,0.251939,0.542854,0.218990,0.723671,0.403825,0.460883,1.413930,parietal frontal temporal occipital,0
901,0.571767,0.252286,0.543601,0.219291,0.724668,0.461518,0.404381,1.238884,parietal occipital temporal frontal,0
902,0.598665,0.264154,0.569174,0.229608,0.423405,0.758758,0.483229,0.789006,occipital parietal frontal temporal,0
903,0.594717,0.262412,0.565420,0.228093,0.420612,0.480042,0.753754,1.238884,parietal occipital frontal temporal,0
904,0.594381,0.262264,0.565101,0.227965,0.479771,0.753329,0.420375,0.789006,occipital parietal frontal temporal,0
905,0.589650,0.260176,0.560603,0.226150,0.475953,0.417029,0.747333,1.413930,parietal frontal temporal occipital,0
906,0.602592,0.265887,0.572908,0.486399,0.763736,0.426183,0.231114,1.413930,parietal frontal temporal occipital,0
907,0.599773,0.264643,0.570228,0.484124,0.760163,0.230033,0.424189,2.607339,parietal frontal temporal occipital,0
908,0.633510,0.279529,0.602302,0.511355,0.448049,0.802921,0.242972,0.789006,occipital parietal frontal temporal,0
909,0.625076,0.275807,0.594284,0.504547,0.442084,0.239737,0.792232,2.607339,parietal frontal temporal occipital,0
910,0.649559,0.286610,0.617561,0.524310,0.249127,0.823262,0.459399,0.789006,occipital parietal frontal temporal,0
911,0.643913,0.284119,0.612193,0.519753,0.246962,0.455407,0.816107,1.413930,parietal frontal occipital temporal,0
912,0.666669,0.294160,0.255689,0.844947,0.471500,0.633828,0.538120,1.051813,occipital frontal temporal parietal,0
913,0.665135,0.293483,0.255101,0.843003,0.470415,0.536882,0.632369,1.238884,frontal occipital temporal parietal,0
914,0.651381,0.287415,0.249826,0.825572,0.619294,0.460688,0.525781,1.413930,frontal temporal occipital parietal,0
915,0.652405,0.287866,0.250218,0.826869,0.620266,0.526607,0.461412,1.238884,frontal occipital temporal parietal,0
916,0.658804,0.290690,0.252673,0.834979,0.531772,0.465938,0.626350,1.413930,frontal temporal occipital parietal,0
917,0.661360,0.291818,0.253653,0.838219,0.533835,0.628781,0.467746,1.051813,occipital frontal temporal parietal,0
918,0.592077,0.261247,0.227081,0.418746,0.750409,0.562911,0.477912,1.051813,occipital frontal temporal parietal,0
919,0.590867,0.260713,0.226617,0.417890,0.748875,0.476935,0.561760,1.238884,occipital frontal temporal parietal,0
920,0.608575,0.268527,0.233408,0.430414,0.578596,0.771318,0.491228,0.789006,occipital frontal temporal parietal,0
921,0.604495,0.266726,0.231844,0.427528,0.574717,0.487935,0.766147,1.238884,frontal occipital temporal parietal,0
922,0.615049,0.271383,0.235891,0.434992,0.496454,0.779524,0.584751,0.789006,occipital frontal temporal parietal,0
923,0.612176,0.270116,0.234789,0.432960,0.494135,0.582019,0.775882,1.051813,occipital frontal temporal parietal,0
924,0.609002,0.268715,0.233572,0.579002,0.771860,0.430716,0.491573,1.413930,frontal temporal occipital parietal,0
925,0.609896,0.269110,0.233915,0.579852,0.772993,0.492295,0.431348,1.238884,frontal occipital temporal parietal,0
926,0.640598,0.282656,0.245690,0.609041,0.453062,0.811905,0.517076,0.789006,occipital frontal temporal parietal,0
927,0.636079,0.280662,0.243957,0.604745,0.449866,0.513429,0.806177,1.238884,frontal occipital temporal parietal,0
928,0.635695,0.280493,0.243810,0.604380,0.513119,0.805691,0.449594,0.789006,occipital frontal temporal parietal,0
929,0.630287,0.278107,0.241736,0.599238,0.508753,0.445769,0.798836,1.413930,frontal temporal occipital parietal,0
930,0.597670,0.263715,0.229226,0.482426,0.757497,0.422701,0.568228,1.413930,frontal temporal occipital parietal,0
931,0.599773,0.264643,0.230033,0.484124,0.760163,0.570228,0.424189,1.051813,occipital frontal temporal parietal,0
932,0.628071,0.277129,0.240886,0.506965,0.444202,0.796028,0.597132,0.789006,occipital frontal temporal parietal,0
933,0.625076,0.275807,0.239737,0.504547,0.442084,0.594284,0.792232,1.051813,occipital frontal temporal parietal,0
934,0.616708,0.272115,0.236528,0.497793,0.586329,0.781627,0.436166,0.789006,occipital frontal temporal parietal,0
935,0.611617,0.269869,0.234575,0.493684,0.581488,0.432565,0.775174,1.413930,frontal temporal occipital parietal,0
936,0.671237,0.296176,0.541808,0.850737,0.474731,0.638171,0.257441,1.051813,occipital frontal parietal temporal,0
937,0.665135,0.293483,0.536882,0.843003,0.470415,0.255101,0.632369,2.607339,frontal parietal temporal occipital,0
938,0.655742,0.289338,0.529300,0.831098,0.623439,0.463772,0.251498,1.413930,frontal parietal temporal occipital,0
939,0.652405,0.287866,0.526607,0.826869,0.620266,0.250218,0.461412,2.607339,frontal parietal temporal occipital,0
940,0.686505,0.302913,0.554132,0.870089,0.263297,0.485530,0.652687,1.413930,frontal parietal occipital temporal,0
941,0.689282,0.304138,0.556373,0.873608,0.264362,0.655327,0.487493,1.051813,frontal occipital parietal temporal,0
942,0.595678,0.262836,0.480818,0.421292,0.754972,0.566334,0.228462,1.051813,occipital parietal frontal temporal,0
943,0.590867,0.260713,0.476935,0.417890,0.748875,0.226617,0.561760,2.607339,frontal temporal parietal occipital,0
944,0.612379,0.270205,0.494299,0.433104,0.582213,0.776140,0.234867,0.789006,occipital parietal frontal temporal,0
945,0.604495,0.266726,0.487935,0.427528,0.574717,0.231844,0.766147,2.607339,frontal parietal temporal occipital,0
946,0.639126,0.282007,0.515888,0.452021,0.245126,0.810039,0.607642,0.789006,occipital parietal frontal temporal,0
947,0.636024,0.280638,0.513385,0.449827,0.243936,0.604693,0.806108,1.051813,occipital frontal parietal temporal,0
948,0.612812,0.270396,0.494648,0.582624,0.776688,0.433410,0.235033,1.413930,frontal parietal temporal occipital,0
949,0.609896,0.269110,0.492295,0.579852,0.772993,0.233915,0.431348,2.607339,frontal parietal temporal occipital,0
950,0.644814,0.284517,0.520480,0.613050,0.456044,0.817249,0.247307,0.789006,occipital parietal frontal temporal,0
951,0.636079,0.280662,0.513429,0.604745,0.449866,0.243957,0.806177,2.607339,frontal parietal temporal occipital,0
952,0.661449,0.291857,0.533907,0.628865,0.253687,0.838332,0.467809,0.789006,occipital parietal frontal temporal,0
953,0.655596,0.289274,0.529183,0.623300,0.251442,0.463669,0.830913,1.413930,frontal parietal occipital temporal,0
954,0.569856,0.251442,0.459975,0.218558,0.722245,0.403029,0.541784,1.413930,frontal parietal temporal occipital,0
955,0.571767,0.252286,0.461518,0.219291,0.724668,0.543601,0.404381,1.051813,occipital parietal temporal frontal,0
956,0.597428,0.263608,0.482231,0.229133,0.422530,0.757190,0.567998,0.789006,occipital parietal frontal temporal,0
957,0.594717,0.262412,0.480042,0.228093,0.420612,0.565420,0.753754,1.051813,occipital frontal parietal temporal,0
958,0.587137,0.259068,0.473924,0.225186,0.558214,0.744148,0.415252,0.789006,occipital parietal frontal temporal,0
959,0.582521,0.257031,0.470198,0.223416,0.553825,0.411987,0.738297,1.413930,frontal parietal temporal occipital,0
960,0.581361,0.411167,0.736827,0.256519,0.552722,0.222971,0.469262,2.607339,temporal parietal frontal occipital,0
961,0.584832,0.413621,0.741226,0.258050,0.556022,0.472063,0.224302,1.238884,temporal parietal occipital frontal,0
962,0.610465,0.431750,0.773714,0.269361,0.234133,0.580393,0.492754,1.051813,parietal temporal occipital frontal,0
963,0.609178,0.430840,0.772083,0.268793,0.233640,0.491715,0.579169,1.238884,parietal temporal occipital frontal,0
964,0.592018,0.418704,0.750334,0.261221,0.477864,0.562855,0.227058,1.051813,temporal parietal occipital frontal,0
965,0.587266,0.415343,0.744311,0.259124,0.474028,0.225236,0.558337,2.607339,temporal parietal frontal occipital,0
966,0.645902,0.456813,0.818627,0.614084,0.284997,0.247725,0.521358,2.607339,parietal temporal frontal occipital,0
967,0.650189,0.459845,0.824061,0.618160,0.286888,0.524818,0.249369,1.238884,parietal temporal occipital frontal,0
968,0.649401,0.459288,0.823063,0.617411,0.249067,0.286541,0.524183,2.266348,parietal temporal frontal occipital,0
969,0.653142,0.461933,0.827803,0.620967,0.250501,0.527202,0.288191,1.238884,parietal temporal occipital frontal,0
970,0.628567,0.444553,0.796656,0.597603,0.507365,0.277348,0.241076,2.266348,parietal temporal frontal occipital,0
971,0.628018,0.444165,0.795961,0.597081,0.506922,0.240865,0.277106,2.607339,parietal temporal frontal occipital,0
972,0.603295,0.426680,0.764627,0.231383,0.266197,0.573576,0.486967,1.051813,parietal temporal occipital frontal,0
973,0.602039,0.425791,0.763034,0.230902,0.265643,0.485952,0.572382,1.238884,parietal temporal occipital frontal,0
974,0.577625,0.408525,0.732092,0.221538,0.549171,0.254871,0.466246,2.266348,temporal parietal frontal occipital,0
975,0.580582,0.410616,0.735840,0.222672,0.551982,0.468633,0.256175,1.238884,temporal parietal occipital frontal,0
976,0.583455,0.412647,0.739480,0.223774,0.470952,0.257443,0.554713,2.266348,temporal parietal frontal occipital,0
977,0.587664,0.415624,0.744816,0.225388,0.474350,0.558715,0.259300,1.051813,temporal parietal occipital frontal,0
978,0.638697,0.451717,0.809495,0.515542,0.281818,0.607234,0.244961,1.051813,parietal temporal occipital frontal,0
979,0.633169,0.447808,0.802490,0.511080,0.279379,0.242841,0.601979,2.607339,parietal temporal frontal occipital,0
980,0.609997,0.431420,0.773121,0.492377,0.579948,0.269154,0.233954,2.266348,temporal parietal frontal occipital,0
981,0.609480,0.431054,0.772466,0.491959,0.579457,0.233756,0.268926,2.607339,temporal parietal frontal occipital,0
982,0.636532,0.450186,0.806752,0.513795,0.244131,0.280862,0.605176,2.266348,parietal temporal frontal occipital,0
983,0.641545,0.453732,0.813106,0.517841,0.246054,0.609942,0.283075,1.051813,parietal temporal occipital frontal,0
984,0.640681,0.453121,0.282693,0.812010,0.609121,0.245722,0.517144,2.607339,temporal frontal parietal occipital,1
985,0.644899,0.456104,0.284554,0.817356,0.613131,0.520548,0.247340,1.238884,temporal frontal occipital parietal,0
986,0.676209,0.478248,0.298369,0.857039,0.259348,0.642898,0.545821,1.051813,temporal occipital frontal parietal,0
987,0.674631,0.477132,0.297673,0.855039,0.258743,0.544547,0.641398,1.238884,temporal frontal occipital parietal,0
988,0.653648,0.462292,0.288415,0.828445,0.527611,0.621449,0.250696,1.051813,temporal occipital frontal parietal,0
989,0.647860,0.458198,0.285861,0.821110,0.522939,0.248476,0.615946,2.607339,temporal frontal parietal occipital,1
990,0.599639,0.424094,0.264584,0.570100,0.759993,0.229981,0.484015,2.607339,temporal frontal parietal occipital,1
991,0.603332,0.426706,0.266213,0.573611,0.764674,0.486997,0.231398,1.238884,temporal occipital frontal parietal,0
992,0.649401,0.459288,0.286541,0.617411,0.249067,0.823063,0.524183,0.789006,occipital temporal frontal parietal,0
993,0.644758,0.456004,0.284492,0.612997,0.247286,0.520434,0.817177,1.238884,temporal frontal occipital parietal,0
994,0.628567,0.444553,0.277348,0.597603,0.507365,0.796656,0.241076,0.789006,occipital temporal frontal parietal,0
995,0.620263,0.438680,0.273684,0.589708,0.500663,0.237891,0.786132,2.607339,temporal frontal parietal occipital,1
996,0.562743,0.397999,0.248304,0.215830,0.713230,0.535021,0.454234,1.051813,temporal occipital frontal parietal,0
997,0.561649,0.397226,0.247821,0.215411,0.711844,0.453351,0.533982,1.238884,temporal occipital frontal parietal,0
998,0.577625,0.408525,0.254871,0.221538,0.549171,0.732092,0.466246,0.789006,occipital temporal frontal parietal,0
999,0.573949,0.405924,0.253248,0.220128,0.545675,0.463279,0.727432,1.238884,temporal occipital frontal parietal,0
1000,0.583455,0.412647,0.257443,0.223774,0.470952,0.739480,0.554713,0.789006,occipital temporal frontal parietal,0
1001,0.580868,0.410818,0.256302,0.222782,0.468864,0.552254,0.736203,1.051813,temporal occipital frontal parietal,0
1002,0.593424,0.419698,0.261842,0.478999,0.752116,0.564191,0.227597,1.051813,temporal occipital frontal parietal,0
1003,0.588650,0.416321,0.259735,0.475145,0.746065,0.225766,0.559652,2.607339,temporal frontal parietal occipital,1
1004,0.609997,0.431420,0.269154,0.492377,0.579948,0.773121,0.233954,0.789006,occipital temporal frontal parietal,0
1005,0.602174,0.425887,0.265702,0.486062,0.572510,0.230953,0.763206,2.607339,temporal frontal parietal occipital,1
1006,0.636532,0.450186,0.280862,0.513795,0.244131,0.806752,0.605176,0.789006,occipital temporal frontal parietal,0
1007,0.633455,0.448010,0.279505,0.511311,0.242951,0.602250,0.802852,1.051813,temporal occipital frontal parietal,0
1008,0.672415,0.475565,0.639291,0.852231,0.296696,0.257893,0.542759,2.607339,temporal parietal frontal occipital,0
1009,0.677063,0.478852,0.643710,0.858121,0.298746,0.546510,0.259676,1.238884,temporal parietal frontal occipital,0
1010,0.676209,0.478248,0.642898,0.857039,0.259348,0.298369,0.545821,2.266348,temporal parietal frontal occipital,0
1011,0.680265,0.481116,0.646754,0.862180,0.260904,0.549095,0.300159,1.238884,temporal parietal frontal occipital,0
1012,0.653648,0.462292,0.621449,0.828445,0.527611,0.288415,0.250696,2.266348,temporal parietal frontal occipital,0
1013,0.653055,0.461872,0.620885,0.827693,0.527131,0.250468,0.288153,2.607339,temporal parietal frontal occipital,0
1014,0.566288,0.400506,0.538392,0.249868,0.717723,0.217190,0.457095,2.607339,temporal parietal frontal occipital,0
1015,0.569580,0.402835,0.541522,0.251321,0.721896,0.459753,0.218453,1.238884,temporal parietal occipital frontal,0
1016,0.610465,0.431750,0.580393,0.269361,0.234133,0.773714,0.492754,0.789006,occipital temporal parietal frontal,0
1017,0.606360,0.428847,0.576490,0.267549,0.232559,0.489440,0.768511,1.238884,temporal parietal occipital frontal,0
1018,0.592018,0.418704,0.562855,0.261221,0.477864,0.750334,0.227058,0.789006,occipital temporal parietal frontal,0
1019,0.584646,0.413490,0.555846,0.257968,0.471914,0.224231,0.740991,2.607339,temporal parietal frontal occipital,0
1020,0.562743,0.397999,0.535021,0.215830,0.713230,0.248304,0.454234,2.266348,temporal parietal frontal occipital,0
1021,0.565549,0.399984,0.537690,0.216907,0.716787,0.456499,0.249542,1.238884,temporal parietal occipital frontal,0
1022,0.603295,0.426680,0.573576,0.231383,0.266197,0.764627,0.486967,0.789006,occipital temporal parietal frontal,0
1023,0.599286,0.423844,0.569764,0.229846,0.264428,0.483730,0.759545,1.238884,temporal parietal occipital frontal,0
1024,0.587664,0.415624,0.558715,0.225388,0.474350,0.744816,0.259300,0.789006,occipital temporal parietal frontal,0
1025,0.580868,0.410818,0.552254,0.222782,0.468864,0.256302,0.736203,2.266348,temporal parietal frontal occipital,0
1026,0.593424,0.419698,0.564191,0.478999,0.752116,0.261842,0.227597,2.266348,temporal parietal frontal occipital,0
1027,0.592935,0.419352,0.563726,0.478604,0.751496,0.227410,0.261626,2.607339,temporal parietal frontal occipital,0
1028,0.638697,0.451717,0.607234,0.515542,0.281818,0.809495,0.244961,0.789006,occipital temporal parietal frontal,0
1029,0.630125,0.445655,0.599084,0.508623,0.278035,0.241674,0.798631,2.607339,temporal parietal frontal occipital,0
1030,0.641545,0.453732,0.609942,0.517841,0.246054,0.813106,0.283075,0.789006,occipital temporal parietal frontal,0
1031,0.633455,0.448010,0.602250,0.511311,0.242951,0.279505,0.802852,2.266348,temporal parietal frontal occipital,0
1032,0.672415,0.475565,0.257893,0.852231,0.296696,0.639291,0.542759,1.051813,temporal occipital frontal parietal,0
1033,0.670855,0.474461,0.257295,0.850253,0.296007,0.541499,0.637808,1.238884,temporal frontal occipital parietal,0
1034,0.640681,0.453121,0.245722,0.812010,0.609121,0.282693,0.517144,2.266348,temporal frontal parietal occipital,1
1035,0.644321,0.455695,0.247118,0.816624,0.612581,0.520082,0.284299,1.238884,temporal frontal occipital parietal,0
1036,0.647860,0.458198,0.248476,0.821110,0.522939,0.285861,0.615946,2.266348,temporal frontal parietal occipital,1
1037,0.653055,0.461872,0.250468,0.827693,0.527131,0.620885,0.288153,1.051813,temporal occipital frontal parietal,0
1038,0.566288,0.400506,0.217190,0.249868,0.717723,0.538392,0.457095,1.051813,temporal occipital frontal parietal,0
1039,0.565181,0.399723,0.216765,0.249379,0.716320,0.456201,0.537339,1.238884,temporal occipital frontal parietal,0
1040,0.581361,0.411167,0.222971,0.256519,0.552722,0.736827,0.469262,0.789006,occipital temporal frontal parietal,0
1041,0.577637,0.408533,0.221543,0.254876,0.549182,0.466256,0.732107,1.238884,temporal occipital frontal parietal,0
1042,0.587266,0.415343,0.225236,0.259124,0.474028,0.744311,0.558337,0.789006,occipital temporal frontal parietal,0
1043,0.584646,0.413490,0.224231,0.257968,0.471914,0.555846,0.740991,1.051813,temporal occipital frontal parietal,0
1044,0.599639,0.424094,0.229981,0.570100,0.759993,0.264584,0.484015,2.266348,temporal frontal parietal occipital,1
1045,0.602826,0.426348,0.231204,0.573131,0.764033,0.486588,0.265990,1.238884,temporal occipital frontal parietal,0
1046,0.645902,0.456813,0.247725,0.614084,0.284997,0.818627,0.521358,0.789006,occipital temporal frontal parietal,0
1047,0.641308,0.453564,0.245963,0.609717,0.282970,0.517650,0.812805,1.238884,temporal frontal occipital parietal,0
1048,0.628018,0.444165,0.240865,0.597081,0.506922,0.795961,0.277106,0.789006,occipital temporal frontal parietal,0
1049,0.620263,0.438680,0.237891,0.589708,0.500663,0.273684,0.786132,2.266348,temporal frontal parietal occipital,1
1050,0.588650,0.416321,0.225766,0.475145,0.746065,0.259735,0.559652,2.266348,temporal frontal parietal occipital,1
1051,0.592935,0.419352,0.227410,0.478604,0.751496,0.563726,0.261626,1.051813,temporal occipital frontal parietal,0
1052,0.633169,0.447808,0.242841,0.511080,0.279379,0.802490,0.601979,0.789006,occipital temporal frontal parietal,0
1053,0.630125,0.445655,0.241674,0.508623,0.278035,0.599084,0.798631,1.051813,temporal occipital frontal parietal,0
1054,0.609480,0.431054,0.233756,0.491959,0.579457,0.772466,0.268926,0.789006,occipital temporal frontal parietal,0
1055,0.602174,0.425887,0.230953,0.486062,0.572510,0.265702,0.763206,2.266348,temporal frontal parietal occipital,1
1056,0.677063,0.478852,0.546510,0.858121,0.298746,0.643710,0.259676,1.051813,temporal occipital frontal parietal,0
1057,0.670855,0.474461,0.541499,0.850253,0.296007,0.257295,0.637808,2.607339,temporal frontal parietal occipital,1
1058,0.644899,0.456104,0.520548,0.817356,0.613131,0.284554,0.247340,2.266348,temporal frontal parietal occipital,1
1059,0.644321,0.455695,0.520082,0.816624,0.612581,0.247118,0.284299,2.607339,temporal frontal parietal occipital,1
1060,0.674631,0.477132,0.544547,0.855039,0.258743,0.297673,0.641398,2.266348,temporal frontal parietal occipital,1
1061,0.680265,0.481116,0.549095,0.862180,0.260904,0.646754,0.300159,1.051813,temporal occipital frontal parietal,0
1062,0.569580,0.402835,0.459753,0.251321,0.721896,0.541522,0.218453,1.051813,temporal occipital parietal frontal,0
1063,0.565181,0.399723,0.456201,0.249379,0.716320,0.216765,0.537339,2.607339,temporal frontal parietal occipital,1
1064,0.584832,0.413621,0.472063,0.258050,0.556022,0.741226,0.224302,0.789006,occipital temporal parietal frontal,0
1065,0.577637,0.408533,0.466256,0.254876,0.549182,0.221543,0.732107,2.607339,temporal frontal parietal occipital,1
1066,0.609178,0.430840,0.491715,0.268793,0.233640,0.772083,0.579169,0.789006,occipital temporal parietal frontal,0
1067,0.606360,0.428847,0.489440,0.267549,0.232559,0.576490,0.768511,1.051813,temporal occipital parietal frontal,0
1068,0.603332,0.426706,0.486997,0.573611,0.764674,0.266213,0.231398,2.266348,temporal frontal parietal occipital,1
1069,0.602826,0.426348,0.486588,0.573131,0.764033,0.231204,0.265990,2.607339,temporal frontal parietal occipital,1
1070,0.650189,0.459845,0.524818,0.618160,0.286888,0.824061,0.249369,0.789006,occipital temporal parietal frontal,0
1071,0.641308,0.453564,0.517650,0.609717,0.282970,0.245963,0.812805,2.607339,temporal frontal parietal occipital,1
1072,0.653142,0.461933,0.527202,0.620967,0.250501,0.827803,0.288191,0.789006,occipital temporal parietal frontal,0
1073,0.644758,0.456004,0.520434,0.612997,0.247286,0.284492,0.817177,2.266348,temporal frontal parietal occipital,1
1074,0.561649,0.397226,0.453351,0.215411,0.711844,0.247821,0.533982,2.266348,temporal frontal parietal occipital,1
1075,0.565549,0.399984,0.456499,0.216907,0.716787,0.537690,0.249542,1.051813,temporal occipital parietal frontal,0
1076,0.602039,0.425791,0.485952,0.230902,0.265643,0.763034,0.572382,0.789006,occipital temporal parietal frontal,0
1077,0.599286,0.423844,0.483730,0.229846,0.264428,0.569764,0.759545,1.051813,temporal occipital parietal frontal,0
1078,0.580582,0.410616,0.468633,0.222672,0.551982,0.735840,0.256175,0.789006,occipital temporal parietal frontal,0
1079,0.573949,0.405924,0.463279,0.220128,0.545675,0.253248,0.727432,2.266348,temporal frontal parietal occipital,1
1080,0.585354,0.556519,0.741888,0.258281,0.413991,0.224502,0.472485,2.607339,temporal parietal frontal occipital,0
1081,0.588873,0.559864,0.746348,0.259833,0.416479,0.475325,0.225852,1.238884,temporal parietal occipital frontal,0
1082,0.601842,0.572195,0.762785,0.265556,0.230826,0.425652,0.485794,1.413930,temporal parietal occipital frontal,0
1083,0.602716,0.573025,0.763892,0.265941,0.231161,0.486499,0.426270,1.238884,temporal parietal occipital frontal,0
1084,0.583905,0.555141,0.740051,0.257641,0.471315,0.412966,0.223947,1.413930,temporal parietal occipital frontal,0
1085,0.581258,0.552624,0.736696,0.256473,0.469178,0.222931,0.411094,2.607339,temporal parietal frontal occipital,0
1086,0.617807,0.587373,0.783019,0.436943,0.272600,0.236949,0.498680,2.607339,temporal parietal frontal occipital,0
1087,0.621728,0.591101,0.787989,0.439716,0.274330,0.501845,0.238453,1.238884,temporal parietal occipital frontal,0
1088,0.621008,0.590416,0.787076,0.439207,0.238177,0.274012,0.501264,2.266348,temporal parietal frontal occipital,0
1089,0.624427,0.593667,0.791409,0.441625,0.239488,0.504024,0.275521,1.238884,temporal parietal occipital frontal,0
1090,0.601928,0.572276,0.762894,0.425713,0.485863,0.265594,0.230859,2.266348,temporal parietal frontal occipital,0
1091,0.601425,0.571798,0.762256,0.425357,0.485457,0.230666,0.265372,2.607339,temporal parietal frontal occipital,0
1092,0.594873,0.565568,0.753952,0.228153,0.262481,0.420723,0.480168,1.413930,temporal parietal occipital frontal,0
1093,0.595726,0.566380,0.755033,0.228480,0.262857,0.480857,0.421326,1.238884,temporal parietal occipital frontal,0
1094,0.581567,0.552919,0.737088,0.223050,0.411313,0.256610,0.469428,2.266348,temporal parietal frontal occipital,0
1095,0.584565,0.555769,0.740888,0.224200,0.413433,0.471848,0.257933,1.238884,temporal parietal occipital frontal,0
1096,0.577523,0.549074,0.731963,0.221499,0.466164,0.254826,0.408453,2.266348,temporal parietal frontal occipital,0
1097,0.579669,0.551114,0.734683,0.222322,0.467896,0.409970,0.255772,1.413930,temporal parietal occipital frontal,0
1098,0.629264,0.598266,0.797540,0.507928,0.277656,0.445046,0.241343,1.413930,temporal parietal occipital frontal,0
1099,0.626191,0.595344,0.793645,0.505447,0.276299,0.240165,0.442872,2.607339,temporal parietal frontal occipital,0
1100,0.614395,0.584129,0.778695,0.495926,0.434530,0.271095,0.235641,2.266348,temporal parietal frontal occipital,0
1101,0.613871,0.583631,0.778031,0.495503,0.434159,0.235440,0.270863,2.607339,temporal parietal frontal occipital,0
1102,0.629479,0.598470,0.797813,0.508102,0.241426,0.277750,0.445198,2.266348,temporal parietal frontal occipital,0
1103,0.632029,0.600895,0.801045,0.510160,0.242404,0.447002,0.278876,1.413930,temporal parietal occipital frontal,0
1104,0.645534,0.613735,0.284835,0.818161,0.456553,0.247584,0.521061,2.607339,temporal frontal parietal occipital,1
1105,0.649817,0.617806,0.286724,0.823589,0.459582,0.524518,0.249226,1.238884,temporal frontal occipital parietal,0
1106,0.665645,0.632855,0.293708,0.843650,0.255297,0.470776,0.537294,1.413930,temporal frontal occipital parietal,0
1107,0.666714,0.633871,0.294180,0.845005,0.255707,0.538157,0.471532,1.238884,temporal frontal occipital parietal,0
1108,0.643773,0.612060,0.284057,0.815929,0.519639,0.455307,0.246908,1.413930,temporal frontal occipital parietal,0
1109,0.640556,0.609001,0.282638,0.811852,0.517043,0.245674,0.453032,2.607339,temporal frontal parietal occipital,1
1110,0.575349,0.547006,0.253866,0.406914,0.729207,0.220665,0.464409,2.607339,temporal frontal parietal occipital,1
1111,0.578748,0.550238,0.255366,0.409318,0.733515,0.467152,0.221969,1.238884,temporal occipital frontal parietal,0
1112,0.621008,0.590416,0.274012,0.439207,0.238177,0.787076,0.501264,0.789006,temporal occipital frontal parietal,0
1113,0.616760,0.586378,0.272138,0.436202,0.236548,0.497835,0.781692,1.238884,temporal occipital frontal parietal,0
1114,0.601928,0.572276,0.265594,0.425713,0.485863,0.762894,0.230859,0.789006,temporal occipital frontal parietal,0
1115,0.594309,0.565033,0.262232,0.420324,0.479713,0.227937,0.753238,2.607339,temporal frontal parietal occipital,1
1116,0.555407,0.528048,0.245067,0.213017,0.703933,0.392811,0.448313,1.413930,temporal occipital frontal parietal,0
1117,0.556151,0.528755,0.245395,0.213302,0.704876,0.448913,0.393337,1.238884,temporal occipital frontal parietal,0
1118,0.581567,0.552919,0.256610,0.223050,0.411313,0.737088,0.469428,0.789006,temporal occipital frontal parietal,0
1119,0.577840,0.549375,0.254965,0.221621,0.408677,0.466420,0.732365,1.238884,temporal occipital frontal parietal,0
1120,0.577523,0.549074,0.254826,0.221499,0.466164,0.731963,0.408453,0.789006,temporal occipital frontal parietal,0
1121,0.573056,0.544827,0.252855,0.219786,0.462558,0.405293,0.726301,1.413930,temporal occipital frontal parietal,0
1122,0.585273,0.556442,0.258245,0.472419,0.741785,0.413933,0.224471,1.413930,temporal occipital frontal parietal,0
1123,0.582613,0.553913,0.257071,0.470272,0.738414,0.223451,0.412052,2.607339,temporal frontal parietal occipital,1
1124,0.614395,0.584129,0.271095,0.495926,0.434530,0.778695,0.235641,0.789006,temporal occipital frontal parietal,0
1125,0.606459,0.576584,0.267593,0.489521,0.428917,0.232597,0.768637,2.607339,temporal frontal parietal occipital,1
1126,0.629479,0.598470,0.277750,0.508102,0.241426,0.797813,0.445198,0.789006,temporal occipital frontal parietal,0
1127,0.624176,0.593428,0.275410,0.503821,0.239392,0.441447,0.791091,1.413930,temporal frontal occipital parietal,0
1128,0.661969,0.629360,0.468176,0.838991,0.292086,0.253887,0.534327,2.607339,temporal frontal parietal occipital,1
1129,0.666473,0.633641,0.471362,0.844699,0.294073,0.537962,0.255614,1.238884,temporal frontal occipital parietal,0
1130,0.665645,0.632855,0.470776,0.843650,0.255297,0.293708,0.537294,2.266348,temporal frontal parietal occipital,1
1131,0.669575,0.636591,0.473556,0.848631,0.256804,0.540466,0.295442,1.238884,temporal frontal occipital parietal,0
1132,0.643773,0.612060,0.455307,0.815929,0.519639,0.284057,0.246908,2.266348,temporal frontal parietal occipital,1
1133,0.643197,0.611512,0.454900,0.815199,0.519174,0.246687,0.283803,2.607339,temporal frontal parietal occipital,1
1134,0.558860,0.531330,0.395253,0.246591,0.708309,0.214341,0.451100,2.607339,temporal frontal parietal occipital,1
1135,0.562067,0.534379,0.397521,0.248006,0.712373,0.453688,0.215571,1.238884,temporal occipital parietal frontal,0
1136,0.601842,0.572195,0.425652,0.265556,0.230826,0.762785,0.485794,0.789006,temporal occipital parietal frontal,0
1137,0.597852,0.568401,0.422830,0.263795,0.229296,0.482573,0.757728,1.238884,temporal occipital frontal parietal,0
1138,0.583905,0.555141,0.412966,0.257641,0.471315,0.740051,0.223947,0.789006,temporal occipital parietal frontal,0
1139,0.576733,0.548322,0.407893,0.254477,0.465526,0.221196,0.730961,2.607339,temporal frontal parietal occipital,1
1140,0.555407,0.528048,0.392811,0.213017,0.703933,0.245067,0.448313,2.266348,temporal frontal parietal occipital,1
1141,0.558141,0.530646,0.394744,0.214065,0.707398,0.450519,0.246273,1.238884,temporal occipital parietal frontal,0
1142,0.594873,0.565568,0.420723,0.228153,0.262481,0.753952,0.480168,0.789006,temporal occipital parietal frontal,0
1143,0.590974,0.561862,0.417965,0.226658,0.260760,0.477021,0.749010,1.238884,temporal occipital frontal parietal,0
1144,0.579669,0.551114,0.409970,0.222322,0.467896,0.734683,0.255772,0.789006,temporal occipital parietal frontal,0
1145,0.573056,0.544827,0.405293,0.219786,0.462558,0.252855,0.726301,2.266348,temporal frontal parietal occipital,1
1146,0.585273,0.556442,0.413933,0.472419,0.741785,0.258245,0.224471,2.266348,temporal frontal parietal occipital,1
1147,0.584797,0.555989,0.413597,0.472035,0.741182,0.224289,0.258035,2.607339,temporal frontal parietal occipital,1
1148,0.629264,0.598266,0.445046,0.507928,0.277656,0.797540,0.241343,0.789006,temporal occipital parietal frontal,0
1149,0.620942,0.590354,0.439160,0.501211,0.273984,0.238152,0.786993,2.607339,temporal frontal parietal occipital,1
1150,0.632029,0.600895,0.447002,0.510160,0.242404,0.801045,0.278876,0.789006,temporal occipital parietal frontal,0
1151,0.624176,0.593428,0.441447,0.503821,0.239392,0.275410,0.791091,2.266348,temporal frontal parietal occipital,1
1152,0.661969,0.629360,0.253887,0.838991,0.292086,0.468176,0.534327,1.413930,temporal frontal occipital parietal,0
1153,0.663026,0.630364,0.254292,0.840330,0.292553,0.535180,0.468924,1.238884,temporal frontal occipital parietal,0
1154,0.645534,0.613735,0.247584,0.818161,0.456553,0.284835,0.521061,2.266348,temporal frontal occipital parietal,0
1155,0.649230,0.617248,0.249001,0.822845,0.459167,0.524044,0.286465,1.238884,temporal frontal occipital parietal,0
1156,0.640556,0.609001,0.245674,0.811852,0.517043,0.282638,0.453032,2.266348,temporal frontal occipital parietal,0
1157,0.643197,0.611512,0.246687,0.815199,0.519174,0.454900,0.283803,1.413930,temporal frontal occipital parietal,0
1158,0.558860,0.531330,0.214341,0.246591,0.708309,0.395253,0.451100,1.413930,temporal occipital frontal parietal,0
1159,0.559613,0.532046,0.214630,0.246923,0.709264,0.451708,0.395786,1.238884,temporal occipital frontal parietal,0
1160,0.585354,0.556519,0.224502,0.258281,0.413991,0.741888,0.472485,0.789006,temporal occipital frontal parietal,0
1161,0.581579,0.552930,0.223054,0.256615,0.411321,0.469438,0.737103,1.238884,temporal occipital frontal parietal,0
1162,0.581258,0.552624,0.222931,0.256473,0.469178,0.736696,0.411094,0.789006,temporal occipital frontal parietal,0
1163,0.576733,0.548322,0.221196,0.254477,0.465526,0.407893,0.730961,1.413930,temporal occipital frontal parietal,0
1164,0.575349,0.547006,0.220665,0.406914,0.729207,0.253866,0.464409,2.266348,temporal frontal occipital parietal,0
1165,0.578282,0.549796,0.221790,0.408989,0.732925,0.466777,0.255160,1.238884,temporal occipital frontal parietal,0
1166,0.617807,0.587373,0.236949,0.436943,0.272600,0.783019,0.498680,0.789006,temporal occipital frontal parietal,0
1167,0.613603,0.583376,0.235337,0.433969,0.270745,0.495287,0.777690,1.238884,temporal occipital frontal parietal,0
1168,0.601425,0.571798,0.230666,0.425357,0.485457,0.762256,0.265372,0.789006,temporal occipital frontal parietal,0
1169,0.594309,0.565033,0.227937,0.420324,0.479713,0.262232,0.753238,2.266348,temporal frontal occipital parietal,0
1170,0.582613,0.553913,0.223451,0.470272,0.738414,0.257071,0.412052,2.266348,temporal frontal occipital parietal,0
1171,0.584797,0.555989,0.224289,0.472035,0.741182,0.413597,0.258035,1.413930,temporal occipital frontal parietal,0
1172,0.626191,0.595344,0.240165,0.505447,0.276299,0.793645,0.442872,0.789006,temporal occipital frontal parietal,0
1173,0.620942,0.590354,0.238152,0.501211,0.273984,0.439160,0.786993,1.413930,temporal frontal occipital parietal,0
1174,0.613871,0.583631,0.235440,0.495503,0.434159,0.778031,0.270863,0.789006,temporal occipital frontal parietal,0
1175,0.606459,0.576584,0.232597,0.489521,0.428917,0.267593,0.768637,2.266348,temporal frontal occipital parietal,0
1176,0.666473,0.633641,0.537962,0.844699,0.294073,0.471362,0.255614,1.413930,temporal frontal parietal occipital,1
1177,0.663026,0.630364,0.535180,0.840330,0.292553,0.254292,0.468924,2.607339,temporal frontal parietal occipital,1
1178,0.649817,0.617806,0.524518,0.823589,0.459582,0.286724,0.249226,2.266348,temporal frontal parietal occipital,1
1179,0.649230,0.617248,0.524044,0.822845,0.459167,0.249001,0.286465,2.607339,temporal frontal parietal occipital,1
1180,0.666714,0.633871,0.538157,0.845005,0.255707,0.294180,0.471532,2.266348,temporal frontal parietal occipital,1
1181,0.669575,0.636591,0.540466,0.848631,0.256804,0.473556,0.295442,1.413930,temporal frontal parietal occipital,1
1182,0.562067,0.534379,0.453688,0.248006,0.712373,0.397521,0.215571,1.413930,temporal occipital parietal frontal,0
1183,0.559613,0.532046,0.451708,0.246923,0.709264,0.214630,0.395786,2.607339,temporal parietal frontal occipital,0
1184,0.588873,0.559864,0.475325,0.259833,0.416479,0.746348,0.225852,0.789006,temporal occipital parietal frontal,0
1185,0.581579,0.552930,0.469438,0.256615,0.411321,0.223054,0.737103,2.607339,temporal frontal parietal occipital,1
1186,0.602716,0.573025,0.486499,0.265941,0.231161,0.763892,0.426270,0.789006,temporal occipital parietal frontal,0
1187,0.597852,0.568401,0.482573,0.263795,0.229296,0.422830,0.757728,1.413930,temporal occipital parietal frontal,0
1188,0.578748,0.550238,0.467152,0.409318,0.733515,0.255366,0.221969,2.266348,temporal parietal frontal occipital,0
1189,0.578282,0.549796,0.466777,0.408989,0.732925,0.221790,0.255160,2.607339,temporal parietal frontal occipital,0
1190,0.621728,0.591101,0.501845,0.439716,0.274330,0.787989,0.238453,0.789006,temporal occipital parietal frontal,0
1191,0.613603,0.583376,0.495287,0.433969,0.270745,0.235337,0.777690,2.607339,temporal frontal parietal occipital,1
1192,0.624427,0.593667,0.504024,0.441625,0.239488,0.791409,0.275521,0.789006,temporal occipital parietal frontal,0
1193,0.616760,0.586378,0.497835,0.436202,0.236548,0.272138,0.781692,2.266348,temporal frontal parietal occipital,1
1194,0.556151,0.528755,0.448913,0.213302,0.704876,0.245395,0.393337,2.266348,temporal parietal frontal occipital,0
1195,0.558141,0.530646,0.450519,0.214065,0.707398,0.394744,0.246273,1.413930,temporal occipital parietal frontal,0
1196,0.595726,0.566380,0.480857,0.228480,0.262857,0.755033,0.421326,0.789006,temporal occipital parietal frontal,0
1197,0.590974,0.561862,0.477021,0.226658,0.260760,0.417965,0.749010,1.413930,temporal occipital parietal frontal,0
1198,0.584565,0.555769,0.471848,0.224200,0.413433,0.740888,0.257933,0.789006,temporal occipital parietal frontal,0
1199,0.577840,0.549375,0.466420,0.221621,0.408677,0.254965,0.732365,2.266348,temporal frontal parietal occipital,1
1200,0.604706,0.231924,0.766414,0.266819,0.427677,0.574917,0.488105,1.051813,parietal occipital frontal temporal,0
1201,0.603443,0.231440,0.764815,0.266262,0.426784,0.487086,0.573717,1.238884,parietal occipital frontal temporal,0
1202,0.592101,0.227090,0.750439,0.261258,0.562934,0.418763,0.477931,1.413930,parietal occipital frontal temporal,0
1203,0.592947,0.227414,0.751511,0.261631,0.563737,0.478613,0.419361,1.238884,parietal occipital frontal temporal,0
1204,0.598228,0.229440,0.758204,0.263961,0.482876,0.423096,0.568758,1.413930,parietal occipital frontal temporal,0
1205,0.600335,0.230248,0.760875,0.264891,0.484577,0.570762,0.424586,1.051813,parietal occipital frontal temporal,0
1206,0.639403,0.245232,0.810390,0.452217,0.282129,0.607905,0.516112,1.051813,parietal occipital frontal temporal,0
1207,0.637992,0.244691,0.808602,0.451219,0.281507,0.514973,0.606564,1.238884,parietal occipital frontal temporal,0
1208,0.610642,0.234201,0.773938,0.431875,0.580561,0.269439,0.492897,2.266348,parietal frontal temporal occipital,0
1209,0.613948,0.235469,0.778128,0.434213,0.583704,0.495565,0.270897,1.238884,parietal occipital frontal temporal,0
1210,0.617160,0.236701,0.782199,0.436486,0.498158,0.272315,0.586758,2.266348,parietal frontal temporal occipital,0
1211,0.621872,0.238508,0.788171,0.439818,0.501961,0.591238,0.274394,1.051813,parietal occipital frontal temporal,0
1212,0.659187,0.252820,0.835465,0.626714,0.290859,0.466209,0.532081,1.413930,parietal frontal occipital temporal,0
1213,0.660235,0.253222,0.836793,0.627711,0.291321,0.532927,0.466950,1.238884,parietal occipital frontal temporal,0
1214,0.642888,0.246569,0.814808,0.611219,0.454682,0.283667,0.518925,2.266348,parietal frontal temporal occipital,0
1215,0.646554,0.247974,0.819453,0.614704,0.457274,0.521884,0.285284,1.238884,parietal occipital frontal temporal,0
1216,0.637950,0.244675,0.808549,0.606524,0.514940,0.281488,0.451189,2.266348,parietal frontal temporal occipital,0
1217,0.640570,0.245679,0.811869,0.609015,0.517054,0.453042,0.282644,1.413930,parietal frontal occipital temporal,0
1218,0.645930,0.247735,0.818663,0.521381,0.285009,0.456833,0.614111,1.413930,parietal frontal occipital temporal,0
1219,0.648388,0.248678,0.821778,0.523364,0.286094,0.616447,0.458571,1.051813,parietal occipital frontal temporal,0
1220,0.630273,0.241730,0.798819,0.508743,0.445760,0.278101,0.599225,2.266348,parietal frontal temporal occipital,0
1221,0.635188,0.243615,0.805048,0.512710,0.449236,0.603898,0.280269,1.051813,parietal occipital frontal temporal,0
1222,0.618831,0.237342,0.784317,0.499507,0.588347,0.273052,0.437667,2.266348,parietal frontal temporal occipital,0
1223,0.621295,0.238287,0.787441,0.501496,0.590690,0.439410,0.274140,1.413930,parietal frontal occipital temporal,0
1224,0.669150,0.256641,0.295255,0.848092,0.473255,0.636187,0.540123,1.051813,frontal occipital parietal temporal,0
1225,0.667604,0.256048,0.294573,0.846133,0.472162,0.538876,0.634717,1.238884,frontal occipital parietal temporal,0
1226,0.653750,0.250734,0.288460,0.828574,0.621545,0.462364,0.527692,1.413930,frontal occipital temporal parietal,0
1227,0.654781,0.251130,0.288914,0.829880,0.622525,0.528524,0.463093,1.238884,frontal occipital temporal parietal,0
1228,0.661227,0.253602,0.291759,0.838050,0.533728,0.467652,0.628654,1.413930,frontal occipital temporal parietal,0
1229,0.663802,0.254590,0.292895,0.841314,0.535806,0.631102,0.469473,1.051813,occipital frontal parietal temporal,0
1230,0.594034,0.227831,0.262111,0.420129,0.752888,0.564771,0.479491,1.051813,occipital frontal temporal parietal,0
1231,0.592815,0.227364,0.261573,0.419268,0.751345,0.478508,0.563613,1.238884,frontal occipital temporal parietal,0
1232,0.610642,0.234201,0.269439,0.431875,0.580561,0.773938,0.492897,0.789006,occipital frontal temporal parietal,0
1233,0.606534,0.232626,0.267626,0.428970,0.576656,0.489581,0.768732,1.238884,frontal occipital temporal parietal,0
1234,0.617160,0.236701,0.272315,0.436486,0.498158,0.782199,0.586758,0.789006,occipital frontal temporal parietal,0
1235,0.614267,0.235592,0.271038,0.434440,0.495823,0.584008,0.778533,1.051813,occipital frontal temporal parietal,0
1236,0.611072,0.234366,0.269629,0.580970,0.774483,0.432180,0.493244,1.413930,frontal occipital temporal parietal,0
1237,0.611972,0.234711,0.270026,0.581826,0.775624,0.493971,0.432817,1.238884,frontal occipital temporal parietal,0
1238,0.642888,0.246569,0.283667,0.611219,0.454682,0.814808,0.518925,0.789006,occipital frontal parietal temporal,0
1239,0.638337,0.244823,0.281659,0.606892,0.451463,0.515252,0.809040,1.238884,frontal occipital temporal parietal,0
1240,0.637950,0.244675,0.281488,0.606524,0.514940,0.808549,0.451189,0.789006,occipital frontal temporal parietal,0
1241,0.632504,0.242586,0.279085,0.601346,0.510543,0.447337,0.801646,1.413930,frontal occipital temporal parietal,0
1242,0.599663,0.229991,0.264595,0.484035,0.760024,0.424111,0.570123,1.413930,frontal occipital temporal parietal,0
1243,0.601781,0.230803,0.265529,0.485744,0.762707,0.572136,0.425608,1.051813,occipital frontal temporal parietal,0
1244,0.630273,0.241730,0.278101,0.508743,0.445760,0.798819,0.599225,0.789006,occipital frontal parietal temporal,0
1245,0.627256,0.240573,0.276770,0.506308,0.443626,0.596357,0.794995,1.051813,occipital frontal temporal parietal,0
1246,0.618831,0.237342,0.273052,0.499507,0.588347,0.784317,0.437667,0.789006,occipital frontal temporal parietal,0
1247,0.613705,0.235376,0.270790,0.495369,0.583473,0.434042,0.777820,1.413930,frontal occipital temporal parietal,0
1248,0.686825,0.263420,0.485756,0.870494,0.303054,0.652991,0.554390,1.051813,frontal occipital parietal temporal,0
1249,0.685197,0.262796,0.484605,0.868431,0.302335,0.553076,0.651444,1.238884,frontal parietal occipital temporal,0
1250,0.653750,0.250734,0.462364,0.828574,0.621545,0.288460,0.527692,2.266348,frontal parietal temporal occipital,0
1251,0.657540,0.252188,0.465044,0.833378,0.625149,0.530752,0.290132,1.238884,frontal occipital parietal temporal,0
1252,0.661227,0.253602,0.467652,0.838050,0.533728,0.291759,0.628654,2.266348,frontal parietal temporal occipital,0
1253,0.666638,0.255678,0.471479,0.844909,0.538096,0.633799,0.294147,1.051813,occipital frontal parietal temporal,0
1254,0.576473,0.221096,0.407710,0.254362,0.730632,0.548076,0.465317,1.051813,occipital frontal parietal temporal,0
1255,0.575326,0.220656,0.406898,0.253856,0.729178,0.464391,0.546985,1.238884,occipital frontal parietal temporal,0
1256,0.592101,0.227090,0.418763,0.261258,0.562934,0.750439,0.477931,0.789006,occipital parietal frontal temporal,0
1257,0.588239,0.225609,0.416031,0.259554,0.559261,0.474813,0.745544,1.238884,frontal occipital parietal temporal,0
1258,0.598228,0.229440,0.423096,0.263961,0.482876,0.758204,0.568758,0.789006,occipital parietal frontal temporal,0
1259,0.595509,0.228397,0.421173,0.262762,0.480682,0.566174,0.754759,1.051813,occipital frontal parietal temporal,0
1260,0.611072,0.234366,0.432180,0.580970,0.774483,0.269629,0.493244,2.266348,frontal parietal temporal occipital,0
1261,0.614382,0.235636,0.434521,0.584117,0.778679,0.495916,0.271089,1.238884,frontal occipital parietal temporal,0
1262,0.659187,0.252820,0.466209,0.626714,0.290859,0.835465,0.532081,0.789006,occipital frontal parietal temporal,0
1263,0.654403,0.250985,0.462825,0.622166,0.288748,0.528219,0.829401,1.238884,frontal occipital parietal temporal,0
1264,0.640570,0.245679,0.453042,0.609015,0.517054,0.811869,0.282644,0.789006,occipital frontal parietal temporal,0
1265,0.632504,0.242586,0.447337,0.601346,0.510543,0.279085,0.801646,2.266348,frontal parietal temporal occipital,0
1266,0.599663,0.229991,0.424111,0.484035,0.760024,0.264595,0.570123,2.266348,frontal parietal temporal occipital,0
1267,0.604111,0.231696,0.427257,0.487625,0.765661,0.574352,0.266557,1.051813,occipital frontal parietal temporal,0
1268,0.645930,0.247735,0.456833,0.521381,0.285009,0.818663,0.614111,0.789006,occipital frontal parietal temporal,0
1269,0.642762,0.246520,0.454593,0.518824,0.283611,0.611099,0.814648,1.051813,occipital frontal parietal temporal,0
1270,0.621295,0.238287,0.439410,0.501496,0.590690,0.787441,0.274140,0.789006,occipital frontal parietal temporal,0
1271,0.613705,0.235376,0.434042,0.495369,0.583473,0.270790,0.777820,2.266348,frontal parietal temporal occipital,0
1272,0.686825,0.263420,0.652991,0.870494,0.303054,0.485756,0.554390,1.413930,parietal frontal occipital temporal,0
1273,0.687963,0.263856,0.654073,0.871936,0.303556,0.555309,0.486561,1.238884,parietal frontal occipital temporal,0
1274,0.669150,0.256641,0.636187,0.848092,0.473255,0.295255,0.540123,2.266348,parietal frontal temporal occipital,0
1275,0.673121,0.258164,0.639963,0.853126,0.476064,0.543329,0.297007,1.238884,parietal frontal occipital temporal,0
1276,0.663802,0.254590,0.631102,0.841314,0.535806,0.292895,0.469473,2.266348,parietal frontal temporal occipital,0
1277,0.666638,0.255678,0.633799,0.844909,0.538096,0.471479,0.294147,1.413930,parietal frontal occipital temporal,0
1278,0.576473,0.221096,0.548076,0.254362,0.730632,0.407710,0.465317,1.413930,parietal frontal occipital temporal,0
1279,0.577275,0.221404,0.548838,0.254716,0.731648,0.465963,0.408277,1.238884,parietal occipital frontal temporal,0
1280,0.604706,0.231924,0.574917,0.266819,0.427677,0.766414,0.488105,0.789006,occipital parietal frontal temporal,0
1281,0.600677,0.230379,0.571087,0.265042,0.424828,0.484854,0.761309,1.238884,parietal frontal occipital temporal,0
1282,0.600335,0.230248,0.570762,0.264891,0.484577,0.760875,0.424586,0.789006,occipital parietal frontal temporal,0
1283,0.595509,0.228397,0.566174,0.262762,0.480682,0.421173,0.754759,1.413930,parietal frontal occipital temporal,0
1284,0.594034,0.227831,0.564771,0.420129,0.752888,0.262111,0.479491,2.266348,parietal frontal temporal occipital,0
1285,0.597162,0.229031,0.567745,0.422342,0.756853,0.482016,0.263491,1.238884,parietal occipital frontal temporal,0
1286,0.639403,0.245232,0.607905,0.452217,0.282129,0.810390,0.516112,0.789006,occipital parietal frontal temporal,0
1287,0.634901,0.243505,0.603625,0.449033,0.280143,0.512478,0.804684,1.238884,parietal frontal occipital temporal,0
1288,0.621872,0.238508,0.591238,0.439818,0.501961,0.788171,0.274394,0.789006,occipital parietal frontal temporal,0
1289,0.614267,0.235592,0.584008,0.434440,0.495823,0.271038,0.778533,2.266348,parietal frontal temporal occipital,0
1290,0.601781,0.230803,0.572136,0.485744,0.762707,0.265529,0.425608,2.266348,parietal frontal temporal occipital,0
1291,0.604111,0.231696,0.574352,0.487625,0.765661,0.427257,0.266557,1.413930,parietal frontal occipital temporal,0
1292,0.648388,0.248678,0.616447,0.523364,0.286094,0.821778,0.458571,0.789006,occipital parietal frontal temporal,0
1293,0.642762,0.246520,0.611099,0.518824,0.283611,0.454593,0.814648,1.413930,parietal frontal occipital temporal,0
1294,0.635188,0.243615,0.603898,0.512710,0.449236,0.805048,0.280269,0.789006,occipital parietal frontal temporal,0
1295,0.627256,0.240573,0.596357,0.506308,0.443626,0.276770,0.794995,2.266348,parietal frontal temporal occipital,0
1296,0.685197,0.262796,0.553076,0.868431,0.302335,0.484605,0.651444,1.413930,frontal parietal occipital temporal,0
1297,0.687963,0.263856,0.555309,0.871936,0.303556,0.654073,0.486561,1.051813,frontal occipital parietal temporal,0
1298,0.667604,0.256048,0.538876,0.846133,0.472162,0.294573,0.634717,2.266348,frontal parietal temporal occipital,0
1299,0.673121,0.258164,0.543329,0.853126,0.476064,0.639963,0.297007,1.051813,occipital frontal parietal temporal,0
1300,0.654781,0.251130,0.528524,0.829880,0.622525,0.288914,0.463093,2.266348,frontal parietal temporal occipital,0
1301,0.657540,0.252188,0.530752,0.833378,0.625149,0.465044,0.290132,1.413930,frontal parietal occipital temporal,0
1302,0.575326,0.220656,0.464391,0.253856,0.729178,0.406898,0.546985,1.413930,frontal parietal occipital temporal,0
1303,0.577275,0.221404,0.465963,0.254716,0.731648,0.548838,0.408277,1.051813,occipital parietal frontal temporal,0
1304,0.603443,0.231440,0.487086,0.266262,0.426784,0.764815,0.573717,0.789006,occipital parietal frontal temporal,0
1305,0.600677,0.230379,0.484854,0.265042,0.424828,0.571087,0.761309,1.051813,occipital frontal parietal temporal,0
1306,0.592947,0.227414,0.478613,0.261631,0.563737,0.751511,0.419361,0.789006,occipital parietal frontal temporal,0
1307,0.588239,0.225609,0.474813,0.259554,0.559261,0.416031,0.745544,1.413930,frontal parietal occipital temporal,0
1308,0.592815,0.227364,0.478508,0.419268,0.751345,0.261573,0.563613,2.266348,frontal parietal temporal occipital,0
1309,0.597162,0.229031,0.482016,0.422342,0.756853,0.567745,0.263491,1.051813,occipital parietal frontal temporal,0
1310,0.637992,0.244691,0.514973,0.451219,0.281507,0.808602,0.606564,0.789006,occipital parietal frontal temporal,0
1311,0.634901,0.243505,0.512478,0.449033,0.280143,0.603625,0.804684,1.051813,occipital frontal parietal temporal,0
1312,0.613948,0.235469,0.495565,0.434213,0.583704,0.778128,0.270897,0.789006,occipital parietal frontal temporal,0
1313,0.606534,0.232626,0.489581,0.428970,0.576656,0.267626,0.768732,2.266348,frontal parietal temporal occipital,0
1314,0.611972,0.234711,0.493971,0.581826,0.775624,0.270026,0.432817,2.266348,frontal parietal temporal occipital,0
1315,0.614382,0.235636,0.495916,0.584117,0.778679,0.434521,0.271089,1.413930,frontal parietal occipital temporal,0
1316,0.660235,0.253222,0.532927,0.627711,0.291321,0.836793,0.466950,0.789006,occipital parietal frontal temporal,0
1317,0.654403,0.250985,0.528219,0.622166,0.288748,0.462825,0.829401,1.413930,frontal parietal occipital temporal,0
1318,0.646554,0.247974,0.521884,0.614704,0.457274,0.819453,0.285284,0.789006,occipital parietal frontal temporal,0
1319,0.638337,0.244823,0.515252,0.606892,0.451463,0.281659,0.809040,2.266348,frontal parietal temporal occipital,0
1320,0.593711,0.479230,0.752479,0.261968,0.419901,0.564464,0.227707,1.051813,temporal parietal occipital frontal,0
1321,0.588932,0.475373,0.746422,0.259859,0.416521,0.225875,0.559920,2.607339,temporal parietal frontal occipital,0
1322,0.581556,0.469419,0.737074,0.256605,0.552908,0.411304,0.223046,1.413930,temporal parietal occipital frontal,0
1323,0.578930,0.467299,0.733745,0.255446,0.550411,0.222038,0.409447,2.607339,temporal parietal frontal occipital,0
1324,0.605625,0.488847,0.767579,0.267225,0.232277,0.428327,0.575791,1.413930,temporal parietal occipital frontal,0
1325,0.607784,0.490590,0.770317,0.268178,0.233105,0.577844,0.429855,1.051813,temporal parietal occipital frontal,0
1326,0.627123,0.506200,0.794826,0.443532,0.276711,0.596230,0.240522,1.051813,temporal parietal occipital frontal,0
1327,0.621793,0.501898,0.788072,0.439762,0.274359,0.238478,0.591163,2.607339,temporal parietal frontal occipital,0
1328,0.599432,0.483848,0.759730,0.423947,0.569903,0.264492,0.229902,2.266348,temporal parietal frontal occipital,0
1329,0.598933,0.483445,0.759098,0.423594,0.569429,0.229710,0.264272,2.607339,temporal parietal frontal occipital,0
1330,0.625036,0.504515,0.792181,0.442056,0.239722,0.275790,0.594246,2.266348,temporal parietal frontal occipital,0
1331,0.629869,0.508417,0.798307,0.445474,0.241575,0.598841,0.277923,1.051813,temporal parietal occipital frontal,0
1332,0.646143,0.521552,0.818932,0.614313,0.285103,0.456983,0.247817,1.413930,temporal parietal occipital frontal,0
1333,0.642902,0.518937,0.814826,0.611232,0.283673,0.246574,0.454692,2.607339,temporal parietal frontal occipital,0
1334,0.630475,0.508906,0.799075,0.599417,0.445903,0.278190,0.241808,2.266348,temporal parietal frontal occipital,0
1335,0.629923,0.508460,0.798375,0.598892,0.445512,0.241596,0.277946,2.607339,temporal parietal frontal occipital,0
1336,0.646369,0.521735,0.819220,0.614528,0.247904,0.285203,0.457144,2.266348,temporal parietal frontal occipital,0
1337,0.649058,0.523906,0.822628,0.617085,0.248935,0.459046,0.286390,1.413930,temporal parietal frontal occipital,0
1338,0.598568,0.483151,0.758635,0.229570,0.264111,0.423336,0.569082,1.413930,temporal parietal occipital frontal,0
1339,0.600677,0.484854,0.761309,0.230379,0.265042,0.571087,0.424828,1.051813,temporal parietal occipital frontal,0
1340,0.585099,0.472279,0.741564,0.224404,0.413810,0.258168,0.556276,2.266348,temporal parietal frontal occipital,0
1341,0.589332,0.475696,0.746929,0.226028,0.416804,0.560301,0.260036,1.051813,temporal parietal occipital frontal,0
1342,0.575225,0.464309,0.729050,0.220618,0.546889,0.253811,0.406827,2.266348,temporal parietal frontal occipital,0
1343,0.577354,0.466027,0.731748,0.221434,0.548913,0.408333,0.254751,1.413930,temporal parietal occipital frontal,0
1344,0.655712,0.529277,0.289326,0.831061,0.463752,0.623411,0.251487,1.051813,temporal occipital frontal parietal,0
1345,0.649888,0.524575,0.286756,0.823679,0.459632,0.249253,0.617874,2.607339,temporal frontal parietal occipital,1
1346,0.640918,0.517335,0.282798,0.812310,0.609346,0.453288,0.245813,1.413930,temporal frontal occipital parietal,0
1347,0.637730,0.514761,0.281391,0.808270,0.606314,0.244590,0.451033,2.607339,temporal frontal parietal occipital,1
1348,0.670275,0.541032,0.295751,0.849519,0.257073,0.474051,0.637257,1.413930,temporal frontal occipital parietal,0
1349,0.672922,0.543168,0.296919,0.852873,0.258088,0.639773,0.475923,1.051813,temporal occipital frontal parietal,0
1350,0.583420,0.470924,0.257427,0.412623,0.739436,0.554680,0.223761,1.051813,temporal occipital frontal parietal,0
1351,0.578805,0.467198,0.255391,0.409359,0.733587,0.221990,0.550292,2.607339,temporal frontal parietal occipital,1
1352,0.599432,0.483848,0.264492,0.423947,0.569903,0.759730,0.229902,0.789006,temporal occipital frontal parietal,0
1353,0.591875,0.477749,0.261158,0.418603,0.562719,0.227004,0.750153,2.607339,temporal frontal parietal occipital,1
1354,0.625036,0.504515,0.275790,0.442056,0.239722,0.792181,0.594246,0.789006,occipital temporal frontal parietal,0
1355,0.622069,0.502120,0.274481,0.439957,0.238584,0.591425,0.788421,1.051813,temporal occipital frontal parietal,0
1356,0.599846,0.484183,0.264675,0.570297,0.760256,0.424240,0.230061,1.413930,temporal frontal occipital parietal,0
1357,0.597053,0.481928,0.263443,0.567641,0.756715,0.228989,0.422265,2.607339,temporal frontal parietal occipital,1
1358,0.630475,0.508906,0.278190,0.599417,0.445903,0.799075,0.241808,0.789006,occipital temporal frontal parietal,0
1359,0.622121,0.502163,0.274504,0.591475,0.439994,0.238604,0.788487,2.607339,temporal frontal parietal occipital,1
1360,0.646369,0.521735,0.285203,0.614528,0.247904,0.819220,0.457144,0.789006,occipital temporal frontal parietal,0
1361,0.640779,0.517222,0.282736,0.609213,0.245760,0.453190,0.812134,1.413930,temporal frontal occipital parietal,0
1362,0.558627,0.450912,0.246488,0.214252,0.708014,0.395088,0.531109,1.413930,temporal occipital frontal parietal,0
1363,0.560464,0.452395,0.247298,0.214956,0.710342,0.532855,0.396388,1.051813,temporal occipital frontal parietal,0
1364,0.585099,0.472279,0.258168,0.224404,0.413810,0.741564,0.556276,0.789006,occipital temporal frontal parietal,0
1365,0.582498,0.470179,0.257021,0.223407,0.411971,0.553803,0.738268,1.051813,temporal occipital frontal parietal,0
1366,0.575225,0.464309,0.253811,0.220618,0.546889,0.729050,0.406827,0.789006,temporal occipital frontal parietal,0
1367,0.570793,0.460732,0.251856,0.218918,0.542675,0.403693,0.723433,1.413930,temporal frontal occipital parietal,0
1368,0.672676,0.542969,0.475749,0.852561,0.296811,0.639539,0.257993,1.051813,temporal occipital frontal parietal,0
1369,0.666548,0.538023,0.471415,0.844794,0.294107,0.255643,0.633713,2.607339,temporal frontal parietal occipital,1
1370,0.640918,0.517335,0.453288,0.812310,0.609346,0.282798,0.245813,2.266348,temporal frontal parietal occipital,1
1371,0.640347,0.516874,0.452885,0.811587,0.608803,0.245594,0.282546,2.607339,temporal frontal parietal occipital,1
1372,0.670275,0.541032,0.474051,0.849519,0.257073,0.295751,0.637257,2.266348,temporal frontal parietal occipital,1
1373,0.675837,0.545521,0.477985,0.856567,0.259206,0.642544,0.298205,1.051813,temporal occipital frontal parietal,0
1374,0.566473,0.457244,0.400637,0.249950,0.717957,0.538568,0.217261,1.051813,temporal occipital parietal frontal,0
1375,0.562121,0.453731,0.397559,0.248029,0.712441,0.215592,0.534430,2.607339,temporal frontal parietal occipital,1
1376,0.581556,0.469419,0.411304,0.256605,0.552908,0.737074,0.223046,0.789006,temporal occipital parietal frontal,0
1377,0.574441,0.463676,0.406272,0.253465,0.546143,0.220317,0.728056,2.607339,temporal frontal parietal occipital,1
1378,0.605625,0.488847,0.428327,0.267225,0.232277,0.767579,0.575791,0.789006,occipital temporal parietal frontal,0
1379,0.602839,0.486598,0.426357,0.265996,0.231208,0.573142,0.764048,1.051813,temporal occipital frontal parietal,0
1380,0.599846,0.484183,0.424240,0.570297,0.760256,0.264675,0.230061,2.266348,temporal frontal parietal occipital,1
1381,0.599346,0.483779,0.423887,0.569822,0.759622,0.229869,0.264455,2.607339,temporal frontal parietal occipital,1
1382,0.646143,0.521552,0.456983,0.614313,0.285103,0.818932,0.247817,0.789006,occipital temporal parietal frontal,0
1383,0.637371,0.514472,0.450780,0.605974,0.281233,0.244453,0.807815,2.607339,temporal frontal parietal occipital,1
1384,0.649058,0.523906,0.459046,0.617085,0.248935,0.822628,0.286390,0.789006,occipital temporal parietal frontal,0
1385,0.640779,0.517222,0.453190,0.609213,0.245760,0.282736,0.812134,2.266348,temporal frontal parietal occipital,1
1386,0.558627,0.450912,0.395088,0.214252,0.708014,0.246488,0.531109,2.266348,temporal frontal parietal occipital,1
1387,0.562485,0.454026,0.397817,0.215731,0.712903,0.534776,0.248190,1.051813,temporal occipital parietal frontal,0
1388,0.598568,0.483151,0.423336,0.229570,0.264111,0.758635,0.569082,0.789006,occipital temporal parietal frontal,0
1389,0.595846,0.480954,0.421411,0.228527,0.262910,0.566494,0.755186,1.051813,temporal occipital frontal parietal,0
1390,0.577354,0.466027,0.408333,0.221434,0.548913,0.731748,0.254751,0.789006,temporal occipital parietal frontal,0
1391,0.570793,0.460732,0.403693,0.218918,0.542675,0.251856,0.723433,2.266348,temporal frontal parietal occipital,1
1392,0.672676,0.542969,0.639539,0.852561,0.296811,0.475749,0.257993,1.413930,temporal parietal frontal occipital,0
1393,0.669165,0.540135,0.636201,0.848111,0.295261,0.256647,0.473266,2.607339,temporal parietal frontal occipital,0
1394,0.655712,0.529277,0.623411,0.831061,0.463752,0.289326,0.251487,2.266348,temporal parietal frontal occipital,0
1395,0.655115,0.528795,0.622843,0.830304,0.463329,0.251258,0.289062,2.607339,temporal parietal frontal occipital,0
1396,0.672922,0.543168,0.639773,0.852873,0.258088,0.296919,0.475923,2.266348,temporal parietal frontal occipital,0
1397,0.675837,0.545521,0.642544,0.856567,0.259206,0.477985,0.298205,1.413930,temporal parietal frontal occipital,0
1398,0.566473,0.457244,0.538568,0.249950,0.717957,0.400637,0.217261,1.413930,temporal parietal occipital frontal,0
1399,0.563981,0.455233,0.536198,0.248850,0.714799,0.216305,0.398874,2.607339,temporal parietal frontal occipital,0
1400,0.593711,0.479230,0.564464,0.261968,0.419901,0.752479,0.227707,0.789006,occipital temporal parietal frontal,0
1401,0.586297,0.473246,0.557415,0.258697,0.414658,0.224864,0.743083,2.607339,temporal parietal frontal occipital,0
1402,0.607784,0.490590,0.577844,0.268178,0.233105,0.770317,0.429855,0.789006,occipital temporal parietal frontal,0
1403,0.602839,0.486598,0.573142,0.265996,0.231208,0.426357,0.764048,1.413930,temporal parietal frontal occipital,0
1404,0.583420,0.470924,0.554680,0.412623,0.739436,0.257427,0.223761,2.266348,temporal parietal frontal occipital,0
1405,0.582947,0.470542,0.554230,0.412288,0.738837,0.223579,0.257219,2.607339,temporal parietal frontal occipital,0
1406,0.627123,0.506200,0.596230,0.443532,0.276711,0.794826,0.240522,0.789006,occipital temporal parietal frontal,0
1407,0.618857,0.499528,0.588371,0.437686,0.273064,0.237352,0.784350,2.607339,temporal parietal frontal occipital,0
1408,0.629869,0.508417,0.598841,0.445474,0.241575,0.798307,0.277923,0.789006,occipital temporal parietal frontal,0
1409,0.622069,0.502120,0.591425,0.439957,0.238584,0.274481,0.788421,2.266348,temporal parietal frontal occipital,0
1410,0.560464,0.452395,0.532855,0.214956,0.710342,0.247298,0.396388,2.266348,temporal parietal frontal occipital,0
1411,0.562485,0.454026,0.534776,0.215731,0.712903,0.397817,0.248190,1.413930,temporal parietal occipital frontal,0
1412,0.600677,0.484854,0.571087,0.230379,0.265042,0.761309,0.424828,0.789006,occipital temporal parietal frontal,0
1413,0.595846,0.480954,0.566494,0.228527,0.262910,0.421411,0.755186,1.413930,temporal parietal frontal occipital,0
1414,0.589332,0.475696,0.560301,0.226028,0.416804,0.746929,0.260036,0.789006,occipital temporal parietal frontal,0
1415,0.582498,0.470179,0.553803,0.223407,0.411971,0.257021,0.738268,2.266348,temporal parietal frontal occipital,0
1416,0.666548,0.538023,0.255643,0.844794,0.294107,0.471415,0.633713,1.413930,temporal frontal occipital parietal,0
1417,0.669165,0.540135,0.256647,0.848111,0.295261,0.636201,0.473266,1.051813,temporal occipital frontal parietal,0
1418,0.649888,0.524575,0.249253,0.823679,0.459632,0.286756,0.617874,2.266348,temporal frontal parietal occipital,1
1419,0.655115,0.528795,0.251258,0.830304,0.463329,0.622843,0.289062,1.051813,temporal occipital frontal parietal,0
1420,0.637730,0.514761,0.244590,0.808270,0.606314,0.281391,0.451033,2.266348,temporal frontal parietal occipital,1
1421,0.640347,0.516874,0.245594,0.811587,0.608803,0.452885,0.282546,1.413930,temporal frontal occipital parietal,0
1422,0.562121,0.453731,0.215592,0.248029,0.712441,0.397559,0.534430,1.413930,temporal occipital frontal parietal,0
1423,0.563981,0.455233,0.216305,0.248850,0.714799,0.536198,0.398874,1.051813,temporal occipital frontal parietal,0
1424,0.588932,0.475373,0.225875,0.259859,0.416521,0.746422,0.559920,0.789006,occipital temporal frontal parietal,0
1425,0.586297,0.473246,0.224864,0.258697,0.414658,0.557415,0.743083,1.051813,temporal occipital frontal parietal,0
1426,0.578930,0.467299,0.222038,0.255446,0.550411,0.733745,0.409447,0.789006,temporal occipital frontal parietal,0
1427,0.574441,0.463676,0.220317,0.253465,0.546143,0.406272,0.728056,1.413930,temporal frontal occipital parietal,0
1428,0.578805,0.467198,0.221990,0.409359,0.733587,0.255391,0.550292,2.266348,temporal frontal occipital parietal,0
1429,0.582947,0.470542,0.223579,0.412288,0.738837,0.554230,0.257219,1.051813,temporal occipital frontal parietal,0
1430,0.621793,0.501898,0.238478,0.439762,0.274359,0.788072,0.591163,0.789006,occipital temporal frontal parietal,0
1431,0.618857,0.499528,0.237352,0.437686,0.273064,0.588371,0.784350,1.051813,temporal occipital frontal parietal,0
1432,0.598933,0.483445,0.229710,0.423594,0.569429,0.759098,0.264272,0.789006,temporal occipital frontal parietal,0
1433,0.591875,0.477749,0.227004,0.418603,0.562719,0.261158,0.750153,2.266348,temporal frontal occipital parietal,0
1434,0.597053,0.481928,0.228989,0.567641,0.756715,0.263443,0.422265,2.266348,temporal frontal occipital parietal,0
1435,0.599346,0.483779,0.229869,0.569822,0.759622,0.423887,0.264455,1.413930,temporal frontal occipital parietal,0
1436,0.642902,0.518937,0.246574,0.611232,0.283673,0.814826,0.454692,0.789006,occipital temporal frontal parietal,0
1437,0.637371,0.514472,0.244453,0.605974,0.281233,0.450780,0.807815,1.413930,temporal frontal occipital parietal,0
1438,0.629923,0.508460,0.241596,0.598892,0.445512,0.798375,0.277946,0.789006,occipital temporal frontal parietal,0
1439,0.622121,0.502163,0.238604,0.591475,0.439994,0.274504,0.788487,2.266348,temporal frontal parietal occipital,1
1440,0.277828,0.798034,0.629654,0.445322,0.598637,0.241493,0.508243,1.150459,temporal parietal occipital frontal,0
1441,0.279625,0.803197,0.633727,0.448203,0.602509,0.511531,0.243055,0.546643,temporal occipital parietal frontal,0
1442,0.292954,0.841485,0.663936,0.469568,0.254641,0.631230,0.535915,0.464101,temporal occipital parietal frontal,0
1443,0.292283,0.839556,0.662415,0.468492,0.254058,0.534687,0.629784,0.546643,temporal occipital parietal frontal,0
1444,0.283352,0.813903,0.642174,0.454177,0.518349,0.610540,0.246295,0.464101,temporal occipital parietal frontal,0
1445,0.280887,0.806821,0.636587,0.450225,0.513839,0.244152,0.605228,1.150459,temporal parietal occipital frontal,0
1446,0.292981,0.841560,0.663996,0.631287,0.469610,0.254664,0.535963,1.150459,temporal parietal occipital frontal,0
1447,0.294980,0.847304,0.668528,0.635595,0.472815,0.539621,0.256402,0.546643,temporal occipital parietal frontal,0
1448,0.302378,0.868552,0.685293,0.651535,0.262832,0.484672,0.553153,0.623881,temporal parietal occipital frontal,0
1449,0.302877,0.869988,0.686425,0.652611,0.263267,0.554068,0.485473,0.546643,temporal occipital parietal frontal,0
1450,0.292158,0.839198,0.662132,0.629515,0.534459,0.468292,0.253949,0.623881,temporal parietal occipital frontal,0
1451,0.290657,0.834886,0.658730,0.626280,0.531713,0.252645,0.465886,1.150459,temporal parietal occipital frontal,0
1452,0.273150,0.784597,0.619052,0.237427,0.437823,0.588557,0.499685,0.464101,temporal occipital parietal frontal,0
1453,0.272566,0.782920,0.617729,0.236919,0.436888,0.498617,0.587299,0.546643,temporal occipital parietal frontal,0
1454,0.267324,0.767863,0.605849,0.232363,0.576004,0.428486,0.489028,0.623881,temporal parietal occipital frontal,0
1455,0.267714,0.768985,0.606734,0.232702,0.576846,0.489742,0.429112,0.546643,temporal occipital parietal frontal,0
1456,0.270155,0.775995,0.612265,0.234824,0.494207,0.433023,0.582104,0.623881,temporal parietal occipital frontal,0
1457,0.271129,0.778793,0.614472,0.235670,0.495988,0.584203,0.434584,0.464101,temporal occipital parietal frontal,0
1458,0.289622,0.831912,0.656384,0.529819,0.464226,0.624050,0.251745,0.464101,temporal occipital parietal frontal,0
1459,0.287047,0.824515,0.650548,0.525108,0.460099,0.249506,0.618501,1.150459,temporal parietal occipital frontal,0
1460,0.283081,0.813124,0.641559,0.517853,0.609956,0.453742,0.246059,0.623881,temporal parietal occipital frontal,0
1461,0.281671,0.809075,0.638365,0.515274,0.606918,0.244834,0.451482,1.150459,temporal parietal occipital frontal,0
1462,0.296061,0.850408,0.670977,0.541598,0.257342,0.474547,0.637924,0.623881,temporal parietal occipital frontal,0
1463,0.297231,0.853769,0.673629,0.543739,0.258359,0.640445,0.476423,0.464101,temporal occipital parietal frontal,0
1464,0.288064,0.827436,0.461729,0.652852,0.620692,0.250390,0.526968,1.150459,temporal parietal occipital frontal,0
1465,0.289996,0.832988,0.464827,0.657232,0.624857,0.530504,0.252070,0.546643,temporal occipital parietal frontal,0
1466,0.304358,0.874241,0.487847,0.689782,0.264554,0.655802,0.556777,0.464101,temporal occipital parietal frontal,0
1467,0.303634,0.872160,0.486686,0.688140,0.263924,0.555451,0.654241,0.546643,temporal occipital parietal frontal,0
1468,0.294007,0.844508,0.471255,0.666322,0.537841,0.633498,0.255556,0.464101,temporal occipital parietal frontal,0
1469,0.291354,0.836887,0.467002,0.660309,0.532987,0.253250,0.627781,1.150459,temporal parietal occipital frontal,0
1470,0.284972,0.818556,0.456773,0.614030,0.645845,0.247703,0.521312,1.150459,temporal parietal occipital frontal,0
1471,0.286863,0.823988,0.459805,0.618106,0.650132,0.524772,0.249347,0.546643,temporal occipital parietal frontal,0
1472,0.302378,0.868552,0.484672,0.651535,0.262832,0.685293,0.553153,0.441239,temporal occipital parietal frontal,0
1473,0.301418,0.865795,0.483134,0.649467,0.261998,0.551398,0.683118,0.546643,temporal occipital parietal frontal,0
1474,0.292158,0.839198,0.468292,0.629515,0.534459,0.662132,0.253949,0.441239,temporal occipital parietal frontal,0
1475,0.289313,0.831024,0.463731,0.623384,0.529253,0.251476,0.655683,1.150459,temporal parietal occipital frontal,0
1476,0.266175,0.764564,0.426645,0.231365,0.603246,0.573529,0.486927,0.464101,temporal occipital parietal frontal,0
1477,0.265621,0.762972,0.425756,0.230883,0.601990,0.485913,0.572335,0.546643,temporal occipital parietal frontal,0
1478,0.267324,0.767863,0.428486,0.232363,0.576004,0.605849,0.489028,0.441239,temporal occipital parietal frontal,0
1479,0.266573,0.765708,0.427283,0.231711,0.574387,0.487655,0.604148,0.546643,temporal occipital parietal frontal,0
1480,0.270155,0.775995,0.433023,0.234824,0.494207,0.612265,0.582104,0.441239,temporal occipital parietal frontal,0
1481,0.269959,0.775431,0.432709,0.234653,0.493848,0.581681,0.611820,0.464101,temporal occipital parietal frontal,0
1482,0.281793,0.809425,0.451678,0.515497,0.638641,0.607181,0.244940,0.464101,temporal occipital parietal frontal,0
1483,0.279355,0.802421,0.447770,0.511037,0.633115,0.242820,0.601927,1.150459,temporal parietal occipital frontal,0
1484,0.283081,0.813124,0.453742,0.517853,0.609956,0.641559,0.246059,0.441239,temporal occipital parietal frontal,0
1485,0.280408,0.805447,0.449458,0.512964,0.604197,0.243736,0.635503,1.150459,temporal parietal occipital frontal,0
1486,0.296061,0.850408,0.474547,0.541598,0.257342,0.670977,0.637924,0.441239,temporal occipital parietal frontal,0
1487,0.295825,0.849731,0.474170,0.541167,0.257137,0.637416,0.670443,0.464101,temporal occipital parietal frontal,0
1488,0.294840,0.846900,0.635293,0.668210,0.472590,0.256280,0.539364,1.150459,temporal parietal occipital frontal,0
1489,0.296865,0.852717,0.639656,0.672799,0.475836,0.543069,0.258040,0.546643,temporal occipital parietal frontal,0
1490,0.304358,0.874241,0.655802,0.689782,0.264554,0.487847,0.556777,0.623881,temporal parietal occipital frontal,0
1491,0.304865,0.875696,0.656893,0.690929,0.264994,0.557703,0.488659,0.546643,temporal occipital parietal frontal,0
1492,0.294007,0.844508,0.633498,0.666322,0.537841,0.471255,0.255556,0.623881,temporal parietal occipital frontal,0
1493,0.292487,0.840141,0.630223,0.662877,0.535060,0.254235,0.468818,1.150459,temporal parietal occipital frontal,0
1494,0.276587,0.794472,0.595964,0.443334,0.626843,0.240415,0.505974,1.150459,temporal parietal occipital frontal,0
1495,0.278369,0.799588,0.599802,0.446189,0.630880,0.509232,0.241963,0.546643,temporal occipital parietal frontal,0
1496,0.292954,0.841485,0.631230,0.469568,0.254641,0.663936,0.535915,0.441239,temporal occipital parietal frontal,0
1497,0.292053,0.838897,0.629289,0.468124,0.253858,0.534267,0.661895,0.546643,temporal occipital parietal frontal,0
1498,0.283352,0.813903,0.610540,0.454177,0.518349,0.642174,0.246295,0.441239,temporal occipital parietal frontal,0
1499,0.280675,0.806212,0.604771,0.449885,0.513451,0.243968,0.636106,1.150459,temporal parietal occipital frontal,0
1500,0.266175,0.764564,0.573529,0.231365,0.603246,0.426645,0.486927,0.623881,temporal parietal occipital frontal,0
1501,0.266563,0.765676,0.574364,0.231701,0.604123,0.487635,0.427265,0.546643,temporal occipital parietal frontal,0
1502,0.273150,0.784597,0.588557,0.237427,0.437823,0.619052,0.499685,0.441239,temporal occipital parietal frontal,0
1503,0.272366,0.782347,0.586869,0.236746,0.436568,0.498252,0.617276,0.546643,temporal occipital parietal frontal,0
1504,0.271129,0.778793,0.584203,0.235670,0.495988,0.614472,0.434584,0.441239,temporal occipital parietal frontal,0
1505,0.269959,0.775431,0.581681,0.234653,0.493848,0.432709,0.611820,0.623881,temporal parietal occipital frontal,0
1506,0.281793,0.809425,0.607181,0.515497,0.638641,0.451678,0.244940,0.623881,temporal parietal occipital frontal,0
1507,0.280396,0.805413,0.604171,0.512942,0.635476,0.243726,0.449439,1.150459,temporal parietal occipital frontal,0
1508,0.289622,0.831912,0.624050,0.529819,0.464226,0.656384,0.251745,0.441239,temporal occipital parietal frontal,0
1509,0.286825,0.823879,0.618024,0.524703,0.459744,0.249314,0.650046,1.150459,temporal parietal occipital frontal,0
1510,0.297231,0.853769,0.640445,0.543739,0.258359,0.673629,0.476423,0.441239,temporal occipital parietal frontal,0
1511,0.295825,0.849731,0.637416,0.541167,0.257137,0.474170,0.670443,0.623881,temporal parietal occipital frontal,0
1512,0.294840,0.846900,0.256280,0.668210,0.472590,0.635293,0.539364,0.464101,temporal occipital parietal frontal,0
1513,0.294160,0.844947,0.255689,0.666669,0.471500,0.538120,0.633828,0.546643,temporal occipital parietal frontal,0
1514,0.288064,0.827436,0.250390,0.652852,0.620692,0.461729,0.526968,0.623881,temporal occipital parietal frontal,0
1515,0.288517,0.828739,0.250784,0.653880,0.621669,0.527798,0.462456,0.546643,temporal occipital parietal frontal,0
1516,0.291354,0.836887,0.253250,0.660309,0.532987,0.467002,0.627781,0.623881,temporal occipital parietal frontal,0
1517,0.292487,0.840141,0.254235,0.662877,0.535060,0.630223,0.468818,0.464101,temporal occipital parietal frontal,0
1518,0.276587,0.794472,0.240415,0.443334,0.626843,0.595964,0.505974,0.464101,temporal occipital parietal frontal,0
1519,0.275989,0.792753,0.239895,0.442374,0.625487,0.504879,0.594674,0.546643,temporal occipital parietal frontal,0
1520,0.277828,0.798034,0.241493,0.445322,0.598637,0.629654,0.508243,0.441239,temporal occipital parietal frontal,0
1521,0.277017,0.795706,0.240788,0.444023,0.596890,0.506760,0.627817,0.546643,temporal occipital parietal frontal,0
1522,0.280887,0.806821,0.244152,0.450225,0.513839,0.636587,0.605228,0.441239,temporal occipital parietal frontal,0
1523,0.280675,0.806212,0.243968,0.449885,0.513451,0.604771,0.636106,0.464101,temporal occipital parietal frontal,0
1524,0.284972,0.818556,0.247703,0.614030,0.645845,0.456773,0.521312,0.623881,temporal occipital parietal frontal,0
1525,0.285416,0.819831,0.248089,0.614987,0.646851,0.522124,0.457485,0.546643,temporal occipital parietal frontal,0
1526,0.292981,0.841560,0.254664,0.631287,0.469610,0.663996,0.535963,0.441239,temporal occipital parietal frontal,0
1527,0.292080,0.838972,0.253881,0.629345,0.468166,0.534315,0.661954,0.546643,temporal occipital parietal frontal,0
1528,0.290657,0.834886,0.252645,0.626280,0.531713,0.658730,0.465886,0.441239,temporal occipital parietal frontal,0
1529,0.289313,0.831024,0.251476,0.623384,0.529253,0.463731,0.655683,0.623881,temporal occipital parietal frontal,0
1530,0.279355,0.802421,0.242820,0.511037,0.633115,0.447770,0.601927,0.623881,temporal occipital parietal frontal,0
1531,0.280396,0.805413,0.243726,0.512942,0.635476,0.604171,0.449439,0.464101,temporal occipital parietal frontal,0
1532,0.287047,0.824515,0.249506,0.525108,0.460099,0.650548,0.618501,0.441239,temporal occipital parietal frontal,0
1533,0.286825,0.823879,0.249314,0.524703,0.459744,0.618024,0.650046,0.464101,temporal occipital parietal frontal,0
1534,0.281671,0.809075,0.244834,0.515274,0.606918,0.638365,0.451482,0.441239,temporal occipital parietal frontal,0
1535,0.280408,0.805447,0.243736,0.512964,0.604197,0.449458,0.635503,0.623881,temporal occipital parietal frontal,0
1536,0.296865,0.852717,0.543069,0.672799,0.475836,0.639656,0.258040,0.464101,temporal occipital parietal frontal,0
1537,0.294160,0.844947,0.538120,0.666669,0.471500,0.255689,0.633828,1.150459,temporal parietal occipital frontal,0
1538,0.289996,0.832988,0.530504,0.657232,0.624857,0.464827,0.252070,0.623881,temporal occipital parietal frontal,0
1539,0.288517,0.828739,0.527798,0.653880,0.621669,0.250784,0.462456,1.150459,temporal parietal occipital frontal,0
1540,0.303634,0.872160,0.555451,0.688140,0.263924,0.486686,0.654241,0.623881,temporal occipital parietal frontal,0
1541,0.304865,0.875696,0.557703,0.690929,0.264994,0.656893,0.488659,0.464101,temporal occipital parietal frontal,0
1542,0.278369,0.799588,0.509232,0.446189,0.630880,0.599802,0.241963,0.464101,temporal occipital parietal frontal,0
1543,0.275989,0.792753,0.504879,0.442374,0.625487,0.239895,0.594674,1.150459,temporal parietal occipital frontal,0
1544,0.279625,0.803197,0.511531,0.448203,0.602509,0.633727,0.243055,0.441239,temporal occipital parietal frontal,0
1545,0.277017,0.795706,0.506760,0.444023,0.596890,0.240788,0.627817,1.150459,temporal parietal occipital frontal,0
1546,0.292283,0.839556,0.534687,0.468492,0.254058,0.662415,0.629784,0.441239,temporal occipital parietal frontal,0
1547,0.292053,0.838897,0.534267,0.468124,0.253858,0.629289,0.661895,0.464101,temporal occipital parietal frontal,0
1548,0.286863,0.823988,0.524772,0.618106,0.650132,0.459805,0.249347,0.623881,temporal occipital parietal frontal,0
1549,0.285416,0.819831,0.522124,0.614987,0.646851,0.248089,0.457485,1.150459,temporal parietal occipital frontal,0
1550,0.294980,0.847304,0.539621,0.635595,0.472815,0.668528,0.256402,0.441239,temporal occipital parietal frontal,0
1551,0.292080,0.838972,0.534315,0.629345,0.468166,0.253881,0.661954,1.150459,temporal parietal occipital frontal,0
1552,0.302877,0.869988,0.554068,0.652611,0.263267,0.686425,0.485473,0.441239,temporal occipital parietal frontal,0
1553,0.301418,0.865795,0.551398,0.649467,0.261998,0.483134,0.683118,0.623881,temporal occipital parietal frontal,0
1554,0.265621,0.762972,0.485913,0.230883,0.601990,0.425756,0.572335,0.623881,temporal occipital parietal frontal,0
1555,0.266563,0.765676,0.487635,0.231701,0.604123,0.574364,0.427265,0.464101,temporal occipital parietal frontal,0
1556,0.272566,0.782920,0.498617,0.236919,0.436888,0.617729,0.587299,0.441239,temporal occipital parietal frontal,0
1557,0.272366,0.782347,0.498252,0.236746,0.436568,0.586869,0.617276,0.464101,temporal occipital parietal frontal,0
1558,0.267714,0.768985,0.489742,0.232702,0.576846,0.606734,0.429112,0.441239,temporal occipital parietal frontal,0
1559,0.266573,0.765708,0.487655,0.231711,0.574387,0.427283,0.604148,0.623881,temporal occipital parietal frontal,0
1560,0.282411,0.640041,0.811200,0.452668,0.608512,0.245477,0.516627,1.150459,temporal parietal occipital frontal,0
1561,0.284268,0.644251,0.816535,0.455645,0.612514,0.520025,0.247091,0.546643,temporal parietal occipital frontal,0
1562,0.298055,0.675496,0.856136,0.477744,0.259075,0.642221,0.545246,0.464101,temporal parietal occipital frontal,0
1563,0.297360,0.673921,0.854140,0.476630,0.258471,0.543975,0.640723,0.546643,temporal parietal occipital frontal,0
1564,0.288121,0.652982,0.827601,0.461821,0.527073,0.620816,0.250440,0.464101,temporal parietal occipital frontal,0
1565,0.285572,0.647206,0.820281,0.457736,0.522411,0.248225,0.615324,1.150459,temporal parietal occipital frontal,0
1566,0.298082,0.675558,0.856214,0.642279,0.477787,0.259099,0.545296,1.150459,temporal parietal occipital frontal,0
1567,0.300152,0.680249,0.862160,0.646740,0.481105,0.549082,0.260898,0.546643,temporal parietal occipital frontal,0
1568,0.307815,0.697615,0.884169,0.663250,0.267558,0.493387,0.563100,0.623881,temporal parietal occipital frontal,0
1569,0.308333,0.698789,0.885657,0.664366,0.268008,0.564047,0.494217,0.546643,temporal parietal occipital frontal,0
1570,0.297231,0.673629,0.853769,0.640445,0.543739,0.476423,0.258359,0.623881,temporal parietal occipital frontal,0
1571,0.295677,0.670108,0.849306,0.637098,0.540896,0.257008,0.473933,1.150459,temporal parietal occipital frontal,0
1572,0.277579,0.629090,0.797319,0.241276,0.444923,0.598100,0.507787,0.464101,temporal parietal occipital frontal,0
1573,0.276976,0.627724,0.795588,0.240753,0.443957,0.506685,0.596801,0.546643,temporal parietal occipital frontal,0
1574,0.271565,0.615460,0.780044,0.236049,0.585141,0.435283,0.496786,0.623881,temporal parietal occipital frontal,0
1575,0.271968,0.616373,0.781202,0.236399,0.586010,0.497523,0.435929,0.546643,temporal parietal occipital frontal,0
1576,0.274487,0.622082,0.788437,0.238589,0.502131,0.439966,0.591437,0.623881,temporal parietal occipital frontal,0
1577,0.275492,0.624361,0.791326,0.239463,0.503970,0.593604,0.441578,0.464101,temporal parietal occipital frontal,0
1578,0.294606,0.667680,0.846229,0.538937,0.472216,0.634789,0.256077,0.464101,temporal parietal occipital frontal,0
1579,0.291942,0.661642,0.838577,0.534063,0.467945,0.253761,0.629049,1.150459,temporal parietal occipital frontal,0
1580,0.287841,0.652347,0.826796,0.526560,0.620212,0.461371,0.250196,0.623881,temporal parietal occipital frontal,0
1581,0.286383,0.649044,0.822610,0.523894,0.617072,0.248930,0.459035,1.150459,temporal parietal occipital frontal,0
1582,0.301271,0.682785,0.865374,0.551129,0.261871,0.482899,0.649151,0.623881,temporal parietal occipital frontal,0
1583,0.302483,0.685532,0.868855,0.553346,0.262924,0.651762,0.484841,0.464101,temporal parietal occipital frontal,0
1584,0.303379,0.687562,0.486277,0.871428,0.653692,0.263703,0.554985,1.150459,temporal parietal occipital frontal,0
1585,0.305523,0.692422,0.489714,0.877588,0.658312,0.558908,0.265566,0.546643,temporal occipital parietal frontal,0
1586,0.321507,0.728646,0.515334,0.923498,0.279460,0.692752,0.588147,0.464101,temporal occipital parietal frontal,0
1587,0.320698,0.726814,0.514038,0.921177,0.278757,0.586668,0.691010,0.546643,temporal occipital parietal frontal,0
1588,0.309978,0.702518,0.496855,0.890384,0.567057,0.667912,0.269439,0.464101,temporal occipital parietal frontal,0
1589,0.307030,0.695837,0.492130,0.881916,0.561664,0.266876,0.661559,1.150459,temporal parietal occipital frontal,0
1590,0.282620,0.640514,0.453003,0.608962,0.811799,0.245658,0.517009,1.150459,temporal parietal occipital frontal,0
1591,0.284480,0.644730,0.455984,0.612970,0.817142,0.520412,0.247275,0.546643,temporal occipital parietal frontal,0
1592,0.307815,0.697615,0.493387,0.663250,0.267558,0.884169,0.563100,0.348140,temporal occipital parietal frontal,0
1593,0.305452,0.692259,0.489599,0.658158,0.265504,0.558777,0.877382,0.546643,temporal occipital parietal frontal,0
1594,0.297231,0.673629,0.476423,0.640445,0.543739,0.853769,0.258359,0.348140,temporal occipital parietal frontal,0
1595,0.293027,0.664101,0.469684,0.631387,0.536048,0.254704,0.841693,1.150459,temporal parietal occipital frontal,0
1596,0.264122,0.598592,0.423353,0.229580,0.758666,0.569105,0.483170,0.464101,temporal occipital parietal frontal,0
1597,0.263576,0.597355,0.422479,0.229105,0.757098,0.482172,0.567929,0.546643,temporal occipital parietal frontal,0
1598,0.271565,0.615460,0.435283,0.236049,0.585141,0.780044,0.496786,0.348140,temporal occipital parietal frontal,0
1599,0.269724,0.611287,0.432332,0.234449,0.581175,0.493418,0.774756,0.546643,temporal occipital parietal frontal,0
1600,0.274487,0.622082,0.439966,0.238589,0.502131,0.788437,0.591437,0.348140,temporal occipital parietal frontal,0
1601,0.273190,0.619143,0.437888,0.237462,0.499759,0.588643,0.784712,0.464101,temporal occipital parietal frontal,0
1602,0.279493,0.633428,0.447991,0.511289,0.802817,0.602225,0.242940,0.464101,temporal occipital parietal frontal,0
1603,0.277094,0.627991,0.444146,0.506901,0.795927,0.240855,0.597056,1.150459,temporal parietal occipital frontal,0
1604,0.287841,0.652347,0.461371,0.526560,0.620212,0.826796,0.250196,0.348140,temporal occipital parietal frontal,0
1605,0.283896,0.643407,0.455049,0.519344,0.611712,0.246768,0.815466,1.150459,temporal parietal occipital frontal,0
1606,0.301271,0.682785,0.482899,0.551129,0.261871,0.865374,0.649151,0.348140,temporal occipital parietal frontal,0
1607,0.299710,0.679246,0.480396,0.548273,0.260513,0.645786,0.860889,0.464101,temporal occipital parietal frontal,0
1608,0.310904,0.704617,0.669907,0.893044,0.498339,0.270244,0.568751,1.150459,temporal parietal occipital frontal,0
1609,0.313157,0.709722,0.674760,0.899514,0.501950,0.572872,0.272202,0.546643,temporal parietal occipital frontal,0
1610,0.321507,0.728646,0.692752,0.923498,0.279460,0.515334,0.588147,0.623881,temporal parietal occipital frontal,0
1611,0.322072,0.729927,0.693970,0.925122,0.279951,0.589181,0.516239,0.546643,temporal parietal occipital frontal,0
1612,0.309978,0.702518,0.667912,0.890384,0.567057,0.496855,0.269439,0.623881,temporal parietal occipital frontal,0
1613,0.308289,0.698690,0.664271,0.885531,0.563967,0.267970,0.494147,1.150459,temporal parietal occipital frontal,0
1614,0.274371,0.621820,0.591188,0.439781,0.788105,0.238488,0.501919,1.150459,temporal parietal occipital frontal,0
1615,0.276124,0.625792,0.594965,0.442590,0.793139,0.505125,0.240012,0.546643,temporal occipital parietal frontal,0
1616,0.298055,0.675496,0.642221,0.477744,0.259075,0.856136,0.545246,0.348140,temporal occipital parietal frontal,0
1617,0.295839,0.670474,0.637445,0.474191,0.257149,0.541192,0.849770,0.546643,temporal occipital parietal frontal,0
1618,0.288121,0.652982,0.620816,0.461821,0.527073,0.827601,0.250440,0.348140,temporal occipital parietal frontal,0
1619,0.284169,0.644026,0.612300,0.455486,0.519843,0.247005,0.816249,1.150459,temporal parietal occipital frontal,0
1620,0.264122,0.598592,0.569105,0.229580,0.758666,0.423353,0.483170,0.623881,temporal parietal occipital frontal,0
1621,0.264503,0.599456,0.569926,0.229911,0.759761,0.483868,0.423964,0.546643,temporal occipital parietal frontal,0
1622,0.277579,0.629090,0.598100,0.241276,0.444923,0.797319,0.507787,0.348140,temporal occipital parietal frontal,0
1623,0.275655,0.624731,0.593956,0.239605,0.441840,0.504269,0.791795,0.546643,temporal occipital parietal frontal,0
1624,0.275492,0.624361,0.593604,0.239463,0.503970,0.791326,0.441578,0.348140,temporal occipital parietal frontal,0
1625,0.273190,0.619143,0.588643,0.237462,0.499759,0.437888,0.784712,0.623881,temporal parietal occipital frontal,0
1626,0.279493,0.633428,0.602225,0.511289,0.802817,0.447991,0.242940,0.623881,temporal parietal occipital frontal,0
1627,0.278119,0.630313,0.599264,0.508775,0.798870,0.241746,0.445788,1.150459,temporal parietal occipital frontal,0
1628,0.294606,0.667680,0.634789,0.538937,0.472216,0.846229,0.256077,0.348140,temporal occipital parietal frontal,0
1629,0.290475,0.658318,0.625889,0.531380,0.465595,0.252487,0.834364,1.150459,temporal parietal occipital frontal,0
1630,0.302483,0.685532,0.651762,0.553346,0.262924,0.868855,0.484841,0.348140,temporal occipital parietal frontal,0
1631,0.299710,0.679246,0.645786,0.548273,0.260513,0.480396,0.860889,0.623881,temporal parietal occipital frontal,0
1632,0.310904,0.704617,0.270244,0.893044,0.498339,0.669907,0.568751,0.464101,temporal occipital parietal frontal,0
1633,0.310148,0.702904,0.269587,0.890872,0.497127,0.567368,0.668278,0.546643,temporal occipital parietal frontal,0
1634,0.303379,0.687562,0.263703,0.871428,0.653692,0.486277,0.554985,0.623881,temporal occipital parietal frontal,0
1635,0.303882,0.688702,0.264140,0.872873,0.654776,0.555905,0.487084,0.546643,temporal occipital parietal frontal,0
1636,0.307030,0.695837,0.266876,0.881916,0.561664,0.492130,0.661559,0.623881,temporal occipital parietal frontal,0
1637,0.308289,0.698690,0.267970,0.885531,0.563967,0.664271,0.494147,0.464101,temporal occipital parietal frontal,0
1638,0.274371,0.621820,0.238488,0.439781,0.788105,0.591188,0.501919,0.464101,temporal occipital parietal frontal,0
1639,0.273782,0.620485,0.237976,0.438837,0.786413,0.500842,0.589919,0.546643,temporal occipital parietal frontal,0
1640,0.282411,0.640041,0.245477,0.452668,0.608512,0.811200,0.516627,0.348140,temporal occipital parietal frontal,0
1641,0.280421,0.635530,0.243747,0.449478,0.604223,0.512986,0.805482,0.546643,temporal occipital parietal frontal,0
1642,0.285572,0.647206,0.248225,0.457736,0.522411,0.820281,0.615324,0.348140,temporal occipital parietal frontal,0
1643,0.284169,0.644026,0.247005,0.455486,0.519843,0.612300,0.816249,0.464101,temporal occipital parietal frontal,0
1644,0.282620,0.640514,0.245658,0.608962,0.811799,0.453003,0.517009,0.623881,temporal occipital parietal frontal,0
1645,0.283056,0.641504,0.246038,0.609902,0.813053,0.517808,0.453702,0.546643,temporal occipital parietal frontal,0
1646,0.298082,0.675558,0.259099,0.642279,0.477787,0.856214,0.545296,0.348140,temporal occipital parietal frontal,0
1647,0.295866,0.670535,0.257172,0.637503,0.474234,0.541241,0.849847,0.546643,temporal occipital parietal frontal,0
1648,0.295677,0.670108,0.257008,0.637098,0.540896,0.849306,0.473933,0.348140,temporal occipital parietal frontal,0
1649,0.293027,0.664101,0.254704,0.631387,0.536048,0.469684,0.841693,0.623881,temporal occipital parietal frontal,0
1650,0.277094,0.627991,0.240855,0.506901,0.795927,0.444146,0.597056,0.623881,temporal occipital parietal frontal,0
1651,0.278119,0.630313,0.241746,0.508775,0.798870,0.599264,0.445788,0.464101,temporal occipital parietal frontal,0
1652,0.291942,0.661642,0.253761,0.534063,0.467945,0.838577,0.629049,0.348140,temporal occipital parietal frontal,0
1653,0.290475,0.658318,0.252487,0.531380,0.465595,0.625889,0.834364,0.464101,temporal occipital parietal frontal,0
1654,0.286383,0.649044,0.248930,0.523894,0.617072,0.822610,0.459035,0.348140,temporal occipital parietal frontal,0
1655,0.283896,0.643407,0.246768,0.519344,0.611712,0.455049,0.815466,0.623881,temporal occipital parietal frontal,0
1656,0.313157,0.709722,0.572872,0.899514,0.501950,0.674760,0.272202,0.464101,temporal occipital parietal frontal,0
1657,0.310148,0.702904,0.567368,0.890872,0.497127,0.269587,0.668278,1.150459,temporal parietal occipital frontal,0
1658,0.305523,0.692422,0.558908,0.877588,0.658312,0.489714,0.265566,0.623881,temporal parietal occipital frontal,0
1659,0.303882,0.688702,0.555905,0.872873,0.654776,0.264140,0.487084,1.150459,temporal parietal occipital frontal,0
1660,0.320698,0.726814,0.586668,0.921177,0.278757,0.514038,0.691010,0.623881,temporal parietal occipital frontal,0
1661,0.322072,0.729927,0.589181,0.925122,0.279951,0.693970,0.516239,0.464101,temporal occipital parietal frontal,0
1662,0.276124,0.625792,0.505125,0.442590,0.793139,0.594965,0.240012,0.464101,temporal occipital parietal frontal,0
1663,0.273782,0.620485,0.500842,0.438837,0.786413,0.237976,0.589919,1.150459,temporal parietal occipital frontal,0
1664,0.284268,0.644251,0.520025,0.455645,0.612514,0.816535,0.247091,0.348140,temporal occipital parietal frontal,0
1665,0.280421,0.635530,0.512986,0.449478,0.604223,0.243747,0.805482,1.150459,temporal parietal occipital frontal,0
1666,0.297360,0.673921,0.543975,0.476630,0.258471,0.854140,0.640723,0.348140,temporal occipital parietal frontal,0
1667,0.295839,0.670474,0.541192,0.474191,0.257149,0.637445,0.849770,0.464101,temporal occipital parietal frontal,0
1668,0.284480,0.644730,0.520412,0.612970,0.817142,0.455984,0.247275,0.623881,temporal occipital parietal frontal,0
1669,0.283056,0.641504,0.517808,0.609902,0.813053,0.246038,0.453702,1.150459,temporal parietal occipital frontal,0
1670,0.300152,0.680249,0.549082,0.646740,0.481105,0.862160,0.260898,0.348140,temporal occipital parietal frontal,0
1671,0.295866,0.670535,0.541241,0.637503,0.474234,0.257172,0.849847,1.150459,temporal parietal occipital frontal,0
1672,0.308333,0.698789,0.564047,0.664366,0.268008,0.885657,0.494217,0.348140,temporal occipital parietal frontal,0
1673,0.305452,0.692259,0.558777,0.658158,0.265504,0.489599,0.877382,0.623881,temporal occipital parietal frontal,0
1674,0.263576,0.597355,0.482172,0.229105,0.757098,0.422479,0.567929,0.623881,temporal occipital parietal frontal,0
1675,0.264503,0.599456,0.483868,0.229911,0.759761,0.569926,0.423964,0.464101,temporal occipital parietal frontal,0
1676,0.276976,0.627724,0.506685,0.240753,0.443957,0.795588,0.596801,0.348140,temporal occipital parietal frontal,0
1677,0.275655,0.624731,0.504269,0.239605,0.441840,0.593956,0.791795,0.464101,temporal occipital parietal frontal,0
1678,0.271968,0.616373,0.497523,0.236399,0.586010,0.781202,0.435929,0.348140,temporal occipital parietal frontal,0
1679,0.269724,0.611287,0.493418,0.234449,0.581175,0.432332,0.774756,0.623881,temporal occipital parietal frontal,0
1680,0.298589,0.478599,0.857668,0.676705,0.643370,0.259539,0.546222,1.150459,temporal parietal occipital frontal,0
1681,0.300666,0.481928,0.863634,0.681413,0.647846,0.550021,0.261344,0.546643,temporal parietal occipital frontal,0
1682,0.316132,0.506719,0.908060,0.716465,0.274788,0.681171,0.578315,0.464101,parietal temporal occipital frontal,0
1683,0.315350,0.505466,0.905815,0.714693,0.274108,0.576885,0.679487,0.546643,parietal temporal occipital frontal,0
1684,0.304979,0.488842,0.876024,0.691188,0.557912,0.657140,0.265093,0.464101,parietal temporal occipital frontal,0
1685,0.302125,0.484267,0.867826,0.684720,0.552691,0.262612,0.650990,1.150459,parietal temporal occipital frontal,0
1686,0.295268,0.473277,0.848130,0.636216,0.669180,0.256652,0.540148,1.150459,temporal parietal occipital frontal,0
1687,0.297299,0.476532,0.853964,0.640592,0.673783,0.543863,0.258418,0.546643,temporal parietal occipital frontal,0
1688,0.313996,0.503294,0.901924,0.676568,0.272931,0.711623,0.574407,0.441239,parietal occipital temporal frontal,0
1689,0.312961,0.501636,0.898951,0.674338,0.272031,0.572514,0.709278,0.546643,parietal temporal occipital frontal,0
1690,0.302990,0.485654,0.870312,0.652855,0.554274,0.686681,0.263365,0.441239,parietal temporal occipital frontal,0
1691,0.299931,0.480750,0.861524,0.646262,0.548677,0.260705,0.679748,1.150459,temporal parietal occipital frontal,0
1692,0.275137,0.441009,0.790305,0.239154,0.623555,0.592838,0.503320,0.464101,temporal parietal occipital frontal,0
1693,0.274544,0.440059,0.788604,0.238639,0.622213,0.502237,0.591562,0.546643,temporal parietal occipital frontal,0
1694,0.276364,0.442976,0.793830,0.240221,0.595483,0.626337,0.505565,0.441239,temporal parietal occipital frontal,0
1695,0.275562,0.441690,0.791527,0.239524,0.593755,0.504098,0.624519,0.546643,temporal parietal occipital frontal,0
1696,0.279391,0.447827,0.802524,0.242852,0.511102,0.633197,0.602005,0.441239,temporal parietal occipital frontal,0
1697,0.279181,0.447491,0.801922,0.242669,0.510719,0.601553,0.632721,0.464101,temporal parietal occipital frontal,0
1698,0.291857,0.467809,0.838332,0.533907,0.661449,0.628865,0.253687,0.464101,temporal parietal occipital frontal,0
1699,0.289242,0.463618,0.830821,0.529124,0.655523,0.251415,0.623231,1.150459,temporal parietal occipital frontal,0
1700,0.293238,0.470023,0.842300,0.536434,0.631842,0.664580,0.254888,0.441239,temporal parietal occipital frontal,0
1701,0.290372,0.465428,0.834066,0.531190,0.625665,0.252396,0.658083,1.150459,temporal parietal occipital frontal,0
1702,0.307190,0.492385,0.882374,0.561956,0.267015,0.696199,0.661903,0.441239,parietal occipital temporal frontal,0
1703,0.306936,0.491979,0.881646,0.561492,0.266794,0.661357,0.695624,0.464101,parietal temporal occipital frontal,0
1704,0.309381,0.495898,0.701165,0.888669,0.666625,0.268920,0.565965,1.150459,temporal parietal occipital frontal,0
1705,0.311612,0.499473,0.706220,0.895076,0.671431,0.570045,0.270859,0.546643,temporal parietal occipital frontal,0
1706,0.328256,0.526151,0.743942,0.942884,0.285326,0.707294,0.600493,0.464101,temporal parietal occipital frontal,0
1707,0.327413,0.524801,0.742032,0.940464,0.284594,0.598952,0.705479,0.546643,temporal parietal occipital frontal,0
1708,0.316247,0.506903,0.716726,0.908391,0.578526,0.681419,0.274888,0.464101,temporal parietal occipital frontal,0
1709,0.313179,0.501986,0.709773,0.899579,0.572913,0.272221,0.674809,1.150459,temporal parietal occipital frontal,0
1710,0.287821,0.461341,0.652304,0.620170,0.826741,0.250180,0.526525,1.150459,temporal parietal occipital frontal,0
1711,0.289751,0.464433,0.656676,0.624328,0.832283,0.530055,0.251857,0.546643,temporal parietal occipital frontal,0
1712,0.313996,0.503294,0.711623,0.676568,0.272931,0.901924,0.574407,0.348140,occipital temporal parietal frontal,0
1713,0.311537,0.499353,0.706051,0.671270,0.270794,0.569909,0.894861,0.546643,temporal parietal occipital frontal,0
1714,0.302990,0.485654,0.686681,0.652855,0.554274,0.870312,0.263365,0.348140,occipital temporal parietal frontal,0
1715,0.298623,0.478654,0.676783,0.643444,0.546285,0.259568,0.857767,1.150459,temporal parietal occipital frontal,0
1716,0.268660,0.430627,0.608876,0.233524,0.771700,0.578882,0.491472,0.464101,temporal occipital parietal frontal,0
1717,0.268095,0.429722,0.607597,0.233033,0.770078,0.490439,0.577666,0.546643,temporal parietal occipital frontal,0
1718,0.276364,0.442976,0.626337,0.240221,0.595483,0.793830,0.505565,0.348140,occipital temporal parietal frontal,0
1719,0.274458,0.439920,0.622016,0.238564,0.591375,0.502078,0.788354,0.546643,temporal parietal occipital frontal,0
1720,0.279391,0.447827,0.633197,0.242852,0.511102,0.802524,0.602005,0.348140,occipital temporal parietal frontal,0
1721,0.278047,0.445674,0.630152,0.241684,0.508645,0.599110,0.798665,0.464101,temporal occipital parietal frontal,0
1722,0.284579,0.456144,0.644955,0.520594,0.817428,0.613184,0.247362,0.464101,temporal occipital parietal frontal,0
1723,0.282093,0.452158,0.639320,0.516045,0.810285,0.245200,0.607826,1.150459,temporal parietal occipital frontal,0
1724,0.293238,0.470023,0.664580,0.536434,0.631842,0.842300,0.254888,0.348140,occipital temporal parietal frontal,0
1725,0.289146,0.463463,0.655304,0.528947,0.623023,0.251331,0.830544,1.150459,temporal parietal occipital frontal,0
1726,0.307190,0.492385,0.696199,0.561956,0.267015,0.882374,0.661903,0.348140,occipital temporal parietal frontal,0
1727,0.305566,0.489783,0.692520,0.558987,0.265604,0.658405,0.877711,0.464101,temporal occipital parietal frontal,0
1728,0.307844,0.493434,0.663313,0.884253,0.697681,0.267584,0.563153,1.150459,temporal parietal occipital frontal,0
1729,0.310052,0.496973,0.668071,0.890596,0.702686,0.567193,0.269503,0.546643,temporal parietal occipital frontal,0
1730,0.328256,0.526151,0.707294,0.942884,0.285326,0.743942,0.600493,0.441239,temporal occipital parietal frontal,0
1731,0.327125,0.524339,0.704858,0.939636,0.284343,0.598425,0.741379,0.546643,temporal parietal occipital frontal,0
1732,0.316247,0.506903,0.681419,0.908391,0.578526,0.716726,0.274888,0.441239,temporal occipital parietal frontal,0
1733,0.312916,0.501563,0.674241,0.898821,0.572431,0.271992,0.709176,1.150459,temporal parietal occipital frontal,0
1734,0.289615,0.464216,0.624036,0.656369,0.831894,0.251739,0.529807,1.150459,temporal parietal occipital frontal,0
1735,0.291569,0.467348,0.628245,0.660797,0.837505,0.533381,0.253437,0.546643,temporal parietal occipital frontal,0
1736,0.316132,0.506719,0.681171,0.716465,0.274788,0.908060,0.578315,0.348140,occipital temporal parietal frontal,0
1737,0.313640,0.502724,0.675801,0.710817,0.272622,0.573756,0.900902,0.546643,temporal parietal occipital frontal,0
1738,0.304979,0.488842,0.657140,0.691188,0.557912,0.876024,0.265093,0.348140,occipital temporal parietal frontal,0
1739,0.300554,0.481750,0.647606,0.681161,0.549818,0.261247,0.863315,1.150459,temporal parietal occipital frontal,0
1740,0.268660,0.430627,0.578882,0.233524,0.771700,0.608876,0.491472,0.441239,temporal occipital parietal frontal,0
1741,0.267902,0.429412,0.577249,0.232865,0.769523,0.490085,0.607159,0.546643,temporal parietal occipital frontal,0
1742,0.275137,0.441009,0.592838,0.239154,0.623555,0.790305,0.503320,0.348140,occipital temporal parietal frontal,0
1743,0.273247,0.437980,0.588767,0.237511,0.619273,0.499863,0.784877,0.546643,temporal parietal occipital frontal,0
1744,0.279181,0.447491,0.601553,0.242669,0.510719,0.801922,0.632721,0.348140,occipital temporal parietal frontal,0
1745,0.278047,0.445674,0.599110,0.241684,0.508645,0.630152,0.798665,0.441239,temporal occipital parietal frontal,0
1746,0.284579,0.456144,0.613184,0.520594,0.817428,0.644955,0.247362,0.441239,temporal occipital parietal frontal,0
1747,0.281879,0.451815,0.607365,0.515654,0.809671,0.245014,0.638835,1.150459,temporal parietal occipital frontal,0
1748,0.291857,0.467809,0.628865,0.533907,0.661449,0.838332,0.253687,0.348140,occipital temporal parietal frontal,0
1749,0.287802,0.461310,0.620129,0.526490,0.652260,0.250163,0.826686,1.150459,temporal parietal occipital frontal,0
1750,0.306936,0.491979,0.661357,0.561492,0.266794,0.881646,0.695624,0.348140,occipital temporal parietal frontal,0
1751,0.305566,0.489783,0.658405,0.558987,0.265604,0.692520,0.877711,0.441239,temporal occipital parietal frontal,0
1752,0.307844,0.493434,0.267584,0.884253,0.697681,0.663313,0.563153,0.464101,temporal occipital parietal frontal,0
1753,0.307103,0.492246,0.266939,0.882124,0.696001,0.561797,0.661716,0.546643,temporal occipital parietal frontal,0
1754,0.309381,0.495898,0.268920,0.888669,0.666625,0.701165,0.565965,0.441239,temporal occipital parietal frontal,0
1755,0.308376,0.494288,0.268047,0.885783,0.664460,0.564127,0.698888,0.546643,temporal occipital parietal frontal,0
1756,0.313179,0.501986,0.272221,0.899579,0.572913,0.709773,0.674809,0.441239,temporal occipital parietal frontal,0
1757,0.312916,0.501563,0.271992,0.898821,0.572431,0.674241,0.709176,0.464101,temporal occipital parietal frontal,0
1758,0.289615,0.464216,0.251739,0.656369,0.831894,0.624036,0.529807,0.464101,temporal occipital parietal frontal,0
1759,0.288959,0.463164,0.251169,0.654882,0.830009,0.528607,0.622622,0.546643,temporal occipital parietal frontal,0
1760,0.298589,0.478599,0.259539,0.676705,0.643370,0.857668,0.546222,0.348140,occipital temporal parietal frontal,0
1761,0.296364,0.475034,0.257605,0.671665,0.638578,0.542153,0.851280,0.546643,temporal occipital parietal frontal,0
1762,0.302125,0.484267,0.262612,0.684720,0.552691,0.867826,0.650990,0.348140,occipital temporal parietal frontal,0
1763,0.300554,0.481750,0.261247,0.681161,0.549818,0.647606,0.863315,0.464101,temporal occipital parietal frontal,0
1764,0.287821,0.461341,0.250180,0.620170,0.826741,0.652304,0.526525,0.441239,temporal occipital parietal frontal,0
1765,0.286952,0.459947,0.249424,0.618296,0.824243,0.524934,0.650332,0.546643,temporal occipital parietal frontal,0
1766,0.295268,0.473277,0.256652,0.636216,0.669180,0.848130,0.540148,0.348140,occipital temporal parietal frontal,0
1767,0.293093,0.469790,0.254762,0.631529,0.664251,0.536168,0.841883,0.546643,temporal occipital parietal frontal,0
1768,0.299931,0.480750,0.260705,0.646262,0.548677,0.861524,0.679748,0.348140,occipital temporal parietal frontal,0
1769,0.298623,0.478654,0.259568,0.643444,0.546285,0.676783,0.857767,0.441239,temporal occipital parietal frontal,0
1770,0.282093,0.452158,0.245200,0.516045,0.810285,0.639320,0.607826,0.441239,temporal occipital parietal frontal,0
1771,0.281879,0.451815,0.245014,0.515654,0.809671,0.607365,0.638835,0.464101,temporal occipital parietal frontal,0
1772,0.289242,0.463618,0.251415,0.529124,0.655523,0.830821,0.623231,0.348140,occipital temporal parietal frontal,0
1773,0.287802,0.461310,0.250163,0.526490,0.652260,0.620129,0.826686,0.464101,temporal occipital parietal frontal,0
1774,0.290372,0.465428,0.252396,0.531190,0.625665,0.834066,0.658083,0.348140,occipital temporal parietal frontal,0
1775,0.289146,0.463463,0.251331,0.528947,0.623023,0.655304,0.830544,0.441239,temporal occipital parietal frontal,0
1776,0.310052,0.496973,0.567193,0.890596,0.702686,0.668071,0.269503,0.464101,temporal occipital parietal frontal,0
1777,0.307103,0.492246,0.561797,0.882124,0.696001,0.266939,0.661716,1.150459,temporal parietal occipital frontal,0
1778,0.311612,0.499473,0.570045,0.895076,0.671431,0.706220,0.270859,0.441239,temporal occipital parietal frontal,0
1779,0.308376,0.494288,0.564127,0.885783,0.664460,0.268047,0.698888,1.150459,temporal parietal occipital frontal,0
1780,0.327413,0.524801,0.598952,0.940464,0.284594,0.742032,0.705479,0.441239,temporal occipital parietal frontal,0
1781,0.327125,0.524339,0.598425,0.939636,0.284343,0.704858,0.741379,0.464101,temporal occipital parietal frontal,0
1782,0.291569,0.467348,0.533381,0.660797,0.837505,0.628245,0.253437,0.464101,temporal occipital parietal frontal,0
1783,0.288959,0.463164,0.528607,0.654882,0.830009,0.251169,0.622622,1.150459,temporal parietal occipital frontal,0
1784,0.300666,0.481928,0.550021,0.681413,0.647846,0.863634,0.261344,0.348140,occipital temporal parietal frontal,0
1785,0.296364,0.475034,0.542153,0.671665,0.638578,0.257605,0.851280,1.150459,temporal parietal occipital frontal,0
1786,0.315350,0.505466,0.576885,0.714693,0.274108,0.905815,0.679487,0.348140,occipital temporal parietal frontal,0
1787,0.313640,0.502724,0.573756,0.710817,0.272622,0.675801,0.900902,0.464101,temporal occipital parietal frontal,0
1788,0.289751,0.464433,0.530055,0.624328,0.832283,0.656676,0.251857,0.441239,temporal occipital parietal frontal,0
1789,0.286952,0.459947,0.524934,0.618296,0.824243,0.249424,0.650332,1.150459,temporal parietal occipital frontal,0
1790,0.297299,0.476532,0.543863,0.640592,0.673783,0.853964,0.258418,0.348140,occipital temporal parietal frontal,0
1791,0.293093,0.469790,0.536168,0.631529,0.664251,0.254762,0.841883,1.150459,temporal parietal occipital frontal,0
1792,0.312961,0.501636,0.572514,0.674338,0.272031,0.898951,0.709278,0.348140,occipital temporal parietal frontal,0
1793,0.311537,0.499353,0.569909,0.671270,0.270794,0.706051,0.894861,0.441239,temporal occipital parietal frontal,0
1794,0.268095,0.429722,0.490439,0.233033,0.770078,0.607597,0.577666,0.441239,temporal occipital parietal frontal,0
1795,0.267902,0.429412,0.490085,0.232865,0.769523,0.577249,0.607159,0.464101,temporal occipital parietal frontal,0
1796,0.274544,0.440059,0.502237,0.238639,0.622213,0.788604,0.591562,0.348140,occipital temporal parietal frontal,0
1797,0.273247,0.437980,0.499863,0.237511,0.619273,0.588767,0.784877,0.464101,temporal occipital parietal frontal,0
1798,0.275562,0.441690,0.504098,0.239524,0.593755,0.791527,0.624519,0.348140,occipital temporal parietal frontal,0
1799,0.274458,0.439920,0.502078,0.238564,0.591375,0.622016,0.788354,0.441239,temporal occipital parietal frontal,0
1800,0.300979,0.648520,0.864533,0.682122,0.482430,0.261616,0.550594,1.150459,temporal parietal occipital frontal,0
1801,0.303089,0.653068,0.870596,0.686905,0.485813,0.554455,0.263451,0.546643,temporal parietal occipital frontal,0
1802,0.310904,0.669907,0.893044,0.704617,0.270244,0.498339,0.568751,0.623881,temporal parietal occipital frontal,0
1803,0.311433,0.671045,0.894561,0.705814,0.270703,0.569718,0.499186,0.546643,temporal parietal occipital frontal,0
1804,0.300111,0.646650,0.862041,0.680155,0.549006,0.481039,0.260862,0.623881,temporal parietal occipital frontal,0
1805,0.298527,0.643237,0.857491,0.676566,0.546109,0.259485,0.478500,1.150459,temporal parietal occipital frontal,0
1806,0.281983,0.607589,0.809969,0.451982,0.639070,0.245104,0.515844,1.150459,temporal parietal occipital frontal,0
1807,0.283834,0.611579,0.815288,0.454950,0.643267,0.519231,0.246714,0.546643,temporal parietal occipital frontal,0
1808,0.299014,0.644287,0.858890,0.479281,0.259909,0.677670,0.547000,0.441239,temporal parietal occipital frontal,0
1809,0.298075,0.642265,0.856195,0.477777,0.259093,0.545283,0.675543,0.546643,temporal parietal occipital frontal,0
1810,0.289017,0.622747,0.830175,0.463257,0.528712,0.655013,0.251219,0.441239,temporal parietal occipital frontal,0
1811,0.286232,0.616746,0.822175,0.458793,0.523618,0.248798,0.648701,1.150459,temporal parietal occipital frontal,0
1812,0.271168,0.584288,0.778906,0.235705,0.614562,0.434648,0.496061,0.623881,temporal parietal occipital frontal,0
1813,0.271570,0.585154,0.780061,0.236054,0.615473,0.496796,0.435292,0.546643,temporal parietal occipital frontal,0
1814,0.278410,0.599892,0.799708,0.241999,0.446256,0.630974,0.509309,0.441239,temporal parietal occipital frontal,0
1815,0.277596,0.598138,0.797370,0.241292,0.444951,0.507820,0.629130,0.546643,temporal parietal occipital frontal,0
1816,0.276311,0.595369,0.793679,0.240175,0.505469,0.626217,0.442891,0.441239,temporal parietal occipital frontal,0
1817,0.275096,0.592751,0.790188,0.239118,0.503246,0.440943,0.623463,0.623881,temporal parietal occipital frontal,0
1818,0.287395,0.619252,0.825517,0.525746,0.651338,0.460658,0.249809,0.623881,temporal parietal occipital frontal,0
1819,0.285943,0.616122,0.821344,0.523088,0.648046,0.248547,0.458329,1.150459,temporal parietal occipital frontal,0
1820,0.295543,0.636808,0.848920,0.540651,0.473717,0.669803,0.256892,0.441239,temporal parietal occipital frontal,0
1821,0.292631,0.630535,0.840557,0.535324,0.469050,0.254361,0.663205,1.150459,temporal parietal occipital frontal,0
1822,0.303471,0.653890,0.871692,0.555153,0.263782,0.687770,0.486425,0.441239,temporal parietal occipital frontal,0
1823,0.302006,0.650733,0.867483,0.552473,0.262509,0.484076,0.684450,0.623881,temporal parietal occipital frontal,0
1824,0.311948,0.672155,0.706982,0.896041,0.500012,0.271151,0.570660,1.150459,temporal parietal occipital frontal,0
1825,0.314216,0.677042,0.712122,0.902555,0.503647,0.574809,0.273122,0.546643,temporal parietal occipital frontal,0
1826,0.322623,0.695157,0.731176,0.926705,0.280430,0.517123,0.590189,0.623881,temporal parietal occipital frontal,0
1827,0.323192,0.696383,0.732465,0.928339,0.280924,0.591230,0.518035,0.546643,temporal parietal occipital frontal,0
1828,0.311016,0.670147,0.704870,0.893364,0.568955,0.498518,0.270341,0.623881,temporal parietal occipital frontal,0
1829,0.309315,0.666482,0.701015,0.888479,0.565844,0.268862,0.495792,1.150459,temporal parietal occipital frontal,0
1830,0.275183,0.592939,0.623661,0.441083,0.790439,0.239194,0.503405,1.150459,temporal parietal occipital frontal,0
1831,0.276946,0.596738,0.627657,0.443909,0.795503,0.506631,0.240727,0.546643,temporal parietal occipital frontal,0
1832,0.299014,0.644287,0.677670,0.479281,0.259909,0.858890,0.547000,0.348140,temporal occipital parietal frontal,0
1833,0.296784,0.639481,0.672615,0.475706,0.257970,0.542920,0.852484,0.546643,temporal parietal occipital frontal,0
1834,0.289017,0.622747,0.655013,0.463257,0.528712,0.830175,0.251219,0.348140,temporal occipital parietal frontal,0
1835,0.285041,0.614178,0.646001,0.456883,0.521438,0.247763,0.818753,1.150459,temporal parietal occipital frontal,0
1836,0.264875,0.570727,0.600298,0.230234,0.760828,0.424560,0.484548,0.623881,temporal parietal occipital frontal,0
1837,0.265258,0.571553,0.601167,0.230567,0.761930,0.485249,0.425175,0.546643,temporal parietal occipital frontal,0
1838,0.278410,0.599892,0.630974,0.241999,0.446256,0.799708,0.509309,0.348140,temporal occipital parietal frontal,0
1839,0.276476,0.595723,0.626590,0.240318,0.443155,0.505770,0.794151,0.546643,temporal parietal occipital frontal,0
1840,0.276311,0.595369,0.626217,0.240175,0.505469,0.793679,0.442891,0.348140,temporal occipital parietal frontal,0
1841,0.273995,0.590379,0.620968,0.238162,0.501232,0.439179,0.787026,0.623881,temporal parietal occipital frontal,0
1842,0.280336,0.604041,0.635339,0.512831,0.805239,0.449342,0.243673,0.623881,temporal parietal occipital frontal,0
1843,0.278953,0.601062,0.632206,0.510302,0.801268,0.242472,0.447126,1.150459,temporal parietal occipital frontal,0
1844,0.295543,0.636808,0.669803,0.540651,0.473717,0.848920,0.256892,0.348140,temporal occipital parietal frontal,0
1845,0.291386,0.627851,0.660383,0.533046,0.467055,0.253278,0.836980,1.150459,temporal parietal occipital frontal,0
1846,0.303471,0.653890,0.687770,0.555153,0.263782,0.871692,0.486425,0.348140,temporal occipital parietal frontal,0
1847,0.300679,0.647876,0.681444,0.550047,0.261356,0.481950,0.863674,0.623881,temporal parietal occipital frontal,0
1848,0.302884,0.652627,0.485485,0.870008,0.686441,0.263273,0.554080,1.150459,temporal parietal occipital frontal,0
1849,0.305022,0.657232,0.488911,0.876147,0.691286,0.557991,0.265131,0.546643,temporal occipital parietal frontal,0
1850,0.322623,0.695157,0.517123,0.926705,0.280430,0.731176,0.590189,0.441239,temporal occipital parietal frontal,0
1851,0.321531,0.692803,0.515372,0.923567,0.279480,0.588191,0.728700,0.546643,temporal occipital parietal frontal,0
1852,0.311016,0.670147,0.498518,0.893364,0.568955,0.704870,0.270341,0.441239,temporal occipital parietal frontal,0
1853,0.307793,0.663203,0.493352,0.884107,0.563060,0.267539,0.697566,1.150459,temporal parietal occipital frontal,0
1854,0.285222,0.614569,0.457174,0.646412,0.819273,0.247920,0.521769,1.150459,temporal parietal occipital frontal,0
1855,0.287116,0.618651,0.460211,0.650706,0.824716,0.525235,0.249567,0.546643,temporal occipital parietal frontal,0
1856,0.310904,0.669907,0.498339,0.704617,0.270244,0.893044,0.568751,0.348140,temporal occipital parietal frontal,0
1857,0.308493,0.664712,0.494475,0.699153,0.268148,0.564341,0.886119,0.546643,temporal occipital parietal frontal,0
1858,0.300111,0.646650,0.481039,0.680155,0.549006,0.862041,0.260862,0.348140,temporal occipital parietal frontal,0
1859,0.295825,0.637416,0.474170,0.670443,0.541167,0.257137,0.849731,1.150459,temporal parietal occipital frontal,0
1860,0.264875,0.570727,0.424560,0.230234,0.760828,0.600298,0.484548,0.441239,temporal occipital parietal frontal,0
1861,0.264138,0.569139,0.423379,0.229594,0.758712,0.483200,0.598629,0.546643,temporal occipital parietal frontal,0
1862,0.271168,0.584288,0.434648,0.235705,0.614562,0.778906,0.496061,0.348140,temporal occipital parietal frontal,0
1863,0.269333,0.580332,0.431705,0.234109,0.610402,0.492703,0.773633,0.546643,temporal occipital parietal frontal,0
1864,0.275096,0.592751,0.440943,0.239118,0.503246,0.790188,0.623463,0.348140,temporal occipital parietal frontal,0
1865,0.273995,0.590379,0.439179,0.238162,0.501232,0.620968,0.787026,0.441239,temporal occipital parietal frontal,0
1866,0.280336,0.604041,0.449342,0.512831,0.805239,0.635339,0.243673,0.441239,temporal occipital parietal frontal,0
1867,0.277715,0.598394,0.445141,0.508037,0.797711,0.241395,0.629399,1.150459,temporal parietal occipital frontal,0
1868,0.287395,0.619252,0.460658,0.525746,0.651338,0.825517,0.249809,0.348140,temporal occipital parietal frontal,0
1869,0.283463,0.610779,0.454355,0.518552,0.642426,0.246391,0.814222,1.150459,temporal parietal occipital frontal,0
1870,0.302006,0.650733,0.484076,0.552473,0.262509,0.867483,0.684450,0.348140,temporal occipital parietal frontal,0
1871,0.300679,0.647876,0.481950,0.550047,0.261356,0.681444,0.863674,0.441239,temporal occipital parietal frontal,0
1872,0.302884,0.652627,0.263273,0.870008,0.686441,0.485485,0.554080,0.623881,temporal occipital parietal frontal,0
1873,0.303386,0.653707,0.263709,0.871448,0.687578,0.554998,0.486288,0.546643,temporal occipital parietal frontal,0
1874,0.311948,0.672155,0.271151,0.896041,0.500012,0.706982,0.570660,0.441239,temporal occipital parietal frontal,0
1875,0.310926,0.669955,0.270263,0.893108,0.498375,0.568792,0.704667,0.546643,temporal occipital parietal frontal,0
1876,0.309315,0.666482,0.268862,0.888479,0.565844,0.701015,0.495792,0.441239,temporal occipital parietal frontal,0
1877,0.307793,0.663203,0.267539,0.884107,0.563060,0.493352,0.697566,0.623881,temporal occipital parietal frontal,0
1878,0.285222,0.614569,0.247920,0.646412,0.819273,0.457174,0.521769,0.623881,temporal occipital parietal frontal,0
1879,0.285666,0.615527,0.248307,0.647420,0.820551,0.522583,0.457886,0.546643,temporal occipital parietal frontal,0
1880,0.300979,0.648520,0.261616,0.682122,0.482430,0.864533,0.550594,0.348140,temporal occipital parietal frontal,0
1881,0.298719,0.643651,0.259652,0.677001,0.478808,0.546460,0.858042,0.546643,temporal occipital parietal frontal,0
1882,0.298527,0.643237,0.259485,0.676566,0.546109,0.857491,0.478500,0.348140,temporal occipital parietal frontal,0
1883,0.295825,0.637416,0.257137,0.670443,0.541167,0.474170,0.849731,0.623881,temporal occipital parietal frontal,0
1884,0.275183,0.592939,0.239194,0.441083,0.790439,0.623661,0.503405,0.441239,temporal occipital parietal frontal,0
1885,0.274388,0.591225,0.238503,0.439809,0.788155,0.501951,0.621859,0.546643,temporal occipital parietal frontal,0
1886,0.281983,0.607589,0.245104,0.451982,0.639070,0.809969,0.515844,0.348140,temporal occipital parietal frontal,0
1887,0.279998,0.603313,0.243379,0.448801,0.634573,0.512213,0.804269,0.546643,temporal occipital parietal frontal,0
1888,0.286232,0.616746,0.248798,0.458793,0.523618,0.822175,0.648701,0.348140,temporal occipital parietal frontal,0
1889,0.285041,0.614178,0.247763,0.456883,0.521438,0.646001,0.818753,0.441239,temporal occipital parietal frontal,0
1890,0.278953,0.601062,0.242472,0.510302,0.801268,0.632206,0.447126,0.441239,temporal occipital parietal frontal,0
1891,0.277715,0.598394,0.241395,0.508037,0.797711,0.445141,0.629399,0.623881,temporal occipital parietal frontal,0
1892,0.285943,0.616122,0.248547,0.523088,0.648046,0.821344,0.458329,0.348140,temporal occipital parietal frontal,0
1893,0.283463,0.610779,0.246391,0.518552,0.642426,0.454355,0.814222,0.623881,temporal occipital parietal frontal,0
1894,0.292631,0.630535,0.254361,0.535324,0.469050,0.840557,0.663205,0.348140,temporal occipital parietal frontal,0
1895,0.291386,0.627851,0.253278,0.533046,0.467055,0.660383,0.836980,0.441239,temporal occipital parietal frontal,0
1896,0.305022,0.657232,0.557991,0.876147,0.691286,0.488911,0.265131,0.623881,temporal parietal occipital frontal,0
1897,0.303386,0.653707,0.554998,0.871448,0.687578,0.263709,0.486288,1.150459,temporal parietal occipital frontal,0
1898,0.314216,0.677042,0.574809,0.902555,0.503647,0.712122,0.273122,0.441239,temporal occipital parietal frontal,0
1899,0.310926,0.669955,0.568792,0.893108,0.498375,0.270263,0.704667,1.150459,temporal parietal occipital frontal,0
1900,0.323192,0.696383,0.591230,0.928339,0.280924,0.732465,0.518035,0.441239,temporal occipital parietal frontal,0
1901,0.321531,0.692803,0.588191,0.923567,0.279480,0.515372,0.728700,0.623881,temporal parietal occipital frontal,0
1902,0.287116,0.618651,0.525235,0.650706,0.824716,0.460211,0.249567,0.623881,temporal occipital parietal frontal,0
1903,0.285666,0.615527,0.522583,0.647420,0.820551,0.248307,0.457886,1.150459,temporal parietal occipital frontal,0
1904,0.303089,0.653068,0.554455,0.686905,0.485813,0.870596,0.263451,0.348140,temporal occipital parietal frontal,0
1905,0.298719,0.643651,0.546460,0.677001,0.478808,0.259652,0.858042,1.150459,temporal parietal occipital frontal,0
1906,0.311433,0.671045,0.569718,0.705814,0.270703,0.894561,0.499186,0.348140,temporal occipital parietal frontal,0
1907,0.308493,0.664712,0.564341,0.699153,0.268148,0.494475,0.886119,0.623881,temporal parietal occipital frontal,0
1908,0.276946,0.596738,0.506631,0.443909,0.795503,0.627657,0.240727,0.441239,temporal occipital parietal frontal,0
1909,0.274388,0.591225,0.501951,0.439809,0.788155,0.238503,0.621859,1.150459,temporal parietal occipital frontal,0
1910,0.283834,0.611579,0.519231,0.454950,0.643267,0.815288,0.246714,0.348140,temporal occipital parietal frontal,0
1911,0.279998,0.603313,0.512213,0.448801,0.634573,0.243379,0.804269,1.150459,temporal parietal occipital frontal,0
1912,0.298075,0.642265,0.545283,0.477777,0.259093,0.856195,0.675543,0.348140,temporal occipital parietal frontal,0
1913,0.296784,0.639481,0.542920,0.475706,0.257970,0.672615,0.852484,0.441239,temporal occipital parietal frontal,0
1914,0.265258,0.571553,0.485249,0.230567,0.761930,0.601167,0.425175,0.441239,temporal occipital parietal frontal,0
1915,0.264138,0.569139,0.483200,0.229594,0.758712,0.423379,0.598629,0.623881,temporal occipital parietal frontal,0
1916,0.271570,0.585154,0.496796,0.236054,0.615473,0.780061,0.435292,0.348140,temporal occipital parietal frontal,0
1917,0.269333,0.580332,0.492703,0.234109,0.610402,0.431705,0.773633,0.623881,temporal occipital parietal frontal,0
1918,0.277596,0.598138,0.507820,0.241292,0.444951,0.797370,0.629130,0.348140,temporal occipital parietal frontal,0
1919,0.276476,0.595723,0.505770,0.240318,0.443155,0.626590,0.794151,0.441239,temporal occipital parietal frontal,0
1920,0.312637,0.271750,0.898022,0.708545,0.501117,0.673641,0.571922,0.464101,parietal occipital temporal frontal,0
1921,0.311873,0.271086,0.895827,0.706813,0.499892,0.570524,0.671994,0.546643,parietal occipital temporal frontal,0
1922,0.305029,0.265137,0.876168,0.691302,0.657248,0.488922,0.558004,0.623881,parietal occipital temporal frontal,0
1923,0.305538,0.265579,0.877629,0.692454,0.658343,0.558934,0.489737,0.546643,parietal occipital temporal frontal,0
1924,0.308720,0.268345,0.886771,0.699668,0.564756,0.494839,0.665201,0.623881,parietal occipital temporal frontal,0
1925,0.309993,0.269452,0.890426,0.702552,0.567084,0.667943,0.496879,0.464101,parietal occipital temporal frontal,0
1926,0.292191,0.253978,0.839292,0.468345,0.662207,0.629586,0.534519,0.464101,parietal occipital temporal frontal,0
1927,0.291523,0.253397,0.837374,0.467274,0.660693,0.533297,0.628147,0.546643,parietal occipital temporal frontal,0
1928,0.293576,0.255181,0.843269,0.470564,0.632569,0.665345,0.537052,0.441239,parietal occipital temporal frontal,0
1929,0.292671,0.254395,0.840671,0.469114,0.630620,0.535397,0.663294,0.546643,parietal occipital temporal frontal,0
1930,0.296994,0.258152,0.853087,0.476042,0.543304,0.673091,0.639934,0.441239,parietal occipital temporal frontal,0
1931,0.296756,0.257946,0.852406,0.475662,0.542870,0.639423,0.672553,0.464101,parietal occipital temporal frontal,0
1932,0.301565,0.262126,0.866217,0.649783,0.683450,0.483369,0.551666,0.623881,parietal occipital temporal frontal,0
1933,0.302062,0.262558,0.867644,0.650854,0.684577,0.552575,0.484166,0.546643,parietal occipital temporal frontal,0
1934,0.310548,0.269934,0.892020,0.669139,0.497768,0.703810,0.568100,0.441239,parietal occipital temporal frontal,0
1935,0.309536,0.269054,0.889113,0.666958,0.496146,0.566248,0.701516,0.546643,parietal occipital temporal frontal,0
1936,0.307939,0.267666,0.884525,0.663517,0.563326,0.697896,0.493586,0.441239,parietal occipital temporal frontal,0
1937,0.306430,0.266355,0.880192,0.660266,0.560566,0.491168,0.694477,0.623881,parietal occipital temporal frontal,0
1938,0.295281,0.256664,0.848169,0.540172,0.669211,0.473298,0.636244,0.623881,parietal occipital temporal frontal,0
1939,0.296445,0.257676,0.851512,0.542301,0.671848,0.638752,0.475164,0.464101,parietal occipital temporal frontal,0
1940,0.303889,0.264146,0.872893,0.555918,0.487095,0.688718,0.654791,0.441239,parietal occipital temporal frontal,0
1941,0.303641,0.263930,0.872180,0.555464,0.486697,0.654256,0.688156,0.464101,parietal occipital temporal frontal,0
1942,0.297871,0.258915,0.855606,0.544909,0.641824,0.675079,0.477448,0.441239,parietal occipital temporal frontal,0
1943,0.296459,0.257688,0.851551,0.542326,0.638782,0.475185,0.671879,0.623881,parietal occipital temporal frontal,0
1944,0.324490,0.282052,0.735406,0.932067,0.520115,0.699179,0.593604,0.464101,parietal occipital temporal frontal,0
1945,0.323666,0.281337,0.733540,0.929702,0.518795,0.592098,0.697405,0.546643,parietal occipital temporal frontal,0
1946,0.316301,0.274935,0.716848,0.908546,0.681535,0.506990,0.578624,0.623881,parietal occipital temporal frontal,0
1947,0.316848,0.275410,0.718088,0.910117,0.682714,0.579624,0.507866,0.546643,parietal occipital temporal frontal,0
1948,0.320272,0.278386,0.725848,0.919952,0.585888,0.513355,0.690092,0.623881,parietal occipital temporal frontal,0
1949,0.321642,0.279577,0.728952,0.923887,0.588394,0.693043,0.515550,0.464101,parietal occipital temporal frontal,0
1950,0.284897,0.247638,0.645676,0.456653,0.818341,0.613869,0.521175,0.464101,occipital parietal temporal frontal,0
1951,0.284262,0.247086,0.644237,0.455635,0.816517,0.520014,0.612501,0.546643,parietal occipital temporal frontal,0
1952,0.293576,0.255181,0.665345,0.470564,0.632569,0.843269,0.537052,0.348140,occipital parietal temporal frontal,0
1953,0.291425,0.253312,0.660471,0.467117,0.627936,0.533118,0.837093,0.546643,parietal occipital temporal frontal,0
1954,0.296994,0.258152,0.673091,0.476042,0.543304,0.853087,0.639934,0.348140,occipital parietal temporal frontal,0
1955,0.295476,0.256833,0.669651,0.473610,0.540528,0.636664,0.848728,0.464101,occipital parietal temporal frontal,0
1956,0.293801,0.255377,0.665856,0.633055,0.843917,0.470925,0.537464,0.623881,parietal occipital temporal frontal,0
1957,0.294273,0.255788,0.666925,0.634071,0.845272,0.538327,0.471682,0.546643,parietal occipital temporal frontal,0
1958,0.310548,0.269934,0.703810,0.669139,0.497768,0.892020,0.568100,0.348140,occipital parietal temporal frontal,0
1959,0.308143,0.267843,0.698359,0.663957,0.493913,0.563700,0.885112,0.546643,parietal occipital temporal frontal,0
1960,0.307939,0.267666,0.697896,0.663517,0.563326,0.884525,0.493586,0.348140,occipital parietal temporal frontal,0
1961,0.305065,0.265168,0.691383,0.657325,0.558069,0.488979,0.876271,0.623881,parietal occipital temporal frontal,0
1962,0.287834,0.250191,0.652332,0.526548,0.826777,0.461361,0.620198,0.623881,parietal occipital temporal frontal,0
1963,0.288940,0.251152,0.654839,0.528571,0.829954,0.622581,0.463134,0.464101,occipital parietal temporal frontal,0
1964,0.303889,0.264146,0.688718,0.555918,0.487095,0.872893,0.654791,0.348140,occipital parietal temporal frontal,0
1965,0.302300,0.262765,0.685118,0.553012,0.484548,0.651368,0.868330,0.464101,occipital parietal temporal frontal,0
1966,0.297871,0.258915,0.675079,0.544909,0.641824,0.855606,0.477448,0.348140,occipital parietal temporal frontal,0
1967,0.295181,0.256577,0.668983,0.539988,0.636028,0.473137,0.847880,0.623881,parietal occipital temporal frontal,0
1968,0.314694,0.273538,0.504414,0.903931,0.713207,0.678073,0.575685,0.464101,occipital parietal temporal frontal,0
1969,0.313920,0.272865,0.503173,0.901706,0.711451,0.574268,0.676405,0.546643,occipital parietal temporal frontal,0
1970,0.316301,0.274935,0.506990,0.908546,0.681535,0.716848,0.578624,0.441239,occipital parietal temporal frontal,0
1971,0.315251,0.274022,0.505307,0.905530,0.679273,0.576703,0.714468,0.546643,occipital parietal temporal frontal,0
1972,0.320272,0.278386,0.513355,0.919952,0.585888,0.725848,0.690092,0.441239,occipital parietal temporal frontal,0
1973,0.319996,0.278147,0.512913,0.919160,0.585384,0.689498,0.725223,0.464101,occipital parietal temporal frontal,0
1974,0.295671,0.257002,0.473922,0.670093,0.849287,0.637083,0.540884,0.464101,occipital parietal temporal frontal,0
1975,0.294987,0.256408,0.472826,0.668543,0.847323,0.539633,0.635610,0.546643,occipital parietal temporal frontal,0
1976,0.305029,0.265137,0.488922,0.691302,0.657248,0.876168,0.558004,0.348140,occipital parietal temporal frontal,0
1977,0.302708,0.263120,0.485202,0.686042,0.652247,0.553758,0.869502,0.546643,occipital parietal temporal frontal,0
1978,0.308720,0.268345,0.494839,0.699668,0.564756,0.886771,0.665201,0.348140,occipital parietal temporal frontal,0
1979,0.307081,0.266920,0.492211,0.695952,0.561757,0.661669,0.882062,0.464101,occipital parietal temporal frontal,0
1980,0.293801,0.255377,0.470925,0.633055,0.843917,0.665856,0.537464,0.441239,occipital parietal temporal frontal,0
1981,0.292895,0.254590,0.469473,0.631102,0.841314,0.535806,0.663802,0.546643,occipital parietal temporal frontal,0
1982,0.301565,0.262126,0.483369,0.649783,0.683450,0.866217,0.551666,0.348140,occipital parietal temporal frontal,0
1983,0.299296,0.260154,0.479733,0.644895,0.678309,0.547516,0.859700,0.546643,occipital parietal temporal frontal,0
1984,0.306430,0.266355,0.491168,0.660266,0.560566,0.880192,0.694477,0.348140,occipital parietal temporal frontal,0
1985,0.305065,0.265168,0.488979,0.657325,0.558069,0.691383,0.876271,0.441239,occipital parietal temporal frontal,0
1986,0.287834,0.250191,0.461361,0.526548,0.826777,0.652332,0.620198,0.441239,occipital parietal temporal frontal,0
1987,0.287611,0.249997,0.461004,0.526141,0.826138,0.619718,0.651828,0.464101,occipital parietal temporal frontal,0
1988,0.295281,0.256664,0.473298,0.540172,0.669211,0.848169,0.636244,0.348140,occipital parietal temporal frontal,0
1989,0.293781,0.255360,0.470893,0.537428,0.665810,0.633012,0.843860,0.464101,occipital parietal temporal frontal,0
1990,0.296459,0.257688,0.475185,0.542326,0.638782,0.851551,0.671879,0.348140,occipital parietal temporal frontal,0
1991,0.295181,0.256577,0.473137,0.539988,0.636028,0.668983,0.847880,0.441239,occipital parietal temporal frontal,0
1992,0.314694,0.273538,0.678073,0.903931,0.713207,0.504414,0.575685,0.623881,parietal occipital temporal frontal,0
1993,0.315236,0.274009,0.679240,0.905486,0.714434,0.576675,0.505282,0.546643,parietal occipital temporal frontal,0
1994,0.324490,0.282052,0.699179,0.932067,0.520115,0.735406,0.593604,0.441239,occipital parietal temporal frontal,0
1995,0.323385,0.281092,0.696799,0.928893,0.518344,0.591582,0.732902,0.546643,parietal occipital temporal frontal,0
1996,0.321642,0.279577,0.693043,0.923887,0.588394,0.728952,0.515550,0.441239,occipital parietal temporal frontal,0
1997,0.319996,0.278147,0.689498,0.919160,0.585384,0.512913,0.725223,0.623881,parietal occipital temporal frontal,0
1998,0.295671,0.257002,0.637083,0.670093,0.849287,0.473922,0.540884,0.623881,parietal occipital temporal frontal,0
1999,0.296149,0.257418,0.638113,0.671176,0.850660,0.541758,0.474688,0.546643,parietal occipital temporal frontal,0
2000,0.312637,0.271750,0.673641,0.708545,0.501117,0.898022,0.571922,0.348140,occipital parietal temporal frontal,0
2001,0.310200,0.269632,0.668389,0.703021,0.497210,0.567463,0.891021,0.546643,parietal occipital temporal frontal,0
2002,0.309993,0.269452,0.667943,0.702552,0.567084,0.890426,0.496879,0.348140,occipital parietal temporal frontal,0
2003,0.307081,0.266920,0.661669,0.695952,0.561757,0.492211,0.882062,0.623881,parietal occipital temporal frontal,0
2004,0.284897,0.247638,0.613869,0.456653,0.818341,0.645676,0.521175,0.441239,occipital parietal temporal frontal,0
2005,0.284045,0.246897,0.612033,0.455287,0.815893,0.519616,0.643744,0.546643,parietal occipital temporal frontal,0
2006,0.292191,0.253978,0.629586,0.468345,0.662207,0.839292,0.534519,0.348140,occipital parietal temporal frontal,0
2007,0.290061,0.252126,0.624996,0.464930,0.657379,0.530622,0.833174,0.546643,parietal occipital temporal frontal,0
2008,0.296756,0.257946,0.639423,0.475662,0.542870,0.852406,0.672553,0.348140,occipital parietal temporal frontal,0
2009,0.295476,0.256833,0.636664,0.473610,0.540528,0.669651,0.848728,0.441239,occipital parietal temporal frontal,0
2010,0.288940,0.251152,0.622581,0.528571,0.829954,0.654839,0.463134,0.441239,occipital parietal temporal frontal,0
2011,0.287611,0.249997,0.619718,0.526141,0.826138,0.461004,0.651828,0.623881,parietal occipital temporal frontal,0
2012,0.296445,0.257676,0.638752,0.542301,0.671848,0.851512,0.475164,0.348140,occipital parietal temporal frontal,0
2013,0.293781,0.255360,0.633012,0.537428,0.665810,0.470893,0.843860,0.623881,parietal occipital temporal frontal,0
2014,0.303641,0.263930,0.654256,0.555464,0.486697,0.872180,0.688156,0.348140,occipital parietal temporal frontal,0
2015,0.302300,0.262765,0.651368,0.553012,0.484548,0.685118,0.868330,0.441239,occipital parietal temporal frontal,0
2016,0.313920,0.272865,0.574268,0.901706,0.711451,0.503173,0.676405,0.623881,parietal occipital temporal frontal,0
2017,0.315236,0.274009,0.576675,0.905486,0.714434,0.679240,0.505282,0.464101,occipital parietal temporal frontal,0
2018,0.323666,0.281337,0.592098,0.929702,0.518795,0.733540,0.697405,0.441239,occipital parietal temporal frontal,0
2019,0.323385,0.281092,0.591582,0.928893,0.518344,0.696799,0.732902,0.464101,occipital parietal temporal frontal,0
2020,0.316848,0.275410,0.579624,0.910117,0.682714,0.718088,0.507866,0.441239,occipital parietal temporal frontal,0
2021,0.315251,0.274022,0.576703,0.905530,0.679273,0.505307,0.714468,0.623881,parietal occipital temporal frontal,0
2022,0.294987,0.256408,0.539633,0.668543,0.847323,0.472826,0.635610,0.623881,parietal occipital temporal frontal,0
2023,0.296149,0.257418,0.541758,0.671176,0.850660,0.638113,0.474688,0.464101,occipital parietal temporal frontal,0
2024,0.311873,0.271086,0.570524,0.706813,0.499892,0.895827,0.671994,0.348140,occipital parietal temporal frontal,0
2025,0.310200,0.269632,0.567463,0.703021,0.497210,0.668389,0.891021,0.464101,occipital parietal temporal frontal,0
2026,0.305538,0.265579,0.558934,0.692454,0.658343,0.877629,0.489737,0.348140,occipital parietal temporal frontal,0
2027,0.302708,0.263120,0.553758,0.686042,0.652247,0.485202,0.869502,0.623881,parietal occipital temporal frontal,0
2028,0.284262,0.247086,0.520014,0.455635,0.816517,0.644237,0.612501,0.441239,occipital parietal temporal frontal,0
2029,0.284045,0.246897,0.519616,0.455287,0.815893,0.612033,0.643744,0.464101,occipital parietal temporal frontal,0
2030,0.291523,0.253397,0.533297,0.467274,0.660693,0.837374,0.628147,0.348140,occipital parietal temporal frontal,0
2031,0.290061,0.252126,0.530622,0.464930,0.657379,0.624996,0.833174,0.464101,occipital parietal temporal frontal,0
2032,0.292671,0.254395,0.535397,0.469114,0.630620,0.840671,0.663294,0.348140,occipital parietal temporal frontal,0
2033,0.291425,0.253312,0.533118,0.467117,0.627936,0.660471,0.837093,0.441239,occipital parietal temporal frontal,0
2034,0.294273,0.255788,0.538327,0.634071,0.845272,0.666925,0.471682,0.441239,occipital parietal temporal frontal,0
2035,0.292895,0.254590,0.535806,0.631102,0.841314,0.469473,0.663802,0.623881,parietal occipital temporal frontal,0
2036,0.302062,0.262558,0.552575,0.650854,0.684577,0.867644,0.484166,0.348140,occipital parietal temporal frontal,0
2037,0.299296,0.260154,0.547516,0.644895,0.678309,0.479733,0.859700,0.623881,parietal occipital temporal frontal,0
2038,0.309536,0.269054,0.566248,0.666958,0.496146,0.889113,0.701516,0.348140,occipital parietal temporal frontal,0
2039,0.308143,0.267843,0.563700,0.663957,0.493913,0.698359,0.885112,0.441239,occipital parietal temporal frontal,0
2040,0.305998,0.559775,0.878950,0.693497,0.490475,0.659334,0.265979,0.464101,temporal parietal occipital frontal,0
2041,0.303124,0.554519,0.870697,0.686985,0.485869,0.263481,0.653144,1.150459,temporal parietal occipital frontal,0
2042,0.298705,0.546435,0.858003,0.676970,0.643621,0.478786,0.259640,0.623881,temporal parietal occipital frontal,0
2043,0.297136,0.543565,0.853496,0.673414,0.640240,0.258276,0.476271,1.150459,temporal parietal occipital frontal,0
2044,0.313194,0.572941,0.899622,0.709807,0.272234,0.502010,0.674841,0.623881,temporal parietal occipital frontal,0
2045,0.314504,0.575337,0.903384,0.712776,0.273373,0.677664,0.504110,0.464101,temporal parietal occipital frontal,0
2046,0.286383,0.523894,0.822610,0.459035,0.649044,0.617072,0.248930,0.464101,temporal parietal occipital frontal,0
2047,0.283865,0.519288,0.815377,0.454999,0.643337,0.246741,0.611646,1.150459,temporal parietal occipital frontal,0
2048,0.287713,0.526327,0.826430,0.461167,0.619937,0.652058,0.250086,0.441239,temporal parietal occipital frontal,0
2049,0.284953,0.521278,0.818502,0.456743,0.613990,0.247687,0.645803,1.150459,temporal parietal occipital frontal,0
2050,0.301132,0.550874,0.864974,0.482675,0.261749,0.682469,0.648850,0.441239,temporal parietal occipital frontal,0
2051,0.300888,0.550428,0.864273,0.482285,0.261537,0.648325,0.681917,0.464101,temporal parietal occipital frontal,0
2052,0.295382,0.540356,0.848458,0.636461,0.669438,0.473459,0.256752,0.623881,temporal parietal occipital frontal,0
2053,0.293848,0.537549,0.844050,0.633155,0.665961,0.255418,0.471000,1.150459,temporal parietal occipital frontal,0
2054,0.303996,0.556113,0.873199,0.655021,0.487266,0.688960,0.264239,0.441239,temporal parietal occipital frontal,0
2055,0.300916,0.550479,0.864353,0.648385,0.482329,0.261562,0.681980,1.150459,temporal parietal occipital frontal,0
2056,0.312390,0.571469,0.897311,0.673108,0.271535,0.707984,0.500720,0.441239,temporal parietal occipital frontal,0
2057,0.310837,0.568629,0.892852,0.669763,0.270186,0.498232,0.704465,0.623881,temporal parietal occipital frontal,0
2058,0.272909,0.499245,0.783906,0.237217,0.618506,0.437438,0.588038,0.623881,temporal parietal occipital frontal,0
2059,0.273903,0.501063,0.786761,0.238081,0.620759,0.590180,0.439031,0.464101,temporal parietal occipital frontal,0
2060,0.280245,0.512666,0.804979,0.243594,0.449197,0.635133,0.603846,0.441239,temporal parietal occipital frontal,0
2061,0.280034,0.512280,0.804373,0.243411,0.448859,0.603391,0.634655,0.464101,temporal parietal occipital frontal,0
2062,0.275119,0.503288,0.790255,0.239139,0.592801,0.623516,0.440981,0.441239,temporal parietal occipital frontal,0
2063,0.273914,0.501084,0.786794,0.238091,0.590205,0.439049,0.620785,0.623881,temporal parietal occipital frontal,0
2064,0.317343,0.580529,0.719208,0.911537,0.508659,0.683779,0.275840,0.464101,temporal parietal occipital frontal,0
2065,0.314253,0.574878,0.712208,0.902664,0.503708,0.273155,0.677123,1.150459,temporal parietal occipital frontal,0
2066,0.309506,0.566194,0.701449,0.889028,0.666895,0.496099,0.269029,0.623881,temporal parietal occipital frontal,0
2067,0.307822,0.563113,0.697632,0.884190,0.663266,0.267565,0.493399,1.150459,temporal parietal occipital frontal,0
2068,0.325090,0.594701,0.736766,0.933790,0.282574,0.521077,0.700472,0.623881,temporal parietal occipital frontal,0
2069,0.326501,0.597283,0.739965,0.937844,0.283801,0.703513,0.523339,0.464101,temporal parietal occipital frontal,0
2070,0.279373,0.511069,0.633156,0.447798,0.802473,0.601966,0.242836,0.464101,temporal occipital parietal frontal,0
2071,0.276976,0.506685,0.627724,0.443957,0.795588,0.240753,0.596801,1.150459,temporal parietal occipital frontal,0
2072,0.287713,0.526327,0.652058,0.461167,0.619937,0.826430,0.250086,0.348140,temporal occipital parietal frontal,0
2073,0.283772,0.519118,0.643127,0.454850,0.611446,0.246660,0.815110,1.150459,temporal parietal occipital frontal,0
2074,0.301132,0.550874,0.682469,0.482675,0.261749,0.864974,0.648850,0.348140,occipital temporal parietal frontal,0
2075,0.299572,0.548020,0.678934,0.480175,0.260393,0.645489,0.860492,0.464101,temporal occipital parietal frontal,0
2076,0.287930,0.526723,0.652549,0.620404,0.827052,0.461514,0.250274,0.623881,temporal parietal occipital frontal,0
2077,0.286472,0.524056,0.649244,0.617262,0.822863,0.249006,0.459177,1.150459,temporal parietal occipital frontal,0
2078,0.303996,0.556113,0.688960,0.655021,0.487266,0.873199,0.264239,0.348140,occipital temporal parietal frontal,0
2079,0.299599,0.548071,0.678996,0.645548,0.480219,0.260417,0.860572,1.150459,temporal parietal occipital frontal,0
2080,0.312390,0.571469,0.707984,0.673108,0.271535,0.897311,0.500720,0.348140,occipital temporal parietal frontal,0
2081,0.309433,0.566059,0.701282,0.666736,0.268965,0.495981,0.888817,0.623881,temporal parietal occipital frontal,0
2082,0.266535,0.487585,0.604061,0.231677,0.765598,0.427222,0.574305,0.623881,temporal parietal occipital frontal,0
2083,0.267483,0.489319,0.606210,0.232501,0.768321,0.576347,0.428741,0.464101,temporal occipital parietal frontal,0
2084,0.280245,0.512666,0.635133,0.243594,0.449197,0.804979,0.603846,0.348140,occipital temporal parietal frontal,0
2085,0.278894,0.510193,0.632070,0.242420,0.447031,0.600934,0.801096,0.464101,temporal occipital parietal frontal,0
2086,0.275119,0.503288,0.623516,0.239139,0.592801,0.790255,0.440981,0.348140,temporal occipital parietal frontal,0
2087,0.272823,0.499088,0.618312,0.237143,0.587853,0.437300,0.783659,0.623881,temporal parietal occipital frontal,0
2088,0.307968,0.563380,0.493632,0.884609,0.697962,0.663580,0.267691,0.464101,temporal occipital parietal frontal,0
2089,0.305058,0.558056,0.488968,0.876250,0.691367,0.265162,0.657309,1.150459,temporal parietal occipital frontal,0
2090,0.309506,0.566194,0.496099,0.889028,0.666895,0.701449,0.269029,0.441239,temporal occipital parietal frontal,0
2091,0.306315,0.560355,0.490983,0.879860,0.660017,0.266254,0.694215,1.150459,temporal parietal occipital frontal,0
2092,0.325090,0.594701,0.521077,0.933790,0.282574,0.736766,0.700472,0.441239,temporal occipital parietal frontal,0
2093,0.324806,0.594182,0.520621,0.932974,0.282327,0.699860,0.736122,0.464101,temporal occipital parietal frontal,0
2094,0.289725,0.530007,0.464392,0.656618,0.832209,0.624272,0.251834,0.464101,temporal occipital parietal frontal,0
2095,0.287148,0.525293,0.460261,0.650777,0.824807,0.249594,0.618719,1.150459,temporal parietal occipital frontal,0
2096,0.298705,0.546435,0.478786,0.676970,0.643621,0.858003,0.259640,0.348140,temporal occipital parietal frontal,0
2097,0.294459,0.538668,0.471980,0.667348,0.634473,0.255950,0.845808,1.150459,temporal parietal occipital frontal,0
2098,0.313194,0.572941,0.502010,0.709807,0.272234,0.899622,0.674841,0.348140,occipital temporal parietal frontal,0
2099,0.311507,0.569854,0.499306,0.705983,0.270768,0.671206,0.894776,0.464101,temporal occipital parietal frontal,0
2100,0.287930,0.526723,0.461514,0.620404,0.827052,0.652549,0.250274,0.441239,temporal occipital parietal frontal,0
2101,0.285166,0.521666,0.457084,0.614448,0.819112,0.247871,0.646284,1.150459,temporal parietal occipital frontal,0
2102,0.295382,0.540356,0.473459,0.636461,0.669438,0.848458,0.256752,0.348140,temporal occipital parietal frontal,0
2103,0.291230,0.532760,0.466804,0.627514,0.660028,0.253142,0.836531,1.150459,temporal parietal occipital frontal,0
2104,0.310837,0.568629,0.498232,0.669763,0.270186,0.892852,0.704465,0.348140,occipital temporal parietal frontal,0
2105,0.309433,0.566059,0.495981,0.666736,0.268965,0.701282,0.888817,0.441239,temporal occipital parietal frontal,0
2106,0.266535,0.487585,0.427222,0.231677,0.765598,0.604061,0.574305,0.441239,temporal occipital parietal frontal,0
2107,0.266344,0.487236,0.426915,0.231511,0.765049,0.573893,0.603629,0.464101,temporal occipital parietal frontal,0
2108,0.272909,0.499245,0.437438,0.237217,0.618506,0.783906,0.588038,0.348140,temporal occipital parietal frontal,0
2109,0.271627,0.496900,0.435383,0.236103,0.615601,0.585276,0.780223,0.464101,temporal occipital parietal frontal,0
2110,0.273914,0.501084,0.439049,0.238091,0.590205,0.786794,0.620785,0.348140,temporal occipital parietal frontal,0
2111,0.272823,0.499088,0.437300,0.237143,0.587853,0.618312,0.783659,0.441239,temporal occipital parietal frontal,0
2112,0.307968,0.563380,0.663580,0.884609,0.697962,0.493632,0.267691,0.623881,temporal parietal occipital frontal,0
2113,0.306300,0.560329,0.659986,0.879819,0.694183,0.266242,0.490959,1.150459,temporal parietal occipital frontal,0
2114,0.317343,0.580529,0.683779,0.911537,0.508659,0.719208,0.275840,0.441239,temporal occipital parietal frontal,0
2115,0.313988,0.574393,0.676552,0.901902,0.503282,0.272924,0.711606,1.150459,temporal parietal occipital frontal,0
2116,0.326501,0.597283,0.703513,0.937844,0.283801,0.739965,0.523339,0.441239,temporal occipital parietal frontal,0
2117,0.324806,0.594182,0.699860,0.932974,0.282327,0.520621,0.736122,0.623881,temporal parietal occipital frontal,0
2118,0.289725,0.530007,0.624272,0.656618,0.832209,0.464392,0.251834,0.623881,temporal parietal occipital frontal,0
2119,0.288249,0.527307,0.621091,0.653272,0.827968,0.250551,0.462025,1.150459,temporal parietal occipital frontal,0
2120,0.305998,0.559775,0.659334,0.693497,0.490475,0.878950,0.265979,0.348140,occipital temporal parietal frontal,0
2121,0.301544,0.551628,0.649738,0.683403,0.483335,0.262107,0.866156,1.150459,temporal parietal occipital frontal,0
2122,0.314504,0.575337,0.677664,0.712776,0.273373,0.903384,0.504110,0.348140,occipital temporal parietal frontal,0
2123,0.311507,0.569854,0.671206,0.705983,0.270768,0.499306,0.894776,0.623881,temporal parietal occipital frontal,0
2124,0.279373,0.511069,0.601966,0.447798,0.802473,0.633156,0.242836,0.441239,temporal occipital parietal frontal,0
2125,0.276770,0.506308,0.596357,0.443626,0.794995,0.240573,0.627256,1.150459,temporal parietal occipital frontal,0
2126,0.286383,0.523894,0.617072,0.459035,0.649044,0.822610,0.248930,0.348140,temporal occipital parietal frontal,0
2127,0.282478,0.516751,0.608658,0.452776,0.640194,0.245535,0.811393,1.150459,temporal parietal occipital frontal,0
2128,0.300888,0.550428,0.648325,0.482285,0.261537,0.864273,0.681917,0.348140,occipital temporal parietal frontal,0
2129,0.299572,0.548020,0.645489,0.480175,0.260393,0.678934,0.860492,0.441239,temporal occipital parietal frontal,0
2130,0.267483,0.489319,0.576347,0.232501,0.768321,0.606210,0.428741,0.441239,temporal occipital parietal frontal,0
2131,0.266344,0.487236,0.573893,0.231511,0.765049,0.426915,0.603629,0.623881,temporal parietal occipital frontal,0
2132,0.273903,0.501063,0.590180,0.238081,0.620759,0.786761,0.439031,0.348140,temporal occipital parietal frontal,0
2133,0.271627,0.496900,0.585276,0.236103,0.615601,0.435383,0.780223,0.623881,temporal parietal occipital frontal,0
2134,0.280034,0.512280,0.603391,0.243411,0.448859,0.804373,0.634655,0.348140,occipital temporal parietal frontal,0
2135,0.278894,0.510193,0.600934,0.242420,0.447031,0.632070,0.801096,0.441239,temporal occipital parietal frontal,0
2136,0.305058,0.558056,0.265162,0.876250,0.691367,0.488968,0.657309,0.623881,temporal occipital parietal frontal,0
2137,0.306300,0.560329,0.266242,0.879819,0.694183,0.659986,0.490959,0.464101,temporal occipital parietal frontal,0
2138,0.314253,0.574878,0.273155,0.902664,0.503708,0.712208,0.677123,0.441239,temporal occipital parietal frontal,0
2139,0.313988,0.574393,0.272924,0.901902,0.503282,0.676552,0.711606,0.464101,temporal occipital parietal frontal,0
2140,0.307822,0.563113,0.267565,0.884190,0.663266,0.697632,0.493399,0.441239,temporal occipital parietal frontal,0
2141,0.306315,0.560355,0.266254,0.879860,0.660017,0.490983,0.694215,0.623881,temporal occipital parietal frontal,0
2142,0.287148,0.525293,0.249594,0.650777,0.824807,0.460261,0.618719,0.623881,temporal occipital parietal frontal,0
2143,0.288249,0.527307,0.250551,0.653272,0.827968,0.621091,0.462025,0.464101,temporal occipital parietal frontal,0
2144,0.303124,0.554519,0.263481,0.686985,0.485869,0.870697,0.653144,0.348140,occipital temporal parietal frontal,0
2145,0.301544,0.551628,0.262107,0.683403,0.483335,0.649738,0.866156,0.464101,temporal occipital parietal frontal,0
2146,0.297136,0.543565,0.258276,0.673414,0.640240,0.853496,0.476271,0.348140,temporal occipital parietal frontal,0
2147,0.294459,0.538668,0.255950,0.667348,0.634473,0.471980,0.845808,0.623881,temporal occipital parietal frontal,0
2148,0.276976,0.506685,0.240753,0.443957,0.795588,0.627724,0.596801,0.441239,temporal occipital parietal frontal,0
2149,0.276770,0.506308,0.240573,0.443626,0.794995,0.596357,0.627256,0.464101,temporal occipital parietal frontal,0
2150,0.283865,0.519288,0.246741,0.454999,0.643337,0.815377,0.611646,0.348140,temporal occipital parietal frontal,0
2151,0.282478,0.516751,0.245535,0.452776,0.640194,0.608658,0.811393,0.464101,temporal occipital parietal frontal,0
2152,0.284953,0.521278,0.247687,0.456743,0.613990,0.818502,0.645803,0.348140,temporal occipital parietal frontal,0
2153,0.283772,0.519118,0.246660,0.454850,0.611446,0.643127,0.815110,0.441239,temporal occipital parietal frontal,0
2154,0.286472,0.524056,0.249006,0.617262,0.822863,0.649244,0.459177,0.441239,temporal occipital parietal frontal,0
2155,0.285166,0.521666,0.247871,0.614448,0.819112,0.457084,0.646284,0.623881,temporal occipital parietal frontal,0
2156,0.293848,0.537549,0.255418,0.633155,0.665961,0.844050,0.471000,0.348140,temporal occipital parietal frontal,0
2157,0.291230,0.532760,0.253142,0.627514,0.660028,0.466804,0.836531,0.623881,temporal occipital parietal frontal,0
2158,0.300916,0.550479,0.261562,0.648385,0.482329,0.864353,0.681980,0.348140,occipital temporal parietal frontal,0
2159,0.299599,0.548071,0.260417,0.645548,0.480219,0.678996,0.860572,0.441239,temporal occipital parietal frontal,0
2160,0.415161,0.743985,0.587009,0.259011,0.558092,0.225137,0.473821,1.844037,temporal parietal occipital frontal,0
2161,0.417664,0.748470,0.590548,0.260572,0.561457,0.476677,0.226494,0.876199,temporal occipital parietal frontal,0
2162,0.436157,0.781610,0.616695,0.272110,0.236523,0.586316,0.497783,0.743893,temporal occipital parietal frontal,0
2163,0.435228,0.779947,0.615383,0.271531,0.236019,0.496723,0.585068,0.876199,temporal occipital parietal frontal,0
2164,0.422847,0.757758,0.597876,0.263806,0.482592,0.568424,0.229305,0.743893,temporal occipital parietal frontal,0
2165,0.419420,0.751617,0.593030,0.261668,0.478681,0.227446,0.563817,1.844037,temporal parietal occipital frontal,0
2166,0.461749,0.827473,0.652881,0.620720,0.288076,0.250401,0.526991,1.844037,temporal parietal occipital frontal,0
2167,0.464847,0.833025,0.657262,0.624884,0.290009,0.530527,0.252081,0.876199,temporal occipital parietal frontal,0
2168,0.464278,0.832005,0.656457,0.624119,0.251773,0.289654,0.529878,1.602871,temporal parietal occipital frontal,0
2169,0.466981,0.836849,0.660279,0.627753,0.253239,0.532963,0.291341,0.876199,temporal occipital parietal frontal,0
2170,0.449226,0.805031,0.635174,0.603885,0.512699,0.280263,0.243610,1.602871,temporal parietal occipital frontal,0
2171,0.448830,0.804321,0.634614,0.603352,0.512246,0.243395,0.280016,1.844037,temporal parietal occipital frontal,0
2172,0.430983,0.772338,0.609380,0.233717,0.268882,0.579361,0.491878,0.743893,temporal occipital parietal frontal,0
2173,0.430076,0.770714,0.608098,0.233225,0.268316,0.490843,0.578142,0.876199,temporal occipital parietal frontal,0
2174,0.412468,0.739159,0.583201,0.223677,0.554472,0.257331,0.470747,1.602871,temporal parietal occipital frontal,0
2175,0.414600,0.742979,0.586215,0.224833,0.557338,0.473180,0.258661,0.876199,temporal occipital parietal frontal,0
2176,0.416671,0.746691,0.589144,0.225956,0.475544,0.259953,0.560122,1.602871,temporal parietal occipital frontal,0
2177,0.419707,0.752131,0.593436,0.227602,0.479008,0.564203,0.261847,0.743893,temporal occipital parietal frontal,0
2178,0.456543,0.818144,0.645520,0.521050,0.284828,0.613721,0.247578,0.743893,temporal occipital parietal frontal,0
2179,0.452550,0.810988,0.639875,0.516493,0.282337,0.245413,0.608354,1.844037,temporal parietal occipital frontal,0
2180,0.435820,0.781006,0.616219,0.497398,0.585863,0.271899,0.236340,1.602871,temporal parietal occipital frontal,0
2181,0.435446,0.780337,0.615691,0.496972,0.585361,0.236138,0.271667,1.844037,temporal parietal occipital frontal,0
2182,0.454979,0.815341,0.643309,0.519265,0.246730,0.283853,0.611619,1.602871,temporal parietal occipital frontal,0
2183,0.458601,0.821832,0.648430,0.523399,0.248694,0.616488,0.286112,0.743893,temporal occipital parietal frontal,0
2184,0.443183,0.794201,0.276493,0.626630,0.595761,0.240333,0.505802,1.844037,temporal frontal occipital parietal,0
2185,0.446036,0.799314,0.278273,0.630664,0.599597,0.509058,0.241880,0.876199,temporal occipital parietal frontal,0
2186,0.467191,0.837224,0.291471,0.660575,0.253352,0.628034,0.533202,0.743893,temporal occipital parietal frontal,0
2187,0.466125,0.835315,0.290807,0.659069,0.252774,0.531986,0.626602,0.876199,temporal occipital parietal frontal,0
2188,0.451952,0.809916,0.281964,0.639029,0.515810,0.607550,0.245088,0.743893,temporal occipital parietal frontal,0
2189,0.448039,0.802904,0.279523,0.633496,0.511344,0.242966,0.602289,1.844037,temporal frontal occipital parietal,0
2190,0.438615,0.786016,0.273644,0.589621,0.620172,0.237856,0.500589,1.844037,temporal frontal occipital parietal,0
2191,0.441410,0.791024,0.275387,0.593378,0.624123,0.503778,0.239372,0.876199,temporal occipital parietal frontal,0
2192,0.464278,0.832005,0.289654,0.624119,0.251773,0.656457,0.529878,0.707248,temporal occipital parietal frontal,0
2193,0.462866,0.829475,0.288773,0.622221,0.251007,0.528266,0.654461,0.876199,temporal occipital parietal frontal,0
2194,0.449226,0.805031,0.280263,0.603885,0.512699,0.635174,0.243610,0.707248,temporal occipital parietal frontal,0
2195,0.445027,0.797506,0.277644,0.598240,0.507907,0.241333,0.629237,1.844037,temporal frontal occipital parietal,0
2196,0.410762,0.736101,0.256266,0.222751,0.580788,0.552178,0.468800,0.743893,temporal occipital parietal frontal,0
2197,0.409938,0.734625,0.255752,0.222305,0.579624,0.467860,0.551071,0.876199,temporal occipital parietal frontal,0
2198,0.412468,0.739159,0.257331,0.223677,0.554472,0.583201,0.470747,0.707248,temporal occipital parietal frontal,0
2199,0.411353,0.737161,0.256635,0.223072,0.552973,0.469475,0.581625,0.876199,temporal occipital parietal frontal,0
2200,0.416671,0.746691,0.259953,0.225956,0.475544,0.589144,0.560122,0.707248,temporal occipital parietal frontal,0
2201,0.416380,0.746169,0.259771,0.225798,0.475211,0.559730,0.588732,0.743893,temporal occipital parietal frontal,0
2202,0.433915,0.777593,0.270711,0.495225,0.613526,0.583303,0.235307,0.743893,temporal occipital parietal frontal,0
2203,0.430307,0.771127,0.268460,0.491107,0.608424,0.233351,0.578452,1.844037,temporal frontal occipital parietal,0
2204,0.435820,0.781006,0.271899,0.497398,0.585863,0.616219,0.236340,0.707248,temporal occipital parietal frontal,0
2205,0.431866,0.773922,0.269433,0.492886,0.580549,0.234196,0.610629,1.844037,temporal frontal occipital parietal,0
2206,0.454979,0.815341,0.283853,0.519265,0.246730,0.643309,0.611619,0.707248,temporal occipital parietal frontal,0
2207,0.454632,0.814719,0.283636,0.518869,0.246542,0.611152,0.642818,0.743893,temporal occipital parietal frontal,0
2208,0.464630,0.832635,0.624592,0.656954,0.289874,0.251963,0.530279,1.844037,temporal parietal frontal occipital,0
2209,0.467767,0.838257,0.628809,0.661390,0.291831,0.533859,0.253665,0.876199,temporal occipital parietal frontal,0
2210,0.467191,0.837224,0.628034,0.660575,0.253352,0.291471,0.533202,1.602871,temporal parietal occipital frontal,0
2211,0.469928,0.842129,0.631714,0.664445,0.254836,0.536326,0.293179,0.876199,temporal occipital parietal frontal,0
2212,0.451952,0.809916,0.607550,0.639029,0.515810,0.281964,0.245088,1.602871,temporal parietal occipital frontal,0
2213,0.451551,0.809197,0.607010,0.638462,0.515352,0.244871,0.281714,1.844037,temporal parietal frontal occipital,0
2214,0.413433,0.740888,0.555769,0.257933,0.584565,0.224200,0.471848,1.844037,temporal parietal occipital frontal,0
2215,0.415915,0.745336,0.559105,0.259481,0.588074,0.474681,0.225546,0.876199,temporal occipital parietal frontal,0
2216,0.436157,0.781610,0.586316,0.272110,0.236523,0.616695,0.497783,0.707248,temporal occipital parietal frontal,0
2217,0.434911,0.779377,0.584641,0.271332,0.235847,0.496361,0.614933,0.876199,temporal occipital parietal frontal,0
2218,0.422847,0.757758,0.568424,0.263806,0.482592,0.597876,0.229305,0.707248,temporal occipital parietal frontal,0
2219,0.419125,0.751088,0.563420,0.261484,0.478344,0.227286,0.592613,1.844037,temporal parietal occipital frontal,0
2220,0.410762,0.736101,0.552178,0.222751,0.580788,0.256266,0.468800,1.602871,temporal parietal occipital frontal,0
2221,0.412876,0.739890,0.555020,0.223898,0.583778,0.471213,0.257585,0.876199,temporal occipital parietal frontal,0
2222,0.430983,0.772338,0.579361,0.233717,0.268882,0.609380,0.491878,0.707248,temporal occipital parietal frontal,0
2223,0.429766,0.770158,0.577725,0.233057,0.268123,0.490489,0.607659,0.876199,temporal occipital parietal frontal,0
2224,0.419707,0.752131,0.564203,0.227602,0.479008,0.593436,0.261847,0.707248,temporal occipital parietal frontal,0
2225,0.416380,0.746169,0.559730,0.225798,0.475211,0.259771,0.588732,1.602871,temporal parietal occipital frontal,0
2226,0.433915,0.777593,0.583303,0.495225,0.613526,0.270711,0.235307,1.602871,temporal parietal occipital frontal,0
2227,0.433545,0.776931,0.582806,0.494803,0.613003,0.235107,0.270481,1.844037,temporal parietal occipital frontal,0
2228,0.456543,0.818144,0.613721,0.521050,0.284828,0.645520,0.247578,0.707248,temporal occipital parietal frontal,0
2229,0.452207,0.810373,0.607892,0.516101,0.282123,0.245227,0.639389,1.844037,temporal parietal occipital frontal,0
2230,0.458601,0.821832,0.616488,0.523399,0.248694,0.648430,0.286112,0.707248,temporal occipital parietal frontal,0
2231,0.454632,0.814719,0.611152,0.518869,0.246542,0.283636,0.642818,1.602871,temporal parietal occipital frontal,0
2232,0.464630,0.832635,0.251963,0.656954,0.289874,0.624592,0.530279,0.743893,temporal occipital frontal parietal,0
2233,0.463576,0.830747,0.251392,0.655465,0.289216,0.529077,0.623176,0.876199,temporal occipital frontal parietal,0
2234,0.443183,0.794201,0.240333,0.626630,0.595761,0.276493,0.505802,1.602871,temporal occipital frontal parietal,0
2235,0.445645,0.798614,0.241668,0.630111,0.599071,0.508612,0.278029,0.876199,temporal occipital frontal parietal,0
2236,0.448039,0.802904,0.242966,0.633496,0.511344,0.279523,0.602289,1.602871,temporal occipital frontal parietal,0
2237,0.451551,0.809197,0.244871,0.638462,0.515352,0.607010,0.281714,0.743893,temporal occipital parietal frontal,0
2238,0.413433,0.740888,0.224200,0.257933,0.584565,0.555769,0.471848,0.743893,temporal occipital parietal frontal,0
2239,0.412598,0.739393,0.223747,0.257412,0.583385,0.470896,0.554647,0.876199,temporal occipital parietal frontal,0
2240,0.415161,0.743985,0.225137,0.259011,0.558092,0.587009,0.473821,0.707248,temporal occipital parietal frontal,0
2241,0.414032,0.741962,0.224525,0.258306,0.556574,0.472532,0.585412,0.876199,temporal occipital parietal frontal,0
2242,0.419420,0.751617,0.227446,0.261668,0.478681,0.593030,0.563817,0.707248,temporal occipital parietal frontal,0
2243,0.419125,0.751088,0.227286,0.261484,0.478344,0.563420,0.592613,0.743893,temporal occipital parietal frontal,0
2244,0.438615,0.786016,0.237856,0.589621,0.620172,0.273644,0.500589,1.602871,temporal occipital frontal parietal,0
2245,0.441027,0.790338,0.239164,0.592863,0.623582,0.503341,0.275148,0.876199,temporal occipital frontal parietal,0
2246,0.461749,0.827473,0.250401,0.620720,0.288076,0.652881,0.526991,0.707248,temporal occipital parietal frontal,0
2247,0.460353,0.824970,0.249644,0.618842,0.287205,0.525398,0.650907,0.876199,temporal occipital frontal parietal,0
2248,0.448830,0.804321,0.243395,0.603352,0.512246,0.634614,0.280016,0.707248,temporal occipital parietal frontal,0
2249,0.445027,0.797506,0.241333,0.598240,0.507907,0.277644,0.629237,1.602871,temporal occipital frontal parietal,0
2250,0.430307,0.771127,0.233351,0.491107,0.608424,0.268460,0.578452,1.602871,temporal occipital frontal parietal,0
2251,0.433545,0.776931,0.235107,0.494803,0.613003,0.582806,0.270481,0.743893,temporal occipital parietal frontal,0
2252,0.452550,0.810988,0.245413,0.516493,0.282337,0.639875,0.608354,0.707248,temporal occipital parietal frontal,0
2253,0.452207,0.810373,0.245227,0.516101,0.282123,0.607892,0.639389,0.743893,temporal occipital parietal frontal,0
2254,0.435446,0.780337,0.236138,0.496972,0.585361,0.615691,0.271667,0.707248,temporal occipital parietal frontal,0
2255,0.431866,0.773922,0.234196,0.492886,0.580549,0.269433,0.610629,1.602871,temporal occipital frontal parietal,0
2256,0.467767,0.838257,0.533859,0.661390,0.291831,0.628809,0.253665,0.743893,temporal occipital parietal frontal,0
2257,0.463576,0.830747,0.529077,0.655465,0.289216,0.251392,0.623176,1.844037,temporal parietal frontal occipital,0
2258,0.446036,0.799314,0.509058,0.630664,0.599597,0.278273,0.241880,1.602871,temporal parietal occipital frontal,0
2259,0.445645,0.798614,0.508612,0.630111,0.599071,0.241668,0.278029,1.844037,temporal parietal frontal occipital,0
2260,0.466125,0.835315,0.531986,0.659069,0.252774,0.290807,0.626602,1.602871,temporal parietal occipital frontal,0
2261,0.469928,0.842129,0.536326,0.664445,0.254836,0.631714,0.293179,0.743893,temporal occipital parietal frontal,0
2262,0.415915,0.745336,0.474681,0.259481,0.588074,0.559105,0.225546,0.743893,temporal occipital parietal frontal,0
2263,0.412598,0.739393,0.470896,0.257412,0.583385,0.223747,0.554647,1.844037,temporal parietal occipital frontal,0
2264,0.417664,0.748470,0.476677,0.260572,0.561457,0.590548,0.226494,0.707248,temporal occipital parietal frontal,0
2265,0.414032,0.741962,0.472532,0.258306,0.556574,0.224525,0.585412,1.844037,temporal parietal occipital frontal,0
2266,0.435228,0.779947,0.496723,0.271531,0.236019,0.615383,0.585068,0.707248,temporal occipital parietal frontal,0
2267,0.434911,0.779377,0.496361,0.271332,0.235847,0.584641,0.614933,0.743893,temporal occipital parietal frontal,0
2268,0.441410,0.791024,0.503778,0.593378,0.624123,0.275387,0.239372,1.602871,temporal parietal occipital frontal,0
2269,0.441027,0.790338,0.503341,0.592863,0.623582,0.239164,0.275148,1.844037,temporal parietal frontal occipital,0
2270,0.464847,0.833025,0.530527,0.624884,0.290009,0.657262,0.252081,0.707248,temporal occipital parietal frontal,0
2271,0.460353,0.824970,0.525398,0.618842,0.287205,0.249644,0.650907,1.844037,temporal parietal frontal occipital,0
2272,0.466981,0.836849,0.532963,0.627753,0.253239,0.660279,0.291341,0.707248,temporal occipital parietal frontal,0
2273,0.462866,0.829475,0.528266,0.622221,0.251007,0.288773,0.654461,1.602871,temporal parietal occipital frontal,0
2274,0.409938,0.734625,0.467860,0.222305,0.579624,0.255752,0.551071,1.602871,temporal parietal occipital frontal,0
2275,0.412876,0.739890,0.471213,0.223898,0.583778,0.555020,0.257585,0.743893,temporal occipital parietal frontal,0
2276,0.430076,0.770714,0.490843,0.233225,0.268316,0.608098,0.578142,0.707248,temporal occipital parietal frontal,0
2277,0.429766,0.770158,0.490489,0.233057,0.268123,0.577725,0.607659,0.743893,temporal occipital parietal frontal,0
2278,0.414600,0.742979,0.473180,0.224833,0.557338,0.586215,0.258661,0.707248,temporal occipital parietal frontal,0
2279,0.411353,0.737161,0.469475,0.223072,0.552973,0.256635,0.581625,1.602871,temporal parietal occipital frontal,0
2280,0.421539,0.596027,0.755415,0.262990,0.566666,0.228596,0.481100,1.844037,temporal parietal occipital frontal,0
2281,0.424120,0.599676,0.760039,0.264600,0.570135,0.484045,0.229995,0.876199,temporal parietal occipital frontal,0
2282,0.443202,0.626656,0.794235,0.276505,0.240343,0.595787,0.505823,0.743893,temporal parietal occipital frontal,0
2283,0.442243,0.625301,0.792517,0.275907,0.239823,0.504729,0.594498,0.876199,temporal parietal occipital frontal,0
2284,0.429465,0.607234,0.769618,0.267935,0.490146,0.577321,0.232894,0.743893,temporal parietal occipital frontal,0
2285,0.425930,0.602235,0.763284,0.265730,0.486111,0.230977,0.572569,1.844037,temporal parietal occipital frontal,0
2286,0.469653,0.664056,0.841636,0.631344,0.293007,0.254687,0.536011,1.844037,temporal parietal frontal occipital,0
2287,0.472858,0.668588,0.847380,0.635653,0.295007,0.539670,0.256426,0.876199,temporal parietal occipital frontal,0
2288,0.472269,0.667756,0.846325,0.634861,0.256106,0.294640,0.538998,1.602871,temporal parietal occipital frontal,0
2289,0.475066,0.671711,0.851338,0.638622,0.257623,0.542190,0.296385,0.876199,temporal parietal occipital frontal,0
2290,0.456703,0.645746,0.818430,0.613936,0.521232,0.284928,0.247665,1.602871,temporal parietal occipital frontal,0
2291,0.456293,0.645167,0.817696,0.613385,0.520765,0.247443,0.284673,1.844037,temporal parietal frontal occipital,0
2292,0.437860,0.619104,0.784663,0.237447,0.273172,0.588606,0.499727,0.743893,temporal parietal occipital frontal,0
2293,0.436924,0.617781,0.782986,0.236939,0.272589,0.498659,0.587348,0.876199,temporal parietal occipital frontal,0
2294,0.418763,0.592101,0.750439,0.227090,0.562934,0.261258,0.477931,1.602871,temporal parietal occipital frontal,0
2295,0.420960,0.595209,0.754378,0.228282,0.565888,0.480439,0.262629,0.876199,temporal parietal occipital frontal,0
2296,0.423096,0.598228,0.758204,0.229440,0.482876,0.263961,0.568758,1.602871,temporal parietal occipital frontal,0
2297,0.426226,0.602654,0.763814,0.231138,0.486449,0.572967,0.265914,0.743893,temporal parietal occipital frontal,0
2298,0.464268,0.656442,0.831986,0.529866,0.289648,0.624105,0.251767,0.743893,temporal parietal occipital frontal,0
2299,0.460139,0.650605,0.824588,0.525154,0.287072,0.249528,0.618556,1.844037,temporal parietal frontal occipital,0
2300,0.442854,0.626164,0.793611,0.505426,0.595318,0.276288,0.240154,1.602871,temporal parietal occipital frontal,0
2301,0.442468,0.625619,0.792921,0.504986,0.594801,0.239945,0.276047,1.844037,temporal parietal occipital frontal,0
2302,0.462651,0.654156,0.829089,0.528020,0.250890,0.288639,0.621931,1.602871,temporal parietal occipital frontal,0
2303,0.466396,0.659452,0.835801,0.532295,0.252921,0.626967,0.290976,0.743893,temporal parietal occipital frontal,0
2304,0.465751,0.658539,0.290573,0.834644,0.626099,0.252571,0.531558,1.844037,temporal frontal parietal occipital,1
2305,0.468903,0.662996,0.292539,0.840293,0.630336,0.535156,0.254281,0.876199,temporal occipital frontal parietal,0
2306,0.492339,0.696133,0.307161,0.882291,0.266990,0.661841,0.561903,0.743893,temporal occipital frontal parietal,0
2307,0.491156,0.694460,0.306423,0.880171,0.266348,0.560553,0.660251,0.876199,temporal occipital frontal parietal,0
2308,0.475445,0.672247,0.296621,0.852017,0.542623,0.639131,0.257829,0.743893,temporal occipital frontal parietal,0
2309,0.471117,0.666126,0.293921,0.844260,0.537683,0.255481,0.633312,1.844037,temporal frontal parietal occipital,1
2310,0.435138,0.615254,0.271474,0.584946,0.779784,0.235970,0.496620,1.844037,temporal frontal parietal occipital,1
2311,0.437888,0.619143,0.273190,0.588643,0.784712,0.499759,0.237462,0.876199,temporal occipital parietal frontal,0
2312,0.472269,0.667756,0.294640,0.634861,0.256106,0.846325,0.538998,0.558023,temporal occipital parietal frontal,0
2313,0.468797,0.662847,0.292474,0.630194,0.254223,0.535035,0.840104,0.876199,temporal occipital frontal parietal,0
2314,0.456703,0.645746,0.284928,0.613936,0.521232,0.818430,0.247665,0.558023,temporal occipital parietal frontal,0
2315,0.450507,0.636986,0.281063,0.605607,0.514161,0.244305,0.807327,1.844037,temporal frontal parietal occipital,1
2316,0.407710,0.576473,0.254362,0.221096,0.730632,0.548076,0.465317,0.743893,temporal occipital parietal frontal,0
2317,0.406898,0.575326,0.253856,0.220656,0.729178,0.464391,0.546985,0.876199,temporal occipital parietal frontal,0
2318,0.418763,0.592101,0.261258,0.227090,0.562934,0.750439,0.477931,0.558023,temporal occipital parietal frontal,0
2319,0.416031,0.588239,0.259554,0.225609,0.559261,0.474813,0.745544,0.876199,temporal occipital parietal frontal,0
2320,0.423096,0.598228,0.263961,0.229440,0.482876,0.758204,0.568758,0.558023,temporal occipital parietal frontal,0
2321,0.421173,0.595509,0.262762,0.228397,0.480682,0.566174,0.754759,0.743893,temporal occipital parietal frontal,0
2322,0.430511,0.608713,0.268588,0.491340,0.771493,0.578727,0.233461,0.743893,temporal occipital parietal frontal,0
2323,0.426959,0.603690,0.266372,0.487286,0.765128,0.231535,0.573952,1.844037,temporal frontal parietal occipital,1
2324,0.442854,0.626164,0.276288,0.505426,0.595318,0.793611,0.240154,0.558023,temporal occipital parietal frontal,0
2325,0.437025,0.617923,0.272652,0.498774,0.587484,0.236994,0.783167,1.844037,temporal frontal parietal occipital,1
2326,0.462651,0.654156,0.288639,0.528020,0.250890,0.829089,0.621931,0.558023,temporal occipital parietal frontal,0
2327,0.460353,0.650907,0.287205,0.525398,0.249644,0.618842,0.824970,0.743893,temporal occipital parietal frontal,0
2328,0.489496,0.692113,0.658019,0.877196,0.305387,0.265448,0.558659,1.844037,temporal parietal frontal occipital,0
2329,0.492979,0.697038,0.662701,0.883438,0.307560,0.562634,0.267337,0.876199,temporal parietal occipital frontal,0
2330,0.492339,0.696133,0.661841,0.882291,0.266990,0.307161,0.561903,1.602871,temporal parietal frontal occipital,0
2331,0.495380,0.700432,0.665928,0.887740,0.268639,0.565374,0.309058,0.876199,temporal parietal occipital frontal,0
2332,0.475445,0.672247,0.639131,0.852017,0.542623,0.296621,0.257829,1.602871,temporal parietal frontal occipital,0
2333,0.475001,0.671619,0.638534,0.851221,0.542116,0.257588,0.296344,1.844037,temporal parietal frontal occipital,0
2334,0.410341,0.580194,0.551613,0.256004,0.735348,0.222523,0.468320,1.844037,temporal parietal occipital frontal,0
2335,0.412786,0.583651,0.554900,0.257529,0.739729,0.471110,0.223849,0.876199,temporal occipital parietal frontal,0
2336,0.443202,0.626656,0.595787,0.276505,0.240343,0.794235,0.505823,0.558023,temporal occipital parietal frontal,0
2337,0.440143,0.622331,0.591675,0.274597,0.238684,0.502332,0.788754,0.876199,temporal occipital parietal frontal,0
2338,0.429465,0.607234,0.577321,0.267935,0.490146,0.769618,0.232894,0.558023,temporal occipital parietal frontal,0
2339,0.423982,0.599481,0.569949,0.264514,0.483888,0.229920,0.759792,1.844037,temporal parietal frontal occipital,0
2340,0.407710,0.576473,0.548076,0.221096,0.730632,0.254362,0.465317,1.602871,temporal parietal occipital frontal,0
2341,0.409793,0.579419,0.550876,0.222226,0.734365,0.467694,0.255662,0.876199,temporal occipital parietal frontal,0
2342,0.437860,0.619104,0.588606,0.237447,0.273172,0.784663,0.499727,0.558023,temporal occipital parietal frontal,0
2343,0.434874,0.614882,0.584592,0.235827,0.271310,0.496319,0.779312,0.876199,temporal occipital parietal frontal,0
2344,0.426226,0.602654,0.572967,0.231138,0.486449,0.763814,0.265914,0.558023,temporal occipital parietal frontal,0
2345,0.421173,0.595509,0.566174,0.228397,0.480682,0.262762,0.754759,1.602871,temporal parietal occipital frontal,0
2346,0.430511,0.608713,0.578727,0.491340,0.771493,0.268588,0.233461,1.602871,temporal parietal occipital frontal,0
2347,0.430147,0.608198,0.578238,0.490924,0.770841,0.233264,0.268360,1.844037,temporal parietal frontal occipital,0
2348,0.464268,0.656442,0.624105,0.529866,0.289648,0.831986,0.251767,0.558023,temporal occipital parietal frontal,0
2349,0.457866,0.647391,0.615500,0.522560,0.285654,0.248296,0.820515,1.844037,temporal parietal frontal occipital,0
2350,0.466396,0.659452,0.626967,0.532295,0.252921,0.835801,0.290976,0.558023,temporal occipital parietal frontal,0
2351,0.460353,0.650907,0.618842,0.525398,0.249644,0.287205,0.824970,1.602871,temporal parietal frontal occipital,0
2352,0.489496,0.692113,0.265448,0.877196,0.305387,0.658019,0.558659,0.743893,temporal occipital frontal parietal,0
2353,0.488327,0.690460,0.264814,0.875101,0.304658,0.557324,0.656447,0.876199,temporal occipital frontal parietal,0
2354,0.465751,0.658539,0.252571,0.834644,0.626099,0.290573,0.531558,1.602871,temporal frontal occipital parietal,0
2355,0.468471,0.662385,0.254046,0.839519,0.629755,0.534663,0.292270,0.876199,temporal occipital frontal parietal,0
2356,0.471117,0.666126,0.255481,0.844260,0.537683,0.293921,0.633312,1.602871,temporal frontal occipital parietal,0
2357,0.475001,0.671619,0.257588,0.851221,0.542116,0.638534,0.296344,0.743893,temporal occipital frontal parietal,0
2358,0.410341,0.580194,0.222523,0.256004,0.735348,0.551613,0.468320,0.743893,temporal occipital parietal frontal,0
2359,0.409519,0.579032,0.222078,0.255491,0.733875,0.467382,0.550508,0.876199,temporal occipital frontal parietal,0
2360,0.421539,0.596027,0.228596,0.262990,0.566666,0.755415,0.481100,0.558023,temporal occipital parietal frontal,0
2361,0.418771,0.592113,0.227095,0.261263,0.562945,0.477941,0.750454,0.876199,temporal occipital frontal parietal,0
2362,0.425930,0.602235,0.230977,0.265730,0.486111,0.763284,0.572569,0.558023,temporal occipital parietal frontal,0
2363,0.423982,0.599481,0.229920,0.264514,0.483888,0.569949,0.759792,0.743893,temporal occipital frontal parietal,0
2364,0.435138,0.615254,0.235970,0.584946,0.779784,0.271474,0.496620,1.602871,temporal frontal occipital parietal,0
2365,0.437511,0.618610,0.237257,0.588137,0.784037,0.499329,0.272955,0.876199,temporal occipital frontal parietal,0
2366,0.469653,0.664056,0.254687,0.631344,0.293007,0.841636,0.536011,0.558023,temporal occipital parietal frontal,0
2367,0.466219,0.659201,0.252825,0.626728,0.290865,0.532093,0.835483,0.876199,temporal occipital frontal parietal,0
2368,0.456293,0.645167,0.247443,0.613385,0.520765,0.817696,0.284673,0.558023,temporal occipital parietal frontal,0
2369,0.450507,0.636986,0.244305,0.605607,0.514161,0.281063,0.807327,1.602871,temporal frontal occipital parietal,0
2370,0.426959,0.603690,0.231535,0.487286,0.765128,0.266372,0.573952,1.602871,temporal frontal occipital parietal,0
2371,0.430147,0.608198,0.233264,0.490924,0.770841,0.578238,0.268360,0.743893,temporal occipital frontal parietal,0
2372,0.460139,0.650605,0.249528,0.525154,0.287072,0.824588,0.618556,0.558023,temporal occipital parietal frontal,0
2373,0.457866,0.647391,0.248296,0.522560,0.285654,0.615500,0.820515,0.743893,temporal occipital frontal parietal,0
2374,0.442468,0.625619,0.239945,0.504986,0.594801,0.792921,0.276047,0.558023,temporal occipital parietal frontal,0
2375,0.437025,0.617923,0.236994,0.498774,0.587484,0.272652,0.783167,1.602871,temporal frontal occipital parietal,0
2376,0.492979,0.697038,0.562634,0.883438,0.307560,0.662701,0.267337,0.743893,temporal occipital parietal frontal,0
2377,0.488327,0.690460,0.557324,0.875101,0.304658,0.264814,0.656447,1.844037,temporal parietal frontal occipital,0
2378,0.468903,0.662996,0.535156,0.840293,0.630336,0.292539,0.254281,1.602871,temporal parietal frontal occipital,0
2379,0.468471,0.662385,0.534663,0.839519,0.629755,0.254046,0.292270,1.844037,temporal parietal frontal occipital,0
2380,0.491156,0.694460,0.560553,0.880171,0.266348,0.306423,0.660251,1.602871,temporal parietal frontal occipital,0
2381,0.495380,0.700432,0.565374,0.887740,0.268639,0.665928,0.309058,0.743893,temporal occipital parietal frontal,0
2382,0.412786,0.583651,0.471110,0.257529,0.739729,0.554900,0.223849,0.743893,temporal occipital parietal frontal,0
2383,0.409519,0.579032,0.467382,0.255491,0.733875,0.222078,0.550508,1.844037,temporal parietal frontal occipital,0
2384,0.424120,0.599676,0.484045,0.264600,0.570135,0.760039,0.229995,0.558023,temporal occipital parietal frontal,0
2385,0.418771,0.592113,0.477941,0.261263,0.562945,0.227095,0.750454,1.844037,temporal parietal frontal occipital,0
2386,0.442243,0.625301,0.504729,0.275907,0.239823,0.792517,0.594498,0.558023,temporal occipital parietal frontal,0
2387,0.440143,0.622331,0.502332,0.274597,0.238684,0.591675,0.788754,0.743893,temporal occipital parietal frontal,0
2388,0.437888,0.619143,0.499759,0.588643,0.784712,0.273190,0.237462,1.602871,temporal parietal frontal occipital,0
2389,0.437511,0.618610,0.499329,0.588137,0.784037,0.237257,0.272955,1.844037,temporal parietal frontal occipital,0
2390,0.472858,0.668588,0.539670,0.635653,0.295007,0.847380,0.256426,0.558023,temporal occipital parietal frontal,0
2391,0.466219,0.659201,0.532093,0.626728,0.290865,0.252825,0.835483,1.844037,temporal parietal frontal occipital,0
2392,0.475066,0.671711,0.542190,0.638622,0.257623,0.851338,0.296385,0.558023,temporal occipital parietal frontal,0
2393,0.468797,0.662847,0.535035,0.630194,0.254223,0.292474,0.840104,1.602871,temporal parietal frontal occipital,0
2394,0.406898,0.575326,0.464391,0.220656,0.729178,0.253856,0.546985,1.602871,temporal parietal occipital frontal,0
2395,0.409793,0.579419,0.467694,0.222226,0.734365,0.550876,0.255662,0.743893,temporal occipital parietal frontal,0
2396,0.436924,0.617781,0.498659,0.236939,0.272589,0.782986,0.587348,0.558023,temporal occipital parietal frontal,0
2397,0.434874,0.614882,0.496319,0.235827,0.271310,0.584592,0.779312,0.743893,temporal occipital parietal frontal,0
2398,0.420960,0.595209,0.480439,0.228282,0.565888,0.754378,0.262629,0.558023,temporal occipital parietal frontal,0
2399,0.416031,0.588239,0.474813,0.225609,0.559261,0.259554,0.745544,1.602871,temporal parietal occipital frontal,0
2400,0.466459,0.291015,0.835913,0.659541,0.627051,0.252955,0.532367,1.844037,parietal temporal frontal occipital,0
2401,0.469621,0.292987,0.841579,0.664011,0.631301,0.535975,0.254670,0.876199,parietal occipital temporal frontal,0
2402,0.493131,0.307655,0.883710,0.697252,0.267419,0.662905,0.562807,0.743893,parietal occipital temporal frontal,0
2403,0.491944,0.306914,0.881583,0.695574,0.266776,0.561452,0.661310,0.876199,parietal occipital frontal temporal,0
2404,0.476184,0.297082,0.853340,0.673291,0.543465,0.640124,0.258229,0.743893,parietal occipital temporal frontal,0
2405,0.471842,0.294373,0.845559,0.667151,0.538510,0.255874,0.634287,1.844037,parietal temporal frontal occipital,0
2406,0.461402,0.287860,0.826851,0.620253,0.652390,0.250213,0.526595,1.844037,parietal temporal frontal occipital,0
2407,0.464495,0.289790,0.832394,0.624411,0.656764,0.530126,0.251891,0.876199,parietal occipital temporal frontal,0
2408,0.489887,0.305631,0.877897,0.658544,0.265660,0.692666,0.559105,0.707248,parietal occipital temporal frontal,0
2409,0.488315,0.304650,0.875080,0.656432,0.264808,0.557311,0.690444,0.876199,parietal occipital frontal temporal,0
2410,0.473158,0.295194,0.847919,0.636057,0.540013,0.669013,0.256588,0.707248,parietal occipital temporal frontal,0
2411,0.468503,0.292290,0.839575,0.629798,0.534699,0.254064,0.662430,1.844037,parietal temporal frontal occipital,0
2412,0.430680,0.268693,0.771796,0.233553,0.608952,0.578954,0.491533,0.743893,parietal occipital temporal frontal,0
2413,0.429775,0.268128,0.770174,0.233062,0.607672,0.490499,0.577737,0.876199,parietal occipital temporal frontal,0
2414,0.432556,0.269863,0.775158,0.234570,0.581476,0.611604,0.493674,0.707248,parietal occipital temporal frontal,0
2415,0.431330,0.269099,0.772961,0.233906,0.579828,0.492275,0.609871,0.876199,parietal occipital temporal frontal,0
2416,0.437181,0.272749,0.783446,0.237078,0.498952,0.618143,0.587693,0.707248,parietal occipital temporal frontal,0
2417,0.436860,0.272549,0.782871,0.236904,0.498586,0.587262,0.617690,0.743893,parietal occipital temporal frontal,0
2418,0.456204,0.284617,0.817535,0.520662,0.645040,0.613265,0.247394,0.743893,parietal occipital temporal frontal,0
2419,0.452217,0.282129,0.810390,0.516112,0.639403,0.245232,0.607905,1.844037,parietal temporal frontal occipital,0
2420,0.458309,0.285930,0.821308,0.523065,0.616095,0.648017,0.248536,0.707248,parietal occipital temporal frontal,0
2421,0.453939,0.283204,0.813478,0.518078,0.610221,0.246166,0.641839,1.844037,parietal temporal frontal occipital,0
2422,0.479545,0.299179,0.859364,0.547302,0.260052,0.678044,0.644643,0.707248,parietal occipital temporal frontal,0
2423,0.479160,0.298938,0.858673,0.546862,0.259843,0.644124,0.677498,0.743893,parietal occipital temporal frontal,0
2424,0.482877,0.301257,0.682754,0.865334,0.649121,0.261858,0.551104,1.844037,parietal temporal frontal occipital,0
2425,0.486266,0.303372,0.687546,0.871408,0.653677,0.554972,0.263696,0.876199,parietal occipital temporal frontal,0
2426,0.511516,0.319125,0.723248,0.916657,0.277389,0.687620,0.583790,0.743893,parietal occipital frontal temporal,0
2427,0.510240,0.318329,0.721443,0.914370,0.276697,0.582333,0.685904,0.876199,parietal occipital frontal temporal,0
2428,0.493305,0.307764,0.697500,0.884023,0.563006,0.663140,0.267514,0.743893,parietal occipital temporal frontal,0
2429,0.488647,0.304857,0.690913,0.875675,0.557690,0.264988,0.656878,1.844037,parietal temporal frontal occipital,0
2430,0.450050,0.280778,0.636340,0.604993,0.806508,0.244057,0.513639,1.844037,parietal temporal frontal occipital,0
2431,0.452993,0.282613,0.640500,0.608949,0.811781,0.516998,0.245653,0.876199,parietal occipital temporal frontal,0
2432,0.489887,0.305631,0.692666,0.658544,0.265660,0.877897,0.559105,0.558023,occipital parietal temporal frontal,0
2433,0.486152,0.303301,0.687386,0.653524,0.263635,0.554843,0.871204,0.876199,parietal occipital frontal temporal,0
2434,0.473158,0.295194,0.669013,0.636057,0.540013,0.847919,0.256588,0.558023,occipital parietal temporal frontal,0
2435,0.466511,0.291047,0.659614,0.627121,0.532426,0.252984,0.836007,1.844037,parietal temporal frontal occipital,0
2436,0.420774,0.262512,0.594945,0.228181,0.754043,0.565637,0.480226,0.743893,occipital parietal temporal frontal,0
2437,0.419909,0.261973,0.593723,0.227712,0.752494,0.479240,0.564475,0.876199,parietal occipital temporal frontal,0
2438,0.432556,0.269863,0.611604,0.234570,0.581476,0.775158,0.493674,0.558023,occipital parietal temporal frontal,0
2439,0.429642,0.268045,0.607484,0.232990,0.577559,0.490348,0.769936,0.876199,parietal occipital temporal frontal,0
2440,0.437181,0.272749,0.618143,0.237078,0.498952,0.783446,0.587693,0.558023,occipital parietal temporal frontal,0
2441,0.435128,0.271468,0.615241,0.235965,0.496609,0.584934,0.779768,0.743893,occipital parietal temporal frontal,0
2442,0.445103,0.277691,0.629345,0.507993,0.797643,0.598343,0.241374,0.743893,occipital parietal temporal frontal,0
2443,0.441307,0.275323,0.623978,0.503661,0.790840,0.239316,0.593240,1.844037,parietal temporal frontal occipital,0
2444,0.458309,0.285930,0.648017,0.523065,0.616095,0.821308,0.248536,0.558023,occipital parietal temporal frontal,0
2445,0.452070,0.282038,0.639195,0.515944,0.607708,0.245152,0.810127,1.844037,parietal temporal frontal occipital,0
2446,0.479545,0.299179,0.678044,0.547302,0.260052,0.859364,0.644643,0.558023,occipital parietal temporal frontal,0
2447,0.477077,0.297639,0.674554,0.544485,0.258713,0.641324,0.854941,0.743893,occipital parietal frontal temporal,0
2448,0.480540,0.299800,0.645980,0.861147,0.679450,0.260591,0.548437,1.844037,parietal temporal frontal occipital,0
2449,0.483896,0.301893,0.650491,0.867161,0.684196,0.552268,0.262411,0.876199,parietal occipital temporal frontal,0
2450,0.511516,0.319125,0.687620,0.916657,0.277389,0.723248,0.583790,0.707248,occipital parietal frontal temporal,0
2451,0.509803,0.318056,0.685317,0.913587,0.276460,0.581835,0.720826,0.876199,parietal occipital frontal temporal,0
2452,0.493305,0.307764,0.663140,0.884023,0.563006,0.697500,0.267514,0.707248,occipital parietal temporal frontal,0
2453,0.488247,0.304608,0.656340,0.874958,0.557233,0.264771,0.690347,1.844037,parietal temporal frontal occipital,0
2454,0.452786,0.282485,0.608671,0.640208,0.811411,0.245541,0.516762,1.844037,parietal temporal frontal occipital,0
2455,0.455765,0.284343,0.612675,0.644420,0.816749,0.520162,0.247156,0.876199,parietal occipital temporal frontal,0
2456,0.493131,0.307655,0.662905,0.697252,0.267419,0.883710,0.562807,0.558023,occipital parietal temporal frontal,0
2457,0.489347,0.305294,0.657818,0.691902,0.265367,0.558488,0.876929,0.876199,parietal occipital frontal temporal,0
2458,0.476184,0.297082,0.640124,0.673291,0.543465,0.853340,0.258229,0.558023,occipital parietal temporal frontal,0
2459,0.469452,0.292882,0.631074,0.663772,0.535782,0.254578,0.841276,1.844037,parietal temporal frontal occipital,0
2460,0.420774,0.262512,0.565637,0.228181,0.754043,0.594945,0.480226,0.707248,occipital parietal temporal frontal,0
2461,0.419614,0.261789,0.564078,0.227552,0.751964,0.478902,0.593304,0.876199,parietal occipital temporal frontal,0
2462,0.430680,0.268693,0.578954,0.233553,0.608952,0.771796,0.491533,0.558023,occipital parietal temporal frontal,0
2463,0.427791,0.266891,0.575071,0.231986,0.604867,0.488235,0.766619,0.876199,parietal occipital temporal frontal,0
2464,0.436860,0.272549,0.587262,0.236904,0.498586,0.782871,0.617690,0.558023,occipital parietal temporal frontal,0
2465,0.435128,0.271468,0.584934,0.235965,0.496609,0.615241,0.779768,0.707248,occipital parietal temporal frontal,0
2466,0.445103,0.277691,0.598343,0.507993,0.797643,0.629345,0.241374,0.707248,occipital parietal temporal frontal,0
2467,0.440981,0.275119,0.592801,0.503288,0.790255,0.239139,0.623516,1.844037,parietal temporal frontal occipital,0
2468,0.456204,0.284617,0.613265,0.520662,0.645040,0.817535,0.247394,0.558023,occipital parietal temporal frontal,0
2469,0.450021,0.280759,0.604954,0.513606,0.636298,0.244041,0.806456,1.844037,parietal temporal frontal occipital,0
2470,0.479160,0.298938,0.644124,0.546862,0.259843,0.858673,0.677498,0.558023,occipital parietal temporal frontal,0
2471,0.477077,0.297639,0.641324,0.544485,0.258713,0.674554,0.854941,0.707248,occipital parietal frontal temporal,0
2472,0.480540,0.299800,0.260591,0.861147,0.679450,0.645980,0.548437,0.743893,occipital temporal frontal parietal,0
2473,0.479413,0.299097,0.259980,0.859127,0.677857,0.547151,0.644465,0.876199,occipital temporal frontal parietal,0
2474,0.482877,0.301257,0.261858,0.865334,0.649121,0.682754,0.551104,0.707248,occipital temporal frontal parietal,0
2475,0.481350,0.300305,0.261030,0.862598,0.647068,0.549361,0.680595,0.876199,occipital temporal frontal parietal,0
2476,0.488647,0.304857,0.264988,0.875675,0.557690,0.690913,0.656878,0.707248,occipital temporal frontal parietal,0
2477,0.488247,0.304608,0.264771,0.874958,0.557233,0.656340,0.690347,0.743893,occipital temporal frontal parietal,0
2478,0.452786,0.282485,0.245541,0.640208,0.811411,0.608671,0.516762,0.743893,occipital temporal frontal parietal,0
2479,0.451786,0.281860,0.244998,0.638794,0.809618,0.515620,0.607326,0.876199,occipital temporal frontal parietal,0
2480,0.466459,0.291015,0.252955,0.659541,0.627051,0.835913,0.532367,0.558023,occipital temporal frontal parietal,0
2481,0.463072,0.288902,0.251119,0.654751,0.622498,0.528501,0.829843,0.876199,occipital temporal frontal parietal,0
2482,0.471842,0.294373,0.255874,0.667151,0.538510,0.845559,0.634287,0.558023,occipital temporal frontal parietal,0
2483,0.469452,0.292882,0.254578,0.663772,0.535782,0.631074,0.841276,0.743893,occipital temporal frontal parietal,0
2484,0.450050,0.280778,0.244057,0.604993,0.806508,0.636340,0.513639,0.707248,occipital temporal frontal parietal,0
2485,0.448723,0.279950,0.243338,0.603209,0.804130,0.512125,0.634464,0.876199,occipital temporal frontal parietal,0
2486,0.461402,0.287860,0.250213,0.620253,0.652390,0.826851,0.526595,0.558023,occipital temporal frontal parietal,0
2487,0.458088,0.285792,0.248416,0.615797,0.647704,0.522812,0.820911,0.876199,occipital temporal frontal parietal,0
2488,0.468503,0.292290,0.254064,0.629798,0.534699,0.839575,0.662430,0.558023,occipital temporal frontal parietal,0
2489,0.466511,0.291047,0.252984,0.627121,0.532426,0.659614,0.836007,0.707248,occipital temporal frontal parietal,0
2490,0.441307,0.275323,0.239316,0.503661,0.790840,0.623978,0.593240,0.707248,occipital temporal frontal parietal,0
2491,0.440981,0.275119,0.239139,0.503288,0.790255,0.592801,0.623516,0.743893,occipital temporal frontal parietal,0
2492,0.452217,0.282129,0.245232,0.516112,0.639403,0.810390,0.607905,0.558023,occipital temporal frontal parietal,0
2493,0.450021,0.280759,0.244041,0.513606,0.636298,0.604954,0.806456,0.743893,occipital temporal frontal parietal,0
2494,0.453939,0.283204,0.246166,0.518078,0.610221,0.813478,0.641839,0.558023,occipital temporal frontal parietal,0
2495,0.452070,0.282038,0.245152,0.515944,0.607708,0.639195,0.810127,0.707248,occipital temporal frontal parietal,0
2496,0.483896,0.301893,0.552268,0.867161,0.684196,0.650491,0.262411,0.743893,occipital parietal temporal frontal,0
2497,0.479413,0.299097,0.547151,0.859127,0.677857,0.259980,0.644465,1.844037,parietal temporal frontal occipital,0
2498,0.486266,0.303372,0.554972,0.871408,0.653677,0.687546,0.263696,0.707248,occipital parietal temporal frontal,0
2499,0.481350,0.300305,0.549361,0.862598,0.647068,0.261030,0.680595,1.844037,parietal temporal frontal occipital,0
2500,0.510240,0.318329,0.582333,0.914370,0.276697,0.721443,0.685904,0.707248,occipital parietal frontal temporal,0
2501,0.509803,0.318056,0.581835,0.913587,0.276460,0.685317,0.720826,0.743893,occipital parietal frontal temporal,0
2502,0.455765,0.284343,0.520162,0.644420,0.816749,0.612675,0.247156,0.743893,occipital parietal temporal frontal,0
2503,0.451786,0.281860,0.515620,0.638794,0.809618,0.244998,0.607326,1.844037,parietal temporal frontal occipital,0
2504,0.469621,0.292987,0.535975,0.664011,0.631301,0.841579,0.254670,0.558023,occipital parietal temporal frontal,0
2505,0.463072,0.288902,0.528501,0.654751,0.622498,0.251119,0.829843,1.844037,parietal temporal frontal occipital,0
2506,0.491944,0.306914,0.561452,0.695574,0.266776,0.881583,0.661310,0.558023,occipital parietal frontal temporal,0
2507,0.489347,0.305294,0.558488,0.691902,0.265367,0.657818,0.876929,0.743893,occipital parietal frontal temporal,0
2508,0.452993,0.282613,0.516998,0.608949,0.811781,0.640500,0.245653,0.707248,occipital parietal temporal frontal,0
2509,0.448723,0.279950,0.512125,0.603209,0.804130,0.243338,0.634464,1.844037,parietal temporal frontal occipital,0
2510,0.464495,0.289790,0.530126,0.624411,0.656764,0.832394,0.251891,0.558023,occipital parietal temporal frontal,0
2511,0.458088,0.285792,0.522812,0.615797,0.647704,0.248416,0.820911,1.844037,parietal temporal frontal occipital,0
2512,0.488315,0.304650,0.557311,0.656432,0.264808,0.875080,0.690444,0.558023,occipital parietal temporal frontal,0
2513,0.486152,0.303301,0.554843,0.653524,0.263635,0.687386,0.871204,0.707248,occipital parietal frontal temporal,0
2514,0.419909,0.261973,0.479240,0.227712,0.752494,0.593723,0.564475,0.707248,occipital parietal temporal frontal,0
2515,0.419614,0.261789,0.478902,0.227552,0.751964,0.564078,0.593304,0.743893,occipital parietal temporal frontal,0
2516,0.429775,0.268128,0.490499,0.233062,0.607672,0.770174,0.577737,0.558023,occipital parietal temporal frontal,0
2517,0.427791,0.266891,0.488235,0.231986,0.604867,0.575071,0.766619,0.743893,occipital parietal temporal frontal,0
2518,0.431330,0.269099,0.492275,0.233906,0.579828,0.772961,0.609871,0.558023,occipital parietal temporal frontal,0
2519,0.429642,0.268045,0.490348,0.232990,0.577559,0.607484,0.769936,0.707248,occipital parietal temporal frontal,0
2520,0.474137,0.637373,0.849673,0.670397,0.295805,0.257119,0.541130,1.844037,temporal parietal frontal occipital,0
2521,0.477405,0.641765,0.855528,0.675017,0.297843,0.544859,0.258891,0.876199,temporal parietal occipital frontal,0
2522,0.476804,0.640958,0.854452,0.674168,0.258566,0.297469,0.544174,1.602871,temporal parietal occipital frontal,0
2523,0.479656,0.644791,0.859562,0.678200,0.260112,0.547428,0.299248,0.876199,temporal parietal occipital frontal,0
2524,0.460943,0.619636,0.826028,0.651741,0.526071,0.287573,0.249964,1.602871,temporal parietal occipital frontal,0
2525,0.460526,0.619075,0.825280,0.651151,0.525595,0.249738,0.287313,1.844037,temporal parietal frontal occipital,0
2526,0.420943,0.565865,0.754347,0.262618,0.595185,0.228273,0.480420,1.844037,temporal parietal occipital frontal,0
2527,0.423517,0.569324,0.758959,0.264224,0.598823,0.483357,0.229668,0.876199,temporal parietal occipital frontal,0
2528,0.444524,0.597565,0.796605,0.277330,0.241060,0.628527,0.507333,0.707248,temporal parietal occipital frontal,0
2529,0.443230,0.595825,0.794286,0.276523,0.240359,0.505856,0.626696,0.876199,temporal parietal occipital frontal,0
2530,0.430707,0.578990,0.771844,0.268710,0.491563,0.608990,0.233567,0.707248,temporal parietal occipital frontal,0
2531,0.426845,0.573799,0.764924,0.266301,0.487156,0.231473,0.603530,1.844037,temporal parietal occipital frontal,0
2532,0.418175,0.562143,0.749386,0.226771,0.591270,0.260891,0.477260,1.602871,temporal parietal occipital frontal,0
2533,0.420366,0.565090,0.753313,0.227960,0.594369,0.479762,0.262258,0.876199,temporal parietal occipital frontal,0
2534,0.439151,0.590341,0.786976,0.238147,0.273978,0.620929,0.501200,0.707248,temporal parietal occipital frontal,0
2535,0.437888,0.588643,0.784712,0.237462,0.273190,0.499759,0.619143,0.876199,temporal parietal occipital frontal,0
2536,0.427449,0.574611,0.766006,0.231801,0.487845,0.604383,0.266677,0.707248,temporal parietal occipital frontal,0
2537,0.423999,0.569973,0.759823,0.229930,0.483907,0.264525,0.599505,1.602871,temporal parietal occipital frontal,0
2538,0.442196,0.594435,0.792433,0.504676,0.625235,0.275878,0.239798,1.602871,temporal parietal occipital frontal,0
2539,0.441812,0.593918,0.791745,0.504237,0.624691,0.239590,0.275638,1.844037,temporal parietal occipital frontal,0
2540,0.465719,0.626057,0.834588,0.531523,0.290553,0.658495,0.252554,0.707248,temporal parietal occipital frontal,0
2541,0.461208,0.619992,0.826503,0.526374,0.287739,0.250108,0.652116,1.844037,temporal parietal frontal occipital,0
2542,0.467861,0.628936,0.838426,0.533967,0.253716,0.661523,0.291890,0.707248,temporal parietal occipital frontal,0
2543,0.463731,0.623384,0.831024,0.529253,0.251476,0.289313,0.655683,1.602871,temporal parietal occipital frontal,0
2544,0.491110,0.660188,0.694395,0.880088,0.306394,0.266323,0.560500,1.844037,temporal parietal frontal occipital,0
2545,0.494616,0.664902,0.699352,0.886371,0.308581,0.564502,0.268225,0.876199,temporal parietal occipital frontal,0
2546,0.493972,0.664035,0.698441,0.885217,0.267875,0.308179,0.563767,1.602871,temporal parietal frontal occipital,0
2547,0.497033,0.668150,0.702770,0.890702,0.269535,0.567260,0.310089,0.876199,temporal parietal occipital frontal,0
2548,0.476968,0.641178,0.674399,0.854745,0.544360,0.297571,0.258654,1.602871,temporal parietal frontal occipital,0
2549,0.476521,0.640577,0.673767,0.853945,0.543850,0.258412,0.297292,1.844037,temporal parietal frontal occipital,0
2550,0.411475,0.553137,0.581797,0.256711,0.737379,0.223138,0.469614,1.844037,temporal parietal occipital frontal,0
2551,0.413933,0.556442,0.585273,0.258245,0.741785,0.472419,0.224471,0.876199,temporal parietal occipital frontal,0
2552,0.444524,0.597565,0.628527,0.277330,0.241060,0.796605,0.507333,0.558023,temporal occipital parietal frontal,0
2553,0.441447,0.593428,0.624176,0.275410,0.239392,0.503821,0.791091,0.876199,temporal parietal occipital frontal,0
2554,0.430707,0.578990,0.608990,0.268710,0.491563,0.771844,0.233567,0.558023,temporal occipital parietal frontal,0
2555,0.425192,0.571576,0.601192,0.265269,0.485269,0.230577,0.761961,1.844037,temporal parietal frontal occipital,0
2556,0.408829,0.549580,0.578056,0.221703,0.732638,0.255060,0.466594,1.602871,temporal parietal occipital frontal,0
2557,0.410923,0.552396,0.581017,0.222839,0.736391,0.468984,0.256367,0.876199,temporal parietal occipital frontal,0
2558,0.439151,0.590341,0.620929,0.238147,0.273978,0.786976,0.501200,0.558023,temporal occipital parietal frontal,0
2559,0.436148,0.586304,0.616683,0.236518,0.272104,0.497773,0.781594,0.876199,temporal parietal occipital frontal,0
2560,0.427449,0.574611,0.604383,0.231801,0.487845,0.766006,0.266677,0.558023,temporal occipital parietal frontal,0
2561,0.422367,0.567779,0.597198,0.229045,0.482045,0.263507,0.756899,1.602871,temporal parietal occipital frontal,0
2562,0.431759,0.580405,0.610477,0.492764,0.773730,0.269366,0.234138,1.602871,temporal parietal occipital frontal,0
2563,0.431393,0.579912,0.609960,0.492346,0.773073,0.233939,0.269138,1.844037,temporal parietal frontal occipital,0
2564,0.465719,0.626057,0.658495,0.531523,0.290553,0.834588,0.252554,0.558023,temporal occipital parietal frontal,0
2565,0.459278,0.617398,0.649387,0.524171,0.286535,0.249061,0.823045,1.844037,temporal parietal frontal occipital,0
2566,0.467861,0.628936,0.661523,0.533967,0.253716,0.838426,0.291890,0.558023,temporal occipital parietal frontal,0
2567,0.461780,0.620761,0.652925,0.527026,0.250418,0.288096,0.827528,1.602871,temporal parietal frontal occipital,0
2568,0.465024,0.625121,0.290119,0.833341,0.657511,0.252177,0.530728,1.844037,temporal frontal parietal occipital,1
2569,0.468166,0.629345,0.292080,0.838972,0.661954,0.534315,0.253881,0.876199,temporal occipital frontal parietal,0
2570,0.493972,0.664035,0.308179,0.885217,0.267875,0.698441,0.563767,0.707248,temporal occipital frontal parietal,0
2571,0.492374,0.661887,0.307182,0.882353,0.267009,0.561943,0.696182,0.876199,temporal occipital frontal parietal,0
2572,0.476968,0.641178,0.297571,0.854745,0.544360,0.674399,0.258654,0.707248,temporal occipital frontal parietal,0
2573,0.472237,0.634818,0.294620,0.846268,0.538961,0.256089,0.667710,1.844037,temporal frontal parietal occipital,1
2574,0.438985,0.590118,0.273874,0.620694,0.786678,0.238056,0.501010,1.844037,temporal frontal parietal occipital,1
2575,0.441784,0.593881,0.275620,0.624652,0.791694,0.504205,0.239574,0.876199,temporal occipital frontal parietal,0
2576,0.476804,0.640958,0.297469,0.674168,0.258566,0.854452,0.544174,0.558023,temporal occipital parietal frontal,0
2577,0.473266,0.636201,0.295261,0.669165,0.256647,0.540135,0.848111,0.876199,temporal occipital frontal parietal,0
2578,0.460943,0.619636,0.287573,0.651741,0.526071,0.826028,0.249964,0.558023,temporal occipital parietal frontal,0
2579,0.454632,0.611152,0.283636,0.642818,0.518869,0.246542,0.814719,1.844037,temporal frontal parietal occipital,1
2580,0.408829,0.549580,0.255060,0.221703,0.732638,0.578056,0.466594,0.707248,temporal occipital parietal frontal,0
2581,0.407734,0.548108,0.254377,0.221109,0.730675,0.465344,0.576507,0.876199,temporal occipital parietal frontal,0
2582,0.418175,0.562143,0.260891,0.226771,0.591270,0.749386,0.477260,0.558023,temporal occipital parietal frontal,0
2583,0.415451,0.558481,0.259192,0.225294,0.587418,0.474151,0.744504,0.876199,temporal occipital parietal frontal,0
2584,0.423999,0.569973,0.264525,0.229930,0.483907,0.759823,0.599505,0.558023,temporal occipital parietal frontal,0
2585,0.422367,0.567779,0.263507,0.229045,0.482045,0.597198,0.756899,0.707248,temporal occipital parietal frontal,0
2586,0.431759,0.580405,0.269366,0.492764,0.773730,0.610477,0.234138,0.707248,temporal occipital parietal frontal,0
2587,0.427879,0.575189,0.266945,0.488335,0.766776,0.232034,0.604991,1.844037,temporal frontal parietal occipital,1
2588,0.442196,0.594435,0.275878,0.504676,0.625235,0.792433,0.239798,0.558023,temporal occipital parietal frontal,0
2589,0.436385,0.586623,0.272252,0.498043,0.617018,0.236647,0.782019,1.844037,temporal frontal parietal occipital,1
2590,0.463731,0.623384,0.289313,0.529253,0.251476,0.831024,0.655683,0.558023,temporal occipital parietal frontal,0
2591,0.461780,0.620761,0.288096,0.527026,0.250418,0.652925,0.827528,0.707248,temporal occipital frontal parietal,0
2592,0.465024,0.625121,0.252177,0.833341,0.657511,0.290119,0.530728,1.602871,temporal frontal occipital parietal,0
2593,0.467735,0.628767,0.253648,0.838200,0.661345,0.533823,0.291811,0.876199,temporal occipital frontal parietal,0
2594,0.491110,0.660188,0.266323,0.880088,0.306394,0.694395,0.560500,0.707248,temporal occipital frontal parietal,0
2595,0.489530,0.658065,0.265467,0.877258,0.305409,0.558698,0.692162,0.876199,temporal occipital frontal parietal,0
2596,0.476521,0.640577,0.258412,0.853945,0.543850,0.673767,0.297292,0.707248,temporal occipital frontal parietal,0
2597,0.472237,0.634818,0.256089,0.846268,0.538961,0.294620,0.667710,1.602871,temporal frontal occipital parietal,0
2598,0.438985,0.590118,0.238056,0.620694,0.786678,0.273874,0.501010,1.602871,temporal frontal occipital parietal,0
2599,0.441401,0.593365,0.239366,0.624110,0.791007,0.503768,0.275381,0.876199,temporal occipital frontal parietal,0
2600,0.474137,0.637373,0.257119,0.670397,0.295805,0.849673,0.541130,0.558023,temporal occipital frontal parietal,0
2601,0.470638,0.632669,0.255222,0.665450,0.293622,0.537137,0.843403,0.876199,temporal occipital frontal parietal,0
2602,0.460526,0.619075,0.249738,0.651151,0.525595,0.825280,0.287313,0.558023,temporal occipital parietal frontal,0
2603,0.454632,0.611152,0.246542,0.642818,0.518869,0.283636,0.814719,1.602871,temporal frontal occipital parietal,0
2604,0.411475,0.553137,0.223138,0.256711,0.737379,0.581797,0.469614,0.707248,temporal occipital parietal frontal,0
2605,0.410366,0.551646,0.222537,0.256019,0.735391,0.468348,0.580228,0.876199,temporal occipital frontal parietal,0
2606,0.420943,0.565865,0.228273,0.262618,0.595185,0.754347,0.480420,0.558023,temporal occipital parietal frontal,0
2607,0.418183,0.562155,0.226776,0.260896,0.591282,0.477270,0.749401,0.876199,temporal occipital frontal parietal,0
2608,0.426845,0.573799,0.231473,0.266301,0.487156,0.764924,0.603530,0.558023,temporal occipital parietal frontal,0
2609,0.425192,0.571576,0.230577,0.265269,0.485269,0.601192,0.761961,0.707248,temporal occipital frontal parietal,0
2610,0.431393,0.579912,0.233939,0.492346,0.773073,0.609960,0.269138,0.707248,temporal occipital frontal parietal,0
2611,0.427879,0.575189,0.232034,0.488335,0.766776,0.266945,0.604991,1.602871,temporal frontal occipital parietal,0
2612,0.441812,0.593918,0.239590,0.504237,0.624691,0.791745,0.275638,0.558023,temporal occipital parietal frontal,0
2613,0.436385,0.586623,0.236647,0.498043,0.617018,0.272252,0.782019,1.602871,temporal frontal occipital parietal,0
2614,0.461208,0.619992,0.250108,0.526374,0.287739,0.826503,0.652116,0.558023,temporal occipital parietal frontal,0
2615,0.459278,0.617398,0.249061,0.524171,0.286535,0.649387,0.823045,0.707248,temporal occipital frontal parietal,0
2616,0.468166,0.629345,0.534315,0.838972,0.661954,0.292080,0.253881,1.602871,temporal parietal frontal occipital,0
2617,0.467735,0.628767,0.533823,0.838200,0.661345,0.253648,0.291811,1.844037,temporal parietal frontal occipital,0
2618,0.494616,0.664902,0.564502,0.886371,0.308581,0.699352,0.268225,0.707248,temporal occipital parietal frontal,0
2619,0.489530,0.658065,0.558698,0.877258,0.305409,0.265467,0.692162,1.844037,temporal parietal frontal occipital,0
2620,0.497033,0.668150,0.567260,0.890702,0.269535,0.702770,0.310089,0.707248,temporal occipital parietal frontal,0
2621,0.492374,0.661887,0.561943,0.882353,0.267009,0.307182,0.696182,1.602871,temporal parietal frontal occipital,0
2622,0.441784,0.593881,0.504205,0.624652,0.791694,0.275620,0.239574,1.602871,temporal parietal frontal occipital,0
2623,0.441401,0.593365,0.503768,0.624110,0.791007,0.239366,0.275381,1.844037,temporal parietal frontal occipital,0
2624,0.477405,0.641765,0.544859,0.675017,0.297843,0.855528,0.258891,0.558023,temporal occipital parietal frontal,0
2625,0.470638,0.632669,0.537137,0.665450,0.293622,0.255222,0.843403,1.844037,temporal parietal frontal occipital,0
2626,0.479656,0.644791,0.547428,0.678200,0.260112,0.859562,0.299248,0.558023,temporal occipital parietal frontal,0
2627,0.473266,0.636201,0.540135,0.669165,0.256647,0.295261,0.848111,1.602871,temporal parietal frontal occipital,0
2628,0.413933,0.556442,0.472419,0.258245,0.741785,0.585273,0.224471,0.707248,temporal occipital parietal frontal,0
2629,0.410366,0.551646,0.468348,0.256019,0.735391,0.222537,0.580228,1.844037,temporal parietal frontal occipital,0
2630,0.423517,0.569324,0.483357,0.264224,0.598823,0.758959,0.229668,0.558023,temporal occipital parietal frontal,0
2631,0.418183,0.562155,0.477270,0.260896,0.591282,0.226776,0.749401,1.844037,temporal parietal frontal occipital,0
2632,0.443230,0.595825,0.505856,0.276523,0.240359,0.794286,0.626696,0.558023,temporal occipital parietal frontal,0
2633,0.441447,0.593428,0.503821,0.275410,0.239392,0.624176,0.791091,0.707248,temporal occipital parietal frontal,0
2634,0.410923,0.552396,0.468984,0.222839,0.736391,0.581017,0.256367,0.707248,temporal occipital parietal frontal,0
2635,0.407734,0.548108,0.465344,0.221109,0.730675,0.254377,0.576507,1.602871,temporal parietal occipital frontal,0
2636,0.420366,0.565090,0.479762,0.227960,0.594369,0.753313,0.262258,0.558023,temporal occipital parietal frontal,0
2637,0.415451,0.558481,0.474151,0.225294,0.587418,0.259192,0.744504,1.602871,temporal parietal occipital frontal,0
2638,0.437888,0.588643,0.499759,0.237462,0.273190,0.784712,0.619143,0.558023,temporal occipital parietal frontal,0
2639,0.436148,0.586304,0.497773,0.236518,0.272104,0.616683,0.781594,0.707248,temporal occipital parietal frontal,0
2640,0.492176,0.266901,0.881999,0.695903,0.307059,0.661622,0.561717,0.743893,parietal occipital frontal temporal,0
2641,0.490994,0.266261,0.879881,0.694232,0.306322,0.560368,0.660033,0.876199,parietal occipital frontal temporal,0
2642,0.468176,0.253887,0.838991,0.661969,0.629360,0.292086,0.534327,1.602871,parietal temporal frontal occipital,0
2643,0.470925,0.255377,0.843917,0.665856,0.633055,0.537464,0.293801,0.876199,parietal occipital temporal frontal,0
2644,0.473599,0.256827,0.848708,0.669636,0.540516,0.295469,0.636649,1.602871,parietal temporal frontal occipital,0
2645,0.477525,0.258956,0.855744,0.675187,0.544996,0.641926,0.297919,0.743893,parietal occipital temporal frontal,0
2646,0.435101,0.235950,0.779719,0.271451,0.615203,0.584897,0.496578,0.743893,parietal occipital temporal frontal,0
2647,0.434177,0.235449,0.778063,0.270875,0.613896,0.495524,0.583655,0.876199,parietal occipital temporal frontal,0
2648,0.437016,0.236989,0.783150,0.272646,0.587471,0.617910,0.498764,0.707248,parietal occipital temporal frontal,0
2649,0.435765,0.236310,0.780908,0.271865,0.585790,0.497336,0.616141,0.876199,parietal occipital temporal frontal,0
2650,0.441737,0.239549,0.791611,0.275591,0.504152,0.624586,0.593818,0.707248,parietal occipital temporal frontal,0
2651,0.441410,0.239372,0.791024,0.275387,0.503778,0.593378,0.624123,0.743893,parietal occipital temporal frontal,0
2652,0.463082,0.251124,0.829862,0.622512,0.654766,0.288908,0.528513,1.602871,parietal temporal frontal occipital,0
2653,0.465771,0.252583,0.834681,0.626127,0.658568,0.531582,0.290586,0.876199,parietal occipital temporal frontal,0
2654,0.488945,0.265149,0.876209,0.657278,0.305043,0.691334,0.558030,0.707248,parietal occipital frontal temporal,0
2655,0.487379,0.264300,0.873403,0.655174,0.304067,0.556243,0.689121,0.876199,parietal occipital frontal temporal,0
2656,0.474483,0.257307,0.850292,0.637837,0.541524,0.670885,0.296021,0.707248,parietal occipital temporal frontal,0
2657,0.470235,0.255003,0.842680,0.632127,0.536676,0.293371,0.664880,1.602871,parietal temporal frontal occipital,0
2658,0.453831,0.246107,0.813283,0.517954,0.641685,0.283136,0.610075,1.602871,parietal temporal frontal occipital,0
2659,0.457434,0.248061,0.819741,0.522067,0.646780,0.614919,0.285384,0.743893,parietal occipital temporal frontal,0
2660,0.478643,0.259563,0.857747,0.546272,0.298616,0.676768,0.643429,0.707248,parietal occipital frontal temporal,0
2661,0.478259,0.259354,0.857058,0.545833,0.298376,0.642913,0.676224,0.743893,parietal occipital frontal temporal,0
2662,0.459551,0.249209,0.823534,0.524483,0.617765,0.649774,0.286705,0.707248,parietal occipital temporal frontal,0
2663,0.455566,0.247048,0.816392,0.519934,0.612407,0.284219,0.644138,1.602871,parietal temporal frontal occipital,0
2664,0.510489,0.276833,0.721797,0.914817,0.318484,0.686240,0.582618,0.743893,parietal occipital frontal temporal,0
2665,0.509218,0.276143,0.719999,0.912539,0.317691,0.581167,0.684531,0.876199,parietal occipital frontal temporal,0
2666,0.484717,0.262857,0.685356,0.868633,0.651595,0.302406,0.553205,1.602871,parietal frontal temporal occipital,0
2667,0.487664,0.264455,0.689524,0.873914,0.655557,0.556568,0.304244,0.876199,parietal occipital frontal temporal,0
2668,0.490532,0.266010,0.693578,0.879053,0.559841,0.306034,0.659412,1.602871,parietal frontal temporal occipital,0
2669,0.494745,0.268295,0.699535,0.886603,0.564649,0.665075,0.308662,0.743893,parietal occipital frontal temporal,0
2670,0.424993,0.230469,0.600910,0.265145,0.761604,0.571308,0.485041,0.743893,occipital parietal temporal frontal,0
2671,0.424111,0.229991,0.599663,0.264595,0.760024,0.484035,0.570123,0.876199,parietal occipital temporal frontal,0
2672,0.437016,0.236989,0.617910,0.272646,0.587471,0.783150,0.498764,0.558023,occipital parietal temporal frontal,0
2673,0.434042,0.235376,0.613705,0.270790,0.583473,0.495369,0.777820,0.876199,parietal occipital temporal frontal,0
2674,0.441737,0.239549,0.624586,0.275591,0.504152,0.791611,0.593818,0.558023,occipital parietal temporal frontal,0
2675,0.439642,0.238413,0.621623,0.274284,0.501760,0.591001,0.787856,0.743893,occipital parietal temporal frontal,0
2676,0.451649,0.244924,0.638600,0.607142,0.809372,0.281775,0.515464,1.602871,parietal temporal frontal occipital,0
2677,0.454206,0.246311,0.642216,0.610580,0.813956,0.518383,0.283371,0.876199,parietal occipital temporal frontal,0
2678,0.488945,0.265149,0.691334,0.657278,0.305043,0.876209,0.558030,0.558023,occipital parietal frontal temporal,0
2679,0.485225,0.263132,0.686074,0.652277,0.302722,0.553784,0.869542,0.876199,parietal occipital frontal temporal,0
2680,0.474483,0.257307,0.670885,0.637837,0.541524,0.850292,0.296021,0.558023,occipital parietal temporal frontal,0
2681,0.468229,0.253915,0.662043,0.629430,0.534387,0.292119,0.839085,1.602871,parietal frontal temporal occipital,0
2682,0.442844,0.240149,0.626151,0.505415,0.793594,0.276282,0.595306,1.602871,parietal temporal frontal occipital,0
2683,0.446275,0.242010,0.631001,0.509330,0.799742,0.599918,0.278422,0.743893,occipital parietal temporal frontal,0
2684,0.478643,0.259563,0.676768,0.546272,0.298616,0.857747,0.643429,0.558023,occipital parietal frontal temporal,0
2685,0.476184,0.258229,0.673291,0.543465,0.297082,0.640124,0.853340,0.743893,occipital parietal frontal temporal,0
2686,0.459551,0.249209,0.649774,0.524483,0.617765,0.823534,0.286705,0.558023,occipital parietal temporal frontal,0
2687,0.453683,0.246027,0.641476,0.517785,0.609876,0.283044,0.813017,1.602871,parietal temporal frontal occipital,0
2688,0.482363,0.261580,0.300937,0.864413,0.682027,0.648430,0.550518,0.743893,occipital frontal temporal parietal,0
2689,0.481227,0.260964,0.300228,0.862379,0.680422,0.549222,0.646904,0.876199,occipital frontal temporal parietal,0
2690,0.484717,0.262857,0.302406,0.868633,0.651595,0.685356,0.553205,0.707248,occipital frontal temporal parietal,0
2691,0.483179,0.262022,0.301446,0.865875,0.649527,0.551449,0.683181,0.876199,occipital frontal temporal parietal,0
2692,0.490532,0.266010,0.306034,0.879053,0.559841,0.693578,0.659412,0.707248,occipital frontal temporal parietal,0
2693,0.490129,0.265791,0.305782,0.878330,0.559381,0.658869,0.693008,0.743893,occipital frontal temporal parietal,0
2694,0.454404,0.246418,0.283494,0.642496,0.814311,0.610846,0.518609,0.743893,occipital temporal frontal parietal,0
2695,0.453397,0.245872,0.282865,0.641071,0.812505,0.517459,0.609491,0.876199,occipital temporal frontal parietal,0
2696,0.468176,0.253887,0.292086,0.661969,0.629360,0.838991,0.534327,0.558023,occipital temporal frontal parietal,0
2697,0.464764,0.252036,0.289958,0.657145,0.624773,0.530433,0.832876,0.876199,occipital frontal temporal parietal,0
2698,0.473599,0.256827,0.295469,0.669636,0.540516,0.848708,0.636649,0.558023,occipital temporal frontal parietal,0
2699,0.471191,0.255522,0.293967,0.666232,0.537768,0.633412,0.844394,0.743893,occipital frontal temporal parietal,0
2700,0.451649,0.244924,0.281775,0.607142,0.809372,0.638600,0.515464,0.707248,occipital temporal frontal parietal,0
2701,0.450313,0.244199,0.280941,0.605346,0.806978,0.513939,0.636711,0.876199,occipital temporal frontal parietal,0
2702,0.463082,0.251124,0.288908,0.622512,0.654766,0.829862,0.528513,0.558023,occipital temporal parietal frontal,0
2703,0.459744,0.249314,0.286825,0.618024,0.650046,0.524703,0.823879,0.876199,occipital frontal temporal parietal,0
2704,0.470235,0.255003,0.293371,0.632127,0.536676,0.842680,0.664880,0.558023,occipital temporal frontal parietal,0
2705,0.468229,0.253915,0.292119,0.629430,0.534387,0.662043,0.839085,0.707248,occipital frontal temporal parietal,0
2706,0.442844,0.240149,0.276282,0.505415,0.793594,0.626151,0.595306,0.707248,occipital temporal frontal parietal,0
2707,0.442515,0.239971,0.276077,0.505040,0.793005,0.594864,0.625686,0.743893,occipital temporal frontal parietal,0
2708,0.453831,0.246107,0.283136,0.517954,0.641685,0.813283,0.610075,0.558023,occipital temporal parietal frontal,0
2709,0.451619,0.244908,0.281757,0.515430,0.638558,0.607102,0.809320,0.743893,occipital temporal frontal parietal,0
2710,0.455566,0.247048,0.284219,0.519934,0.612407,0.816392,0.644138,0.558023,occipital temporal parietal frontal,0
2711,0.453683,0.246027,0.283044,0.517785,0.609876,0.641476,0.813017,0.707248,occipital temporal frontal parietal,0
2712,0.482363,0.261580,0.648430,0.864413,0.682027,0.300937,0.550518,1.602871,parietal frontal temporal occipital,0
2713,0.485281,0.263162,0.652353,0.869643,0.686154,0.553848,0.302758,0.876199,parietal occipital frontal temporal,0
2714,0.510489,0.276833,0.686240,0.914817,0.318484,0.721797,0.582618,0.707248,occipital parietal frontal temporal,0
2715,0.508783,0.275907,0.683946,0.911760,0.317420,0.580671,0.719384,0.876199,parietal occipital frontal temporal,0
2716,0.494745,0.268295,0.665075,0.886603,0.564649,0.699535,0.308662,0.707248,occipital parietal frontal temporal,0
2717,0.490129,0.265791,0.658869,0.878330,0.559381,0.305782,0.693008,1.602871,parietal frontal temporal occipital,0
2718,0.454404,0.246418,0.610846,0.642496,0.814311,0.283494,0.518609,1.602871,parietal temporal frontal occipital,0
2719,0.456993,0.247822,0.614326,0.646157,0.818950,0.521564,0.285109,0.876199,parietal occipital temporal frontal,0
2720,0.492176,0.266901,0.661622,0.695903,0.307059,0.881999,0.561717,0.558023,occipital parietal frontal temporal,0
2721,0.488407,0.264857,0.656555,0.690573,0.304708,0.557416,0.875244,0.876199,parietal occipital frontal temporal,0
2722,0.477525,0.258956,0.641926,0.675187,0.544996,0.855744,0.297919,0.558023,occipital parietal temporal frontal,0
2723,0.471191,0.255522,0.633412,0.666232,0.537768,0.293967,0.844394,1.602871,parietal frontal temporal occipital,0
2724,0.424993,0.230469,0.571308,0.265145,0.761604,0.600910,0.485041,0.707248,occipital parietal temporal frontal,0
2725,0.423809,0.229827,0.569718,0.264406,0.759483,0.483691,0.599237,0.876199,parietal occipital temporal frontal,0
2726,0.435101,0.235950,0.584897,0.271451,0.615203,0.779719,0.496578,0.558023,occipital parietal temporal frontal,0
2727,0.432153,0.234352,0.580934,0.269612,0.611034,0.493213,0.774435,0.876199,parietal occipital temporal frontal,0
2728,0.441410,0.239372,0.593378,0.275387,0.503778,0.791024,0.624123,0.558023,occipital parietal temporal frontal,0
2729,0.439642,0.238413,0.591001,0.274284,0.501760,0.621623,0.787856,0.707248,occipital parietal temporal frontal,0
2730,0.446275,0.242010,0.599918,0.509330,0.799742,0.631001,0.278422,0.707248,occipital parietal temporal frontal,0
2731,0.442515,0.239971,0.594864,0.505040,0.793005,0.276077,0.625686,1.602871,parietal temporal frontal occipital,0
2732,0.457434,0.248061,0.614919,0.522067,0.646780,0.819741,0.285384,0.558023,occipital parietal temporal frontal,0
2733,0.451619,0.244908,0.607102,0.515430,0.638558,0.281757,0.809320,1.602871,parietal temporal frontal occipital,0
2734,0.478259,0.259354,0.642913,0.545833,0.298376,0.857058,0.676224,0.558023,occipital parietal frontal temporal,0
2735,0.476184,0.258229,0.640124,0.543465,0.297082,0.673291,0.853340,0.707248,occipital parietal frontal temporal,0
2736,0.481227,0.260964,0.549222,0.862379,0.680422,0.300228,0.646904,1.602871,parietal frontal temporal occipital,0
2737,0.485281,0.263162,0.553848,0.869643,0.686154,0.652353,0.302758,0.743893,occipital parietal frontal temporal,0
2738,0.509218,0.276143,0.581167,0.912539,0.317691,0.719999,0.684531,0.707248,occipital parietal frontal temporal,0
2739,0.508783,0.275907,0.580671,0.911760,0.317420,0.683946,0.719384,0.743893,occipital parietal frontal temporal,0
2740,0.487664,0.264455,0.556568,0.873914,0.655557,0.689524,0.304244,0.707248,occipital parietal frontal temporal,0
2741,0.483179,0.262022,0.551449,0.865875,0.649527,0.301446,0.683181,1.602871,parietal frontal temporal occipital,0
2742,0.453397,0.245872,0.517459,0.641071,0.812505,0.282865,0.609491,1.602871,parietal temporal frontal occipital,0
2743,0.456993,0.247822,0.521564,0.646157,0.818950,0.614326,0.285109,0.743893,occipital parietal temporal frontal,0
2744,0.490994,0.266261,0.560368,0.694232,0.306322,0.879881,0.660033,0.558023,occipital parietal frontal temporal,0
2745,0.488407,0.264857,0.557416,0.690573,0.304708,0.656555,0.875244,0.743893,occipital parietal frontal temporal,0
2746,0.470925,0.255377,0.537464,0.665856,0.633055,0.843917,0.293801,0.558023,occipital parietal temporal frontal,0
2747,0.464764,0.252036,0.530433,0.657145,0.624773,0.289958,0.832876,1.602871,parietal frontal temporal occipital,0
2748,0.424111,0.229991,0.484035,0.264595,0.760024,0.599663,0.570123,0.707248,occipital parietal temporal frontal,0
2749,0.423809,0.229827,0.483691,0.264406,0.759483,0.569718,0.599237,0.743893,occipital parietal temporal frontal,0
2750,0.434177,0.235449,0.495524,0.270875,0.613896,0.778063,0.583655,0.558023,occipital parietal temporal frontal,0
2751,0.432153,0.234352,0.493213,0.269612,0.611034,0.580934,0.774435,0.743893,occipital parietal temporal frontal,0
2752,0.435765,0.236310,0.497336,0.271865,0.585790,0.780908,0.616141,0.558023,occipital parietal temporal frontal,0
2753,0.434042,0.235376,0.495369,0.270790,0.583473,0.613705,0.777820,0.707248,occipital parietal temporal frontal,0
2754,0.454206,0.246311,0.518383,0.610580,0.813956,0.642216,0.283371,0.707248,occipital parietal temporal frontal,0
2755,0.450313,0.244199,0.513939,0.605346,0.806978,0.280941,0.636711,1.602871,parietal temporal frontal occipital,0
2756,0.465771,0.252583,0.531582,0.626127,0.658568,0.834681,0.290586,0.558023,occipital parietal temporal frontal,0
2757,0.459744,0.249314,0.524703,0.618024,0.650046,0.286825,0.823879,1.602871,parietal frontal temporal occipital,0
2758,0.487379,0.264300,0.556243,0.655174,0.304067,0.873403,0.689121,0.558023,occipital parietal frontal temporal,0
2759,0.485225,0.263132,0.553784,0.652277,0.302722,0.686074,0.869542,0.707248,occipital parietal frontal temporal,0
2760,0.481906,0.549996,0.863594,0.681381,0.300652,0.647816,0.261332,0.743893,temporal parietal occipital frontal,0
2761,0.477459,0.544921,0.855626,0.675094,0.297878,0.258921,0.641838,1.844037,temporal parietal frontal occipital,0
2762,0.458874,0.523710,0.822320,0.648816,0.616854,0.286282,0.248842,1.602871,temporal parietal frontal occipital,0
2763,0.458460,0.523238,0.821579,0.648231,0.616298,0.248618,0.286024,1.844037,temporal parietal frontal occipital,0
2764,0.480164,0.548008,0.860472,0.678918,0.260387,0.299565,0.645474,1.602871,temporal parietal frontal occipital,0
2765,0.484200,0.552614,0.867705,0.684624,0.262576,0.650899,0.302083,0.743893,temporal parietal occipital frontal,0
2766,0.427055,0.487395,0.765300,0.266432,0.603826,0.574081,0.231587,0.743893,temporal parietal occipital frontal,0
2767,0.423560,0.483406,0.759036,0.264251,0.598884,0.229692,0.569382,1.844037,temporal parietal occipital frontal,0
2768,0.428900,0.489501,0.768605,0.267582,0.576561,0.606434,0.232587,0.707248,temporal parietal occipital frontal,0
2769,0.425071,0.485130,0.761743,0.265193,0.571413,0.230511,0.601020,1.844037,temporal parietal occipital frontal,0
2770,0.447443,0.510664,0.801836,0.279151,0.242643,0.632653,0.601488,0.707248,temporal parietal occipital frontal,0
2771,0.447107,0.510281,0.801234,0.278942,0.242461,0.601037,0.632178,0.743893,temporal parietal occipital frontal,0
2772,0.453979,0.518123,0.813548,0.610274,0.641895,0.283229,0.246188,1.602871,temporal parietal occipital frontal,0
2773,0.453574,0.517661,0.812823,0.609730,0.641322,0.245968,0.282976,1.844037,temporal parietal frontal occipital,0
2774,0.478808,0.546460,0.858042,0.643651,0.298719,0.677001,0.259652,0.707248,temporal parietal occipital frontal,0
2775,0.474040,0.541019,0.849499,0.637242,0.295745,0.257067,0.670260,1.844037,temporal parietal frontal occipital,0
2776,0.481072,0.549044,0.862100,0.646695,0.260880,0.680202,0.300131,0.707248,temporal parietal occipital frontal,0
2777,0.476706,0.544062,0.854276,0.640826,0.258512,0.297408,0.674029,1.602871,temporal parietal frontal occipital,0
2778,0.420757,0.480207,0.754013,0.228172,0.594921,0.262502,0.565614,1.602871,temporal parietal occipital frontal,0
2779,0.423852,0.483740,0.759560,0.229850,0.599298,0.569776,0.264433,0.743893,temporal parietal occipital frontal,0
2780,0.441999,0.504451,0.792080,0.239691,0.275755,0.624956,0.594170,0.707248,temporal parietal occipital frontal,0
2781,0.441672,0.504077,0.791493,0.239514,0.275550,0.593730,0.624493,0.743893,temporal parietal occipital frontal,0
2782,0.425669,0.485814,0.762816,0.230836,0.572218,0.601867,0.265567,0.707248,temporal parietal occipital frontal,0
2783,0.422248,0.481908,0.756684,0.228980,0.567618,0.263432,0.597029,1.602871,temporal parietal occipital frontal,0
2784,0.499449,0.570018,0.706186,0.895033,0.311597,0.671399,0.270846,0.743893,temporal parietal occipital frontal,0
2785,0.494675,0.564569,0.699435,0.886477,0.308618,0.268256,0.664980,1.844037,temporal parietal frontal occipital,0
2786,0.474753,0.541832,0.671267,0.850776,0.638200,0.296189,0.257453,1.602871,temporal parietal frontal occipital,0
2787,0.474310,0.541327,0.670641,0.849982,0.637605,0.257213,0.295913,1.844037,temporal parietal frontal occipital,0
2788,0.497578,0.567883,0.703541,0.891680,0.269831,0.310429,0.668884,1.602871,temporal parietal frontal occipital,0
2789,0.501913,0.572831,0.709671,0.899449,0.272182,0.674711,0.313134,0.743893,temporal parietal occipital frontal,0
2790,0.417313,0.476276,0.590051,0.260353,0.747841,0.560985,0.226304,0.743893,temporal occipital parietal frontal,0
2791,0.413974,0.472466,0.585331,0.258271,0.741858,0.224494,0.556497,1.844037,temporal parietal frontal occipital,0
2792,0.428900,0.489501,0.606434,0.267582,0.576561,0.768605,0.232587,0.558023,temporal occipital parietal frontal,0
2793,0.423431,0.483259,0.598702,0.264170,0.569209,0.229622,0.758805,1.844037,temporal parietal frontal occipital,0
2794,0.447443,0.510664,0.632653,0.279151,0.242643,0.801836,0.601488,0.558023,occipital temporal parietal frontal,0
2795,0.445293,0.508210,0.629614,0.277810,0.241477,0.598598,0.797983,0.743893,temporal occipital parietal frontal,0
2796,0.442985,0.505576,0.626350,0.595496,0.793847,0.276370,0.240226,1.602871,temporal parietal frontal occipital,0
2797,0.442600,0.505136,0.625805,0.594977,0.793156,0.240017,0.276129,1.844037,temporal parietal frontal occipital,0
2798,0.478808,0.546460,0.677001,0.643651,0.298719,0.858042,0.259652,0.558023,occipital temporal parietal frontal,0
2799,0.472002,0.538693,0.667378,0.634502,0.294473,0.255961,0.845846,1.844037,temporal parietal frontal occipital,0
2800,0.481072,0.549044,0.680202,0.646695,0.260880,0.862100,0.300131,0.558023,occipital temporal parietal frontal,0
2801,0.474645,0.541709,0.671114,0.638055,0.257394,0.296122,0.850582,1.602871,temporal parietal frontal occipital,0
2802,0.411296,0.469410,0.581544,0.223041,0.737059,0.256600,0.552897,1.602871,temporal parietal occipital frontal,0
2803,0.414254,0.472785,0.585726,0.224645,0.742360,0.556873,0.258445,0.743893,temporal occipital parietal frontal,0
2804,0.441999,0.504451,0.624956,0.239691,0.275755,0.792080,0.594170,0.558023,occipital temporal parietal frontal,0
2805,0.439901,0.502057,0.621990,0.238554,0.274446,0.591350,0.788321,0.743893,temporal occipital parietal frontal,0
2806,0.425669,0.485814,0.601867,0.230836,0.572218,0.762816,0.265567,0.558023,temporal occipital parietal frontal,0
2807,0.420629,0.480062,0.594741,0.228102,0.565443,0.262422,0.753784,1.602871,temporal parietal frontal occipital,0
2808,0.472494,0.539254,0.294780,0.846728,0.668073,0.635163,0.256228,0.743893,temporal occipital frontal parietal,0
2809,0.468219,0.534375,0.292112,0.839066,0.662028,0.253910,0.629416,1.844037,temporal frontal parietal occipital,1
2810,0.474753,0.541832,0.296189,0.850776,0.638200,0.671267,0.257453,0.707248,temporal occipital frontal parietal,0
2811,0.470065,0.536483,0.293265,0.842376,0.631899,0.254911,0.664640,1.844037,temporal frontal parietal occipital,1
2812,0.497578,0.567883,0.310429,0.891680,0.269831,0.703541,0.668884,0.707248,temporal occipital frontal parietal,0
2813,0.497163,0.567409,0.310170,0.890936,0.269606,0.668326,0.702954,0.743893,temporal occipital frontal parietal,0
2814,0.445636,0.508601,0.278024,0.630098,0.798597,0.599059,0.241663,0.743893,temporal occipital frontal parietal,0
2815,0.441831,0.504259,0.275650,0.624718,0.791778,0.239600,0.593944,1.844037,temporal frontal parietal occipital,1
2816,0.458874,0.523710,0.286282,0.648816,0.616854,0.822320,0.248842,0.558023,temporal occipital parietal frontal,0
2817,0.452619,0.516571,0.282380,0.639972,0.608446,0.245450,0.811112,1.844037,temporal frontal parietal occipital,1
2818,0.480164,0.548008,0.299565,0.678918,0.260387,0.860472,0.645474,0.558023,occipital temporal parietal frontal,0
2819,0.477689,0.545183,0.298021,0.675419,0.259045,0.642147,0.856038,0.743893,temporal occipital frontal parietal,0
2820,0.442985,0.505576,0.276370,0.595496,0.793847,0.626350,0.240226,0.707248,temporal occipital parietal frontal,0
2821,0.438902,0.500916,0.273822,0.590006,0.786529,0.238011,0.620576,1.844037,temporal frontal parietal occipital,1
2822,0.453979,0.518123,0.283229,0.610274,0.641895,0.813548,0.246188,0.558023,temporal occipital parietal frontal,0
2823,0.447856,0.511135,0.279409,0.602043,0.633237,0.242867,0.802576,1.844037,temporal frontal parietal occipital,1
2824,0.476706,0.544062,0.297408,0.640826,0.258512,0.854276,0.674029,0.558023,occipital temporal parietal frontal,0
2825,0.474645,0.541709,0.296122,0.638055,0.257394,0.671114,0.850582,0.707248,temporal occipital frontal parietal,0
2826,0.411296,0.469410,0.256600,0.223041,0.737059,0.581544,0.552897,0.707248,temporal occipital parietal frontal,0
2827,0.411013,0.469086,0.256423,0.222887,0.736551,0.552515,0.581143,0.743893,temporal occipital parietal frontal,0
2828,0.420757,0.480207,0.262502,0.228172,0.594921,0.754013,0.565614,0.558023,temporal occipital parietal frontal,0
2829,0.418855,0.478037,0.261316,0.227140,0.592232,0.563058,0.750605,0.743893,temporal occipital parietal frontal,0
2830,0.422248,0.481908,0.263432,0.228980,0.567618,0.756684,0.597029,0.558023,temporal occipital parietal frontal,0
2831,0.420629,0.480062,0.262422,0.228102,0.565443,0.594741,0.753784,0.707248,temporal occipital parietal frontal,0
2832,0.472494,0.539254,0.635163,0.846728,0.668073,0.294780,0.256228,1.602871,temporal parietal frontal occipital,0
2833,0.472055,0.538754,0.634574,0.845942,0.667453,0.255990,0.294506,1.844037,temporal parietal frontal occipital,0
2834,0.499449,0.570018,0.671399,0.895033,0.311597,0.706186,0.270846,0.707248,temporal occipital parietal frontal,0
2835,0.494264,0.564101,0.664429,0.885741,0.308362,0.268034,0.698855,1.844037,temporal parietal frontal occipital,0
2836,0.501913,0.572831,0.674711,0.899449,0.272182,0.709671,0.313134,0.707248,temporal occipital parietal frontal,0
2837,0.497163,0.567409,0.668326,0.890936,0.269606,0.310170,0.702954,1.602871,temporal parietal frontal occipital,0
2838,0.445636,0.508601,0.599059,0.630098,0.798597,0.278024,0.241663,1.602871,temporal parietal frontal occipital,0
2839,0.445246,0.508156,0.598534,0.629546,0.797898,0.241452,0.277780,1.844037,temporal parietal frontal occipital,0
2840,0.481906,0.549996,0.647816,0.681381,0.300652,0.863594,0.261332,0.558023,occipital temporal parietal frontal,0
2841,0.475012,0.542128,0.638549,0.671634,0.296351,0.257594,0.851241,1.844037,temporal parietal frontal occipital,0
2842,0.484200,0.552614,0.650899,0.684624,0.262576,0.867705,0.302083,0.558023,occipital temporal parietal frontal,0
2843,0.477689,0.545183,0.642147,0.675419,0.259045,0.298021,0.856038,1.602871,temporal parietal frontal occipital,0
2844,0.417313,0.476276,0.560985,0.260353,0.747841,0.590051,0.226304,0.707248,temporal occipital parietal frontal,0
2845,0.413687,0.472138,0.556110,0.258091,0.741343,0.224338,0.584924,1.844037,temporal parietal frontal occipital,0
2846,0.427055,0.487395,0.574081,0.266432,0.603826,0.765300,0.231587,0.558023,temporal occipital parietal frontal,0
2847,0.421633,0.481207,0.566792,0.263049,0.596159,0.228647,0.755583,1.844037,temporal parietal frontal occipital,0
2848,0.447107,0.510281,0.601037,0.278942,0.242461,0.801234,0.632178,0.558023,occipital temporal parietal frontal,0
2849,0.445293,0.508210,0.598598,0.277810,0.241477,0.629614,0.797983,0.707248,temporal occipital parietal frontal,0
2850,0.414254,0.472785,0.556873,0.224645,0.742360,0.585726,0.258445,0.707248,temporal occipital parietal frontal,0
2851,0.411013,0.469086,0.552515,0.222887,0.736551,0.256423,0.581143,1.602871,temporal parietal occipital frontal,0
2852,0.423852,0.483740,0.569776,0.229850,0.599298,0.759560,0.264433,0.558023,temporal occipital parietal frontal,0
2853,0.418855,0.478037,0.563058,0.227140,0.592232,0.261316,0.750605,1.602871,temporal parietal frontal occipital,0
2854,0.441672,0.504077,0.593730,0.239514,0.275550,0.791493,0.624493,0.558023,occipital temporal parietal frontal,0
2855,0.439901,0.502057,0.591350,0.238554,0.274446,0.621990,0.788321,0.707248,temporal occipital parietal frontal,0
2856,0.468219,0.534375,0.253910,0.839066,0.662028,0.292112,0.629416,1.602871,temporal frontal occipital parietal,0
2857,0.472055,0.538754,0.255990,0.845942,0.667453,0.634574,0.294506,0.743893,temporal occipital frontal parietal,0
2858,0.494675,0.564569,0.268256,0.886477,0.308618,0.699435,0.664980,0.707248,temporal occipital frontal parietal,0
2859,0.494264,0.564101,0.268034,0.885741,0.308362,0.664429,0.698855,0.743893,temporal occipital frontal parietal,0
2860,0.474310,0.541327,0.257213,0.849982,0.637605,0.670641,0.295913,0.707248,temporal occipital frontal parietal,0
2861,0.470065,0.536483,0.254911,0.842376,0.631899,0.293265,0.664640,1.602871,temporal frontal occipital parietal,0
2862,0.441831,0.504259,0.239600,0.624718,0.791778,0.275650,0.593944,1.602871,temporal frontal occipital parietal,0
2863,0.445246,0.508156,0.241452,0.629546,0.797898,0.598534,0.277780,0.743893,temporal occipital frontal parietal,0
2864,0.477459,0.544921,0.258921,0.675094,0.297878,0.855626,0.641838,0.558023,occipital temporal frontal parietal,0
2865,0.475012,0.542128,0.257594,0.671634,0.296351,0.638549,0.851241,0.743893,temporal occipital frontal parietal,0
2866,0.458460,0.523238,0.248618,0.648231,0.616298,0.821579,0.286024,0.558023,temporal occipital frontal parietal,0
2867,0.452619,0.516571,0.245450,0.639972,0.608446,0.282380,0.811112,1.602871,temporal frontal occipital parietal,0
2868,0.413974,0.472466,0.224494,0.258271,0.741858,0.585331,0.556497,0.707248,temporal occipital frontal parietal,0
2869,0.413687,0.472138,0.224338,0.258091,0.741343,0.556110,0.584924,0.743893,temporal occipital frontal parietal,0
2870,0.423560,0.483406,0.229692,0.264251,0.598884,0.759036,0.569382,0.558023,temporal occipital parietal frontal,0
2871,0.421633,0.481207,0.228647,0.263049,0.596159,0.566792,0.755583,0.743893,temporal occipital frontal parietal,0
2872,0.425071,0.485130,0.230511,0.265193,0.571413,0.761743,0.601020,0.558023,temporal occipital parietal frontal,0
2873,0.423431,0.483259,0.229622,0.264170,0.569209,0.598702,0.758805,0.707248,temporal occipital frontal parietal,0
2874,0.442600,0.505136,0.240017,0.594977,0.793156,0.625805,0.276129,0.707248,temporal occipital frontal parietal,0
2875,0.438902,0.500916,0.238011,0.590006,0.786529,0.273822,0.620576,1.602871,temporal frontal occipital parietal,0
2876,0.453574,0.517661,0.245968,0.609730,0.641322,0.812823,0.282976,0.558023,temporal occipital frontal parietal,0
2877,0.447856,0.511135,0.242867,0.602043,0.633237,0.279409,0.802576,1.602871,temporal frontal occipital parietal,0
2878,0.474040,0.541019,0.257067,0.637242,0.295745,0.849499,0.670260,0.558023,occipital temporal frontal parietal,0
2879,0.472002,0.538693,0.255961,0.634502,0.294473,0.667378,0.845846,0.707248,temporal occipital frontal parietal,0
2880,0.550508,0.733875,0.579032,0.255491,0.409519,0.222078,0.467382,2.478899,temporal parietal frontal occipital,0
2881,0.553781,0.738239,0.582475,0.257010,0.411954,0.470161,0.223398,1.177855,temporal occipital parietal frontal,0
2882,0.565842,0.754317,0.595161,0.262608,0.228264,0.420926,0.480401,1.344279,temporal parietal occipital frontal,0
2883,0.566655,0.755400,0.596015,0.262985,0.228591,0.481090,0.421531,1.177855,temporal occipital parietal frontal,0
2884,0.549160,0.732078,0.577614,0.254866,0.466237,0.408517,0.221534,1.344279,temporal parietal occipital frontal,0
2885,0.546697,0.728794,0.575023,0.253722,0.464146,0.220540,0.406684,2.478899,temporal parietal frontal occipital,0
2886,0.580681,0.774098,0.610768,0.431965,0.269494,0.234250,0.492999,2.478899,temporal parietal frontal occipital,0
2887,0.584324,0.778955,0.614600,0.434675,0.271185,0.496092,0.235719,1.177855,temporal occipital parietal frontal,0
2888,0.583655,0.778063,0.613896,0.434177,0.235449,0.270875,0.495524,2.154705,temporal parietal frontal occipital,0
2889,0.586832,0.782298,0.617238,0.436540,0.236731,0.498221,0.272349,1.177855,temporal occipital parietal frontal,0
2890,0.565922,0.754424,0.595245,0.420986,0.480469,0.262645,0.228296,2.154705,temporal parietal frontal occipital,0
2891,0.565454,0.753800,0.594753,0.420638,0.480071,0.228107,0.262428,2.478899,temporal parietal frontal occipital,0
2892,0.559362,0.745678,0.588344,0.225649,0.259600,0.416105,0.474898,1.344279,temporal parietal occipital frontal,0
2893,0.560155,0.746735,0.589179,0.225969,0.259968,0.475572,0.416696,1.177855,temporal occipital parietal frontal,0
2894,0.546985,0.729178,0.575326,0.220656,0.406898,0.253856,0.464391,2.154705,temporal parietal frontal occipital,0
2895,0.549774,0.732896,0.578260,0.221782,0.408973,0.466759,0.255150,1.177855,temporal occipital parietal frontal,0
2896,0.543222,0.724162,0.571368,0.219138,0.461196,0.252110,0.404099,2.154705,temporal parietal frontal occipital,0
2897,0.545219,0.726824,0.573469,0.219944,0.462891,0.405585,0.253036,1.344279,temporal parietal occipital frontal,0
2898,0.591325,0.788288,0.621964,0.502036,0.274434,0.439883,0.238543,1.344279,temporal parietal occipital frontal,0
2899,0.588470,0.784482,0.618961,0.499612,0.273109,0.237392,0.437759,2.478899,temporal parietal frontal occipital,0
2900,0.577511,0.769872,0.607434,0.490307,0.429607,0.268023,0.232971,2.154705,temporal parietal frontal occipital,0
2901,0.577024,0.769222,0.606921,0.489893,0.429244,0.232774,0.267797,2.478899,temporal parietal frontal occipital,0
2902,0.591525,0.788554,0.622174,0.502205,0.238624,0.274527,0.440031,2.154705,temporal parietal frontal occipital,0
2903,0.593893,0.791711,0.624665,0.504216,0.239579,0.441793,0.275626,1.344279,temporal parietal occipital frontal,0
2904,0.587127,0.782691,0.272486,0.617548,0.436760,0.236850,0.498471,2.478899,temporal frontal parietal occipital,1
2905,0.590852,0.787656,0.274215,0.621466,0.439531,0.501633,0.238352,1.177855,temporal occipital frontal parietal,0
2906,0.604601,0.805986,0.280596,0.635928,0.243899,0.449759,0.513307,1.344279,temporal occipital frontal parietal,0
2907,0.605529,0.807222,0.281026,0.636903,0.244273,0.514094,0.450449,1.177855,temporal occipital frontal parietal,0
2908,0.585594,0.780647,0.271774,0.615935,0.497170,0.435619,0.236231,1.344279,temporal occipital frontal parietal,0
2909,0.582794,0.776914,0.270475,0.612990,0.494792,0.235102,0.433536,2.478899,temporal frontal parietal occipital,1
2910,0.553377,0.737699,0.256823,0.411654,0.582049,0.223235,0.469818,2.478899,temporal frontal occipital parietal,0
2911,0.556685,0.742109,0.258358,0.414114,0.585528,0.472626,0.224569,1.177855,temporal occipital frontal parietal,0
2912,0.583655,0.778063,0.270875,0.434177,0.235449,0.613896,0.495524,0.950739,temporal occipital frontal parietal,0
2913,0.581995,0.775850,0.270104,0.432942,0.234780,0.494114,0.612150,1.177855,temporal occipital frontal parietal,0
2914,0.565922,0.754424,0.262645,0.420986,0.480469,0.595245,0.228296,0.950739,temporal occipital frontal parietal,0
2915,0.560962,0.747811,0.260343,0.417296,0.476257,0.226295,0.590028,2.478899,temporal frontal occipital parietal,0
2916,0.533982,0.711844,0.247821,0.215411,0.561649,0.397226,0.453351,1.344279,temporal occipital frontal parietal,0
2917,0.534705,0.712808,0.248157,0.215703,0.562410,0.453965,0.397764,1.177855,temporal occipital frontal parietal,0
2918,0.546985,0.729178,0.253856,0.220656,0.406898,0.575326,0.464391,0.950739,temporal occipital frontal parietal,0
2919,0.545527,0.727234,0.253179,0.220068,0.405814,0.463153,0.573792,1.177855,temporal occipital frontal parietal,0
2920,0.543222,0.724162,0.252110,0.219138,0.461196,0.571368,0.404099,0.950739,temporal occipital frontal parietal,0
2921,0.541041,0.721255,0.251098,0.218259,0.459345,0.402477,0.569075,1.344279,temporal occipital frontal parietal,0
2922,0.563035,0.750575,0.261305,0.478017,0.592208,0.418838,0.227131,1.344279,temporal occipital frontal parietal,0
2923,0.560446,0.747124,0.260104,0.475819,0.589485,0.226087,0.416912,2.478899,temporal frontal occipital parietal,0
2924,0.577511,0.769872,0.268023,0.490307,0.429607,0.607434,0.232971,0.950739,temporal occipital frontal parietal,0
2925,0.572347,0.762988,0.265626,0.485923,0.425765,0.230887,0.602002,2.478899,temporal frontal occipital parietal,0
2926,0.591525,0.788554,0.274527,0.502205,0.238624,0.622174,0.440031,0.950739,temporal occipital frontal parietal,0
2927,0.588940,0.785108,0.273327,0.500011,0.237581,0.438109,0.619455,1.344279,temporal occipital frontal parietal,0
2928,0.601411,0.801732,0.447385,0.632572,0.279115,0.242612,0.510598,2.478899,temporal frontal parietal occipital,1
2929,0.605319,0.806943,0.450293,0.636683,0.280929,0.513917,0.244189,1.177855,temporal occipital parietal frontal,0
2930,0.604601,0.805986,0.449759,0.635928,0.243899,0.280596,0.513307,2.154705,temporal frontal parietal occipital,1
2931,0.608011,0.810531,0.452295,0.639514,0.245275,0.516202,0.282178,1.177855,temporal occipital parietal frontal,0
2932,0.585594,0.780647,0.435619,0.615935,0.497170,0.271774,0.236231,2.154705,temporal frontal parietal occipital,1
2933,0.585093,0.779979,0.435247,0.615408,0.496744,0.236029,0.271542,2.478899,temporal frontal parietal occipital,1
2934,0.537339,0.716320,0.399723,0.249379,0.565181,0.216765,0.456201,2.478899,temporal parietal frontal occipital,0
2935,0.540457,0.720476,0.402043,0.250827,0.568460,0.458849,0.218023,1.177855,temporal occipital parietal frontal,0
2936,0.565842,0.754317,0.420926,0.262608,0.228264,0.595161,0.480401,0.950739,temporal occipital parietal frontal,0
2937,0.564282,0.752237,0.419766,0.261884,0.227634,0.479076,0.593519,1.177855,temporal occipital parietal frontal,0
2938,0.549160,0.732078,0.408517,0.254866,0.466237,0.577614,0.221534,0.950739,temporal occipital parietal frontal,0
2939,0.544488,0.725850,0.405041,0.252697,0.462271,0.219649,0.572700,2.478899,temporal parietal frontal occipital,0
2940,0.533982,0.711844,0.397226,0.215411,0.561649,0.247821,0.453351,2.154705,temporal parietal frontal occipital,0
2941,0.536640,0.715387,0.399203,0.216483,0.564445,0.455607,0.249055,1.177855,temporal occipital parietal frontal,0
2942,0.559362,0.745678,0.416105,0.225649,0.259600,0.588344,0.474898,0.950739,temporal occipital parietal frontal,0
2943,0.557837,0.743645,0.414971,0.225034,0.258892,0.473604,0.586740,1.177855,temporal occipital parietal frontal,0
2944,0.545219,0.726824,0.405585,0.219944,0.462891,0.573469,0.253036,0.950739,temporal occipital parietal frontal,0
2945,0.541041,0.721255,0.402477,0.218259,0.459345,0.251098,0.569075,2.154705,temporal parietal frontal occipital,0
2946,0.563035,0.750575,0.418838,0.478017,0.592208,0.261305,0.227131,2.154705,temporal parietal frontal occipital,0
2947,0.562572,0.749957,0.418494,0.477624,0.591721,0.226944,0.261090,2.478899,temporal frontal parietal occipital,1
2948,0.591325,0.788288,0.439883,0.502036,0.274434,0.621964,0.238543,0.950739,temporal occipital parietal frontal,0
2949,0.585912,0.781071,0.435856,0.497440,0.271922,0.236360,0.616270,2.478899,temporal frontal parietal occipital,1
2950,0.593893,0.791711,0.441793,0.504216,0.239579,0.624665,0.275626,0.950739,temporal occipital parietal frontal,0
2951,0.588940,0.785108,0.438109,0.500011,0.237581,0.273327,0.619455,2.154705,temporal frontal parietal occipital,1
2952,0.601411,0.801732,0.242612,0.632572,0.279115,0.447385,0.510598,1.344279,temporal occipital frontal parietal,0
2953,0.602328,0.802955,0.242982,0.633537,0.279541,0.511377,0.448068,1.177855,temporal occipital frontal parietal,0
2954,0.587127,0.782691,0.236850,0.617548,0.436760,0.272486,0.498471,2.154705,temporal frontal occipital parietal,0
2955,0.590341,0.786976,0.238147,0.620929,0.439151,0.501200,0.273978,1.177855,temporal occipital frontal parietal,0
2956,0.582794,0.776914,0.235102,0.612990,0.494792,0.270475,0.433536,2.154705,temporal frontal occipital parietal,0
2957,0.585093,0.779979,0.236029,0.615408,0.496744,0.435247,0.271542,1.344279,temporal occipital frontal parietal,0
2958,0.537339,0.716320,0.216765,0.249379,0.565181,0.399723,0.456201,1.344279,temporal occipital frontal parietal,0
2959,0.538071,0.717296,0.217061,0.249719,0.565951,0.456823,0.400268,1.177855,temporal occipital frontal parietal,0
2960,0.550508,0.733875,0.222078,0.255491,0.409519,0.579032,0.467382,0.950739,temporal occipital frontal parietal,0
2961,0.549031,0.731906,0.221482,0.254806,0.408421,0.466128,0.577478,1.177855,temporal occipital frontal parietal,0
2962,0.546697,0.728794,0.220540,0.253722,0.464146,0.575023,0.406684,0.950739,temporal occipital frontal parietal,0
2963,0.544488,0.725850,0.219649,0.252697,0.462271,0.405041,0.572700,1.344279,temporal occipital frontal parietal,0
2964,0.553377,0.737699,0.223235,0.411654,0.582049,0.256823,0.469818,2.154705,temporal frontal occipital parietal,0
2965,0.556232,0.741505,0.224387,0.413777,0.585052,0.472241,0.258148,1.177855,temporal occipital frontal parietal,0
2966,0.580681,0.774098,0.234250,0.431965,0.269494,0.610768,0.492999,0.950739,temporal occipital frontal parietal,0
2967,0.579038,0.771908,0.233587,0.430742,0.268732,0.491604,0.609040,1.177855,temporal occipital frontal parietal,0
2968,0.565454,0.753800,0.228107,0.420638,0.480071,0.594753,0.262428,0.950739,temporal occipital frontal parietal,0
2969,0.560962,0.747811,0.226295,0.417296,0.476257,0.260343,0.590028,2.154705,temporal frontal occipital parietal,0
2970,0.560446,0.747124,0.226087,0.475819,0.589485,0.260104,0.416912,2.154705,temporal frontal occipital parietal,0
2971,0.562572,0.749957,0.226944,0.477624,0.591721,0.418494,0.261090,1.344279,temporal occipital frontal parietal,0
2972,0.588470,0.784482,0.237392,0.499612,0.273109,0.618961,0.437759,0.950739,temporal occipital frontal parietal,0
2973,0.585912,0.781071,0.236360,0.497440,0.271922,0.435856,0.616270,1.344279,temporal occipital frontal parietal,0
2974,0.577024,0.769222,0.232774,0.489893,0.429244,0.606921,0.267797,0.950739,temporal occipital frontal parietal,0
2975,0.572347,0.762988,0.230887,0.485923,0.425765,0.265626,0.602002,2.154705,temporal frontal occipital parietal,0
2976,0.605319,0.806943,0.513917,0.636683,0.280929,0.450293,0.244189,1.344279,temporal occipital parietal frontal,0
2977,0.602328,0.802955,0.511377,0.633537,0.279541,0.242982,0.448068,2.478899,temporal parietal frontal occipital,0
2978,0.590852,0.787656,0.501633,0.621466,0.439531,0.274215,0.238352,2.154705,temporal parietal frontal occipital,0
2979,0.590341,0.786976,0.501200,0.620929,0.439151,0.238147,0.273978,2.478899,temporal parietal frontal occipital,0
2980,0.605529,0.807222,0.514094,0.636903,0.244273,0.281026,0.450449,2.154705,temporal parietal frontal occipital,0
2981,0.608011,0.810531,0.516202,0.639514,0.245275,0.452295,0.282178,1.344279,temporal occipital parietal frontal,0
2982,0.540457,0.720476,0.458849,0.250827,0.568460,0.402043,0.218023,1.344279,temporal occipital parietal frontal,0
2983,0.538071,0.717296,0.456823,0.249719,0.565951,0.217061,0.400268,2.478899,temporal parietal frontal occipital,0
2984,0.553781,0.738239,0.470161,0.257010,0.411954,0.582475,0.223398,0.950739,temporal occipital parietal frontal,0
2985,0.549031,0.731906,0.466128,0.254806,0.408421,0.221482,0.577478,2.478899,temporal parietal frontal occipital,0
2986,0.566655,0.755400,0.481090,0.262985,0.228591,0.596015,0.421531,0.950739,temporal occipital parietal frontal,0
2987,0.564282,0.752237,0.479076,0.261884,0.227634,0.419766,0.593519,1.344279,temporal occipital parietal frontal,0
2988,0.556685,0.742109,0.472626,0.414114,0.585528,0.258358,0.224569,2.154705,temporal parietal frontal occipital,0
2989,0.556232,0.741505,0.472241,0.413777,0.585052,0.224387,0.258148,2.478899,temporal parietal frontal occipital,0
2990,0.584324,0.778955,0.496092,0.434675,0.271185,0.614600,0.235719,0.950739,temporal occipital parietal frontal,0
2991,0.579038,0.771908,0.491604,0.430742,0.268732,0.233587,0.609040,2.478899,temporal parietal frontal occipital,0
2992,0.586832,0.782298,0.498221,0.436540,0.236731,0.617238,0.272349,0.950739,temporal occipital parietal frontal,0
2993,0.581995,0.775850,0.494114,0.432942,0.234780,0.270104,0.612150,2.154705,temporal parietal frontal occipital,0
2994,0.534705,0.712808,0.453965,0.215703,0.562410,0.248157,0.397764,2.154705,temporal parietal frontal occipital,0
2995,0.536640,0.715387,0.455607,0.216483,0.564445,0.399203,0.249055,1.344279,temporal occipital parietal frontal,0
2996,0.560155,0.746735,0.475572,0.225969,0.259968,0.589179,0.416696,0.950739,temporal occipital parietal frontal,0
2997,0.557837,0.743645,0.473604,0.225034,0.258892,0.414971,0.586740,1.344279,temporal occipital parietal frontal,0
2998,0.549774,0.732896,0.466759,0.221782,0.408973,0.578260,0.255150,0.950739,temporal occipital parietal frontal,0
2999,0.545527,0.727234,0.463153,0.220068,0.405814,0.253179,0.573792,2.154705,temporal parietal frontal occipital,0
3000,0.558849,0.587805,0.744994,0.259362,0.415724,0.225442,0.474463,2.478899,temporal parietal frontal occipital,0
3001,0.562222,0.591353,0.749491,0.260928,0.418234,0.477327,0.226803,1.177855,temporal parietal occipital frontal,0
3002,0.574658,0.604433,0.766069,0.266699,0.231820,0.427484,0.487885,1.344279,temporal parietal occipital frontal,0
3003,0.575496,0.605314,0.767185,0.267088,0.232158,0.488596,0.428107,1.177855,temporal parietal occipital frontal,0
3004,0.557460,0.586344,0.743142,0.258717,0.473284,0.414691,0.224882,1.344279,temporal parietal occipital frontal,0
3005,0.554922,0.583674,0.739758,0.257539,0.471129,0.223858,0.412802,2.478899,temporal parietal frontal occipital,0
3006,0.589969,0.620537,0.786479,0.438874,0.273805,0.237996,0.500884,2.478899,temporal parietal frontal occipital,0
3007,0.593730,0.624493,0.791493,0.441672,0.275550,0.504077,0.239514,1.177855,temporal parietal occipital frontal,0
3008,0.593039,0.623766,0.790572,0.441158,0.239235,0.275230,0.503491,2.154705,temporal parietal frontal occipital,0
3009,0.596319,0.627216,0.794945,0.443598,0.240558,0.506275,0.276752,1.177855,temporal parietal occipital frontal,0
3010,0.574740,0.604520,0.766179,0.427546,0.487955,0.266737,0.231853,2.154705,temporal parietal frontal occipital,0
3011,0.574258,0.604012,0.765535,0.427187,0.487545,0.231658,0.266513,2.478899,temporal parietal frontal occipital,0
3012,0.567975,0.597404,0.757160,0.229124,0.263597,0.422513,0.482211,1.344279,temporal parietal occipital frontal,0
3013,0.568793,0.598264,0.758250,0.229454,0.263977,0.482906,0.423121,1.177855,temporal parietal occipital frontal,0
3014,0.555218,0.583986,0.740154,0.223978,0.413023,0.257677,0.471381,2.154705,temporal parietal frontal occipital,0
3015,0.558092,0.587009,0.743985,0.225137,0.415161,0.473821,0.259011,1.177855,temporal parietal occipital frontal,0
3016,0.551342,0.579909,0.734986,0.222414,0.468090,0.255878,0.410140,2.154705,temporal parietal frontal occipital,0
3017,0.553399,0.582072,0.737729,0.223244,0.469836,0.411670,0.256833,1.344279,temporal parietal occipital frontal,0
3018,0.600959,0.632097,0.801131,0.510215,0.278906,0.447050,0.242430,1.344279,temporal parietal occipital frontal,0
3019,0.598011,0.628996,0.797200,0.507712,0.277537,0.241240,0.444856,2.478899,temporal parietal frontal occipital,0
3020,0.586697,0.617096,0.782118,0.498106,0.436440,0.272286,0.236676,2.154705,temporal parietal frontal occipital,0
3021,0.586194,0.616566,0.781447,0.497679,0.436066,0.236473,0.272053,2.478899,temporal parietal frontal occipital,0
3022,0.601166,0.632314,0.801406,0.510390,0.242513,0.279001,0.447203,2.154705,temporal parietal frontal occipital,0
3023,0.603612,0.634887,0.804667,0.512467,0.243500,0.449023,0.280137,1.344279,temporal parietal occipital frontal,0
3024,0.616569,0.648516,0.286150,0.821940,0.458662,0.248727,0.523468,2.478899,temporal frontal parietal occipital,1
3025,0.620678,0.652838,0.288057,0.827418,0.461719,0.526956,0.250385,1.177855,temporal occipital frontal parietal,0
3026,0.635869,0.668816,0.295107,0.847669,0.256513,0.473019,0.539853,1.344279,temporal frontal occipital parietal,0
3027,0.636895,0.669895,0.295583,0.849036,0.256927,0.540724,0.473782,1.177855,temporal occipital frontal parietal,0
3028,0.614879,0.646738,0.285366,0.819687,0.522033,0.457404,0.248045,1.344279,temporal frontal occipital parietal,0
3029,0.611792,0.643492,0.283933,0.815572,0.519412,0.246800,0.455108,2.478899,temporal frontal parietal occipital,1
3030,0.549257,0.577716,0.254911,0.408589,0.732207,0.221573,0.466320,2.478899,temporal frontal parietal occipital,1
3031,0.552515,0.581143,0.256423,0.411013,0.736551,0.469086,0.222887,1.177855,temporal occipital frontal parietal,0
3032,0.593039,0.623766,0.275230,0.441158,0.239235,0.790572,0.503491,0.750139,temporal occipital frontal parietal,0
3033,0.588965,0.619481,0.273339,0.438127,0.237591,0.500032,0.785141,1.177855,temporal occipital frontal parietal,0
3034,0.574740,0.604520,0.266737,0.427546,0.487955,0.766179,0.231853,0.750139,temporal occipital frontal parietal,0
3035,0.567434,0.596835,0.263347,0.422111,0.481752,0.228906,0.756439,2.478899,temporal frontal parietal occipital,1
3036,0.530145,0.557613,0.246040,0.213863,0.706729,0.394371,0.450093,1.344279,temporal occipital frontal parietal,0
3037,0.530857,0.558363,0.246371,0.214150,0.707679,0.450698,0.394901,1.177855,temporal occipital frontal parietal,0
3038,0.555218,0.583986,0.257677,0.223978,0.413023,0.740154,0.471381,0.750139,temporal occipital frontal parietal,0
3039,0.551646,0.580228,0.256019,0.222537,0.410366,0.468348,0.735391,1.177855,temporal occipital frontal parietal,0
3040,0.551342,0.579909,0.255878,0.222414,0.468090,0.734986,0.410140,0.750139,temporal occipital frontal parietal,0
3041,0.547060,0.575405,0.253891,0.220687,0.464454,0.406954,0.729278,1.344279,temporal occipital frontal parietal,0
3042,0.558771,0.587723,0.259326,0.474397,0.744890,0.415666,0.225411,1.344279,temporal occipital frontal parietal,0
3043,0.556221,0.585041,0.258142,0.472232,0.741490,0.224382,0.413769,2.478899,temporal frontal parietal occipital,1
3044,0.586697,0.617096,0.272286,0.498106,0.436440,0.782118,0.236676,0.750139,temporal occipital frontal parietal,0
3045,0.579086,0.609090,0.268754,0.491644,0.430778,0.233606,0.771971,2.478899,temporal frontal parietal occipital,1
3046,0.601166,0.632314,0.279001,0.510390,0.242513,0.801406,0.447203,0.750139,temporal occipital frontal parietal,0
3047,0.596078,0.626963,0.276640,0.506071,0.240461,0.443418,0.794624,1.344279,temporal occipital frontal parietal,0
3048,0.632341,0.665105,0.470394,0.842965,0.293470,0.255089,0.536858,2.478899,temporal frontal parietal occipital,1
3049,0.636664,0.669651,0.473610,0.848728,0.295476,0.540528,0.256833,1.177855,temporal occipital frontal parietal,0
3050,0.635869,0.668816,0.473019,0.847669,0.256513,0.295107,0.539853,2.154705,temporal frontal parietal occipital,1
3051,0.639642,0.672784,0.475825,0.852698,0.258035,0.543056,0.296858,1.177855,temporal occipital frontal parietal,0
3052,0.614879,0.646738,0.457404,0.819687,0.522033,0.285366,0.248045,2.154705,temporal frontal parietal occipital,1
3053,0.614326,0.646157,0.456993,0.818950,0.521564,0.247822,0.285109,2.478899,temporal frontal parietal occipital,1
3054,0.533454,0.561094,0.396833,0.247576,0.711140,0.215198,0.452902,2.478899,temporal frontal parietal occipital,1
3055,0.536527,0.564326,0.399119,0.249002,0.715237,0.455512,0.216437,1.177855,temporal occipital parietal frontal,0
3056,0.574658,0.604433,0.427484,0.266699,0.231820,0.766069,0.487885,0.750139,temporal occipital parietal frontal,0
3057,0.570832,0.600408,0.424638,0.264923,0.230276,0.484636,0.760968,1.177855,temporal occipital parietal frontal,0
3058,0.557460,0.586344,0.414691,0.258717,0.473284,0.743142,0.224882,0.750139,temporal occipital parietal frontal,0
3059,0.550584,0.579111,0.409576,0.255526,0.467446,0.222108,0.733976,2.478899,temporal frontal parietal occipital,1
3060,0.530145,0.557613,0.394371,0.213863,0.706729,0.246040,0.450093,2.154705,temporal frontal parietal occipital,1
3061,0.532764,0.560369,0.396320,0.214920,0.710221,0.452317,0.247256,1.177855,temporal occipital parietal frontal,0
3062,0.567975,0.597404,0.422513,0.229124,0.263597,0.757160,0.482211,0.750139,temporal occipital parietal frontal,0
3063,0.564237,0.593472,0.419732,0.227616,0.261863,0.479037,0.752176,1.177855,temporal occipital parietal frontal,0
3064,0.553399,0.582072,0.411670,0.223244,0.469836,0.737729,0.256833,0.750139,temporal occipital parietal frontal,0
3065,0.547060,0.575405,0.406954,0.220687,0.464454,0.253891,0.729278,2.154705,temporal frontal parietal occipital,1
3066,0.558771,0.587723,0.415666,0.474397,0.744890,0.259326,0.225411,2.154705,temporal frontal parietal occipital,1
3067,0.558314,0.587243,0.415326,0.474009,0.744282,0.225227,0.259114,2.478899,temporal frontal parietal occipital,1
3068,0.600959,0.632097,0.447050,0.510215,0.278906,0.801131,0.242430,0.750139,temporal occipital parietal frontal,0
3069,0.592976,0.623700,0.441111,0.503437,0.275201,0.239210,0.790489,2.478899,temporal frontal parietal occipital,1
3070,0.603612,0.634887,0.449023,0.512467,0.243500,0.804667,0.280137,0.750139,temporal occipital parietal frontal,0
3071,0.596078,0.626963,0.443418,0.506071,0.240461,0.276640,0.794624,2.154705,temporal frontal parietal occipital,1
3072,0.632341,0.665105,0.255089,0.842965,0.293470,0.470394,0.536858,1.344279,temporal frontal occipital parietal,0
3073,0.633355,0.666172,0.255499,0.844317,0.293941,0.537719,0.471149,1.177855,temporal occipital frontal parietal,0
3074,0.616569,0.648516,0.248727,0.821940,0.458662,0.286150,0.523468,2.154705,temporal frontal occipital parietal,0
3075,0.620115,0.652246,0.250158,0.826668,0.461300,0.526478,0.287796,1.177855,temporal occipital frontal parietal,0
3076,0.611792,0.643492,0.246800,0.815572,0.519412,0.283933,0.455108,2.154705,temporal frontal occipital parietal,0
3077,0.614326,0.646157,0.247822,0.818950,0.521564,0.456993,0.285109,1.344279,temporal frontal occipital parietal,0
3078,0.533454,0.561094,0.215198,0.247576,0.711140,0.396833,0.452902,1.344279,temporal occipital frontal parietal,0
3079,0.534175,0.561853,0.215489,0.247911,0.712102,0.453515,0.397369,1.177855,temporal occipital frontal parietal,0
3080,0.558849,0.587805,0.225442,0.259362,0.415724,0.744994,0.474463,0.750139,temporal occipital frontal parietal,0
3081,0.555229,0.583998,0.223982,0.257682,0.413031,0.471390,0.740169,1.177855,temporal occipital frontal parietal,0
3082,0.554922,0.583674,0.223858,0.257539,0.471129,0.739758,0.412802,0.750139,temporal occipital frontal parietal,0
3083,0.550584,0.579111,0.222108,0.255526,0.467446,0.409576,0.733976,1.344279,temporal occipital frontal parietal,0
3084,0.549257,0.577716,0.221573,0.408589,0.732207,0.254911,0.466320,2.154705,temporal frontal occipital parietal,0
3085,0.552069,0.580674,0.222707,0.410681,0.735956,0.468707,0.256216,1.177855,temporal occipital frontal parietal,0
3086,0.589969,0.620537,0.237996,0.438874,0.273805,0.786479,0.500884,0.750139,temporal occipital frontal parietal,0
3087,0.585936,0.616296,0.236370,0.435874,0.271933,0.497460,0.781104,1.177855,temporal occipital frontal parietal,0
3088,0.574258,0.604012,0.231658,0.427187,0.487545,0.765535,0.266513,0.750139,temporal occipital frontal parietal,0
3089,0.567434,0.596835,0.228906,0.422111,0.481752,0.263347,0.756439,2.154705,temporal frontal occipital parietal,0
3090,0.556221,0.585041,0.224382,0.472232,0.741490,0.258142,0.413769,2.154705,temporal frontal occipital parietal,0
3091,0.558314,0.587243,0.225227,0.474009,0.744282,0.415326,0.259114,1.344279,temporal occipital frontal parietal,0
3092,0.598011,0.628996,0.241240,0.507712,0.277537,0.797200,0.444856,0.750139,temporal occipital frontal parietal,0
3093,0.592976,0.623700,0.239210,0.503437,0.275201,0.441111,0.790489,1.344279,temporal occipital frontal parietal,0
3094,0.586194,0.616566,0.236473,0.497679,0.436066,0.781447,0.272053,0.750139,temporal occipital frontal parietal,0
3095,0.579086,0.609090,0.233606,0.491644,0.430778,0.268754,0.771971,2.154705,temporal frontal occipital parietal,0
3096,0.636664,0.669651,0.540528,0.848728,0.295476,0.473610,0.256833,1.344279,temporal frontal parietal occipital,1
3097,0.633355,0.666172,0.537719,0.844317,0.293941,0.255499,0.471149,2.478899,temporal frontal parietal occipital,1
3098,0.620678,0.652838,0.526956,0.827418,0.461719,0.288057,0.250385,2.154705,temporal frontal parietal occipital,1
3099,0.620115,0.652246,0.526478,0.826668,0.461300,0.250158,0.287796,2.478899,temporal frontal parietal occipital,1
3100,0.636895,0.669895,0.540724,0.849036,0.256927,0.295583,0.473782,2.154705,temporal frontal parietal occipital,1
3101,0.639642,0.672784,0.543056,0.852698,0.258035,0.475825,0.296858,1.344279,temporal frontal parietal occipital,1
3102,0.536527,0.564326,0.455512,0.249002,0.715237,0.399119,0.216437,1.344279,temporal occipital parietal frontal,0
3103,0.534175,0.561853,0.453515,0.247911,0.712102,0.215489,0.397369,2.478899,temporal parietal frontal occipital,0
3104,0.562222,0.591353,0.477327,0.260928,0.418234,0.749491,0.226803,0.750139,temporal occipital parietal frontal,0
3105,0.555229,0.583998,0.471390,0.257682,0.413031,0.223982,0.740169,2.478899,temporal parietal frontal occipital,0
3106,0.575496,0.605314,0.488596,0.267088,0.232158,0.767185,0.428107,0.750139,temporal occipital parietal frontal,0
3107,0.570832,0.600408,0.484636,0.264923,0.230276,0.424638,0.760968,1.344279,temporal occipital parietal frontal,0
3108,0.552515,0.581143,0.469086,0.411013,0.736551,0.256423,0.222887,2.154705,temporal parietal frontal occipital,0
3109,0.552069,0.580674,0.468707,0.410681,0.735956,0.222707,0.256216,2.478899,temporal parietal frontal occipital,0
3110,0.593730,0.624493,0.504077,0.441672,0.275550,0.791493,0.239514,0.750139,temporal occipital parietal frontal,0
3111,0.585936,0.616296,0.497460,0.435874,0.271933,0.236370,0.781104,2.478899,temporal parietal frontal occipital,0
3112,0.596319,0.627216,0.506275,0.443598,0.240558,0.794945,0.276752,0.750139,temporal occipital parietal frontal,0
3113,0.588965,0.619481,0.500032,0.438127,0.237591,0.273339,0.785141,2.154705,temporal parietal frontal occipital,0
3114,0.530857,0.558363,0.450698,0.214150,0.707679,0.246371,0.394901,2.154705,temporal parietal frontal occipital,0
3115,0.532764,0.560369,0.452317,0.214920,0.710221,0.396320,0.247256,1.344279,temporal occipital parietal frontal,0
3116,0.568793,0.598264,0.482906,0.229454,0.263977,0.758250,0.423121,0.750139,temporal occipital parietal frontal,0
3117,0.564237,0.593472,0.479037,0.227616,0.261863,0.419732,0.752176,1.344279,temporal occipital parietal frontal,0
3118,0.558092,0.587009,0.473821,0.225137,0.415161,0.743985,0.259011,0.750139,temporal occipital parietal frontal,0
3119,0.551646,0.580228,0.468348,0.222537,0.410366,0.256019,0.735391,2.154705,temporal parietal frontal occipital,0
3120,0.617493,0.286579,0.823171,0.649487,0.459349,0.249100,0.524252,2.478899,parietal frontal temporal occipital,0
3121,0.621614,0.288492,0.828666,0.653822,0.462415,0.527751,0.250762,1.177855,parietal occipital frontal temporal,0
3122,0.636852,0.295563,0.848978,0.669849,0.256909,0.473750,0.540687,1.344279,parietal frontal occipital temporal,0
3123,0.637880,0.296041,0.850350,0.670931,0.257324,0.541561,0.474515,1.177855,parietal occipital frontal temporal,0
3124,0.615797,0.285792,0.820911,0.647704,0.522812,0.458088,0.248416,1.344279,parietal frontal occipital temporal,0
3125,0.612702,0.284355,0.816785,0.644448,0.520184,0.247167,0.455785,2.478899,parietal frontal temporal occipital,0
3126,0.580272,0.269305,0.773553,0.431661,0.610338,0.234085,0.492652,2.478899,parietal frontal temporal occipital,0
3127,0.583910,0.270993,0.778403,0.434367,0.614165,0.495740,0.235552,1.177855,parietal occipital temporal frontal,0
3128,0.613654,0.284797,0.818054,0.456493,0.247551,0.645450,0.520993,0.950739,parietal occipital frontal temporal,0
3129,0.611819,0.283946,0.815608,0.455128,0.246811,0.519435,0.643520,1.177855,parietal occipital frontal temporal,0
3130,0.594082,0.275714,0.791963,0.441934,0.504376,0.624864,0.239656,0.950739,parietal occipital frontal temporal,0
3131,0.588618,0.273178,0.784679,0.437869,0.499738,0.237452,0.619117,2.478899,parietal frontal temporal occipital,0
3132,0.558982,0.259424,0.745172,0.225496,0.587945,0.415823,0.474577,1.344279,parietal occipital temporal frontal,0
3133,0.559775,0.259792,0.746228,0.225816,0.588779,0.475249,0.416413,1.177855,parietal occipital temporal frontal,0
3134,0.573248,0.266045,0.764189,0.231251,0.426435,0.602950,0.486688,0.950739,parietal occipital temporal frontal,0
3135,0.571646,0.265301,0.762054,0.230605,0.425244,0.485328,0.601265,1.177855,parietal occipital frontal temporal,0
3136,0.569116,0.264127,0.758681,0.229584,0.483180,0.598604,0.423362,0.950739,parietal occipital temporal frontal,0
3137,0.566723,0.263017,0.755491,0.228619,0.481148,0.421582,0.596087,1.344279,parietal occipital frontal temporal,0
3138,0.590901,0.274238,0.787723,0.501676,0.621518,0.439568,0.238373,1.344279,parietal occipital frontal temporal,0
3139,0.588051,0.272915,0.783922,0.499255,0.618519,0.237222,0.437447,2.478899,parietal frontal temporal occipital,0
3140,0.606866,0.281647,0.809005,0.515229,0.451443,0.638310,0.244813,0.950739,parietal occipital frontal temporal,0
3141,0.601166,0.279001,0.801406,0.510390,0.447203,0.242513,0.632314,2.478899,parietal frontal temporal occipital,0
3142,0.622359,0.288837,0.829659,0.528384,0.251063,0.654606,0.462969,0.950739,parietal occipital frontal temporal,0
3143,0.619499,0.287510,0.825846,0.525955,0.249909,0.460841,0.651597,1.344279,parietal occipital frontal temporal,0
3144,0.638884,0.296506,0.671986,0.851687,0.475261,0.257729,0.542413,2.478899,parietal frontal temporal occipital,0
3145,0.643296,0.298554,0.676628,0.857570,0.478544,0.546159,0.259509,1.177855,parietal frontal occipital temporal,0
3146,0.659629,0.306134,0.693807,0.879343,0.266098,0.490694,0.560026,1.344279,parietal frontal occipital temporal,0
3147,0.660733,0.306647,0.694968,0.880814,0.266543,0.560963,0.491515,1.177855,parietal frontal occipital temporal,0
3148,0.637069,0.295664,0.670077,0.849268,0.540872,0.473911,0.256997,1.344279,parietal frontal temporal occipital,0
3149,0.633756,0.294127,0.666593,0.844852,0.538059,0.255660,0.471447,2.478899,parietal frontal temporal occipital,0
3150,0.566895,0.263096,0.596268,0.421710,0.755720,0.228688,0.481294,2.478899,parietal temporal frontal occipital,0
3151,0.570367,0.264708,0.599920,0.424292,0.760349,0.484242,0.230089,1.177855,parietal occipital temporal frontal,0
3152,0.613654,0.284797,0.645450,0.456493,0.247551,0.818054,0.520993,0.750139,occipital parietal frontal temporal,0
3153,0.609293,0.282773,0.640862,0.453249,0.245792,0.517290,0.812240,1.177855,parietal occipital frontal temporal,0
3154,0.594082,0.275714,0.624864,0.441934,0.504376,0.791963,0.239656,0.750139,occipital parietal temporal frontal,0
3155,0.586280,0.272093,0.616657,0.436129,0.497752,0.236508,0.781561,2.478899,parietal frontal temporal occipital,0
3156,0.546558,0.253658,0.574877,0.220484,0.728610,0.406581,0.464028,1.344279,parietal temporal occipital frontal,0
3157,0.547316,0.254010,0.575674,0.220790,0.729620,0.464672,0.407145,1.177855,parietal occipital temporal frontal,0
3158,0.573248,0.266045,0.602950,0.231251,0.426435,0.764189,0.486688,0.750139,occipital parietal temporal frontal,0
3159,0.569440,0.264278,0.598945,0.229715,0.423603,0.483455,0.759113,1.177855,parietal occipital frontal temporal,0
3160,0.569116,0.264127,0.598604,0.229584,0.483180,0.758681,0.423362,0.750139,occipital parietal temporal frontal,0
3161,0.564555,0.262010,0.593806,0.227744,0.479307,0.419969,0.752600,1.344279,parietal frontal occipital temporal,0
3162,0.577035,0.267803,0.606934,0.489904,0.769238,0.429253,0.232779,1.344279,parietal frontal temporal occipital,0
3163,0.574317,0.266541,0.604074,0.487595,0.765614,0.231682,0.427230,2.478899,parietal frontal temporal occipital,0
3164,0.606866,0.281647,0.638310,0.515229,0.451443,0.809005,0.244813,0.750139,occipital parietal frontal temporal,0
3165,0.598726,0.277869,0.629748,0.508319,0.445388,0.241529,0.798154,2.478899,parietal frontal temporal occipital,0
3166,0.622359,0.288837,0.654606,0.528384,0.251063,0.829659,0.462969,0.750139,occipital parietal frontal temporal,0
3167,0.616909,0.286308,0.648873,0.523756,0.248864,0.458914,0.822393,1.344279,parietal frontal occipital temporal,0
3168,0.621215,0.288306,0.462118,0.828133,0.653402,0.250601,0.527412,2.478899,frontal parietal temporal occipital,0
3169,0.625386,0.290242,0.465221,0.833694,0.657790,0.530953,0.252284,1.177855,frontal occipital parietal temporal,0
3170,0.659629,0.306134,0.490694,0.879343,0.266098,0.693807,0.560026,0.950739,occipital frontal parietal temporal,0
3171,0.657510,0.305151,0.489117,0.876517,0.265243,0.558226,0.691577,1.177855,frontal parietal occipital temporal,0
3172,0.637069,0.295664,0.473911,0.849268,0.540872,0.670077,0.256997,0.950739,occipital frontal parietal temporal,0
3173,0.630790,0.292750,0.469240,0.840898,0.535541,0.254464,0.663473,2.478899,frontal parietal temporal occipital,0
3174,0.586635,0.272258,0.436394,0.617031,0.782036,0.236652,0.498054,2.478899,frontal temporal parietal occipital,0
3175,0.590354,0.273984,0.439160,0.620942,0.786993,0.501211,0.238152,1.177855,occipital frontal temporal parietal,0
3176,0.636852,0.295563,0.473750,0.669849,0.256909,0.848978,0.540687,0.750139,occipital frontal parietal temporal,0
3177,0.632155,0.293384,0.470256,0.664910,0.255015,0.536700,0.842718,1.177855,frontal occipital parietal temporal,0
3178,0.615797,0.285792,0.458088,0.647704,0.522812,0.820911,0.248416,0.750139,occipital parietal frontal temporal,0
3179,0.607418,0.281903,0.451854,0.638890,0.515698,0.245035,0.809741,2.478899,frontal temporal parietal occipital,0
3180,0.546558,0.253658,0.406581,0.220484,0.728610,0.574877,0.464028,0.950739,occipital temporal parietal frontal,0
3181,0.545102,0.252982,0.405498,0.219897,0.726669,0.462792,0.573346,1.177855,occipital temporal frontal parietal,0
3182,0.558982,0.259424,0.415823,0.225496,0.587945,0.745172,0.474577,0.750139,occipital parietal temporal frontal,0
3183,0.555361,0.257744,0.413130,0.224035,0.584136,0.471502,0.740345,1.177855,occipital frontal temporal parietal,0
3184,0.566723,0.263017,0.421582,0.228619,0.481148,0.755491,0.596087,0.750139,occipital parietal temporal frontal,0
3185,0.564555,0.262010,0.419969,0.227744,0.479307,0.593806,0.752600,0.950739,occipital frontal parietal temporal,0
3186,0.577035,0.267803,0.429253,0.489904,0.769238,0.606934,0.232779,0.950739,occipital frontal parietal temporal,0
3187,0.571880,0.265410,0.425417,0.485526,0.762365,0.230699,0.601511,2.478899,frontal temporal parietal occipital,0
3188,0.590901,0.274238,0.439568,0.501676,0.621518,0.787723,0.238373,0.750139,occipital parietal frontal temporal,0
3189,0.583182,0.270655,0.433825,0.495122,0.613398,0.235258,0.777432,2.478899,frontal temporal parietal occipital,0
3190,0.619499,0.287510,0.460841,0.525955,0.249909,0.825846,0.651597,0.750139,occipital parietal frontal temporal,0
3191,0.616909,0.286308,0.458914,0.523756,0.248864,0.648873,0.822393,0.950739,occipital frontal parietal temporal,0
3192,0.621215,0.288306,0.250601,0.828133,0.653402,0.462118,0.527412,1.344279,frontal temporal occipital parietal,0
3193,0.622194,0.288761,0.250996,0.829438,0.654432,0.528243,0.462846,1.177855,frontal occipital temporal parietal,0
3194,0.638884,0.296506,0.257729,0.851687,0.475261,0.671986,0.542413,0.950739,occipital frontal temporal parietal,0
3195,0.636895,0.295583,0.256927,0.849036,0.473782,0.540724,0.669895,1.177855,frontal occipital temporal parietal,0
3196,0.633756,0.294127,0.255660,0.844852,0.538059,0.666593,0.471447,0.950739,occipital frontal temporal parietal,0
3197,0.630790,0.292750,0.254464,0.840898,0.535541,0.469240,0.663473,1.344279,frontal temporal occipital parietal,0
3198,0.586635,0.272258,0.236652,0.617031,0.782036,0.436394,0.498054,1.344279,frontal temporal occipital parietal,0
3199,0.587508,0.272663,0.237004,0.617949,0.783199,0.498795,0.437044,1.177855,frontal occipital temporal parietal,0
3200,0.617493,0.286579,0.249100,0.649487,0.459349,0.823171,0.524252,0.750139,occipital frontal temporal parietal,0
3201,0.613077,0.284529,0.247318,0.644843,0.456064,0.520503,0.817285,1.177855,frontal occipital temporal parietal,0
3202,0.612702,0.284355,0.247167,0.644448,0.520184,0.816785,0.455785,0.750139,occipital frontal temporal parietal,0
3203,0.607418,0.281903,0.245035,0.638890,0.515698,0.451854,0.809741,1.344279,frontal temporal occipital parietal,0
3204,0.566895,0.263096,0.228688,0.421710,0.755720,0.596268,0.481294,0.950739,occipital temporal frontal parietal,0
3205,0.565329,0.262370,0.228056,0.420544,0.753632,0.479965,0.594621,1.177855,occipital frontal temporal parietal,0
3206,0.580272,0.269305,0.234085,0.431661,0.610338,0.773553,0.492652,0.750139,occipital temporal frontal parietal,0
3207,0.576371,0.267494,0.232511,0.428759,0.606235,0.489340,0.768353,1.177855,frontal occipital temporal parietal,0
3208,0.588618,0.273178,0.237452,0.437869,0.499738,0.784679,0.619117,0.750139,occipital frontal temporal parietal,0
3209,0.586280,0.272093,0.236508,0.436129,0.497752,0.616657,0.781561,0.950739,occipital frontal temporal parietal,0
3210,0.574317,0.266541,0.231682,0.487595,0.765614,0.604074,0.427230,0.950739,occipital frontal temporal parietal,0
3211,0.571880,0.265410,0.230699,0.485526,0.762365,0.425417,0.601511,1.344279,frontal temporal occipital parietal,0
3212,0.588051,0.272915,0.237222,0.499255,0.618519,0.783922,0.437447,0.750139,occipital frontal temporal parietal,0
3213,0.583182,0.270655,0.235258,0.495122,0.613398,0.433825,0.777432,1.344279,frontal temporal occipital parietal,0
3214,0.601166,0.279001,0.242513,0.510390,0.447203,0.801406,0.632314,0.750139,occipital frontal temporal parietal,0
3215,0.598726,0.277869,0.241529,0.508319,0.445388,0.629748,0.798154,0.950739,occipital frontal temporal parietal,0
3216,0.625386,0.290242,0.530953,0.833694,0.657790,0.465221,0.252284,1.344279,frontal parietal temporal occipital,0
3217,0.622194,0.288761,0.528243,0.829438,0.654432,0.250996,0.462846,2.478899,frontal parietal temporal occipital,0
3218,0.643296,0.298554,0.546159,0.857570,0.478544,0.676628,0.259509,0.950739,occipital parietal frontal temporal,0
3219,0.636895,0.295583,0.540724,0.849036,0.473782,0.256927,0.669895,2.478899,frontal parietal temporal occipital,0
3220,0.660733,0.306647,0.560963,0.880814,0.266543,0.694968,0.491515,0.950739,occipital frontal parietal temporal,0
3221,0.657510,0.305151,0.558226,0.876517,0.265243,0.489117,0.691577,1.344279,frontal parietal occipital temporal,0
3222,0.590354,0.273984,0.501211,0.620942,0.786993,0.439160,0.238152,1.344279,frontal parietal temporal occipital,0
3223,0.587508,0.272663,0.498795,0.617949,0.783199,0.237004,0.437044,2.478899,frontal parietal temporal occipital,0
3224,0.621614,0.288492,0.527751,0.653822,0.462415,0.828666,0.250762,0.750139,occipital parietal frontal temporal,0
3225,0.613077,0.284529,0.520503,0.644843,0.456064,0.247318,0.817285,2.478899,frontal parietal temporal occipital,0
3226,0.637880,0.296041,0.541561,0.670931,0.257324,0.850350,0.474515,0.750139,occipital parietal frontal temporal,0
3227,0.632155,0.293384,0.536700,0.664910,0.255015,0.470256,0.842718,1.344279,frontal parietal occipital temporal,0
3228,0.570367,0.264708,0.484242,0.424292,0.760349,0.599920,0.230089,0.950739,occipital parietal temporal frontal,0
3229,0.565329,0.262370,0.479965,0.420544,0.753632,0.228056,0.594621,2.478899,frontal temporal parietal occipital,0
3230,0.583910,0.270993,0.495740,0.434367,0.614165,0.778403,0.235552,0.750139,occipital parietal temporal frontal,0
3231,0.576371,0.267494,0.489340,0.428759,0.606235,0.232511,0.768353,2.478899,frontal parietal temporal occipital,0
3232,0.611819,0.283946,0.519435,0.455128,0.246811,0.815608,0.643520,0.750139,occipital parietal frontal temporal,0
3233,0.609293,0.282773,0.517290,0.453249,0.245792,0.640862,0.812240,0.950739,occipital parietal frontal temporal,0
3234,0.547316,0.254010,0.464672,0.220790,0.729620,0.575674,0.407145,0.950739,occipital parietal temporal frontal,0
3235,0.545102,0.252982,0.462792,0.219897,0.726669,0.405498,0.573346,1.344279,parietal temporal frontal occipital,0
3236,0.559775,0.259792,0.475249,0.225816,0.588779,0.746228,0.416413,0.750139,occipital parietal temporal frontal,0
3237,0.555361,0.257744,0.471502,0.224035,0.584136,0.413130,0.740345,1.344279,frontal parietal temporal occipital,0
3238,0.571646,0.265301,0.485328,0.230605,0.425244,0.762054,0.601265,0.750139,occipital parietal frontal temporal,0
3239,0.569440,0.264278,0.483455,0.229715,0.423603,0.598945,0.759113,0.950739,occipital parietal frontal temporal,0
3240,0.622677,0.463206,0.830083,0.654941,0.288985,0.251191,0.528654,2.478899,parietal temporal frontal occipital,0
3241,0.626869,0.466323,0.835670,0.659349,0.290930,0.532212,0.252882,1.177855,parietal temporal occipital frontal,0
3242,0.626099,0.465751,0.834644,0.658539,0.252571,0.290573,0.531558,2.154705,parietal temporal frontal occipital,0
3243,0.629755,0.468471,0.839519,0.662385,0.254046,0.534663,0.292270,1.177855,parietal temporal occipital frontal,0
3244,0.605738,0.450604,0.807501,0.637123,0.514272,0.281123,0.244358,2.154705,parietal temporal frontal occipital,0
3245,0.605202,0.450206,0.806786,0.636559,0.513817,0.244141,0.280875,2.478899,parietal temporal frontal occipital,0
3246,0.554252,0.412305,0.738866,0.257229,0.582970,0.223588,0.470561,2.478899,temporal parietal frontal occipital,0
3247,0.557570,0.414773,0.743290,0.258769,0.586460,0.473378,0.224927,1.177855,temporal parietal occipital frontal,0
3248,0.584629,0.434902,0.779361,0.271327,0.235842,0.614921,0.496350,0.950739,parietal occipital temporal frontal,0
3249,0.582963,0.433663,0.777141,0.270554,0.235170,0.494936,0.613169,1.177855,parietal temporal occipital frontal,0
3250,0.566838,0.421667,0.755644,0.263070,0.481246,0.596208,0.228665,0.950739,temporal parietal occipital frontal,0
3251,0.561862,0.417965,0.749010,0.260760,0.477021,0.226658,0.590974,2.478899,temporal parietal frontal occipital,0
3252,0.550681,0.409648,0.734106,0.222147,0.579214,0.255571,0.467529,2.154705,temporal parietal frontal occipital,0
3253,0.553508,0.411751,0.737874,0.223288,0.582187,0.469929,0.256883,1.177855,temporal parietal occipital frontal,0
3254,0.577713,0.429757,0.770142,0.233052,0.268117,0.607647,0.490479,0.950739,parietal occipital temporal frontal,0
3255,0.576087,0.428547,0.767974,0.232396,0.267362,0.489098,0.605936,1.177855,parietal temporal occipital frontal,0
3256,0.562640,0.418544,0.750048,0.226972,0.477682,0.591792,0.261122,0.950739,temporal parietal occipital frontal,0
3257,0.558192,0.415236,0.744119,0.225177,0.473906,0.259057,0.587114,2.154705,temporal parietal frontal occipital,0
3258,0.581633,0.432673,0.775367,0.493807,0.611769,0.269936,0.234634,2.154705,temporal parietal frontal occipital,0
3259,0.581139,0.432305,0.774708,0.493387,0.611249,0.234434,0.269707,2.478899,temporal parietal frontal occipital,0
3260,0.611873,0.455168,0.815679,0.519480,0.283970,0.643576,0.246832,0.950739,parietal occipital temporal frontal,0
3261,0.606078,0.450858,0.807955,0.514561,0.281281,0.244495,0.637481,2.478899,parietal temporal frontal occipital,0
3262,0.614623,0.457214,0.819345,0.521815,0.247942,0.646468,0.285247,0.950739,parietal occipital temporal frontal,0
3263,0.609319,0.453268,0.812275,0.517312,0.245802,0.282785,0.640890,2.154705,parietal temporal frontal occipital,0
3264,0.644435,0.479391,0.677826,0.859088,0.299083,0.259968,0.547126,2.478899,temporal parietal frontal occipital,0
3265,0.648925,0.482731,0.682548,0.865074,0.301167,0.550938,0.261780,1.177855,temporal parietal frontal occipital,0
3266,0.648100,0.482117,0.681681,0.863974,0.261447,0.300784,0.550238,2.154705,temporal parietal frontal occipital,0
3267,0.652019,0.485033,0.685803,0.869198,0.263028,0.553565,0.302603,1.177855,temporal parietal frontal occipital,0
3268,0.626308,0.465907,0.658760,0.834923,0.531736,0.290670,0.252656,2.154705,temporal parietal frontal occipital,0
3269,0.625735,0.465480,0.658157,0.834159,0.531250,0.252425,0.290404,2.478899,temporal parietal frontal occipital,0
3270,0.542035,0.403216,0.570120,0.251559,0.722580,0.218660,0.460188,2.478899,temporal parietal frontal occipital,0
3271,0.545208,0.405577,0.573457,0.253032,0.726810,0.462882,0.219940,1.177855,temporal parietal occipital frontal,0
3272,0.584629,0.434902,0.614921,0.271327,0.235842,0.779361,0.496350,0.750139,occipital temporal parietal frontal,0
3273,0.580669,0.431956,0.610756,0.269489,0.234245,0.492988,0.774082,1.177855,temporal parietal occipital frontal,0
3274,0.566838,0.421667,0.596208,0.263070,0.481246,0.755644,0.228665,0.750139,occipital temporal parietal frontal,0
3275,0.559730,0.416380,0.588732,0.259771,0.475211,0.225798,0.746169,2.478899,temporal parietal frontal occipital,0
3276,0.538619,0.400675,0.566527,0.217282,0.718026,0.249974,0.457288,2.154705,temporal parietal frontal occipital,0
3277,0.541324,0.402687,0.569371,0.218373,0.721631,0.459584,0.251229,1.177855,temporal parietal occipital frontal,0
3278,0.577713,0.429757,0.607647,0.233052,0.268117,0.770142,0.490479,0.750139,occipital temporal parietal frontal,0
3279,0.573846,0.426880,0.603579,0.231492,0.266322,0.487196,0.764987,1.177855,temporal parietal occipital frontal,0
3280,0.562640,0.418544,0.591792,0.226972,0.477682,0.750048,0.261122,0.750139,occipital temporal parietal frontal,0
3281,0.556088,0.413670,0.584901,0.224329,0.472119,0.258081,0.741314,2.154705,temporal parietal frontal occipital,0
3282,0.568194,0.422675,0.597634,0.482397,0.757451,0.263699,0.229212,2.154705,temporal parietal frontal occipital,0
3283,0.567722,0.422324,0.597137,0.481996,0.756822,0.229022,0.263480,2.478899,temporal parietal frontal occipital,0
3284,0.611873,0.455168,0.643576,0.519480,0.283970,0.815679,0.246832,0.750139,occipital temporal parietal frontal,0
3285,0.603599,0.449013,0.634874,0.512456,0.280131,0.243495,0.804650,2.478899,temporal parietal frontal occipital,0
3286,0.614623,0.457214,0.646468,0.521815,0.247942,0.819345,0.285247,0.750139,occipital temporal parietal frontal,0
3287,0.606813,0.451404,0.638254,0.515185,0.244791,0.281622,0.808934,2.154705,temporal parietal frontal occipital,0
3288,0.610979,0.454503,0.283556,0.814488,0.642636,0.246472,0.518722,2.478899,temporal frontal parietal occipital,1
3289,0.615014,0.457505,0.285428,0.819867,0.646880,0.522147,0.248100,1.177855,temporal frontal occipital parietal,0
3290,0.648100,0.482117,0.300784,0.863974,0.261447,0.681681,0.550238,0.950739,temporal occipital frontal parietal,0
3291,0.646054,0.480595,0.299834,0.861246,0.260621,0.548500,0.679528,1.177855,temporal frontal occipital parietal,0
3292,0.626308,0.465907,0.290670,0.834923,0.531736,0.658760,0.252656,0.950739,temporal occipital frontal parietal,0
3293,0.620239,0.461392,0.287853,0.826832,0.526583,0.250207,0.652376,2.478899,temporal frontal parietal occipital,1
3294,0.577499,0.429598,0.268018,0.607421,0.769856,0.232966,0.490297,2.478899,temporal frontal parietal occipital,1
3295,0.581102,0.432278,0.269690,0.611211,0.774660,0.493356,0.234420,1.177855,temporal occipital frontal parietal,0
3296,0.626099,0.465751,0.290573,0.658539,0.252571,0.834644,0.531558,0.750139,occipital temporal frontal parietal,0
3297,0.621559,0.462374,0.288466,0.653764,0.250740,0.527704,0.828592,1.177855,temporal frontal occipital parietal,0
3298,0.605738,0.450604,0.281123,0.637123,0.514272,0.807501,0.244358,0.750139,occipital temporal frontal parietal,0
3299,0.597628,0.444572,0.277360,0.628594,0.507387,0.241086,0.796690,2.478899,temporal frontal parietal occipital,1
3300,0.538619,0.400675,0.249974,0.217282,0.718026,0.566527,0.457288,0.950739,temporal occipital frontal parietal,0
3301,0.537205,0.399623,0.249317,0.216711,0.716141,0.456088,0.565040,1.177855,temporal occipital frontal parietal,0
3302,0.550681,0.409648,0.255571,0.222147,0.579214,0.734106,0.467529,0.750139,occipital temporal frontal parietal,0
3303,0.547166,0.407033,0.253940,0.220730,0.575517,0.464545,0.729420,1.177855,temporal occipital frontal parietal,0
3304,0.558192,0.415236,0.259057,0.225177,0.473906,0.744119,0.587114,0.750139,occipital temporal frontal parietal,0
3305,0.556088,0.413670,0.258081,0.224329,0.472119,0.584901,0.741314,0.950739,temporal occipital frontal parietal,0
3306,0.568194,0.422675,0.263699,0.482397,0.757451,0.597634,0.229212,0.950739,temporal occipital frontal parietal,0
3307,0.563194,0.418956,0.261379,0.478152,0.750786,0.227195,0.592375,2.478899,temporal frontal parietal occipital,1
3308,0.581633,0.432673,0.269936,0.493807,0.611769,0.775367,0.234634,0.750139,occipital temporal frontal parietal,0
3309,0.574152,0.427108,0.266464,0.487455,0.603901,0.231616,0.765394,2.478899,temporal frontal parietal occipital,1
3310,0.609319,0.453268,0.282785,0.517312,0.245802,0.812275,0.640890,0.750139,occipital temporal frontal parietal,0
3311,0.606813,0.451404,0.281622,0.515185,0.244791,0.638254,0.808934,0.950739,temporal occipital frontal parietal,0
3312,0.610979,0.454503,0.246472,0.814488,0.642636,0.283556,0.518722,2.154705,temporal frontal parietal occipital,1
3313,0.614461,0.457094,0.247877,0.819130,0.646298,0.521678,0.285172,1.177855,temporal frontal occipital parietal,0
3314,0.644435,0.479391,0.259968,0.859088,0.299083,0.677826,0.547126,0.950739,temporal occipital frontal parietal,0
3315,0.642412,0.477886,0.259152,0.856391,0.298144,0.545408,0.675698,1.177855,temporal frontal occipital parietal,0
3316,0.625735,0.465480,0.252425,0.834159,0.531250,0.658157,0.290404,0.950739,temporal occipital frontal parietal,0
3317,0.620239,0.461392,0.250207,0.826832,0.526583,0.287853,0.652376,2.154705,temporal frontal parietal occipital,1
3318,0.577499,0.429598,0.232966,0.607421,0.769856,0.268018,0.490297,2.154705,temporal frontal parietal occipital,1
3319,0.580609,0.431911,0.234220,0.610692,0.774002,0.492937,0.269461,1.177855,temporal occipital frontal parietal,0
3320,0.622677,0.463206,0.251191,0.654941,0.288985,0.830083,0.528654,0.750139,occipital temporal frontal parietal,0
3321,0.618187,0.459865,0.249380,0.650218,0.286901,0.524842,0.824097,1.177855,temporal frontal occipital parietal,0
3322,0.605202,0.450206,0.244141,0.636559,0.513817,0.806786,0.280875,0.750139,occipital temporal frontal parietal,0
3323,0.597628,0.444572,0.241086,0.628594,0.507387,0.277360,0.796690,2.154705,temporal frontal parietal occipital,1
3324,0.542035,0.403216,0.218660,0.251559,0.722580,0.570120,0.460188,0.950739,temporal occipital frontal parietal,0
3325,0.540603,0.402151,0.218082,0.250894,0.720671,0.458973,0.568614,1.177855,temporal occipital frontal parietal,0
3326,0.554252,0.412305,0.223588,0.257229,0.582970,0.738866,0.470561,0.750139,occipital temporal frontal parietal,0
3327,0.550692,0.409656,0.222152,0.255577,0.579225,0.467538,0.734120,1.177855,temporal occipital frontal parietal,0
3328,0.561862,0.417965,0.226658,0.260760,0.477021,0.749010,0.590974,0.750139,occipital temporal frontal parietal,0
3329,0.559730,0.416380,0.225798,0.259771,0.475211,0.588732,0.746169,0.950739,temporal occipital frontal parietal,0
3330,0.567722,0.422324,0.229022,0.481996,0.756822,0.597137,0.263480,0.950739,temporal occipital frontal parietal,0
3331,0.563194,0.418956,0.227195,0.478152,0.750786,0.261379,0.592375,2.154705,temporal frontal parietal occipital,1
3332,0.581139,0.432305,0.234434,0.493387,0.611249,0.774708,0.269707,0.750139,occipital temporal frontal parietal,0
3333,0.574152,0.427108,0.231616,0.487455,0.603901,0.266464,0.765394,2.154705,temporal frontal parietal occipital,1
3334,0.606078,0.450858,0.244495,0.514561,0.281281,0.807955,0.637481,0.750139,occipital temporal frontal parietal,0
3335,0.603599,0.449013,0.243495,0.512456,0.280131,0.634874,0.804650,0.950739,temporal occipital frontal parietal,0
3336,0.615014,0.457505,0.522147,0.819867,0.646880,0.285428,0.248100,2.154705,temporal frontal parietal occipital,1
3337,0.614461,0.457094,0.521678,0.819130,0.646298,0.247877,0.285172,2.478899,temporal frontal parietal occipital,1
3338,0.648925,0.482731,0.550938,0.865074,0.301167,0.682548,0.261780,0.950739,temporal occipital parietal frontal,0
3339,0.642412,0.477886,0.545408,0.856391,0.298144,0.259152,0.675698,2.478899,temporal frontal parietal occipital,1
3340,0.652019,0.485033,0.553565,0.869198,0.263028,0.685803,0.302603,0.950739,temporal occipital parietal frontal,0
3341,0.646054,0.480595,0.548500,0.861246,0.260621,0.299834,0.679528,2.154705,temporal frontal parietal occipital,1
3342,0.581102,0.432278,0.493356,0.611211,0.774660,0.269690,0.234420,2.154705,temporal frontal parietal occipital,1
3343,0.580609,0.431911,0.492937,0.610692,0.774002,0.234220,0.269461,2.478899,temporal frontal parietal occipital,1
3344,0.626869,0.466323,0.532212,0.659349,0.290930,0.835670,0.252882,0.750139,occipital temporal parietal frontal,0
3345,0.618187,0.459865,0.524842,0.650218,0.286901,0.249380,0.824097,2.478899,temporal frontal parietal occipital,1
3346,0.629755,0.468471,0.534663,0.662385,0.254046,0.839519,0.292270,0.750139,occipital temporal parietal frontal,0
3347,0.621559,0.462374,0.527704,0.653764,0.250740,0.288466,0.828592,2.154705,temporal frontal parietal occipital,1
3348,0.545208,0.405577,0.462882,0.253032,0.726810,0.573457,0.219940,0.950739,temporal occipital parietal frontal,0
3349,0.540603,0.402151,0.458973,0.250894,0.720671,0.218082,0.568614,2.478899,temporal parietal frontal occipital,0
3350,0.557570,0.414773,0.473378,0.258769,0.586460,0.743290,0.224927,0.750139,occipital temporal parietal frontal,0
3351,0.550692,0.409656,0.467538,0.255577,0.579225,0.222152,0.734120,2.478899,temporal frontal parietal occipital,1
3352,0.582963,0.433663,0.494936,0.270554,0.235170,0.777141,0.613169,0.750139,occipital temporal parietal frontal,0
3353,0.580669,0.431956,0.492988,0.269489,0.234245,0.610756,0.774082,0.950739,temporal occipital parietal frontal,0
3354,0.541324,0.402687,0.459584,0.218373,0.721631,0.569371,0.251229,0.950739,temporal occipital parietal frontal,0
3355,0.537205,0.399623,0.456088,0.216711,0.716141,0.249317,0.565040,2.154705,temporal parietal frontal occipital,0
3356,0.553508,0.411751,0.469929,0.223288,0.582187,0.737874,0.256883,0.750139,occipital temporal parietal frontal,0
3357,0.547166,0.407033,0.464545,0.220730,0.575517,0.253940,0.729420,2.154705,temporal frontal parietal occipital,1
3358,0.576087,0.428547,0.489098,0.232396,0.267362,0.767974,0.605936,0.750139,occipital temporal parietal frontal,0
3359,0.573846,0.426880,0.487196,0.231492,0.266322,0.603579,0.764987,0.950739,temporal occipital parietal frontal,0
3360,0.635667,0.256431,0.847400,0.668604,0.295014,0.472869,0.539682,1.344279,parietal frontal occipital temporal,0
3361,0.636692,0.256845,0.848766,0.669682,0.295489,0.540552,0.473631,1.177855,parietal occipital frontal temporal,0
3362,0.619732,0.250003,0.826156,0.651842,0.461014,0.287618,0.526153,2.154705,parietal frontal temporal occipital,0
3363,0.623314,0.251448,0.830932,0.655610,0.463679,0.529194,0.289281,1.177855,parietal occipital frontal temporal,0
3364,0.614906,0.248056,0.819723,0.646766,0.522056,0.285378,0.457424,2.154705,parietal frontal temporal occipital,0
3365,0.617466,0.249089,0.823135,0.649459,0.524229,0.459329,0.286566,1.344279,parietal frontal occipital temporal,0
3366,0.564521,0.227730,0.752555,0.261994,0.593770,0.419943,0.479278,1.344279,parietal occipital frontal temporal,0
3367,0.565329,0.228056,0.753632,0.262370,0.594621,0.479965,0.420544,1.177855,parietal occipital frontal temporal,0
3368,0.579074,0.233601,0.771955,0.268749,0.430769,0.609078,0.491634,0.950739,parietal occipital frontal temporal,0
3369,0.577440,0.232942,0.769777,0.267990,0.429554,0.490247,0.607359,1.177855,parietal occipital frontal temporal,0
3370,0.574858,0.231901,0.766336,0.266792,0.488055,0.604644,0.427633,0.950739,parietal occipital frontal temporal,0
3371,0.572417,0.230916,0.763081,0.265659,0.485982,0.425817,0.602076,1.344279,parietal occipital frontal temporal,0
3372,0.582249,0.234882,0.776188,0.433131,0.612417,0.270222,0.494330,2.154705,parietal frontal temporal occipital,0
3373,0.585410,0.236157,0.780403,0.435483,0.615742,0.497014,0.271689,1.177855,parietal occipital frontal temporal,0
3374,0.612554,0.247107,0.816588,0.455675,0.284287,0.644293,0.520059,0.950739,parietal occipital frontal temporal,0
3375,0.610726,0.246370,0.814151,0.454315,0.283438,0.518507,0.642370,1.177855,parietal occipital frontal temporal,0
3376,0.595635,0.240282,0.794033,0.443089,0.505694,0.626497,0.276434,0.950739,parietal occipital frontal temporal,0
3377,0.590652,0.238272,0.787391,0.439382,0.501464,0.274122,0.621256,2.154705,parietal frontal temporal occipital,0
3378,0.590081,0.238041,0.786628,0.500979,0.620655,0.273857,0.438957,2.154705,parietal frontal temporal occipital,0
3379,0.592437,0.238992,0.789770,0.502980,0.623134,0.440710,0.274951,1.344279,parietal occipital frontal temporal,0
3380,0.621229,0.250607,0.828151,0.527424,0.288313,0.653417,0.462128,0.950739,parietal occipital frontal temporal,0
3381,0.618378,0.249457,0.824352,0.525004,0.286990,0.460007,0.650419,1.344279,parietal occipital frontal temporal,0
3382,0.608486,0.245466,0.811164,0.516605,0.452649,0.640014,0.282399,0.950739,parietal occipital frontal temporal,0
3383,0.603287,0.243369,0.804234,0.512191,0.448781,0.279986,0.634546,2.154705,parietal frontal temporal occipital,0
3384,0.658359,0.265585,0.692471,0.877649,0.305545,0.489749,0.558947,1.344279,parietal frontal occipital temporal,0
3385,0.659458,0.266029,0.693627,0.879115,0.306055,0.559881,0.490567,1.177855,parietal frontal occipital temporal,0
3386,0.641280,0.258696,0.674507,0.854882,0.477044,0.297619,0.544447,2.154705,parietal frontal temporal occipital,0
3387,0.645117,0.260243,0.678543,0.859997,0.479899,0.547705,0.299399,1.177855,parietal frontal occipital temporal,0
3388,0.636115,0.256612,0.669074,0.847996,0.540062,0.295221,0.473201,2.154705,parietal frontal temporal occipital,0
3389,0.638854,0.257717,0.671956,0.851648,0.542388,0.475240,0.296493,1.344279,parietal frontal occipital temporal,0
3390,0.551852,0.222620,0.580445,0.256115,0.735666,0.410519,0.468523,1.344279,parietal occipital frontal temporal,0
3391,0.552624,0.222931,0.581258,0.256473,0.736696,0.469178,0.411094,1.177855,parietal occipital frontal temporal,0
3392,0.579074,0.233601,0.609078,0.268749,0.430769,0.771955,0.491634,0.750139,occipital parietal frontal temporal,0
3393,0.575189,0.232034,0.604991,0.266945,0.427879,0.488335,0.766776,1.177855,parietal occipital frontal temporal,0
3394,0.574858,0.231901,0.604644,0.266792,0.488055,0.766336,0.427633,0.750139,occipital parietal frontal temporal,0
3395,0.570205,0.230023,0.599749,0.264632,0.484104,0.424171,0.760132,1.344279,parietal frontal occipital temporal,0
3396,0.568782,0.229449,0.598252,0.423113,0.758235,0.263972,0.482896,2.154705,parietal frontal temporal occipital,0
3397,0.571798,0.230666,0.601425,0.425357,0.762256,0.485457,0.265372,1.177855,parietal occipital frontal temporal,0
3398,0.612554,0.247107,0.644293,0.455675,0.284287,0.816588,0.520059,0.750139,occipital parietal frontal temporal,0
3399,0.608209,0.245354,0.639722,0.452442,0.282270,0.516370,0.810795,1.177855,parietal occipital frontal temporal,0
3400,0.595635,0.240282,0.626497,0.443089,0.505694,0.794033,0.276434,0.750139,occipital parietal frontal temporal,0
3401,0.588297,0.237322,0.618779,0.437631,0.499465,0.273029,0.784251,2.154705,parietal frontal temporal occipital,0
3402,0.576253,0.232463,0.606110,0.489239,0.768195,0.267439,0.428671,2.154705,parietal frontal temporal occipital,0
3403,0.578500,0.233370,0.608474,0.491147,0.771191,0.430342,0.268482,1.344279,parietal frontal occipital temporal,0
3404,0.621229,0.250607,0.653417,0.527424,0.288313,0.828151,0.462128,0.750139,occipital parietal frontal temporal,0
3405,0.615797,0.248416,0.647704,0.522812,0.285792,0.458088,0.820911,1.344279,parietal frontal occipital temporal,0
3406,0.608486,0.245466,0.640014,0.516605,0.452649,0.811164,0.282399,0.750139,occipital parietal frontal temporal,0
3407,0.600831,0.242378,0.631962,0.510106,0.446954,0.278846,0.800959,2.154705,parietal frontal temporal occipital,0
3408,0.623481,0.251515,0.289358,0.831154,0.655785,0.463803,0.529336,1.344279,frontal occipital temporal parietal,0
3409,0.624467,0.251913,0.289815,0.832468,0.656823,0.530173,0.464537,1.177855,frontal occipital temporal parietal,0
3410,0.641280,0.258696,0.297619,0.854882,0.477044,0.674507,0.544447,0.950739,occipital frontal parietal temporal,0
3411,0.639277,0.257887,0.296689,0.852211,0.475554,0.542747,0.672400,1.177855,frontal occipital temporal parietal,0
3412,0.636115,0.256612,0.295221,0.847996,0.540062,0.669074,0.473201,0.950739,occipital frontal parietal temporal,0
3413,0.633126,0.255406,0.293834,0.844012,0.537525,0.470978,0.665931,1.344279,frontal occipital temporal parietal,0
3414,0.588656,0.237467,0.273195,0.619156,0.784729,0.437897,0.499769,1.344279,frontal occipital temporal parietal,0
3415,0.589535,0.237821,0.273603,0.620080,0.785901,0.500515,0.438551,1.177855,frontal occipital temporal parietal,0
3416,0.619732,0.250003,0.287618,0.651842,0.461014,0.826156,0.526153,0.750139,occipital frontal parietal temporal,0
3417,0.615284,0.248208,0.285554,0.647164,0.457706,0.522376,0.820227,1.177855,frontal occipital temporal parietal,0
3418,0.614906,0.248056,0.285378,0.646766,0.522056,0.819723,0.457424,0.750139,occipital frontal temporal parietal,0
3419,0.609584,0.245909,0.282908,0.641169,0.517537,0.453466,0.812628,1.344279,frontal occipital temporal parietal,0
3420,0.568782,0.229449,0.263972,0.423113,0.758235,0.598252,0.482896,0.950739,occipital frontal temporal parietal,0
3421,0.567205,0.228813,0.263240,0.421940,0.756133,0.481557,0.596594,1.177855,occipital frontal temporal parietal,0
3422,0.582249,0.234882,0.270222,0.433131,0.612417,0.776188,0.494330,0.750139,occipital frontal temporal parietal,0
3423,0.578321,0.233298,0.268399,0.430209,0.608286,0.490995,0.770952,1.177855,frontal occipital temporal parietal,0
3424,0.590652,0.238272,0.274122,0.439382,0.501464,0.787391,0.621256,0.750139,occipital frontal temporal parietal,0
3425,0.588297,0.237322,0.273029,0.437631,0.499465,0.618779,0.784251,0.950739,occipital frontal temporal parietal,0
3426,0.576253,0.232463,0.267439,0.489239,0.768195,0.606110,0.428671,0.950739,occipital frontal temporal parietal,0
3427,0.573799,0.231473,0.266301,0.487156,0.764924,0.426845,0.603530,1.344279,frontal occipital temporal parietal,0
3428,0.590081,0.238041,0.273857,0.500979,0.620655,0.786628,0.438957,0.750139,occipital frontal temporal parietal,0
3429,0.585178,0.236064,0.271582,0.496817,0.615498,0.435310,0.780093,1.344279,frontal occipital temporal parietal,0
3430,0.603287,0.243369,0.279986,0.512191,0.448781,0.804234,0.634546,0.750139,occipital frontal temporal parietal,0
3431,0.600831,0.242378,0.278846,0.510106,0.446954,0.631962,0.800959,0.950739,occipital frontal temporal parietal,0
3432,0.623481,0.251515,0.463803,0.831154,0.655785,0.289358,0.529336,2.154705,frontal parietal temporal occipital,0
3433,0.627107,0.252978,0.466501,0.835988,0.659600,0.532414,0.291041,1.177855,frontal occipital parietal temporal,0
3434,0.658359,0.265585,0.489749,0.877649,0.305545,0.692471,0.558947,0.950739,occipital frontal parietal temporal,0
3435,0.656247,0.264733,0.488178,0.874835,0.304565,0.557155,0.690250,1.177855,frontal parietal occipital temporal,0
3436,0.638854,0.257717,0.475240,0.851648,0.542388,0.671956,0.296493,0.950739,occipital frontal parietal temporal,0
3437,0.633126,0.255406,0.470978,0.844012,0.537525,0.293834,0.665931,2.154705,frontal parietal temporal occipital,0
3438,0.588656,0.237467,0.437897,0.619156,0.784729,0.273195,0.499769,2.154705,frontal parietal temporal occipital,0
3439,0.591887,0.238770,0.440301,0.622555,0.789037,0.502513,0.274695,1.177855,frontal occipital parietal temporal,0
3440,0.635667,0.256431,0.472869,0.668604,0.295014,0.847400,0.539682,0.750139,occipital frontal parietal temporal,0
3441,0.630989,0.254544,0.469388,0.663682,0.292842,0.535710,0.841163,1.177855,frontal occipital parietal temporal,0
3442,0.617466,0.249089,0.459329,0.649459,0.524229,0.823135,0.286566,0.750139,occipital parietal frontal temporal,0
3443,0.609584,0.245909,0.453466,0.641169,0.517537,0.282908,0.812628,2.154705,frontal parietal temporal occipital,0
3444,0.551852,0.222620,0.410519,0.256115,0.735666,0.580445,0.468523,0.950739,occipital parietal frontal temporal,0
3445,0.550368,0.222021,0.409415,0.255426,0.733688,0.467263,0.578884,1.177855,occipital frontal parietal temporal,0
3446,0.564521,0.227730,0.419943,0.261994,0.593770,0.752555,0.479278,0.750139,occipital parietal frontal temporal,0
3447,0.560828,0.226241,0.417196,0.260280,0.589886,0.476143,0.747632,1.177855,occipital frontal parietal temporal,0
3448,0.572417,0.230916,0.425817,0.265659,0.485982,0.763081,0.602076,0.750139,occipital parietal frontal temporal,0
3449,0.570205,0.230023,0.424171,0.264632,0.484104,0.599749,0.760132,0.950739,occipital frontal parietal temporal,0
3450,0.578500,0.233370,0.430342,0.491147,0.771191,0.608474,0.268482,0.950739,occipital frontal parietal temporal,0
3451,0.573799,0.231473,0.426845,0.487156,0.764924,0.266301,0.603530,2.154705,frontal parietal temporal occipital,0
3452,0.592437,0.238992,0.440710,0.502980,0.623134,0.789770,0.274951,0.750139,occipital parietal frontal temporal,0
3453,0.585178,0.236064,0.435310,0.496817,0.615498,0.271582,0.780093,2.154705,frontal parietal temporal occipital,0
3454,0.618378,0.249457,0.460007,0.525004,0.286990,0.824352,0.650419,0.750139,occipital parietal frontal temporal,0
3455,0.615797,0.248416,0.458088,0.522812,0.285792,0.647704,0.820911,0.950739,occipital frontal parietal temporal,0
3456,0.624467,0.251913,0.530173,0.832468,0.656823,0.289815,0.464537,2.154705,frontal parietal temporal occipital,0
3457,0.627107,0.252978,0.532414,0.835988,0.659600,0.466501,0.291041,1.344279,frontal parietal occipital temporal,0
3458,0.659458,0.266029,0.559881,0.879115,0.306055,0.693627,0.490567,0.950739,occipital frontal parietal temporal,0
3459,0.656247,0.264733,0.557155,0.874835,0.304565,0.488178,0.690250,1.344279,frontal parietal occipital temporal,0
3460,0.645117,0.260243,0.547705,0.859997,0.479899,0.678543,0.299399,0.950739,occipital frontal parietal temporal,0
3461,0.639277,0.257887,0.542747,0.852211,0.475554,0.296689,0.672400,2.154705,frontal parietal temporal occipital,0
3462,0.589535,0.237821,0.500515,0.620080,0.785901,0.273603,0.438551,2.154705,frontal parietal temporal occipital,0
3463,0.591887,0.238770,0.502513,0.622555,0.789037,0.440301,0.274695,1.344279,frontal parietal occipital temporal,0
3464,0.636692,0.256845,0.540552,0.669682,0.295489,0.848766,0.473631,0.750139,occipital parietal frontal temporal,0
3465,0.630989,0.254544,0.535710,0.663682,0.292842,0.469388,0.841163,1.344279,frontal parietal occipital temporal,0
3466,0.623314,0.251448,0.529194,0.655610,0.463679,0.830932,0.289281,0.750139,occipital parietal frontal temporal,0
3467,0.615284,0.248208,0.522376,0.647164,0.457706,0.285554,0.820227,2.154705,frontal parietal temporal occipital,0
3468,0.552624,0.222931,0.469178,0.256473,0.736696,0.581258,0.411094,0.950739,occipital parietal frontal temporal,0
3469,0.550368,0.222021,0.467263,0.255426,0.733688,0.409415,0.578884,1.344279,parietal frontal occipital temporal,0
3470,0.565329,0.228056,0.479965,0.262370,0.594621,0.753632,0.420544,0.750139,occipital parietal frontal temporal,0
3471,0.560828,0.226241,0.476143,0.260280,0.589886,0.417196,0.747632,1.344279,frontal parietal occipital temporal,0
3472,0.577440,0.232942,0.490247,0.267990,0.429554,0.769777,0.607359,0.750139,occipital parietal frontal temporal,0
3473,0.575189,0.232034,0.488335,0.266945,0.427879,0.604991,0.766776,0.950739,occipital parietal frontal temporal,0
3474,0.571798,0.230666,0.485457,0.425357,0.762256,0.601425,0.265372,0.950739,occipital parietal frontal temporal,0
3475,0.567205,0.228813,0.481557,0.421940,0.756133,0.263240,0.596594,2.154705,frontal parietal temporal occipital,0
3476,0.585410,0.236157,0.497014,0.435483,0.615742,0.780403,0.271689,0.750139,occipital parietal frontal temporal,0
3477,0.578321,0.233298,0.490995,0.430209,0.608286,0.268399,0.770952,2.154705,frontal parietal temporal occipital,0
3478,0.610726,0.246370,0.518507,0.454315,0.283438,0.814151,0.642370,0.750139,occipital parietal frontal temporal,0
3479,0.608209,0.245354,0.516370,0.452442,0.282270,0.639722,0.810795,0.950739,occipital parietal frontal temporal,0
3480,0.622913,0.528853,0.830397,0.655188,0.289094,0.463381,0.251286,1.344279,temporal parietal occipital frontal,0
3481,0.619745,0.526164,0.826174,0.651856,0.287624,0.250008,0.461024,2.478899,temporal parietal frontal occipital,0
3482,0.607602,0.515855,0.809986,0.639084,0.451991,0.281989,0.245110,2.154705,temporal parietal frontal occipital,0
3483,0.607063,0.515397,0.809267,0.638517,0.451590,0.244892,0.281738,2.478899,temporal parietal frontal occipital,0
3484,0.623134,0.529041,0.830692,0.655421,0.251375,0.289197,0.463545,2.154705,temporal parietal frontal occipital,0
3485,0.625763,0.531273,0.834196,0.658186,0.252436,0.465501,0.290417,1.344279,temporal parietal occipital frontal,0
3486,0.554439,0.470719,0.739115,0.257315,0.583166,0.412443,0.223663,1.344279,temporal parietal occipital frontal,0
3487,0.551928,0.468587,0.735768,0.256150,0.580525,0.222650,0.410576,2.478899,temporal parietal frontal occipital,0
3488,0.568470,0.482632,0.757820,0.263827,0.422881,0.597925,0.229324,0.950739,temporal parietal occipital frontal,0
3489,0.563465,0.478383,0.751148,0.261505,0.419158,0.227305,0.592661,2.478899,temporal parietal frontal occipital,0
3490,0.582043,0.494155,0.775914,0.270127,0.234799,0.612201,0.432978,0.950739,temporal parietal occipital frontal,0
3491,0.579541,0.492030,0.772578,0.268965,0.233790,0.431116,0.609569,1.344279,temporal parietal occipital frontal,0
3492,0.571530,0.485229,0.761899,0.425157,0.601143,0.265247,0.230558,2.154705,temporal parietal frontal occipital,0
3493,0.571052,0.484824,0.761262,0.424802,0.600641,0.230365,0.265026,2.478899,temporal parietal frontal occipital,0
3494,0.600702,0.509996,0.800787,0.446858,0.278786,0.631826,0.242326,0.950739,temporal parietal occipital frontal,0
3495,0.595116,0.505254,0.793342,0.442703,0.276194,0.240073,0.625951,2.478899,temporal parietal frontal occipital,0
3496,0.603352,0.512246,0.804321,0.448830,0.243395,0.634614,0.280016,0.950739,temporal parietal occipital frontal,0
3497,0.598240,0.507907,0.797506,0.445027,0.241333,0.277644,0.629237,2.154705,temporal parietal frontal occipital,0
3498,0.548387,0.465581,0.731047,0.221222,0.576800,0.254507,0.407941,2.154705,temporal parietal frontal occipital,0
3499,0.550422,0.467308,0.733760,0.222043,0.578941,0.409455,0.255451,1.344279,temporal parietal occipital frontal,0
3500,0.575189,0.488335,0.766776,0.232034,0.266945,0.604991,0.427879,0.950739,temporal parietal occipital frontal,0
3501,0.572744,0.486260,0.763518,0.231048,0.265811,0.426061,0.602420,1.344279,temporal parietal occipital frontal,0
3502,0.564248,0.479047,0.752191,0.227620,0.419740,0.593484,0.261868,0.950739,temporal parietal occipital frontal,0
3503,0.559775,0.475249,0.746228,0.225816,0.416413,0.259792,0.588779,2.154705,temporal parietal frontal occipital,0
3504,0.644687,0.547340,0.678091,0.859424,0.299200,0.479578,0.260070,1.344279,temporal parietal frontal occipital,0
3505,0.641295,0.544460,0.674523,0.854902,0.297625,0.258702,0.477055,2.478899,temporal parietal frontal occipital,0
3506,0.628302,0.533429,0.660856,0.837581,0.467389,0.291595,0.253460,2.154705,temporal parietal frontal occipital,0
3507,0.627725,0.532939,0.660249,0.836812,0.466960,0.253227,0.291328,2.478899,temporal parietal frontal occipital,0
3508,0.644924,0.547541,0.678340,0.859740,0.260166,0.299310,0.479755,2.154705,temporal parietal frontal occipital,0
3509,0.647741,0.549932,0.681302,0.863495,0.261302,0.481850,0.300617,1.344279,temporal parietal frontal occipital,0
3510,0.542213,0.460340,0.570307,0.251642,0.722818,0.403349,0.218732,1.344279,temporal parietal occipital frontal,0
3511,0.539812,0.458301,0.567782,0.250527,0.719616,0.217763,0.401563,2.478899,temporal parietal frontal occipital,0
3512,0.568470,0.482632,0.597925,0.263827,0.422881,0.757820,0.229324,0.750139,occipital temporal parietal frontal,0
3513,0.561322,0.476563,0.590406,0.260510,0.417564,0.226440,0.748290,2.478899,temporal parietal frontal occipital,0
3514,0.582043,0.494155,0.612201,0.270127,0.234799,0.775914,0.432978,0.750139,occipital temporal parietal frontal,0
3515,0.577273,0.490105,0.607184,0.267913,0.232875,0.429430,0.769555,1.344279,temporal parietal occipital frontal,0
3516,0.558548,0.474208,0.587488,0.415500,0.744593,0.259223,0.225321,2.154705,temporal parietal frontal occipital,0
3517,0.558092,0.473821,0.587009,0.415161,0.743985,0.225137,0.259011,2.478899,temporal parietal frontal occipital,0
3518,0.600702,0.509996,0.631826,0.446858,0.278786,0.800787,0.242326,0.750139,occipital temporal parietal frontal,0
3519,0.592726,0.503224,0.623437,0.440925,0.275084,0.239108,0.790154,2.478899,temporal parietal frontal occipital,0
3520,0.603352,0.512246,0.634614,0.448830,0.243395,0.804321,0.280016,0.750139,occipital temporal parietal frontal,0
3521,0.595825,0.505856,0.626696,0.443230,0.240359,0.276523,0.794286,2.154705,temporal parietal frontal occipital,0
3522,0.536424,0.455424,0.564218,0.216396,0.715100,0.248955,0.399042,2.154705,temporal parietal frontal occipital,0
3523,0.538371,0.457077,0.566266,0.217182,0.717695,0.400491,0.249858,1.344279,temporal parietal occipital frontal,0
3524,0.575189,0.488335,0.604991,0.232034,0.266945,0.766776,0.427879,0.750139,occipital temporal parietal frontal,0
3525,0.570529,0.484380,0.600091,0.230154,0.264783,0.424413,0.760565,1.344279,temporal parietal occipital frontal,0
3526,0.564248,0.479047,0.593484,0.227620,0.419740,0.752191,0.261868,0.750139,occipital temporal parietal frontal,0
3527,0.557659,0.473453,0.586553,0.224962,0.414839,0.258810,0.743408,2.154705,temporal parietal frontal occipital,0
3528,0.611206,0.518914,0.283661,0.814790,0.642874,0.454672,0.246563,1.344279,temporal frontal occipital parietal,0
3529,0.608156,0.516325,0.282246,0.810724,0.639667,0.245333,0.452403,2.478899,temporal frontal parietal occipital,1
3530,0.628302,0.533429,0.291595,0.837581,0.467389,0.660856,0.253460,0.950739,temporal occipital frontal parietal,0
3531,0.622194,0.528243,0.288761,0.829438,0.462846,0.250996,0.654432,2.478899,temporal frontal parietal occipital,1
3532,0.644924,0.547541,0.299310,0.859740,0.260166,0.678340,0.479755,0.950739,temporal occipital frontal parietal,0
3533,0.641853,0.544934,0.297884,0.855646,0.258927,0.477470,0.675110,1.344279,temporal frontal occipital parietal,0
3534,0.577701,0.490469,0.268112,0.607634,0.770126,0.429748,0.233048,1.344279,temporal frontal occipital parietal,0
3535,0.574976,0.488155,0.266847,0.604768,0.766493,0.231948,0.427721,2.478899,temporal frontal parietal occipital,1
3536,0.607602,0.515855,0.281989,0.639084,0.451991,0.809986,0.245110,0.750139,occipital temporal frontal parietal,0
3537,0.599443,0.508928,0.278202,0.630502,0.445922,0.241818,0.799109,2.478899,temporal frontal parietal occipital,1
3538,0.623134,0.529041,0.289197,0.655421,0.251375,0.830692,0.463545,0.750139,occipital temporal frontal parietal,0
3539,0.617670,0.524402,0.286661,0.649673,0.249171,0.459480,0.823407,1.344279,temporal frontal occipital parietal,0
3540,0.558548,0.474208,0.259223,0.415500,0.744593,0.587488,0.225321,0.950739,temporal occipital frontal parietal,0
3541,0.553716,0.470105,0.256980,0.411906,0.738151,0.223372,0.582406,2.478899,temporal frontal parietal occipital,1
3542,0.571530,0.485229,0.265247,0.425157,0.601143,0.761899,0.230558,0.750139,temporal occipital frontal parietal,0
3543,0.564305,0.479095,0.261894,0.419783,0.593543,0.227643,0.752267,2.478899,temporal frontal parietal occipital,1
3544,0.598240,0.507907,0.277644,0.445027,0.241333,0.797506,0.629237,0.750139,occipital temporal frontal parietal,0
3545,0.595825,0.505856,0.276523,0.443230,0.240359,0.626696,0.794286,0.950739,temporal occipital frontal parietal,0
3546,0.536424,0.455424,0.248955,0.216396,0.715100,0.564218,0.399042,0.950739,temporal occipital frontal parietal,0
3547,0.534297,0.453619,0.247968,0.215538,0.712265,0.397460,0.561981,1.344279,temporal occipital frontal parietal,0
3548,0.548387,0.465581,0.254507,0.221222,0.576800,0.731047,0.407941,0.750139,temporal occipital frontal parietal,0
3549,0.544150,0.461984,0.252540,0.219513,0.572344,0.404790,0.725399,1.344279,temporal occipital frontal parietal,0
3550,0.559775,0.475249,0.259792,0.225816,0.416413,0.746228,0.588779,0.750139,occipital temporal frontal parietal,0
3551,0.557659,0.473453,0.258810,0.224962,0.414839,0.586553,0.743408,0.950739,temporal occipital frontal parietal,0
3552,0.611206,0.518914,0.454672,0.814790,0.642874,0.283661,0.246563,2.154705,temporal frontal parietal occipital,1
3553,0.610660,0.518451,0.454266,0.814062,0.642300,0.246343,0.283408,2.478899,temporal frontal parietal occipital,1
3554,0.644687,0.547340,0.479578,0.859424,0.299200,0.678091,0.260070,0.950739,temporal occipital frontal parietal,0
3555,0.638258,0.541882,0.474796,0.850853,0.296216,0.257476,0.671328,2.478899,temporal frontal parietal occipital,1
3556,0.647741,0.549932,0.481850,0.863495,0.261302,0.681302,0.300617,0.950739,temporal occipital frontal parietal,0
3557,0.641853,0.544934,0.477470,0.855646,0.258927,0.297884,0.675110,2.154705,temporal frontal parietal occipital,1
3558,0.577701,0.490469,0.429748,0.607634,0.770126,0.268112,0.233048,2.154705,temporal frontal parietal occipital,1
3559,0.577214,0.490055,0.429385,0.607121,0.769476,0.232851,0.267885,2.478899,temporal frontal parietal occipital,1
3560,0.622913,0.528853,0.463381,0.655188,0.289094,0.830397,0.251286,0.750139,occipital temporal parietal frontal,0
3561,0.614340,0.521575,0.457003,0.646171,0.285116,0.247828,0.818968,2.478899,temporal frontal parietal occipital,1
3562,0.625763,0.531273,0.465501,0.658186,0.252436,0.834196,0.290417,0.750139,occipital temporal parietal frontal,0
3563,0.617670,0.524402,0.459480,0.649673,0.249171,0.286661,0.823407,2.154705,temporal frontal parietal occipital,1
3564,0.542213,0.460340,0.403349,0.251642,0.722818,0.570307,0.218732,0.950739,temporal occipital parietal frontal,0
3565,0.537659,0.456473,0.399961,0.249528,0.716745,0.216894,0.565517,2.478899,temporal frontal parietal occipital,1
3566,0.554439,0.470719,0.412443,0.257315,0.583166,0.739115,0.223663,0.750139,temporal occipital parietal frontal,0
3567,0.547637,0.464944,0.407383,0.254159,0.576012,0.220919,0.730047,2.478899,temporal frontal parietal occipital,1
3568,0.579541,0.492030,0.431116,0.268965,0.233790,0.772578,0.609569,0.750139,occipital temporal parietal frontal,0
3569,0.577273,0.490105,0.429430,0.267913,0.232875,0.607184,0.769555,0.950739,temporal occipital parietal frontal,0
3570,0.538371,0.457077,0.400491,0.217182,0.717695,0.566266,0.249858,0.950739,temporal occipital parietal frontal,0
3571,0.534297,0.453619,0.397460,0.215538,0.712265,0.247968,0.561981,2.154705,temporal frontal parietal occipital,1
3572,0.550422,0.467308,0.409455,0.222043,0.578941,0.733760,0.255451,0.750139,temporal occipital parietal frontal,0
3573,0.544150,0.461984,0.404790,0.219513,0.572344,0.252540,0.725399,2.154705,temporal frontal parietal occipital,1
3574,0.572744,0.486260,0.426061,0.231048,0.265811,0.763518,0.602420,0.750139,occipital temporal parietal frontal,0
3575,0.570529,0.484380,0.424413,0.230154,0.264783,0.600091,0.760565,0.950739,temporal occipital parietal frontal,0
3576,0.608156,0.516325,0.245333,0.810724,0.639667,0.282246,0.452403,2.154705,temporal frontal parietal occipital,1
3577,0.610660,0.518451,0.246343,0.814062,0.642300,0.454266,0.283408,1.344279,temporal frontal occipital parietal,0
3578,0.641295,0.544460,0.258702,0.854902,0.297625,0.674523,0.477055,0.950739,temporal occipital frontal parietal,0
3579,0.638258,0.541882,0.257476,0.850853,0.296216,0.474796,0.671328,1.344279,temporal frontal occipital parietal,0
3580,0.627725,0.532939,0.253227,0.836812,0.466960,0.660249,0.291328,0.950739,temporal occipital frontal parietal,0
3581,0.622194,0.528243,0.250996,0.829438,0.462846,0.288761,0.654432,2.154705,temporal frontal parietal occipital,1
3582,0.574976,0.488155,0.231948,0.604768,0.766493,0.266847,0.427721,2.154705,temporal frontal occipital parietal,0
3583,0.577214,0.490055,0.232851,0.607121,0.769476,0.429385,0.267885,1.344279,temporal frontal occipital parietal,0
3584,0.619745,0.526164,0.250008,0.651856,0.287624,0.826174,0.461024,0.750139,occipital temporal frontal parietal,0
3585,0.614340,0.521575,0.247828,0.646171,0.285116,0.457003,0.818968,1.344279,temporal frontal occipital parietal,0
3586,0.607063,0.515397,0.244892,0.638517,0.451590,0.809267,0.281738,0.750139,occipital temporal frontal parietal,0
3587,0.599443,0.508928,0.241818,0.630502,0.445922,0.278202,0.799109,2.154705,temporal frontal parietal occipital,1
3588,0.539812,0.458301,0.217763,0.250527,0.719616,0.567782,0.401563,0.950739,temporal occipital frontal parietal,0
3589,0.537659,0.456473,0.216894,0.249528,0.716745,0.399961,0.565517,1.344279,temporal occipital frontal parietal,0
3590,0.551928,0.468587,0.222650,0.256150,0.580525,0.735768,0.410576,0.750139,temporal occipital frontal parietal,0
3591,0.547637,0.464944,0.220919,0.254159,0.576012,0.407383,0.730047,1.344279,temporal occipital frontal parietal,0
3592,0.563465,0.478383,0.227305,0.261505,0.419158,0.751148,0.592661,0.750139,occipital temporal frontal parietal,0
3593,0.561322,0.476563,0.226440,0.260510,0.417564,0.590406,0.748290,0.950739,temporal occipital frontal parietal,0
3594,0.558092,0.473821,0.225137,0.415161,0.743985,0.587009,0.259011,0.950739,temporal occipital frontal parietal,0
3595,0.553716,0.470105,0.223372,0.411906,0.738151,0.256980,0.582406,2.154705,temporal frontal occipital parietal,0
3596,0.571052,0.484824,0.230365,0.424802,0.600641,0.761262,0.265026,0.750139,temporal occipital frontal parietal,0
3597,0.564305,0.479095,0.227643,0.419783,0.593543,0.261894,0.752267,2.154705,temporal frontal occipital parietal,0
3598,0.595116,0.505254,0.240073,0.442703,0.276194,0.793342,0.625951,0.750139,occipital temporal frontal parietal,0
3599,0.592726,0.503224,0.239108,0.440925,0.275084,0.623437,0.790154,0.950739,temporal occipital frontal parietal,0
3600,0.241163,0.796945,0.628795,0.277448,0.444714,0.597819,0.507549,0.403405,temporal occipital parietal frontal,0
3601,0.240640,0.795215,0.627430,0.276846,0.443749,0.506448,0.596522,0.475153,temporal occipital parietal frontal,0
3602,0.235941,0.779686,0.615177,0.271440,0.584873,0.435083,0.496558,0.542289,temporal parietal occipital frontal,0
3603,0.236291,0.780843,0.616090,0.271843,0.585741,0.497294,0.435729,0.475153,temporal occipital parietal frontal,0
3604,0.238478,0.788072,0.621793,0.274359,0.501898,0.439762,0.591163,0.542289,temporal parietal occipital frontal,0
3605,0.239351,0.790957,0.624070,0.275364,0.503736,0.593328,0.441373,0.403405,temporal occipital parietal frontal,0
3606,0.255585,0.844604,0.666397,0.471308,0.294040,0.633570,0.537901,0.403405,temporal occipital parietal frontal,0
3607,0.254997,0.842661,0.664865,0.470224,0.293364,0.536664,0.632113,0.475153,temporal occipital parietal frontal,0
3608,0.243626,0.805083,0.635215,0.449255,0.603924,0.280282,0.512732,0.869219,temporal parietal occipital frontal,0
3609,0.244998,0.809618,0.638794,0.451786,0.607326,0.515620,0.281860,0.475153,temporal occipital parietal frontal,0
3610,0.246332,0.814027,0.642272,0.454246,0.518428,0.283395,0.610633,0.869219,temporal parietal occipital frontal,0
3611,0.248290,0.820497,0.647377,0.457856,0.522548,0.615486,0.285648,0.403405,temporal occipital parietal frontal,0
3612,0.263838,0.871875,0.687915,0.654027,0.303535,0.486527,0.555270,0.542289,temporal parietal occipital frontal,0
3613,0.264276,0.873322,0.689056,0.655113,0.304038,0.556191,0.487334,0.475153,temporal occipital parietal frontal,0
3614,0.257037,0.849403,0.670184,0.637170,0.473987,0.295711,0.540958,0.869219,temporal parietal occipital frontal,0
3615,0.258566,0.854452,0.674168,0.640958,0.476804,0.544174,0.297469,0.475153,temporal occipital parietal frontal,0
3616,0.254980,0.842604,0.664820,0.632070,0.536628,0.293344,0.470193,0.869219,temporal parietal occipital frontal,0
3617,0.256071,0.846210,0.667665,0.634775,0.538924,0.472205,0.294599,0.542289,temporal parietal occipital frontal,0
3618,0.258306,0.853593,0.673490,0.543627,0.297170,0.476325,0.640314,0.542289,temporal parietal occipital frontal,0
3619,0.259330,0.856980,0.676162,0.545783,0.298349,0.642854,0.478215,0.403405,temporal occipital parietal frontal,0
3620,0.251784,0.832042,0.656486,0.529901,0.464299,0.289667,0.624147,0.869219,temporal parietal occipital frontal,0
3621,0.253830,0.838803,0.661820,0.534207,0.468071,0.629218,0.292021,0.403405,temporal occipital parietal frontal,0
3622,0.247027,0.816321,0.644082,0.519889,0.612354,0.284194,0.455526,0.869219,temporal parietal occipital frontal,0
3623,0.248051,0.819705,0.646752,0.522044,0.614892,0.457414,0.285372,0.542289,temporal parietal occipital frontal,0
3624,0.258684,0.854843,0.297605,0.674476,0.477022,0.641251,0.544423,0.403405,temporal occipital parietal frontal,0
3625,0.258082,0.852853,0.296912,0.672906,0.475912,0.543155,0.639758,0.475153,temporal occipital parietal frontal,0
3626,0.252684,0.835017,0.290703,0.658833,0.626378,0.465959,0.531796,0.542289,temporal occipital parietal frontal,0
3627,0.253086,0.836343,0.291165,0.659880,0.627374,0.532641,0.466699,0.475153,temporal occipital parietal frontal,0
3628,0.255597,0.844642,0.294053,0.666427,0.537926,0.471330,0.633599,0.542289,temporal occipital parietal frontal,0
3629,0.256600,0.847957,0.295208,0.669043,0.540037,0.636086,0.473180,0.403405,temporal occipital parietal frontal,0
3630,0.242529,0.801457,0.279019,0.447232,0.632355,0.601204,0.510423,0.403405,temporal occipital parietal frontal,0
3631,0.241999,0.799708,0.278410,0.446256,0.630974,0.509309,0.599892,0.475153,temporal occipital parietal frontal,0
3632,0.243626,0.805083,0.280282,0.449255,0.603924,0.635215,0.512732,0.383533,temporal occipital parietal frontal,0
3633,0.242909,0.802714,0.279457,0.447933,0.602147,0.511223,0.633346,0.475153,temporal occipital parietal frontal,0
3634,0.246332,0.814027,0.283395,0.454246,0.518428,0.642272,0.610633,0.383533,temporal occipital parietal frontal,0
3635,0.246145,0.813407,0.283179,0.453900,0.518033,0.610168,0.641783,0.403405,temporal occipital parietal frontal,0
3636,0.249948,0.825973,0.287554,0.619595,0.651698,0.460912,0.526036,0.542289,temporal occipital parietal frontal,0
3637,0.250340,0.827272,0.288006,0.620568,0.652722,0.526863,0.461637,0.475153,temporal occipital parietal frontal,0
3638,0.257037,0.849403,0.295711,0.637170,0.473987,0.670184,0.540958,0.383533,temporal occipital parietal frontal,0
3639,0.256240,0.846766,0.294793,0.635192,0.472515,0.539279,0.668104,0.475153,temporal occipital parietal frontal,0
3640,0.254980,0.842604,0.293344,0.632070,0.536628,0.664820,0.470193,0.383533,temporal occipital parietal frontal,0
3641,0.253790,0.838671,0.291975,0.629119,0.534123,0.467998,0.661716,0.542289,temporal occipital parietal frontal,0
3642,0.244977,0.809548,0.281836,0.515575,0.638738,0.451747,0.607273,0.542289,temporal occipital parietal frontal,0
3643,0.245899,0.812593,0.282896,0.517515,0.641141,0.609558,0.453446,0.403405,temporal occipital parietal frontal,0
3644,0.251784,0.832042,0.289667,0.529901,0.464299,0.656486,0.624147,0.383533,temporal occipital parietal frontal,0
3645,0.251588,0.831394,0.289441,0.529489,0.463937,0.623661,0.655975,0.403405,temporal occipital parietal frontal,0
3646,0.247027,0.816321,0.284194,0.519889,0.612354,0.644082,0.455526,0.383533,temporal occipital parietal frontal,0
3647,0.245909,0.812628,0.282908,0.517537,0.609584,0.453466,0.641169,0.542289,temporal occipital parietal frontal,0
3648,0.265573,0.877608,0.489726,0.692438,0.305530,0.658328,0.558921,0.403405,temporal occipital parietal frontal,0
3649,0.264938,0.875511,0.488556,0.690784,0.304800,0.557585,0.656755,0.475153,temporal occipital parietal frontal,0
3650,0.252684,0.835017,0.465959,0.658833,0.626378,0.290703,0.531796,0.869219,temporal parietal occipital frontal,0
3651,0.254161,0.839896,0.468682,0.662683,0.630039,0.534903,0.292401,0.475153,temporal occipital parietal frontal,0
3652,0.255597,0.844642,0.471330,0.666427,0.537926,0.294053,0.633599,0.869219,temporal parietal occipital frontal,0
3653,0.257705,0.851609,0.475218,0.671925,0.542363,0.638825,0.296479,0.403405,temporal occipital parietal frontal,0
3654,0.234911,0.776285,0.433185,0.270256,0.612494,0.582322,0.494391,0.403405,temporal occipital parietal frontal,0
3655,0.234415,0.774644,0.432269,0.269684,0.611199,0.493346,0.581090,0.475153,temporal occipital parietal frontal,0
3656,0.235941,0.779686,0.435083,0.271440,0.584873,0.615177,0.496558,0.383533,temporal occipital parietal frontal,0
3657,0.235268,0.777464,0.433843,0.270666,0.583206,0.495142,0.613424,0.475153,temporal occipital parietal frontal,0
3658,0.238478,0.788072,0.439762,0.274359,0.501898,0.621793,0.591163,0.383533,temporal occipital parietal frontal,0
3659,0.238302,0.787490,0.439438,0.274157,0.501528,0.590727,0.621335,0.403405,temporal occipital parietal frontal,0
3660,0.249948,0.825973,0.460912,0.619595,0.651698,0.287554,0.526036,0.869219,temporal parietal occipital frontal,0
3661,0.251392,0.830747,0.463576,0.623176,0.655465,0.529077,0.289216,0.475153,temporal occipital parietal frontal,0
3662,0.263838,0.871875,0.486527,0.654027,0.303535,0.687915,0.555270,0.383533,temporal occipital parietal frontal,0
3663,0.262997,0.869097,0.484977,0.651944,0.302567,0.553501,0.685723,0.475153,temporal occipital parietal frontal,0
3664,0.256071,0.846210,0.472205,0.634775,0.538924,0.667665,0.294599,0.383533,temporal occipital parietal frontal,0
3665,0.253790,0.838671,0.467998,0.629119,0.534123,0.291975,0.661716,0.869219,temporal parietal occipital frontal,0
3666,0.244977,0.809548,0.451747,0.515575,0.638738,0.281836,0.607273,0.869219,temporal parietal occipital frontal,0
3667,0.246913,0.815946,0.455317,0.519650,0.643787,0.612073,0.284063,0.403405,temporal occipital parietal frontal,0
3668,0.258306,0.853593,0.476325,0.543627,0.297170,0.673490,0.640314,0.383533,temporal occipital parietal frontal,0
3669,0.258099,0.852912,0.475945,0.543192,0.296933,0.639802,0.672952,0.403405,temporal occipital parietal frontal,0
3670,0.248051,0.819705,0.457414,0.522044,0.614892,0.646752,0.285372,0.383533,temporal occipital parietal frontal,0
3671,0.245909,0.812628,0.453466,0.517537,0.609584,0.282908,0.641169,0.869219,temporal parietal occipital frontal,0
3672,0.265573,0.877608,0.658328,0.692438,0.305530,0.489726,0.558921,0.542289,temporal parietal occipital frontal,0
3673,0.266016,0.879074,0.659427,0.693595,0.306041,0.559854,0.490544,0.475153,temporal occipital parietal frontal,0
3674,0.258684,0.854843,0.641251,0.674476,0.477022,0.297605,0.544423,0.869219,temporal parietal occipital frontal,0
3675,0.260231,0.859958,0.645088,0.678512,0.479876,0.547680,0.299386,0.475153,temporal occipital parietal frontal,0
3676,0.256600,0.847957,0.636086,0.669043,0.540037,0.295208,0.473180,0.869219,temporal parietal occipital frontal,0
3677,0.257705,0.851609,0.638825,0.671925,0.542363,0.475218,0.296479,0.542289,temporal parietal occipital frontal,0
3678,0.234911,0.776285,0.582322,0.270256,0.612494,0.433185,0.494391,0.542289,temporal parietal occipital frontal,0
3679,0.235258,0.777432,0.583182,0.270655,0.613398,0.495122,0.433825,0.475153,temporal occipital parietal frontal,0
3680,0.241163,0.796945,0.597819,0.277448,0.444714,0.628795,0.507549,0.383533,temporal occipital parietal frontal,0
3681,0.240461,0.794624,0.596078,0.276640,0.443418,0.506071,0.626963,0.475153,temporal occipital parietal frontal,0
3682,0.239351,0.790957,0.593328,0.275364,0.503736,0.624070,0.441373,0.383533,temporal occipital parietal frontal,0
3683,0.238302,0.787490,0.590727,0.274157,0.501528,0.439438,0.621335,0.542289,temporal parietal occipital frontal,0
3684,0.242529,0.801457,0.601204,0.447232,0.632355,0.279019,0.510423,0.869219,temporal parietal occipital frontal,0
3685,0.243889,0.805951,0.604575,0.449740,0.635900,0.513285,0.280584,0.475153,temporal occipital parietal frontal,0
3686,0.255585,0.844604,0.633570,0.471308,0.294040,0.666397,0.537901,0.383533,temporal occipital parietal frontal,0
3687,0.254796,0.841996,0.631614,0.469854,0.293133,0.536241,0.664340,0.475153,temporal occipital parietal frontal,0
3688,0.248290,0.820497,0.615486,0.457856,0.522548,0.647377,0.285648,0.383533,temporal occipital parietal frontal,0
3689,0.246145,0.813407,0.610168,0.453900,0.518033,0.283179,0.641783,0.869219,temporal parietal occipital frontal,0
3690,0.245899,0.812593,0.609558,0.517515,0.641141,0.282896,0.453446,0.869219,temporal parietal occipital frontal,0
3691,0.246913,0.815946,0.612073,0.519650,0.643787,0.455317,0.284063,0.542289,temporal parietal occipital frontal,0
3692,0.259330,0.856980,0.642854,0.545783,0.298349,0.676162,0.478215,0.383533,temporal occipital parietal frontal,0
3693,0.258099,0.852912,0.639802,0.543192,0.296933,0.475945,0.672952,0.542289,temporal parietal occipital frontal,0
3694,0.253830,0.838803,0.629218,0.534207,0.468071,0.661820,0.292021,0.383533,temporal occipital parietal frontal,0
3695,0.251588,0.831394,0.623661,0.529489,0.463937,0.289441,0.655975,0.869219,temporal parietal occipital frontal,0
3696,0.264938,0.875511,0.557585,0.690784,0.304800,0.488556,0.656755,0.542289,temporal occipital parietal frontal,0
3697,0.266016,0.879074,0.559854,0.693595,0.306041,0.659427,0.490544,0.403405,temporal occipital parietal frontal,0
3698,0.258082,0.852853,0.543155,0.672906,0.475912,0.296912,0.639758,0.869219,temporal parietal occipital frontal,0
3699,0.260231,0.859958,0.547680,0.678512,0.479876,0.645088,0.299386,0.403405,temporal occipital parietal frontal,0
3700,0.253086,0.836343,0.532641,0.659880,0.627374,0.291165,0.466699,0.869219,temporal parietal occipital frontal,0
3701,0.254161,0.839896,0.534903,0.662683,0.630039,0.468682,0.292401,0.542289,temporal occipital parietal frontal,0
3702,0.234415,0.774644,0.493346,0.269684,0.611199,0.432269,0.581090,0.542289,temporal occipital parietal frontal,0
3703,0.235258,0.777432,0.495122,0.270655,0.613398,0.583182,0.433825,0.403405,temporal occipital parietal frontal,0
3704,0.240640,0.795215,0.506448,0.276846,0.443749,0.627430,0.596522,0.383533,temporal occipital parietal frontal,0
3705,0.240461,0.794624,0.506071,0.276640,0.443418,0.596078,0.626963,0.403405,temporal occipital parietal frontal,0
3706,0.236291,0.780843,0.497294,0.271843,0.585741,0.616090,0.435729,0.383533,temporal occipital parietal frontal,0
3707,0.235268,0.777464,0.495142,0.270666,0.583206,0.433843,0.613424,0.542289,temporal occipital parietal frontal,0
3708,0.241999,0.799708,0.509309,0.446256,0.630974,0.278410,0.599892,0.869219,temporal parietal occipital frontal,0
3709,0.243889,0.805951,0.513285,0.449740,0.635900,0.604575,0.280584,0.403405,temporal occipital parietal frontal,0
3710,0.254997,0.842661,0.536664,0.470224,0.293364,0.664865,0.632113,0.383533,temporal occipital parietal frontal,0
3711,0.254796,0.841996,0.536241,0.469854,0.293133,0.631614,0.664340,0.403405,temporal occipital parietal frontal,0
3712,0.244998,0.809618,0.515620,0.451786,0.607326,0.638794,0.281860,0.383533,temporal occipital parietal frontal,0
3713,0.242909,0.802714,0.511223,0.447933,0.602147,0.279457,0.633346,0.869219,temporal parietal occipital frontal,0
3714,0.250340,0.827272,0.526863,0.620568,0.652722,0.288006,0.461637,0.869219,temporal parietal occipital frontal,0
3715,0.251392,0.830747,0.529077,0.623176,0.655465,0.463576,0.289216,0.542289,temporal occipital parietal frontal,0
3716,0.264276,0.873322,0.556191,0.655113,0.304038,0.689056,0.487334,0.383533,temporal occipital parietal frontal,0
3717,0.262997,0.869097,0.553501,0.651944,0.302567,0.484977,0.685723,0.542289,temporal occipital parietal frontal,0
3718,0.258566,0.854452,0.544174,0.640958,0.476804,0.674168,0.297469,0.383533,temporal occipital parietal frontal,0
3719,0.256240,0.846766,0.539279,0.635192,0.472515,0.294793,0.668104,0.869219,temporal parietal occipital frontal,0
3720,0.245136,0.639154,0.810074,0.282019,0.452040,0.607668,0.515911,0.403405,temporal parietal occipital frontal,0
3721,0.244595,0.637743,0.808287,0.281397,0.451043,0.514773,0.606328,0.475153,temporal parietal occipital frontal,0
3722,0.239742,0.625089,0.792248,0.275813,0.594296,0.442093,0.504558,0.542289,temporal parietal occipital frontal,0
3723,0.240103,0.626031,0.793443,0.276229,0.595192,0.505319,0.442759,0.475153,temporal parietal occipital frontal,0
3724,0.242362,0.631921,0.800908,0.278828,0.510073,0.446925,0.600792,0.542289,temporal parietal occipital frontal,0
3725,0.243264,0.634273,0.803888,0.279866,0.511971,0.603028,0.448588,0.403405,temporal parietal occipital frontal,0
3726,0.260052,0.678044,0.859364,0.479545,0.299179,0.644643,0.547302,0.403405,temporal parietal occipital frontal,0
3727,0.259443,0.676457,0.857353,0.478423,0.298479,0.546021,0.643134,0.475153,temporal parietal occipital frontal,0
3728,0.247681,0.645789,0.818484,0.456733,0.613977,0.284947,0.521267,0.869219,temporal parietal occipital frontal,0
3729,0.249100,0.649487,0.823171,0.459349,0.617493,0.524252,0.286579,0.475153,temporal parietal occipital frontal,0
3730,0.250479,0.653084,0.827730,0.461892,0.527155,0.288166,0.620912,0.869219,temporal parietal occipital frontal,0
3731,0.252504,0.658362,0.834420,0.465626,0.531416,0.625931,0.290495,0.403405,temporal parietal occipital frontal,0
3732,0.268600,0.700333,0.887614,0.665833,0.309014,0.495309,0.565293,0.542289,temporal parietal occipital frontal,0
3733,0.269054,0.701516,0.889113,0.666958,0.309536,0.566248,0.496146,0.475153,temporal parietal occipital frontal,0
3734,0.261556,0.681964,0.864333,0.648370,0.482318,0.300909,0.550467,0.869219,temporal parietal occipital frontal,0
3735,0.263138,0.686090,0.869562,0.652293,0.485236,0.553797,0.302729,0.475153,temporal parietal occipital frontal,0
3736,0.259426,0.676411,0.857294,0.643090,0.545984,0.298458,0.478390,0.869219,temporal parietal occipital frontal,0
3737,0.260555,0.679356,0.861028,0.645890,0.548361,0.480473,0.299758,0.542289,temporal parietal occipital frontal,0
3738,0.262869,0.685388,0.868673,0.553230,0.302420,0.484740,0.651625,0.542289,temporal parietal occipital frontal,0
3739,0.263930,0.688156,0.872180,0.555464,0.303641,0.654256,0.486697,0.403405,temporal parietal occipital frontal,0
3740,0.256118,0.667786,0.846363,0.539022,0.472290,0.294653,0.634890,0.869219,temporal parietal occipital frontal,0
3741,0.258235,0.673306,0.853360,0.543478,0.476195,0.640138,0.297089,0.403405,temporal parietal occipital frontal,0
3742,0.251197,0.654955,0.830101,0.528665,0.622691,0.288991,0.463216,0.869219,temporal parietal occipital frontal,0
3743,0.252256,0.657716,0.833601,0.530894,0.625316,0.465169,0.290210,0.542289,temporal parietal occipital frontal,0
3744,0.272918,0.711589,0.313980,0.901880,0.503270,0.676535,0.574379,0.403405,temporal occipital parietal frontal,0
3745,0.272247,0.709841,0.313209,0.899665,0.502034,0.572968,0.674874,0.475153,temporal occipital parietal frontal,0
3746,0.266248,0.694199,0.306307,0.879840,0.660002,0.490971,0.560342,0.542289,temporal occipital parietal frontal,0
3747,0.266694,0.695361,0.306820,0.881313,0.661107,0.561280,0.491793,0.475153,temporal occipital parietal frontal,0
3748,0.269484,0.702636,0.310030,0.890532,0.567152,0.496938,0.668023,0.542289,temporal occipital parietal frontal,0
3749,0.270599,0.705544,0.311313,0.894219,0.569500,0.670788,0.498995,0.403405,temporal occipital parietal frontal,0
3750,0.240568,0.627243,0.276764,0.443617,0.794979,0.596344,0.506297,0.403405,temporal occipital parietal frontal,0
3751,0.240047,0.625885,0.276165,0.442656,0.793257,0.505201,0.595053,0.475153,temporal occipital parietal frontal,0
3752,0.247681,0.645789,0.284947,0.456733,0.613977,0.818484,0.521267,0.302610,temporal occipital parietal frontal,0
3753,0.245920,0.641197,0.282921,0.453485,0.609611,0.517560,0.812664,0.475153,temporal occipital parietal frontal,0
3754,0.250479,0.653084,0.288166,0.461892,0.527155,0.827730,0.620912,0.302610,temporal occipital parietal frontal,0
3755,0.249237,0.649845,0.286737,0.459602,0.524541,0.617833,0.823625,0.403405,temporal occipital parietal frontal,0
3756,0.247866,0.646270,0.285159,0.614434,0.819094,0.457074,0.521655,0.542289,temporal occipital parietal frontal,0
3757,0.248252,0.647277,0.285604,0.615392,0.820371,0.522468,0.457786,0.475153,temporal occipital parietal frontal,0
3758,0.261556,0.681964,0.300909,0.648370,0.482318,0.864333,0.550467,0.302610,temporal occipital parietal frontal,0
3759,0.259592,0.676845,0.298650,0.643503,0.478698,0.546335,0.857845,0.475153,temporal occipital parietal frontal,0
3760,0.259426,0.676411,0.298458,0.643090,0.545984,0.857294,0.478390,0.302610,temporal occipital parietal frontal,0
3761,0.257078,0.670291,0.295758,0.637271,0.541044,0.474062,0.849538,0.542289,temporal occipital parietal frontal,0
3762,0.242977,0.633523,0.279535,0.511366,0.802938,0.448058,0.602315,0.542289,temporal occipital parietal frontal,0
3763,0.243883,0.635887,0.280578,0.513274,0.805934,0.604562,0.449730,0.403405,temporal occipital parietal frontal,0
3764,0.256118,0.667786,0.294653,0.539022,0.472290,0.846363,0.634890,0.302610,temporal occipital parietal frontal,0
3765,0.254819,0.664400,0.293159,0.536289,0.469896,0.631671,0.842072,0.403405,temporal occipital parietal frontal,0
3766,0.251197,0.654955,0.288991,0.528665,0.622691,0.830101,0.463216,0.302610,temporal occipital parietal frontal,0
3767,0.248995,0.649216,0.286459,0.524033,0.617235,0.459157,0.822827,0.542289,temporal occipital parietal frontal,0
3768,0.280597,0.731611,0.517431,0.927256,0.322815,0.695571,0.590540,0.403405,temporal occipital parietal frontal,0
3769,0.279888,0.729764,0.516124,0.924916,0.322000,0.589049,0.693815,0.475153,temporal occipital parietal frontal,0
3770,0.266248,0.694199,0.490971,0.879840,0.660002,0.306307,0.560342,0.869219,temporal parietal occipital frontal,0
3771,0.267888,0.698474,0.493995,0.885259,0.664067,0.563793,0.308194,0.475153,temporal occipital parietal frontal,0
3772,0.269484,0.702636,0.496938,0.890532,0.567152,0.310030,0.668023,0.869219,temporal parietal occipital frontal,0
3773,0.271829,0.708749,0.501262,0.898281,0.572087,0.673836,0.312728,0.403405,temporal occipital parietal frontal,0
3774,0.233072,0.607697,0.429793,0.268139,0.770205,0.577761,0.490519,0.403405,temporal occipital parietal frontal,0
3775,0.232583,0.606422,0.428891,0.267577,0.768590,0.489490,0.576549,0.475153,temporal occipital parietal frontal,0
3776,0.239742,0.625089,0.442093,0.275813,0.594296,0.792248,0.504558,0.302610,temporal occipital parietal frontal,0
3777,0.238091,0.620785,0.439049,0.273914,0.590205,0.501084,0.786794,0.475153,temporal occipital parietal frontal,0
3778,0.242362,0.631921,0.446925,0.278828,0.510073,0.800908,0.600792,0.302610,temporal occipital parietal frontal,0
3779,0.241199,0.628888,0.444780,0.277490,0.507625,0.597909,0.797064,0.403405,temporal occipital parietal frontal,0
3780,0.247866,0.646270,0.457074,0.614434,0.819094,0.285159,0.521655,0.869219,temporal parietal occipital frontal,0
3781,0.249286,0.649974,0.459693,0.617956,0.823788,0.524645,0.286794,0.475153,temporal occipital parietal frontal,0
3782,0.268600,0.700333,0.495309,0.665833,0.309014,0.887614,0.565293,0.302610,temporal occipital parietal frontal,0
3783,0.266530,0.694935,0.491492,0.660702,0.306632,0.560936,0.880773,0.475153,temporal occipital parietal frontal,0
3784,0.260555,0.679356,0.480473,0.645890,0.548361,0.861028,0.299758,0.302610,temporal occipital parietal frontal,0
3785,0.257078,0.670291,0.474062,0.637271,0.541044,0.295758,0.849538,0.869219,temporal parietal occipital frontal,0
3786,0.242977,0.633523,0.448058,0.511366,0.802938,0.279535,0.602315,0.869219,temporal parietal occipital frontal,0
3787,0.244881,0.638489,0.451570,0.515374,0.809232,0.607037,0.281726,0.403405,temporal occipital parietal frontal,0
3788,0.262869,0.685388,0.484740,0.553230,0.302420,0.868673,0.651625,0.302610,temporal occipital parietal frontal,0
3789,0.261501,0.681822,0.482218,0.550352,0.300846,0.648235,0.864153,0.403405,temporal occipital parietal frontal,0
3790,0.252256,0.657716,0.465169,0.530894,0.625316,0.833601,0.290210,0.302610,temporal occipital parietal frontal,0
3791,0.248995,0.649216,0.459157,0.524033,0.617235,0.286459,0.822827,0.869219,temporal parietal occipital frontal,0
3792,0.280597,0.731611,0.695571,0.927256,0.322815,0.517431,0.590540,0.542289,temporal parietal occipital frontal,0
3793,0.281092,0.732902,0.696799,0.928893,0.323385,0.591582,0.518344,0.475153,temporal parietal occipital frontal,0
3794,0.272918,0.711589,0.676535,0.901880,0.503270,0.313980,0.574379,0.869219,temporal parietal occipital frontal,0
3795,0.274641,0.716082,0.680807,0.907575,0.506448,0.578006,0.315963,0.475153,temporal parietal occipital frontal,0
3796,0.270599,0.705544,0.670788,0.894219,0.569500,0.311313,0.498995,0.869219,temporal parietal occipital frontal,0
3797,0.271829,0.708749,0.673836,0.898281,0.572087,0.501262,0.312728,0.542289,temporal parietal occipital frontal,0
3798,0.233072,0.607697,0.577761,0.268139,0.770205,0.429793,0.490519,0.542289,temporal parietal occipital frontal,0
3799,0.233413,0.608587,0.578608,0.268532,0.771334,0.491238,0.430422,0.475153,temporal occipital parietal frontal,0
3800,0.245136,0.639154,0.607668,0.282019,0.452040,0.810074,0.515911,0.302610,temporal occipital parietal frontal,0
3801,0.243411,0.634655,0.603391,0.280034,0.448859,0.512280,0.804373,0.475153,temporal occipital parietal frontal,0
3802,0.243264,0.634273,0.603028,0.279866,0.511971,0.803888,0.448588,0.302610,temporal occipital parietal frontal,0
3803,0.241199,0.628888,0.597909,0.277490,0.507625,0.444780,0.797064,0.542289,temporal parietal occipital frontal,0
3804,0.240568,0.627243,0.596344,0.443617,0.794979,0.276764,0.506297,0.869219,temporal parietal occipital frontal,0
3805,0.241906,0.630731,0.599661,0.446084,0.799400,0.509113,0.278303,0.475153,temporal occipital parietal frontal,0
3806,0.260052,0.678044,0.644643,0.479545,0.299179,0.859364,0.547302,0.302610,temporal occipital parietal frontal,0
3807,0.258111,0.672983,0.639831,0.475966,0.296946,0.543217,0.852951,0.475153,temporal occipital parietal frontal,0
3808,0.252504,0.658362,0.625931,0.465626,0.531416,0.834420,0.290495,0.302610,temporal occipital parietal frontal,0
3809,0.249237,0.649845,0.617833,0.459602,0.524541,0.286737,0.823625,0.869219,temporal parietal occipital frontal,0
3810,0.243883,0.635887,0.604562,0.513274,0.805934,0.280578,0.449730,0.869219,temporal parietal occipital frontal,0
3811,0.244881,0.638489,0.607037,0.515374,0.809232,0.451570,0.281726,0.542289,temporal parietal occipital frontal,0
3812,0.263930,0.688156,0.654256,0.555464,0.303641,0.872180,0.486697,0.302610,temporal occipital parietal frontal,0
3813,0.261501,0.681822,0.648235,0.550352,0.300846,0.482218,0.864153,0.542289,temporal parietal occipital frontal,0
3814,0.258235,0.673306,0.640138,0.543478,0.476195,0.853360,0.297089,0.302610,temporal occipital parietal frontal,0
3815,0.254819,0.664400,0.631671,0.536289,0.469896,0.293159,0.842072,0.869219,temporal parietal occipital frontal,0
3816,0.279888,0.729764,0.589049,0.924916,0.322000,0.516124,0.693815,0.542289,temporal parietal occipital frontal,0
3817,0.281092,0.732902,0.591582,0.928893,0.323385,0.696799,0.518344,0.403405,temporal occipital parietal frontal,0
3818,0.272247,0.709841,0.572968,0.899665,0.502034,0.313209,0.674874,0.869219,temporal parietal occipital frontal,0
3819,0.274641,0.716082,0.578006,0.907575,0.506448,0.680807,0.315963,0.403405,temporal occipital parietal frontal,0
3820,0.266694,0.695361,0.561280,0.881313,0.661107,0.306820,0.491793,0.869219,temporal parietal occipital frontal,0
3821,0.267888,0.698474,0.563793,0.885259,0.664067,0.493995,0.308194,0.542289,temporal parietal occipital frontal,0
3822,0.232583,0.606422,0.489490,0.267577,0.768590,0.428891,0.576549,0.542289,temporal occipital parietal frontal,0
3823,0.233413,0.608587,0.491238,0.268532,0.771334,0.578608,0.430422,0.403405,temporal occipital parietal frontal,0
3824,0.244595,0.637743,0.514773,0.281397,0.451043,0.808287,0.606328,0.302610,temporal occipital parietal frontal,0
3825,0.243411,0.634655,0.512280,0.280034,0.448859,0.603391,0.804373,0.403405,temporal occipital parietal frontal,0
3826,0.240103,0.626031,0.505319,0.276229,0.595192,0.793443,0.442759,0.302610,temporal occipital parietal frontal,0
3827,0.238091,0.620785,0.501084,0.273914,0.590205,0.439049,0.786794,0.542289,temporal occipital parietal frontal,0
3828,0.240047,0.625885,0.505201,0.442656,0.793257,0.276165,0.595053,0.869219,temporal parietal occipital frontal,0
3829,0.241906,0.630731,0.509113,0.446084,0.799400,0.599661,0.278303,0.403405,temporal occipital parietal frontal,0
3830,0.259443,0.676457,0.546021,0.478423,0.298479,0.857353,0.643134,0.302610,temporal occipital parietal frontal,0
3831,0.258111,0.672983,0.543217,0.475966,0.296946,0.639831,0.852951,0.403405,temporal occipital parietal frontal,0
3832,0.249100,0.649487,0.524252,0.459349,0.617493,0.823171,0.286579,0.302610,temporal occipital parietal frontal,0
3833,0.245920,0.641197,0.517560,0.453485,0.609611,0.282921,0.812664,0.869219,temporal parietal occipital frontal,0
3834,0.248252,0.647277,0.522468,0.615392,0.820371,0.285604,0.457786,0.869219,temporal parietal occipital frontal,0
3835,0.249286,0.649974,0.524645,0.617956,0.823788,0.459693,0.286794,0.542289,temporal occipital parietal frontal,0
3836,0.269054,0.701516,0.566248,0.666958,0.309536,0.889113,0.496146,0.302610,temporal occipital parietal frontal,0
3837,0.266530,0.694935,0.560936,0.660702,0.306632,0.491492,0.880773,0.542289,temporal occipital parietal frontal,0
3838,0.263138,0.686090,0.553797,0.652293,0.485236,0.869562,0.302729,0.302610,temporal occipital parietal frontal,0
3839,0.259592,0.676845,0.546335,0.643503,0.478698,0.298650,0.857845,0.869219,temporal parietal occipital frontal,0
3840,0.273366,0.314497,0.903362,0.712758,0.504097,0.677647,0.575323,0.403405,parietal occipital temporal frontal,0
3841,0.272694,0.313723,0.901141,0.711005,0.502857,0.573908,0.675981,0.475153,parietal occipital temporal frontal,0
3842,0.266675,0.306798,0.881251,0.695312,0.661060,0.491758,0.561241,0.542289,parietal occipital temporal frontal,0
3843,0.267122,0.307313,0.882728,0.696478,0.662169,0.562182,0.492583,0.475153,parietal occipital temporal frontal,0
3844,0.269921,0.310533,0.891978,0.703776,0.568073,0.497744,0.669107,0.542289,parietal occipital temporal frontal,0
3845,0.271040,0.311821,0.895676,0.706694,0.570428,0.671882,0.499808,0.403405,parietal occipital temporal frontal,0
3846,0.255389,0.293814,0.843955,0.470947,0.665886,0.633083,0.537488,0.403405,parietal occipital temporal frontal,0
3847,0.254802,0.293139,0.842015,0.469864,0.664355,0.536253,0.631628,0.475153,parietal occipital temporal frontal,0
3848,0.256606,0.295214,0.847977,0.473191,0.636100,0.669059,0.540049,0.383533,parietal occipital temporal frontal,0
3849,0.255811,0.294300,0.845349,0.471724,0.634129,0.538376,0.666985,0.475153,parietal occipital temporal frontal,0
3850,0.259610,0.298671,0.857905,0.478731,0.546372,0.676892,0.643547,0.383533,parietal occipital temporal frontal,0
3851,0.259402,0.298431,0.857216,0.478346,0.545934,0.643031,0.676348,0.403405,parietal occipital temporal frontal,0
3852,0.263629,0.303294,0.871184,0.653509,0.687370,0.486141,0.554830,0.542289,parietal occipital temporal frontal,0
3853,0.264066,0.303797,0.872628,0.654592,0.688509,0.555749,0.486947,0.475153,parietal occipital temporal frontal,0
3854,0.271528,0.312382,0.897289,0.673091,0.500708,0.707967,0.571455,0.383533,parietal occipital temporal frontal,0
3855,0.270638,0.311358,0.894347,0.670885,0.499067,0.569582,0.705645,0.475153,parietal occipital temporal frontal,0
3856,0.269234,0.309742,0.889706,0.667403,0.566625,0.701983,0.496476,0.383533,parietal occipital temporal frontal,0
3857,0.267907,0.308216,0.885322,0.664114,0.563833,0.494030,0.698524,0.542289,parietal occipital temporal frontal,0
3858,0.258105,0.296939,0.852931,0.543205,0.672968,0.475955,0.639817,0.542289,parietal occipital temporal frontal,0
3859,0.259128,0.298116,0.856312,0.545358,0.675636,0.642353,0.477842,0.403405,parietal occipital temporal frontal,0
3860,0.265673,0.305645,0.877938,0.559131,0.489910,0.692698,0.658575,0.383533,parietal occipital temporal frontal,0
3861,0.265454,0.305394,0.877217,0.558672,0.489507,0.658034,0.692129,0.403405,parietal occipital temporal frontal,0
3862,0.260381,0.299558,0.860453,0.547995,0.645459,0.678902,0.480153,0.383533,parietal occipital temporal frontal,0
3863,0.259140,0.298130,0.856351,0.545383,0.642382,0.477864,0.675667,0.542289,parietal occipital temporal frontal,0
3864,0.283794,0.326493,0.739946,0.937821,0.523326,0.703496,0.597268,0.403405,parietal occipital temporal frontal,0
3865,0.283069,0.325659,0.738057,0.935426,0.521990,0.595743,0.701700,0.475153,parietal occipital temporal frontal,0
3866,0.276589,0.318204,0.721161,0.914012,0.685636,0.510040,0.582105,0.542289,parietal temporal occipital frontal,0
3867,0.277070,0.318758,0.722416,0.915602,0.686829,0.583118,0.510927,0.475153,parietal occipital temporal frontal,0
3868,0.280082,0.322223,0.730270,0.925557,0.589458,0.516482,0.694296,0.542289,parietal temporal occipital frontal,0
3869,0.281288,0.323610,0.733413,0.929540,0.591994,0.697284,0.518705,0.403405,parietal occipital temporal frontal,0
3870,0.248979,0.286440,0.649173,0.459126,0.822773,0.617194,0.523998,0.403405,occipital parietal temporal frontal,0
3871,0.248421,0.285798,0.647718,0.458098,0.820929,0.522824,0.615811,0.475153,parietal occipital temporal frontal,0
3872,0.256606,0.295214,0.669059,0.473191,0.636100,0.847977,0.540049,0.302610,occipital parietal temporal frontal,0
3873,0.254716,0.293040,0.664131,0.469706,0.631415,0.536072,0.841731,0.475153,parietal occipital temporal frontal,0
3874,0.259610,0.298671,0.676892,0.478731,0.546372,0.857905,0.643547,0.302610,occipital parietal temporal frontal,0
3875,0.258276,0.297136,0.673414,0.476271,0.543565,0.640240,0.853496,0.403405,occipital parietal temporal frontal,0
3876,0.256804,0.295442,0.669575,0.636591,0.848631,0.473556,0.540466,0.542289,parietal temporal occipital frontal,0
3877,0.257219,0.295920,0.670657,0.637619,0.850002,0.541339,0.474321,0.475153,parietal occipital temporal frontal,0
3878,0.271528,0.312382,0.707967,0.673091,0.500708,0.897289,0.571455,0.302610,occipital parietal temporal frontal,0
3879,0.269413,0.309949,0.702451,0.667848,0.496808,0.567003,0.890299,0.475153,parietal occipital temporal frontal,0
3880,0.269234,0.309742,0.701983,0.667403,0.566625,0.889706,0.496476,0.302610,occipital parietal temporal frontal,0
3881,0.266706,0.306835,0.695394,0.661138,0.561307,0.491816,0.881354,0.542289,parietal temporal occipital frontal,0
3882,0.251560,0.289409,0.655902,0.529430,0.831302,0.463886,0.623592,0.542289,parietal temporal occipital frontal,0
3883,0.252532,0.290527,0.658436,0.531475,0.834513,0.626001,0.465678,0.403405,occipital parietal temporal frontal,0
3884,0.265673,0.305645,0.692698,0.559131,0.489910,0.877938,0.658575,0.302610,occipital parietal temporal frontal,0
3885,0.264276,0.304038,0.689056,0.556191,0.487334,0.655113,0.873322,0.403405,occipital parietal temporal frontal,0
3886,0.260381,0.299558,0.678902,0.547995,0.645459,0.860453,0.480153,0.302610,occipital parietal temporal frontal,0
3887,0.258017,0.296838,0.672738,0.543019,0.639598,0.475793,0.852639,0.542289,parietal temporal occipital frontal,0
3888,0.275176,0.316578,0.507434,0.909341,0.717476,0.682132,0.579131,0.403405,occipital parietal temporal frontal,0
3889,0.274494,0.315794,0.506177,0.907090,0.715700,0.577697,0.680443,0.475153,occipital parietal temporal frontal,0
3890,0.276589,0.318204,0.510040,0.914012,0.685636,0.721161,0.582105,0.383533,occipital parietal temporal frontal,0
3891,0.275665,0.317141,0.508337,0.910960,0.683346,0.580161,0.718753,0.475153,occipital parietal temporal frontal,0
3892,0.280082,0.322223,0.516482,0.925557,0.589458,0.730270,0.694296,0.383533,occipital parietal temporal frontal,0
3893,0.279840,0.321944,0.516035,0.924755,0.588947,0.693695,0.729638,0.403405,occipital parietal temporal frontal,0
3894,0.258447,0.297333,0.476586,0.673860,0.854062,0.640665,0.543925,0.403405,occipital temporal parietal frontal,0
3895,0.257846,0.296641,0.475478,0.672293,0.852075,0.542660,0.639175,0.475153,occipital temporal parietal frontal,0
3896,0.266675,0.306798,0.491758,0.695312,0.661060,0.881251,0.561241,0.302610,occipital parietal temporal frontal,0
3897,0.264634,0.304451,0.487995,0.689991,0.656002,0.556946,0.874507,0.475153,occipital temporal parietal frontal,0
3898,0.269921,0.310533,0.497744,0.703776,0.568073,0.891978,0.669107,0.302610,occipital parietal temporal frontal,0
3899,0.268479,0.308874,0.495086,0.700017,0.565038,0.665533,0.887213,0.403405,occipital parietal temporal frontal,0
3900,0.256804,0.295442,0.473556,0.636591,0.848631,0.669575,0.540466,0.383533,occipital temporal parietal frontal,0
3901,0.256008,0.294526,0.472087,0.634617,0.845999,0.538790,0.667499,0.475153,occipital temporal parietal frontal,0
3902,0.263629,0.303294,0.486141,0.653509,0.687370,0.871184,0.554830,0.302610,occipital parietal temporal frontal,0
3903,0.261634,0.300999,0.482463,0.648565,0.682169,0.550632,0.864593,0.475153,occipital temporal parietal frontal,0
3904,0.267907,0.308216,0.494030,0.664114,0.563833,0.885322,0.698524,0.302610,occipital parietal temporal frontal,0
3905,0.266706,0.306835,0.491816,0.661138,0.561307,0.695394,0.881354,0.383533,occipital parietal temporal frontal,0
3906,0.251560,0.289409,0.463886,0.529430,0.831302,0.655902,0.623592,0.383533,occipital temporal parietal frontal,0
3907,0.251364,0.289184,0.463525,0.529018,0.830655,0.623107,0.655392,0.403405,occipital temporal parietal frontal,0
3908,0.258105,0.296939,0.475955,0.543205,0.672968,0.852931,0.639817,0.302610,occipital parietal temporal frontal,0
3909,0.256787,0.295422,0.473524,0.540430,0.669530,0.636548,0.848573,0.403405,occipital temporal parietal frontal,0
3910,0.259140,0.298130,0.477864,0.545383,0.642382,0.856351,0.675667,0.302610,occipital parietal temporal frontal,0
3911,0.258017,0.296838,0.475793,0.543019,0.639598,0.672738,0.852639,0.383533,occipital parietal temporal frontal,0
3912,0.275176,0.316578,0.682132,0.909341,0.717476,0.507434,0.579131,0.542289,parietal temporal occipital frontal,0
3913,0.275652,0.317126,0.683313,0.910915,0.718718,0.580133,0.508312,0.475153,parietal occipital temporal frontal,0
3914,0.283794,0.326493,0.703496,0.937821,0.523326,0.739946,0.597268,0.383533,occipital parietal temporal frontal,0
3915,0.282821,0.325374,0.701085,0.934608,0.521533,0.595222,0.737411,0.475153,parietal occipital temporal frontal,0
3916,0.281288,0.323610,0.697284,0.929540,0.591994,0.733413,0.518705,0.383533,occipital parietal temporal frontal,0
3917,0.279840,0.321944,0.693695,0.924755,0.588947,0.516035,0.729638,0.542289,parietal temporal occipital frontal,0
3918,0.258447,0.297333,0.640665,0.673860,0.854062,0.476586,0.543925,0.542289,parietal temporal occipital frontal,0
3919,0.258867,0.297816,0.641706,0.674955,0.855450,0.544809,0.477361,0.475153,parietal occipital temporal frontal,0
3920,0.273366,0.314497,0.677647,0.712758,0.504097,0.903362,0.575323,0.302610,occipital parietal temporal frontal,0
3921,0.271222,0.312030,0.672333,0.707169,0.500144,0.570811,0.896278,0.475153,parietal occipital temporal frontal,0
3922,0.271040,0.311821,0.671882,0.706694,0.570428,0.895676,0.499808,0.302610,occipital parietal temporal frontal,0
3923,0.268479,0.308874,0.665533,0.700017,0.565038,0.495086,0.887213,0.542289,parietal temporal occipital frontal,0
3924,0.248979,0.286440,0.617194,0.459126,0.822773,0.649173,0.523998,0.383533,occipital parietal temporal frontal,0
3925,0.248230,0.285579,0.615338,0.457746,0.820299,0.522422,0.647221,0.475153,parietal occipital temporal frontal,0
3926,0.255389,0.293814,0.633083,0.470947,0.665886,0.843955,0.537488,0.302610,occipital parietal temporal frontal,0
3927,0.253517,0.291661,0.628443,0.467494,0.661004,0.533548,0.837768,0.475153,parietal occipital temporal frontal,0
3928,0.259402,0.298431,0.643031,0.478346,0.545934,0.857216,0.676348,0.302610,occipital parietal temporal frontal,0
3929,0.258276,0.297136,0.640240,0.476271,0.543565,0.673414,0.853496,0.383533,occipital parietal temporal frontal,0
3930,0.252532,0.290527,0.626001,0.531475,0.834513,0.658436,0.465678,0.383533,occipital parietal temporal frontal,0
3931,0.251364,0.289184,0.623107,0.529018,0.830655,0.463525,0.655392,0.542289,parietal temporal occipital frontal,0
3932,0.259128,0.298116,0.642353,0.545358,0.675636,0.856312,0.477842,0.302610,occipital parietal temporal frontal,0
3933,0.256787,0.295422,0.636548,0.540430,0.669530,0.473524,0.848573,0.542289,parietal temporal occipital frontal,0
3934,0.265454,0.305394,0.658034,0.558672,0.489507,0.877217,0.692129,0.302610,occipital parietal temporal frontal,0
3935,0.264276,0.304038,0.655113,0.556191,0.487334,0.689056,0.873322,0.383533,occipital parietal temporal frontal,0
3936,0.274494,0.315794,0.577697,0.907090,0.715700,0.506177,0.680443,0.542289,parietal temporal occipital frontal,0
3937,0.275652,0.317126,0.580133,0.910915,0.718718,0.683313,0.508312,0.403405,occipital parietal temporal frontal,0
3938,0.283069,0.325659,0.595743,0.935426,0.521990,0.738057,0.701700,0.383533,occipital parietal temporal frontal,0
3939,0.282821,0.325374,0.595222,0.934608,0.521533,0.701085,0.737411,0.403405,occipital parietal temporal frontal,0
3940,0.277070,0.318758,0.583118,0.915602,0.686829,0.722416,0.510927,0.383533,occipital parietal temporal frontal,0
3941,0.275665,0.317141,0.580161,0.910960,0.683346,0.508337,0.718753,0.542289,parietal temporal occipital frontal,0
3942,0.257846,0.296641,0.542660,0.672293,0.852075,0.475478,0.639175,0.542289,parietal temporal occipital frontal,0
3943,0.258867,0.297816,0.544809,0.674955,0.855450,0.641706,0.477361,0.403405,occipital parietal temporal frontal,0
3944,0.272694,0.313723,0.573908,0.711005,0.502857,0.901141,0.675981,0.302610,occipital parietal temporal frontal,0
3945,0.271222,0.312030,0.570811,0.707169,0.500144,0.672333,0.896278,0.403405,occipital parietal temporal frontal,0
3946,0.267122,0.307313,0.562182,0.696478,0.662169,0.882728,0.492583,0.302610,occipital parietal temporal frontal,0
3947,0.264634,0.304451,0.556946,0.689991,0.656002,0.487995,0.874507,0.542289,parietal temporal occipital frontal,0
3948,0.248421,0.285798,0.522824,0.458098,0.820929,0.647718,0.615811,0.383533,occipital parietal temporal frontal,0
3949,0.248230,0.285579,0.522422,0.457746,0.820299,0.615338,0.647221,0.403405,occipital parietal temporal frontal,0
3950,0.254802,0.293139,0.536253,0.469864,0.664355,0.842015,0.631628,0.302610,occipital parietal temporal frontal,0
3951,0.253517,0.291661,0.533548,0.467494,0.661004,0.628443,0.837768,0.403405,occipital parietal temporal frontal,0
3952,0.255811,0.294300,0.538376,0.471724,0.634129,0.845349,0.666985,0.302610,occipital parietal temporal frontal,0
3953,0.254716,0.293040,0.536072,0.469706,0.631415,0.664131,0.841731,0.383533,occipital parietal temporal frontal,0
3954,0.257219,0.295920,0.541339,0.637619,0.850002,0.670657,0.474321,0.383533,occipital parietal temporal frontal,0
3955,0.256008,0.294526,0.538790,0.634617,0.845999,0.472087,0.667499,0.542289,parietal temporal occipital frontal,0
3956,0.264066,0.303797,0.555749,0.654592,0.688509,0.872628,0.486947,0.302610,occipital parietal temporal frontal,0
3957,0.261634,0.300999,0.550632,0.648565,0.682169,0.482463,0.864593,0.542289,parietal temporal occipital frontal,0
3958,0.270638,0.311358,0.569582,0.670885,0.499067,0.894347,0.705645,0.302610,occipital parietal temporal frontal,0
3959,0.269413,0.309949,0.567003,0.667848,0.496808,0.702451,0.890299,0.383533,occipital parietal temporal frontal,0
3960,0.275887,0.508746,0.911693,0.719331,0.317397,0.683896,0.580628,0.403405,parietal temporal occipital frontal,0
3961,0.275202,0.507483,0.909430,0.717546,0.316609,0.579187,0.682199,0.475153,parietal temporal occipital frontal,0
3962,0.262004,0.483145,0.865815,0.683134,0.649482,0.301425,0.551410,0.869219,temporal parietal occipital frontal,0
3963,0.263592,0.486073,0.871062,0.687273,0.653418,0.554752,0.303252,0.475153,temporal parietal occipital frontal,0
3964,0.265137,0.488922,0.876168,0.691302,0.558004,0.305029,0.657248,0.869219,parietal temporal occipital frontal,0
3965,0.267406,0.493107,0.883668,0.697219,0.562780,0.662873,0.307640,0.403405,parietal temporal occipital frontal,0
3966,0.242946,0.448000,0.802835,0.279499,0.633441,0.602237,0.511300,0.403405,temporal parietal occipital frontal,0
3967,0.242414,0.447021,0.801079,0.278888,0.632056,0.510182,0.600921,0.475153,temporal parietal occipital frontal,0
3968,0.244047,0.450031,0.806473,0.280765,0.604967,0.636312,0.513617,0.383533,temporal parietal occipital frontal,0
3969,0.243327,0.448704,0.804096,0.279938,0.603183,0.512103,0.634436,0.475153,temporal parietal occipital frontal,0
3970,0.246762,0.455039,0.815448,0.283890,0.519333,0.643393,0.611699,0.383533,temporal parietal occipital frontal,0
3971,0.246574,0.454692,0.814826,0.283673,0.518937,0.611232,0.642902,0.403405,temporal parietal occipital frontal,0
3972,0.259063,0.477722,0.856096,0.642191,0.675465,0.298041,0.545221,0.869219,temporal parietal occipital frontal,0
3973,0.260615,0.480584,0.861226,0.646039,0.679513,0.548488,0.299827,0.475153,temporal parietal occipital frontal,0
3974,0.274015,0.505294,0.905508,0.679256,0.315243,0.714451,0.576689,0.383533,parietal occipital temporal frontal,0
3975,0.273109,0.503623,0.902512,0.677009,0.314200,0.574781,0.712087,0.475153,parietal temporal occipital frontal,0
3976,0.265648,0.489864,0.877856,0.658514,0.559078,0.692633,0.305617,0.383533,parietal temporal occipital frontal,0
3977,0.263193,0.485338,0.869745,0.652429,0.553913,0.302793,0.686234,0.869219,temporal parietal occipital frontal,0
3978,0.253727,0.467882,0.838464,0.533991,0.661553,0.291903,0.628964,0.869219,temporal parietal occipital frontal,0
3979,0.255805,0.471714,0.845330,0.538364,0.666970,0.634114,0.294293,0.403405,temporal parietal occipital frontal,0
3980,0.268053,0.494299,0.885804,0.564141,0.308384,0.698905,0.664476,0.383533,parietal occipital temporal frontal,0
3981,0.267831,0.493890,0.885070,0.563673,0.308128,0.663925,0.698326,0.403405,parietal temporal occipital frontal,0
3982,0.257026,0.473965,0.849364,0.540933,0.637141,0.670154,0.295698,0.383533,temporal parietal occipital frontal,0
3983,0.254727,0.469727,0.841769,0.536096,0.631444,0.293053,0.664161,0.869219,temporal parietal occipital frontal,0
3984,0.286511,0.528338,0.747033,0.946802,0.329620,0.710233,0.602988,0.403405,temporal parietal occipital frontal,0
3985,0.285773,0.526976,0.745107,0.944362,0.328770,0.601434,0.708402,0.475153,temporal parietal occipital frontal,0
3986,0.271568,0.500780,0.708069,0.897419,0.673188,0.312427,0.571537,0.869219,temporal parietal occipital frontal,0
3987,0.273274,0.503927,0.712517,0.903057,0.677418,0.575128,0.314390,0.475153,temporal parietal occipital frontal,0
3988,0.274935,0.506990,0.716848,0.908546,0.578624,0.316301,0.681535,0.869219,temporal parietal occipital frontal,0
3989,0.277376,0.511491,0.723213,0.916613,0.583762,0.687587,0.319109,0.403405,temporal parietal occipital frontal,0
3990,0.237138,0.437291,0.618299,0.272817,0.783643,0.587841,0.499077,0.403405,temporal occipital parietal frontal,0
3991,0.236632,0.436358,0.616979,0.272235,0.781970,0.498012,0.586586,0.475153,temporal parietal occipital frontal,0
3992,0.244047,0.450031,0.636312,0.280765,0.604967,0.806473,0.513617,0.302610,occipital temporal parietal frontal,0
3993,0.242336,0.446877,0.631853,0.278798,0.600728,0.510018,0.800822,0.475153,temporal parietal occipital frontal,0
3994,0.246762,0.455039,0.643393,0.283890,0.519333,0.815448,0.611699,0.302610,occipital temporal parietal frontal,0
3995,0.245557,0.452816,0.640250,0.282503,0.516796,0.608711,0.811464,0.403405,temporal occipital parietal frontal,0
3996,0.252470,0.465563,0.658274,0.625847,0.834308,0.290456,0.531345,0.869219,temporal parietal occipital frontal,0
3997,0.253944,0.468282,0.662118,0.629501,0.839179,0.534447,0.292152,0.475153,temporal parietal occipital frontal,0
3998,0.274015,0.505294,0.714451,0.679256,0.315243,0.905508,0.576689,0.302610,occipital temporal parietal frontal,0
3999,0.271861,0.501322,0.708835,0.673917,0.312765,0.572156,0.898389,0.475153,temporal parietal occipital frontal,0
4000,0.265648,0.489864,0.692633,0.658514,0.559078,0.877856,0.305617,0.302610,occipital temporal parietal frontal,0
4001,0.262034,0.483201,0.683213,0.649557,0.551474,0.301460,0.865916,0.869219,temporal parietal occipital frontal,0
4002,0.247399,0.456214,0.645054,0.520674,0.817553,0.284623,0.613278,0.869219,temporal parietal occipital frontal,0
4003,0.249374,0.459855,0.650203,0.524830,0.824079,0.618174,0.286895,0.403405,temporal occipital parietal frontal,0
4004,0.268053,0.494299,0.698905,0.564141,0.308384,0.885804,0.664476,0.302610,occipital temporal parietal frontal,0
4005,0.266631,0.491677,0.695197,0.561148,0.306748,0.660951,0.881105,0.403405,temporal occipital parietal frontal,0
4006,0.257026,0.473965,0.670154,0.540933,0.637141,0.849364,0.295698,0.302610,occipital temporal parietal frontal,0
4007,0.253642,0.467725,0.661330,0.533811,0.628753,0.291805,0.838182,0.869219,temporal parietal occipital frontal,0
4008,0.270205,0.498268,0.310860,0.892916,0.704516,0.669811,0.568670,0.403405,temporal occipital parietal frontal,0
4009,0.269548,0.497056,0.310104,0.890745,0.702803,0.567287,0.668182,0.475153,temporal occipital parietal frontal,0
4010,0.271568,0.500780,0.312427,0.897419,0.673188,0.708069,0.571537,0.383533,temporal occipital parietal frontal,0
4011,0.270677,0.499138,0.311403,0.894476,0.670981,0.569663,0.705747,0.475153,temporal occipital parietal frontal,0
4012,0.274935,0.506990,0.316301,0.908546,0.578624,0.716848,0.681535,0.383533,temporal occipital parietal frontal,0
4013,0.274701,0.506559,0.316032,0.907773,0.578132,0.680956,0.716239,0.403405,temporal occipital parietal frontal,0
4014,0.254058,0.468492,0.292283,0.662415,0.839556,0.629784,0.534687,0.403405,temporal occipital parietal frontal,0
4015,0.253477,0.467421,0.291615,0.660901,0.837637,0.533464,0.628344,0.475153,temporal occipital parietal frontal,0
4016,0.262004,0.483145,0.301425,0.683134,0.649482,0.865815,0.551410,0.302610,occipital temporal parietal frontal,0
4017,0.260034,0.479512,0.299158,0.677997,0.644598,0.547264,0.859305,0.475153,temporal occipital parietal frontal,0
4018,0.265137,0.488922,0.305029,0.691302,0.558004,0.876168,0.657248,0.302610,occipital temporal parietal frontal,0
4019,0.263746,0.486356,0.303428,0.687674,0.555076,0.653799,0.871570,0.403405,temporal occipital parietal frontal,0
4020,0.252470,0.465563,0.290456,0.625847,0.834308,0.658274,0.531345,0.383533,temporal occipital parietal frontal,0
4021,0.251700,0.464144,0.289570,0.623939,0.831764,0.529724,0.656267,0.475153,temporal occipital parietal frontal,0
4022,0.259063,0.477722,0.298041,0.642191,0.675465,0.856096,0.545221,0.302610,occipital temporal parietal frontal,0
4023,0.257137,0.474170,0.295825,0.637416,0.670443,0.541167,0.849731,0.475153,temporal occipital parietal frontal,0
4024,0.263193,0.485338,0.302793,0.652429,0.553913,0.869745,0.686234,0.302610,occipital temporal parietal frontal,0
4025,0.262034,0.483201,0.301460,0.649557,0.551474,0.683213,0.865916,0.383533,temporal occipital parietal frontal,0
4026,0.247399,0.456214,0.284623,0.520674,0.817553,0.645054,0.613278,0.383533,temporal occipital parietal frontal,0
4027,0.247210,0.455865,0.284405,0.520275,0.816927,0.612809,0.644561,0.403405,temporal occipital parietal frontal,0
4028,0.253727,0.467882,0.291903,0.533991,0.661553,0.838464,0.628964,0.302610,occipital temporal parietal frontal,0
4029,0.252453,0.465532,0.290437,0.531309,0.658230,0.625805,0.834252,0.403405,temporal occipital parietal frontal,0
4030,0.254727,0.469727,0.293053,0.536096,0.631444,0.841769,0.664161,0.302610,occipital temporal parietal frontal,0
4031,0.253642,0.467725,0.291805,0.533811,0.628753,0.661330,0.838182,0.383533,temporal occipital parietal frontal,0
4032,0.270205,0.498268,0.669811,0.892916,0.704516,0.310860,0.568670,0.869219,temporal parietal occipital frontal,0
4033,0.271894,0.501382,0.673998,0.898497,0.708920,0.572225,0.312803,0.475153,temporal parietal occipital frontal,0
4034,0.286511,0.528338,0.710233,0.946802,0.329620,0.747033,0.602988,0.383533,temporal occipital parietal frontal,0
4035,0.285520,0.526510,0.707776,0.943527,0.328479,0.600903,0.744449,0.475153,temporal parietal occipital frontal,0
4036,0.277376,0.511491,0.687587,0.916613,0.583762,0.723213,0.319109,0.383533,temporal occipital parietal frontal,0
4037,0.274701,0.506559,0.680956,0.907773,0.578132,0.316032,0.716239,0.869219,temporal parietal occipital frontal,0
4038,0.254058,0.468492,0.629784,0.662415,0.839556,0.292283,0.534687,0.869219,temporal parietal occipital frontal,0
4039,0.255551,0.471245,0.633484,0.666307,0.844489,0.537828,0.294000,0.475153,temporal parietal occipital frontal,0
4040,0.275887,0.508746,0.683896,0.719331,0.317397,0.911693,0.580628,0.302610,occipital temporal parietal frontal,0
4041,0.273704,0.504720,0.678484,0.713638,0.314885,0.576033,0.904478,0.475153,temporal parietal occipital frontal,0
4042,0.267406,0.493107,0.662873,0.697219,0.562780,0.883668,0.307640,0.302610,occipital temporal parietal frontal,0
4043,0.263746,0.486356,0.653799,0.687674,0.555076,0.303428,0.871570,0.869219,temporal parietal occipital frontal,0
4044,0.237138,0.437291,0.587841,0.272817,0.783643,0.618299,0.499077,0.383533,temporal occipital parietal frontal,0
4045,0.236459,0.436038,0.586157,0.272036,0.781398,0.497648,0.616528,0.475153,temporal parietal occipital frontal,0
4046,0.242946,0.448000,0.602237,0.279499,0.633441,0.802835,0.511300,0.302610,occipital temporal parietal frontal,0
4047,0.241251,0.444875,0.598036,0.277549,0.629023,0.507733,0.797234,0.475153,temporal parietal occipital frontal,0
4048,0.246574,0.454692,0.611232,0.283673,0.518937,0.814826,0.642902,0.302610,occipital temporal parietal frontal,0
4049,0.245557,0.452816,0.608711,0.282503,0.516796,0.640250,0.811464,0.383533,temporal occipital parietal frontal,0
4050,0.249374,0.459855,0.618174,0.524830,0.824079,0.650203,0.286895,0.383533,temporal occipital parietal frontal,0
4051,0.247210,0.455865,0.612809,0.520275,0.816927,0.284405,0.644561,0.869219,temporal parietal occipital frontal,0
4052,0.255805,0.471714,0.634114,0.538364,0.666970,0.845330,0.294293,0.302610,occipital temporal parietal frontal,0
4053,0.252453,0.465532,0.625805,0.531309,0.658230,0.290437,0.834252,0.869219,temporal parietal occipital frontal,0
4054,0.267831,0.493890,0.663925,0.563673,0.308128,0.885070,0.698326,0.302610,occipital temporal parietal frontal,0
4055,0.266631,0.491677,0.660951,0.561148,0.306748,0.695197,0.881105,0.383533,temporal occipital parietal frontal,0
4056,0.269548,0.497056,0.567287,0.890745,0.702803,0.310104,0.668182,0.869219,temporal parietal occipital frontal,0
4057,0.271894,0.501382,0.572225,0.898497,0.708920,0.673998,0.312803,0.403405,temporal occipital parietal frontal,0
4058,0.285773,0.526976,0.601434,0.944362,0.328770,0.745107,0.708402,0.383533,temporal occipital parietal frontal,0
4059,0.285520,0.526510,0.600903,0.943527,0.328479,0.707776,0.744449,0.403405,temporal occipital parietal frontal,0
4060,0.273274,0.503927,0.575128,0.903057,0.677418,0.712517,0.314390,0.383533,temporal occipital parietal frontal,0
4061,0.270677,0.499138,0.569663,0.894476,0.670981,0.311403,0.705747,0.869219,temporal parietal occipital frontal,0
4062,0.253477,0.467421,0.533464,0.660901,0.837637,0.291615,0.628344,0.869219,temporal parietal occipital frontal,0
4063,0.255551,0.471245,0.537828,0.666307,0.844489,0.633484,0.294000,0.403405,temporal occipital parietal frontal,0
4064,0.275202,0.507483,0.579187,0.717546,0.316609,0.909430,0.682199,0.302610,occipital temporal parietal frontal,0
4065,0.273704,0.504720,0.576033,0.713638,0.314885,0.678484,0.904478,0.403405,temporal occipital parietal frontal,0
4066,0.263592,0.486073,0.554752,0.687273,0.653418,0.871062,0.303252,0.302610,occipital temporal parietal frontal,0
4067,0.260034,0.479512,0.547264,0.677997,0.644598,0.299158,0.859305,0.869219,temporal parietal occipital frontal,0
4068,0.236632,0.436358,0.498012,0.272235,0.781970,0.616979,0.586586,0.383533,temporal occipital parietal frontal,0
4069,0.236459,0.436038,0.497648,0.272036,0.781398,0.586157,0.616528,0.403405,temporal occipital parietal frontal,0
4070,0.242414,0.447021,0.510182,0.278888,0.632056,0.801079,0.600921,0.302610,occipital temporal parietal frontal,0
4071,0.241251,0.444875,0.507733,0.277549,0.629023,0.598036,0.797234,0.403405,temporal occipital parietal frontal,0
4072,0.243327,0.448704,0.512103,0.279938,0.603183,0.804096,0.634436,0.302610,occipital temporal parietal frontal,0
4073,0.242336,0.446877,0.510018,0.278798,0.600728,0.631853,0.800822,0.383533,temporal occipital parietal frontal,0
4074,0.253944,0.468282,0.534447,0.629501,0.839179,0.662118,0.292152,0.383533,temporal occipital parietal frontal,0
4075,0.251700,0.464144,0.529724,0.623939,0.831764,0.289570,0.656267,0.869219,temporal parietal occipital frontal,0
4076,0.260615,0.480584,0.548488,0.646039,0.679513,0.861226,0.299827,0.302610,occipital temporal parietal frontal,0
4077,0.257137,0.474170,0.541167,0.637416,0.670443,0.295825,0.849731,0.869219,temporal parietal occipital frontal,0
4078,0.273109,0.503623,0.574781,0.677009,0.314200,0.902512,0.712087,0.302610,occipital temporal parietal frontal,0
4079,0.271861,0.501322,0.572156,0.673917,0.312765,0.708835,0.898389,0.383533,temporal occipital parietal frontal,0
4080,0.271307,0.672542,0.896557,0.707389,0.312127,0.500300,0.570989,0.542289,temporal parietal occipital frontal,0
4081,0.271770,0.673690,0.898087,0.708596,0.312660,0.571963,0.501154,0.475153,temporal parietal occipital frontal,0
4082,0.264121,0.654730,0.872812,0.688654,0.487049,0.303861,0.555866,0.869219,temporal parietal occipital frontal,0
4083,0.265735,0.658730,0.878144,0.692861,0.490025,0.559262,0.305717,0.475153,temporal parietal occipital frontal,0
4084,0.261949,0.649346,0.865635,0.682991,0.551295,0.301362,0.483044,0.869219,temporal parietal occipital frontal,0
4085,0.263101,0.652201,0.869441,0.685994,0.553720,0.485168,0.302687,0.542289,temporal parietal occipital frontal,0
4086,0.239387,0.593416,0.791074,0.275405,0.624163,0.441438,0.503810,0.542289,temporal parietal occipital frontal,0
4087,0.239747,0.594309,0.792265,0.275819,0.625102,0.504569,0.442102,0.475153,temporal parietal occipital frontal,0
4088,0.245882,0.609518,0.812540,0.282878,0.453416,0.641099,0.517481,0.383533,temporal parietal occipital frontal,0
4089,0.245152,0.607708,0.810127,0.282038,0.452070,0.515944,0.639195,0.475153,temporal parietal occipital frontal,0
4090,0.243999,0.604849,0.806316,0.280711,0.513517,0.636189,0.449943,0.383533,temporal parietal occipital frontal,0
4091,0.242909,0.602147,0.802714,0.279457,0.511223,0.447933,0.633346,0.542289,temporal parietal occipital frontal,0
4092,0.247302,0.613037,0.817231,0.456034,0.644800,0.284511,0.520469,0.869219,temporal parietal occipital frontal,0
4093,0.248716,0.616542,0.821904,0.458642,0.648487,0.523445,0.286138,0.475153,temporal parietal occipital frontal,0
4094,0.260892,0.646725,0.862140,0.481094,0.300145,0.680234,0.549070,0.383533,temporal parietal occipital frontal,0
4095,0.260070,0.644687,0.859424,0.479578,0.299200,0.547340,0.678091,0.475153,temporal parietal occipital frontal,0
4096,0.253295,0.627894,0.837036,0.467086,0.533082,0.660427,0.291406,0.383533,temporal parietal occipital frontal,0
4097,0.251063,0.622359,0.829659,0.462969,0.528384,0.288837,0.654606,0.869219,temporal parietal occipital frontal,0
4098,0.250807,0.621725,0.828813,0.527845,0.653938,0.288543,0.462497,0.869219,temporal parietal occipital frontal,0
4099,0.251862,0.624342,0.832301,0.530066,0.656691,0.464444,0.289757,0.542289,temporal parietal occipital frontal,0
4100,0.264795,0.656401,0.875040,0.557285,0.304636,0.690412,0.488292,0.383533,temporal parietal occipital frontal,0
4101,0.263512,0.653220,0.870798,0.554584,0.303160,0.485926,0.687065,0.542289,temporal parietal occipital frontal,0
4102,0.259063,0.642191,0.856096,0.545221,0.477722,0.675465,0.298041,0.383533,temporal parietal occipital frontal,0
4103,0.256728,0.636403,0.848381,0.540307,0.473416,0.295355,0.669378,0.869219,temporal parietal occipital frontal,0
4104,0.281575,0.697996,0.734161,0.930489,0.323940,0.519234,0.592599,0.542289,temporal parietal occipital frontal,0
4105,0.282074,0.699232,0.735461,0.932136,0.324514,0.593648,0.520154,0.475153,temporal parietal occipital frontal,0
4106,0.273843,0.678829,0.714001,0.904937,0.504976,0.315045,0.576326,0.869219,temporal parietal occipital frontal,0
4107,0.275578,0.683130,0.718525,0.910671,0.508176,0.579978,0.317041,0.475153,temporal parietal occipital frontal,0
4108,0.271509,0.673043,0.707916,0.897225,0.571414,0.312360,0.500672,0.869219,temporal parietal occipital frontal,0
4109,0.272746,0.676111,0.711143,0.901314,0.574019,0.502954,0.313784,0.542289,temporal parietal occipital frontal,0
4110,0.233746,0.579433,0.609455,0.268915,0.772434,0.431036,0.491939,0.542289,temporal parietal occipital frontal,0
4111,0.234090,0.580284,0.610351,0.269310,0.773569,0.492662,0.431670,0.475153,temporal parietal occipital frontal,0
4112,0.245882,0.609518,0.641099,0.282878,0.453416,0.812540,0.517481,0.302610,temporal occipital parietal frontal,0
4113,0.244147,0.605215,0.636573,0.280881,0.450215,0.513828,0.806804,0.475153,temporal parietal occipital frontal,0
4114,0.243999,0.604849,0.636189,0.280711,0.513517,0.806316,0.449943,0.302610,temporal occipital parietal frontal,0
4115,0.241922,0.599699,0.630772,0.278321,0.509145,0.446112,0.799451,0.542289,temporal parietal occipital frontal,0
4116,0.241287,0.598126,0.629117,0.444942,0.797353,0.277590,0.507809,0.869219,temporal parietal occipital frontal,0
4117,0.242633,0.601462,0.632626,0.447424,0.801801,0.510642,0.279139,0.475153,temporal parietal occipital frontal,0
4118,0.260892,0.646725,0.680234,0.481094,0.300145,0.862140,0.549070,0.302610,temporal occipital parietal frontal,0
4119,0.258938,0.641882,0.675141,0.477492,0.297898,0.544959,0.855685,0.475153,temporal parietal occipital frontal,0
4120,0.253295,0.627894,0.660427,0.467086,0.533082,0.837036,0.291406,0.302610,temporal occipital parietal frontal,0
4121,0.250008,0.619745,0.651856,0.461024,0.526164,0.287624,0.826174,0.869219,temporal parietal occipital frontal,0
4122,0.244622,0.606393,0.637812,0.514828,0.808375,0.281427,0.451092,0.869219,temporal parietal occipital frontal,0
4123,0.245626,0.608882,0.640431,0.516942,0.811693,0.452944,0.282583,0.542289,temporal parietal occipital frontal,0
4124,0.264795,0.656401,0.690412,0.557285,0.304636,0.875040,0.488292,0.302610,temporal occipital parietal frontal,0
4125,0.262351,0.650340,0.684037,0.552140,0.301823,0.483784,0.866960,0.542289,temporal parietal occipital frontal,0
4126,0.259063,0.642191,0.675465,0.545221,0.477722,0.856096,0.298041,0.302610,temporal occipital parietal frontal,0
4127,0.255626,0.633670,0.666503,0.537986,0.471383,0.294087,0.844737,0.869219,temporal parietal occipital frontal,0
4128,0.265810,0.658916,0.305803,0.878392,0.693057,0.490163,0.559420,0.542289,temporal occipital parietal frontal,0
4129,0.266254,0.660017,0.306315,0.879860,0.694215,0.560355,0.490983,0.475153,temporal occipital parietal frontal,0
4130,0.273843,0.678829,0.315045,0.904937,0.504976,0.714001,0.576326,0.383533,temporal occipital parietal frontal,0
4131,0.272937,0.676584,0.314003,0.901945,0.503307,0.574420,0.711640,0.475153,temporal occipital parietal frontal,0
4132,0.271509,0.673043,0.312360,0.897225,0.571414,0.707916,0.500672,0.383533,temporal occipital parietal frontal,0
4133,0.270160,0.669699,0.310808,0.892766,0.568575,0.498184,0.704398,0.542289,temporal occipital parietal frontal,0
4134,0.250169,0.620143,0.287809,0.652275,0.826704,0.461320,0.526502,0.542289,temporal occipital parietal frontal,0
4135,0.250562,0.621118,0.288261,0.653301,0.828005,0.527330,0.462046,0.475153,temporal occipital parietal frontal,0
4136,0.264121,0.654730,0.303861,0.688654,0.487049,0.872812,0.555866,0.302610,temporal occipital parietal frontal,0
4137,0.262119,0.649768,0.301558,0.683434,0.483358,0.551653,0.866197,0.475153,temporal occipital parietal frontal,0
4138,0.261949,0.649346,0.301362,0.682991,0.551295,0.865635,0.483044,0.302610,temporal occipital parietal frontal,0
4139,0.259557,0.643415,0.298609,0.676752,0.546259,0.478632,0.857727,0.542289,temporal occipital parietal frontal,0
4140,0.241287,0.598126,0.277590,0.444942,0.797353,0.629117,0.507809,0.383533,temporal occipital parietal frontal,0
4141,0.240584,0.596382,0.276781,0.443645,0.795029,0.506329,0.627283,0.475153,temporal occipital parietal frontal,0
4142,0.247302,0.613037,0.284511,0.456034,0.644800,0.817231,0.520469,0.302610,temporal occipital parietal frontal,0
4143,0.245546,0.608684,0.282491,0.452796,0.640222,0.516773,0.811429,0.475153,temporal occipital parietal frontal,0
4144,0.251063,0.622359,0.288837,0.462969,0.528384,0.829659,0.654606,0.302610,temporal occipital parietal frontal,0
4145,0.250008,0.619745,0.287624,0.461024,0.526164,0.651856,0.826174,0.383533,temporal occipital parietal frontal,0
4146,0.244622,0.606393,0.281427,0.514828,0.808375,0.637812,0.451092,0.383533,temporal occipital parietal frontal,0
4147,0.243526,0.603677,0.280167,0.512522,0.804754,0.449071,0.634956,0.542289,temporal occipital parietal frontal,0
4148,0.250807,0.621725,0.288543,0.527845,0.653938,0.828813,0.462497,0.302610,temporal occipital parietal frontal,0
4149,0.248612,0.616285,0.286018,0.523226,0.648217,0.458450,0.821561,0.542289,temporal occipital parietal frontal,0
4150,0.256728,0.636403,0.295355,0.540307,0.473416,0.848381,0.669378,0.302610,temporal occipital parietal frontal,0
4151,0.255626,0.633670,0.294087,0.537986,0.471383,0.666503,0.844737,0.383533,temporal occipital parietal frontal,0
4152,0.265810,0.658916,0.490163,0.878392,0.693057,0.305803,0.559420,0.869219,temporal parietal occipital frontal,0
4153,0.267444,0.662968,0.493177,0.883793,0.697318,0.562860,0.307684,0.475153,temporal occipital parietal frontal,0
4154,0.281575,0.697996,0.519234,0.930489,0.323940,0.734161,0.592599,0.383533,temporal occipital parietal frontal,0
4155,0.280618,0.695623,0.517469,0.927325,0.322839,0.590584,0.731665,0.475153,temporal occipital parietal frontal,0
4156,0.272746,0.676111,0.502954,0.901314,0.574019,0.711143,0.313784,0.383533,temporal occipital parietal frontal,0
4157,0.270160,0.669699,0.498184,0.892766,0.568575,0.310808,0.704398,0.869219,temporal parietal occipital frontal,0
4158,0.250169,0.620143,0.461320,0.652275,0.826704,0.287809,0.526502,0.869219,temporal parietal occipital frontal,0
4159,0.251616,0.623730,0.463989,0.656048,0.831487,0.529548,0.289474,0.475153,temporal occipital parietal frontal,0
4160,0.271307,0.672542,0.500300,0.707389,0.312127,0.896557,0.570989,0.302610,temporal occipital parietal frontal,0
4161,0.269195,0.667307,0.496406,0.701883,0.309698,0.566544,0.889579,0.475153,temporal occipital parietal frontal,0
4162,0.263101,0.652201,0.485168,0.685994,0.553720,0.869441,0.302687,0.302610,temporal occipital parietal frontal,0
4163,0.259557,0.643415,0.478632,0.676752,0.546259,0.298609,0.857727,0.869219,temporal parietal occipital frontal,0
4164,0.233746,0.579433,0.431036,0.268915,0.772434,0.609455,0.491939,0.383533,temporal occipital parietal frontal,0
4165,0.233086,0.577797,0.429819,0.268156,0.770253,0.490550,0.607734,0.475153,temporal occipital parietal frontal,0
4166,0.239387,0.593416,0.441438,0.275405,0.624163,0.791074,0.503810,0.302610,temporal occipital parietal frontal,0
4167,0.237741,0.589336,0.438403,0.273511,0.619872,0.500347,0.785636,0.475153,temporal occipital parietal frontal,0
4168,0.242909,0.602147,0.447933,0.279457,0.511223,0.802714,0.633346,0.302610,temporal occipital parietal frontal,0
4169,0.241922,0.599699,0.446112,0.278321,0.509145,0.630772,0.799451,0.383533,temporal occipital parietal frontal,0
4170,0.245626,0.608882,0.452944,0.516942,0.811693,0.640431,0.282583,0.383533,temporal occipital parietal frontal,0
4171,0.243526,0.603677,0.449071,0.512522,0.804754,0.280167,0.634956,0.869219,temporal parietal occipital frontal,0
4172,0.251862,0.624342,0.464444,0.530066,0.656691,0.832301,0.289757,0.302610,temporal occipital parietal frontal,0
4173,0.248612,0.616285,0.458450,0.523226,0.648217,0.286018,0.821561,0.869219,temporal parietal occipital frontal,0
4174,0.263512,0.653220,0.485926,0.554584,0.303160,0.870798,0.687065,0.302610,temporal occipital parietal frontal,0
4175,0.262351,0.650340,0.483784,0.552140,0.301823,0.684037,0.866960,0.383533,temporal occipital parietal frontal,0
4176,0.266254,0.660017,0.560355,0.879860,0.694215,0.306315,0.490983,0.869219,temporal parietal occipital frontal,0
4177,0.267444,0.662968,0.562860,0.883793,0.697318,0.493177,0.307684,0.542289,temporal parietal occipital frontal,0
4178,0.282074,0.699232,0.593648,0.932136,0.324514,0.735461,0.520154,0.383533,temporal occipital parietal frontal,0
4179,0.280618,0.695623,0.590584,0.927325,0.322839,0.517469,0.731665,0.542289,temporal parietal occipital frontal,0
4180,0.275578,0.683130,0.579978,0.910671,0.508176,0.718525,0.317041,0.383533,temporal occipital parietal frontal,0
4181,0.272937,0.676584,0.574420,0.901945,0.503307,0.314003,0.711640,0.869219,temporal parietal occipital frontal,0
4182,0.250562,0.621118,0.527330,0.653301,0.828005,0.288261,0.462046,0.869219,temporal parietal occipital frontal,0
4183,0.251616,0.623730,0.529548,0.656048,0.831487,0.463989,0.289474,0.542289,temporal occipital parietal frontal,0
4184,0.271770,0.673690,0.571963,0.708596,0.312660,0.898087,0.501154,0.302610,temporal occipital parietal frontal,0
4185,0.269195,0.667307,0.566544,0.701883,0.309698,0.496406,0.889579,0.542289,temporal parietal occipital frontal,0
4186,0.265735,0.658730,0.559262,0.692861,0.490025,0.878144,0.305717,0.302610,temporal occipital parietal frontal,0
4187,0.262119,0.649768,0.551653,0.683434,0.483358,0.301558,0.866197,0.869219,temporal parietal occipital frontal,0
4188,0.234090,0.580284,0.492662,0.269310,0.773569,0.610351,0.431670,0.383533,temporal occipital parietal frontal,0
4189,0.233086,0.577797,0.490550,0.268156,0.770253,0.429819,0.607734,0.542289,temporal occipital parietal frontal,0
4190,0.239747,0.594309,0.504569,0.275819,0.625102,0.792265,0.442102,0.302610,temporal occipital parietal frontal,0
4191,0.237741,0.589336,0.500347,0.273511,0.619872,0.438403,0.785636,0.542289,temporal occipital parietal frontal,0
4192,0.245152,0.607708,0.515944,0.282038,0.452070,0.810127,0.639195,0.302610,temporal occipital parietal frontal,0
4193,0.244147,0.605215,0.513828,0.280881,0.450215,0.636573,0.806804,0.383533,temporal occipital parietal frontal,0
4194,0.242633,0.601462,0.510642,0.447424,0.801801,0.632626,0.279139,0.383533,temporal occipital parietal frontal,0
4195,0.240584,0.596382,0.506329,0.443645,0.795029,0.276781,0.627283,0.869219,temporal parietal occipital frontal,0
4196,0.248716,0.616542,0.523445,0.458642,0.648487,0.821904,0.286138,0.302610,temporal occipital parietal frontal,0
4197,0.245546,0.608684,0.516773,0.452796,0.640222,0.282491,0.811429,0.869219,temporal parietal occipital frontal,0
4198,0.260070,0.644687,0.547340,0.479578,0.299200,0.859424,0.678091,0.302610,temporal occipital parietal frontal,0
4199,0.258938,0.641882,0.544959,0.477492,0.297898,0.675141,0.855685,0.383533,temporal occipital parietal frontal,0
4200,0.273313,0.575212,0.903188,0.712621,0.314436,0.504000,0.677516,0.542289,temporal parietal occipital frontal,0
4201,0.274461,0.577627,0.906980,0.715613,0.315756,0.680361,0.506116,0.403405,temporal parietal occipital frontal,0
4202,0.266023,0.559868,0.879095,0.693611,0.490555,0.306048,0.659443,0.869219,temporal parietal occipital frontal,0
4203,0.268307,0.564676,0.886645,0.699568,0.494768,0.665107,0.308676,0.403405,temporal parietal occipital frontal,0
4204,0.260717,0.548703,0.861564,0.679779,0.646292,0.299945,0.480773,0.869219,temporal parietal occipital frontal,0
4205,0.261858,0.551104,0.865334,0.682754,0.649121,0.482877,0.301257,0.542289,temporal parietal occipital frontal,0
4206,0.240947,0.507095,0.796232,0.277200,0.628232,0.444316,0.597285,0.542289,temporal parietal occipital frontal,0
4207,0.241839,0.508971,0.799178,0.278226,0.630556,0.599494,0.445960,0.403405,temporal parietal occipital frontal,0
4208,0.247529,0.520947,0.817982,0.284772,0.456453,0.645393,0.613600,0.383533,temporal parietal occipital frontal,0
4209,0.247340,0.520548,0.817356,0.284554,0.456104,0.613131,0.644899,0.403405,temporal parietal occipital frontal,0
4210,0.242930,0.511267,0.802783,0.279481,0.602199,0.633401,0.447972,0.383533,temporal parietal occipital frontal,0
4211,0.241849,0.508993,0.799212,0.278238,0.599520,0.445979,0.630583,0.542289,temporal parietal occipital frontal,0
4212,0.248968,0.523975,0.822737,0.459106,0.649144,0.286427,0.617167,0.869219,temporal parietal occipital frontal,0
4213,0.250968,0.528184,0.829346,0.462794,0.654359,0.622125,0.288728,0.403405,temporal parietal occipital frontal,0
4214,0.262747,0.552973,0.868269,0.484515,0.302279,0.685070,0.651323,0.383533,temporal parietal occipital frontal,0
4215,0.262533,0.552524,0.867564,0.484121,0.302034,0.650793,0.684513,0.403405,temporal parietal occipital frontal,0
4216,0.252143,0.530657,0.833229,0.464961,0.625038,0.657423,0.290080,0.383533,temporal parietal occipital frontal,0
4217,0.249931,0.526001,0.825919,0.460882,0.619554,0.287535,0.651655,0.869219,temporal parietal occipital frontal,0
4218,0.257805,0.542573,0.851939,0.639073,0.672185,0.296594,0.475402,0.869219,temporal parietal occipital frontal,0
4219,0.258921,0.544921,0.855626,0.641838,0.675094,0.477459,0.297878,0.542289,temporal parietal occipital frontal,0
4220,0.272608,0.573728,0.900858,0.675769,0.313625,0.710783,0.502700,0.383533,temporal parietal occipital frontal,0
4221,0.271248,0.570866,0.896364,0.672397,0.312060,0.500192,0.707236,0.542289,temporal parietal occipital frontal,0
4222,0.266537,0.560950,0.880794,0.660717,0.491503,0.694952,0.306639,0.383533,temporal parietal occipital frontal,0
4223,0.264066,0.555749,0.872628,0.654592,0.486947,0.303797,0.688509,0.869219,temporal parietal occipital frontal,0
4224,0.283737,0.597149,0.739798,0.937633,0.326427,0.523221,0.703355,0.542289,temporal parietal occipital frontal,0
4225,0.284974,0.599752,0.743023,0.941720,0.327850,0.706421,0.525502,0.403405,temporal parietal occipital frontal,0
4226,0.275887,0.580628,0.719331,0.911693,0.508746,0.317397,0.683896,0.869219,temporal parietal occipital frontal,0
4227,0.278345,0.585802,0.725741,0.919816,0.513279,0.689990,0.320225,0.403405,temporal parietal occipital frontal,0
4228,0.270186,0.568629,0.704465,0.892852,0.669763,0.310837,0.498232,0.869219,temporal parietal occipital frontal,0
4229,0.271411,0.571208,0.707661,0.896902,0.672801,0.500492,0.312247,0.542289,temporal parietal occipital frontal,0
4230,0.235234,0.495070,0.613335,0.270627,0.777351,0.433780,0.583121,0.542289,temporal parietal occipital frontal,0
4231,0.236083,0.496858,0.615550,0.271604,0.780158,0.585227,0.435346,0.403405,temporal occipital parietal frontal,0
4232,0.247529,0.520947,0.645393,0.284772,0.456453,0.817982,0.613600,0.302610,occipital temporal parietal frontal,0
4233,0.246316,0.518394,0.642230,0.283377,0.454216,0.610593,0.813974,0.403405,temporal occipital parietal frontal,0
4234,0.242930,0.511267,0.633401,0.279481,0.602199,0.802783,0.447972,0.302610,temporal occipital parietal frontal,0
4235,0.240871,0.506933,0.628031,0.277112,0.597094,0.444174,0.795978,0.542289,temporal parietal occipital frontal,0
4236,0.242872,0.511146,0.633251,0.447866,0.802593,0.279415,0.602056,0.869219,temporal parietal occipital frontal,0
4237,0.244775,0.515151,0.638213,0.451375,0.808882,0.606774,0.281604,0.403405,temporal occipital parietal frontal,0
4238,0.262747,0.552973,0.685070,0.484515,0.302279,0.868269,0.651323,0.302610,occipital temporal parietal frontal,0
4239,0.261380,0.550098,0.681507,0.481995,0.300707,0.647935,0.863754,0.403405,temporal occipital parietal frontal,0
4240,0.252143,0.530657,0.657423,0.464961,0.625038,0.833229,0.290080,0.302610,temporal occipital parietal frontal,0
4241,0.248886,0.523802,0.648930,0.458955,0.616963,0.286333,0.822465,0.869219,temporal parietal occipital frontal,0
4242,0.251275,0.528830,0.655159,0.622885,0.830360,0.289081,0.463360,0.869219,temporal parietal occipital frontal,0
4243,0.252335,0.531060,0.657922,0.625512,0.833861,0.465314,0.290300,0.542289,temporal parietal occipital frontal,0
4244,0.272608,0.573728,0.710783,0.675769,0.313625,0.900858,0.502700,0.302610,occipital temporal parietal frontal,0
4245,0.270018,0.568276,0.704028,0.669347,0.310644,0.497923,0.892297,0.542289,temporal parietal occipital frontal,0
4246,0.266537,0.560950,0.694952,0.660717,0.491503,0.880794,0.306639,0.302610,occipital temporal parietal frontal,0
4247,0.262899,0.553295,0.685468,0.651701,0.484796,0.302455,0.868774,0.869219,temporal parietal occipital frontal,0
4248,0.267736,0.563473,0.308019,0.884756,0.698078,0.493714,0.663690,0.542289,temporal occipital parietal frontal,0
4249,0.268837,0.565790,0.309286,0.888394,0.700949,0.666419,0.495745,0.403405,temporal occipital parietal frontal,0
4250,0.275887,0.580628,0.317397,0.911693,0.508746,0.719331,0.683896,0.383533,temporal occipital parietal frontal,0
4251,0.275652,0.580133,0.317126,0.910915,0.508312,0.683313,0.718718,0.403405,temporal occipital parietal frontal,0
4252,0.270186,0.568629,0.310837,0.892852,0.669763,0.704465,0.498232,0.383533,temporal occipital parietal frontal,0
4253,0.268849,0.565817,0.309300,0.888437,0.666451,0.495768,0.700982,0.542289,temporal occipital parietal frontal,0
4254,0.251874,0.530090,0.289770,0.656720,0.832338,0.464464,0.624369,0.542289,temporal occipital parietal frontal,0
4255,0.252848,0.532141,0.290891,0.659260,0.835558,0.626784,0.466261,0.403405,temporal occipital parietal frontal,0
4256,0.266023,0.559868,0.306048,0.693611,0.490555,0.879095,0.659443,0.302610,occipital temporal parietal frontal,0
4257,0.264622,0.556920,0.304437,0.689959,0.487973,0.655971,0.874466,0.403405,temporal occipital parietal frontal,0
4258,0.260717,0.548703,0.299945,0.679779,0.646292,0.861564,0.480773,0.302610,temporal occipital parietal frontal,0
4259,0.258347,0.543714,0.297217,0.673598,0.640416,0.476401,0.853730,0.542289,temporal occipital parietal frontal,0
4260,0.242872,0.511146,0.279415,0.447866,0.802593,0.633251,0.602056,0.383533,temporal occipital parietal frontal,0
4261,0.242690,0.510762,0.279205,0.447529,0.801990,0.601604,0.632775,0.403405,temporal occipital parietal frontal,0
4262,0.248968,0.523975,0.286427,0.459106,0.649144,0.822737,0.617167,0.302610,temporal occipital parietal frontal,0
4263,0.247741,0.521392,0.285016,0.456843,0.645944,0.614125,0.818681,0.403405,temporal occipital parietal frontal,0
4264,0.249931,0.526001,0.287535,0.460882,0.619554,0.825919,0.651655,0.302610,temporal occipital parietal frontal,0
4265,0.248886,0.523802,0.286333,0.458955,0.616963,0.648930,0.822465,0.383533,temporal occipital parietal frontal,0
4266,0.251275,0.528830,0.289081,0.622885,0.830360,0.655159,0.463360,0.383533,temporal occipital parietal frontal,0
4267,0.250119,0.526397,0.287751,0.620019,0.826540,0.461228,0.652145,0.542289,temporal occipital parietal frontal,0
4268,0.257805,0.542573,0.296594,0.639073,0.672185,0.851939,0.475402,0.302610,temporal occipital parietal frontal,0
4269,0.255487,0.537695,0.293927,0.633327,0.666141,0.471127,0.844279,0.542289,temporal occipital parietal frontal,0
4270,0.264066,0.555749,0.303797,0.654592,0.486947,0.872628,0.688509,0.302610,occipital temporal parietal frontal,0
4271,0.262899,0.553295,0.302455,0.651701,0.484796,0.685468,0.868774,0.383533,temporal occipital parietal frontal,0
4272,0.267736,0.563473,0.493714,0.884756,0.698078,0.308019,0.663690,0.869219,temporal parietal occipital frontal,0
4273,0.270050,0.568344,0.497982,0.892404,0.704112,0.669427,0.310681,0.403405,temporal occipital parietal frontal,0
4274,0.283737,0.597149,0.523221,0.937633,0.326427,0.739798,0.703355,0.383533,temporal occipital parietal frontal,0
4275,0.283488,0.596625,0.522762,0.936810,0.326141,0.702737,0.739149,0.403405,temporal occipital parietal frontal,0
4276,0.271411,0.571208,0.500492,0.896902,0.672801,0.707661,0.312247,0.383533,temporal occipital parietal frontal,0
4277,0.268849,0.565817,0.495768,0.888437,0.666451,0.309300,0.700982,0.869219,temporal parietal occipital frontal,0
4278,0.251874,0.530090,0.464464,0.656720,0.832338,0.289770,0.624369,0.869219,temporal parietal occipital frontal,0
4279,0.253921,0.534399,0.468240,0.662058,0.839104,0.629444,0.292126,0.403405,temporal occipital parietal frontal,0
4280,0.273313,0.575212,0.504000,0.712621,0.314436,0.903188,0.677516,0.302610,occipital temporal parietal frontal,0
4281,0.271835,0.572101,0.501274,0.708767,0.312735,0.673852,0.898303,0.403405,temporal occipital parietal frontal,0
4282,0.261858,0.551104,0.482877,0.682754,0.649121,0.865334,0.301257,0.302610,temporal occipital parietal frontal,0
4283,0.258347,0.543714,0.476401,0.673598,0.640416,0.297217,0.853730,0.869219,temporal parietal occipital frontal,0
4284,0.235234,0.495070,0.433780,0.270627,0.777351,0.613335,0.583121,0.383533,temporal occipital parietal frontal,0
4285,0.235063,0.494710,0.433464,0.270430,0.776785,0.582697,0.612888,0.403405,temporal occipital parietal frontal,0
4286,0.240947,0.507095,0.444316,0.277200,0.628232,0.796232,0.597285,0.302610,temporal occipital parietal frontal,0
4287,0.239798,0.504676,0.442196,0.275878,0.625235,0.594435,0.792433,0.403405,temporal occipital parietal frontal,0
4288,0.241849,0.508993,0.445979,0.278238,0.599520,0.799212,0.630583,0.302610,temporal occipital parietal frontal,0
4289,0.240871,0.506933,0.444174,0.277112,0.597094,0.628031,0.795978,0.383533,temporal occipital parietal frontal,0
4290,0.252335,0.531060,0.465314,0.625512,0.833861,0.657922,0.290300,0.383533,temporal occipital parietal frontal,0
4291,0.250119,0.526397,0.461228,0.620019,0.826540,0.287751,0.652145,0.869219,temporal parietal occipital frontal,0
4292,0.258921,0.544921,0.477459,0.641838,0.675094,0.855626,0.297878,0.302610,temporal occipital parietal frontal,0
4293,0.255487,0.537695,0.471127,0.633327,0.666141,0.293927,0.844279,0.869219,temporal parietal occipital frontal,0
4294,0.271248,0.570866,0.500192,0.672397,0.312060,0.896364,0.707236,0.302610,occipital temporal parietal frontal,0
4295,0.270018,0.568276,0.497923,0.669347,0.310644,0.704028,0.892297,0.383533,temporal occipital parietal frontal,0
4296,0.268837,0.565790,0.666419,0.888394,0.700949,0.309286,0.495745,0.869219,temporal parietal occipital frontal,0
4297,0.270050,0.568344,0.669427,0.892404,0.704112,0.497982,0.310681,0.542289,temporal parietal occipital frontal,0
4298,0.284974,0.599752,0.706421,0.941720,0.327850,0.743023,0.525502,0.383533,temporal occipital parietal frontal,0
4299,0.283488,0.596625,0.702737,0.936810,0.326141,0.522762,0.739149,0.542289,temporal parietal occipital frontal,0
4300,0.278345,0.585802,0.689990,0.919816,0.513279,0.725741,0.320225,0.383533,temporal occipital parietal frontal,0
4301,0.275652,0.580133,0.683313,0.910915,0.508312,0.317126,0.718718,0.869219,temporal parietal occipital frontal,0
4302,0.252848,0.532141,0.626784,0.659260,0.835558,0.290891,0.466261,0.869219,temporal parietal occipital frontal,0
4303,0.253921,0.534399,0.629444,0.662058,0.839104,0.468240,0.292126,0.542289,temporal parietal occipital frontal,0
4304,0.274461,0.577627,0.680361,0.715613,0.315756,0.906980,0.506116,0.302610,occipital temporal parietal frontal,0
4305,0.271835,0.572101,0.673852,0.708767,0.312735,0.501274,0.898303,0.542289,temporal parietal occipital frontal,0
4306,0.268307,0.564676,0.665107,0.699568,0.494768,0.886645,0.308676,0.302610,occipital temporal parietal frontal,0
4307,0.264622,0.556920,0.655971,0.689959,0.487973,0.304437,0.874466,0.869219,temporal parietal occipital frontal,0
4308,0.236083,0.496858,0.585227,0.271604,0.780158,0.615550,0.435346,0.383533,temporal occipital parietal frontal,0
4309,0.235063,0.494710,0.582697,0.270430,0.776785,0.433464,0.612888,0.542289,temporal parietal occipital frontal,0
4310,0.241839,0.508971,0.599494,0.278226,0.630556,0.799178,0.445960,0.302610,temporal occipital parietal frontal,0
4311,0.239798,0.504676,0.594435,0.275878,0.625235,0.442196,0.792433,0.542289,temporal parietal occipital frontal,0
4312,0.247340,0.520548,0.613131,0.284554,0.456104,0.817356,0.644899,0.302610,occipital temporal parietal frontal,0
4313,0.246316,0.518394,0.610593,0.283377,0.454216,0.642230,0.813974,0.383533,temporal occipital parietal frontal,0
4314,0.244775,0.515151,0.606774,0.451375,0.808882,0.638213,0.281604,0.383533,temporal occipital parietal frontal,0
4315,0.242690,0.510762,0.601604,0.447529,0.801990,0.279205,0.632775,0.869219,temporal parietal occipital frontal,0
4316,0.250968,0.528184,0.622125,0.462794,0.654359,0.829346,0.288728,0.302610,temporal occipital parietal frontal,0
4317,0.247741,0.521392,0.614125,0.456843,0.645944,0.285016,0.818681,0.869219,temporal parietal occipital frontal,0
4318,0.262533,0.552524,0.650793,0.484121,0.302034,0.867564,0.684513,0.302610,occipital temporal parietal frontal,0
4319,0.261380,0.550098,0.647935,0.481995,0.300707,0.681507,0.863754,0.383533,temporal occipital parietal frontal,0
4320,0.479829,0.753420,0.594453,0.262295,0.420426,0.565169,0.227992,0.849001,temporal occipital parietal frontal,0
4321,0.475962,0.747348,0.589662,0.260182,0.417037,0.226155,0.560615,2.104587,temporal parietal frontal occipital,0
4322,0.469994,0.737976,0.582268,0.256919,0.553585,0.411808,0.223319,1.141294,temporal parietal occipital frontal,0
4323,0.467869,0.734640,0.579635,0.255757,0.551082,0.222309,0.409946,2.104587,temporal parietal occipital frontal,0
4324,0.489470,0.768558,0.606397,0.267566,0.232573,0.428873,0.576525,1.141294,temporal parietal occipital frontal,0
4325,0.491218,0.771302,0.608562,0.268521,0.233404,0.578584,0.430405,0.849001,temporal occipital parietal frontal,0
4326,0.506868,0.795876,0.627951,0.444117,0.277076,0.597017,0.240840,0.849001,temporal occipital parietal frontal,0
4327,0.502555,0.789103,0.622607,0.440338,0.274718,0.238790,0.591937,2.104587,temporal parietal frontal occipital,0
4328,0.484459,0.760689,0.600188,0.424482,0.570622,0.264826,0.230192,1.829346,temporal parietal occipital frontal,0
4329,0.484055,0.760055,0.599688,0.424128,0.570147,0.230000,0.264605,2.104587,temporal parietal frontal occipital,0
4330,0.505179,0.793224,0.625858,0.442637,0.240037,0.276153,0.595028,1.829346,temporal parietal occipital frontal,0
4331,0.509091,0.799366,0.630704,0.446065,0.241896,0.599635,0.278291,0.849001,temporal occipital parietal frontal,0
4332,0.522262,0.820047,0.647022,0.615149,0.285491,0.457605,0.248154,1.141294,temporal parietal occipital frontal,0
4333,0.519639,0.815929,0.643773,0.612060,0.284057,0.246908,0.455307,2.104587,temporal parietal frontal occipital,0
4334,0.509581,0.800136,0.631312,0.600213,0.446495,0.278559,0.242129,1.829346,temporal parietal frontal occipital,0
4335,0.509134,0.799434,0.630758,0.599687,0.446103,0.241917,0.278315,2.104587,temporal parietal frontal occipital,0
4336,0.522445,0.820335,0.647249,0.615365,0.248241,0.285591,0.457766,1.829346,temporal parietal frontal occipital,0
4337,0.524622,0.823752,0.649945,0.617928,0.249275,0.459673,0.286781,1.141294,temporal parietal occipital frontal,0
4338,0.483760,0.759591,0.599322,0.229860,0.264444,0.423870,0.569799,1.141294,temporal parietal occipital frontal,0
4339,0.485467,0.762272,0.601437,0.230671,0.265377,0.571810,0.425365,0.849001,temporal occipital parietal frontal,0
4340,0.472860,0.742478,0.585819,0.224681,0.414320,0.258486,0.556961,1.829346,temporal parietal occipital frontal,0
4341,0.476286,0.747856,0.590063,0.226309,0.417321,0.560996,0.260359,0.849001,temporal occipital parietal frontal,0
4342,0.464871,0.729933,0.575922,0.220885,0.547551,0.254119,0.407320,1.829346,temporal parietal occipital frontal,0
4343,0.466594,0.732638,0.578056,0.221703,0.549580,0.408829,0.255060,1.141294,temporal parietal occipital frontal,0
4344,0.512655,0.804962,0.280239,0.635120,0.449187,0.603833,0.243589,0.849001,temporal occipital frontal parietal,0
4345,0.508243,0.798034,0.277828,0.629654,0.445322,0.241493,0.598637,2.104587,temporal frontal parietal occipital,1
4346,0.501443,0.787358,0.274111,0.621230,0.590628,0.439364,0.238262,1.141294,temporal occipital frontal parietal,0
4347,0.499025,0.783561,0.272789,0.618234,0.587779,0.237113,0.437245,2.104587,temporal frontal parietal occipital,1
4348,0.523675,0.822266,0.286264,0.648773,0.248826,0.458844,0.616814,1.141294,temporal occipital frontal parietal,0
4349,0.525676,0.825408,0.287357,0.651252,0.249776,0.619170,0.460597,0.849001,temporal occipital frontal parietal,0
4350,0.482397,0.757451,0.263699,0.422675,0.597634,0.568194,0.229212,0.849001,temporal occipital parietal frontal,0
4351,0.478488,0.751314,0.261563,0.419251,0.592792,0.227355,0.563590,2.104587,temporal frontal occipital parietal,0
4352,0.484459,0.760689,0.264826,0.424482,0.570622,0.600188,0.230192,0.807178,temporal occipital parietal frontal,0
4353,0.480178,0.753967,0.262486,0.420731,0.565580,0.228158,0.594885,2.104587,temporal frontal occipital parietal,0
4354,0.505179,0.793224,0.276153,0.442637,0.240037,0.625858,0.595028,0.807178,temporal occipital parietal frontal,0
4355,0.504804,0.792635,0.275948,0.442309,0.239859,0.594586,0.625394,0.849001,temporal occipital parietal frontal,0
4356,0.496319,0.779312,0.271310,0.584592,0.614882,0.434874,0.235827,1.141294,temporal occipital frontal parietal,0
4357,0.493950,0.775592,0.270015,0.581802,0.611947,0.234702,0.432799,2.104587,temporal frontal occipital parietal,0
4358,0.509581,0.800136,0.278559,0.600213,0.446495,0.631312,0.242129,0.807178,temporal occipital frontal parietal,0
4359,0.504847,0.792702,0.275971,0.594637,0.442346,0.239879,0.625447,2.104587,temporal frontal occipital parietal,0
4360,0.522445,0.820335,0.285591,0.615365,0.248241,0.647249,0.457766,0.807178,temporal occipital frontal parietal,0
4361,0.520071,0.816606,0.284293,0.612568,0.247113,0.455685,0.644307,1.141294,temporal occipital frontal parietal,0
4362,0.461420,0.724513,0.252232,0.219245,0.571645,0.404295,0.543485,1.141294,temporal occipital frontal parietal,0
4363,0.462972,0.726951,0.253081,0.219982,0.573569,0.545314,0.405656,0.849001,temporal occipital parietal frontal,0
4364,0.472860,0.742478,0.258486,0.224681,0.414320,0.585819,0.556961,0.807178,temporal occipital parietal frontal,0
4365,0.472532,0.741962,0.258306,0.224525,0.414032,0.556574,0.585412,0.849001,temporal occipital parietal frontal,0
4366,0.464871,0.729933,0.254119,0.220885,0.547551,0.575922,0.407320,0.807178,temporal occipital parietal frontal,0
4367,0.462990,0.726980,0.253091,0.219991,0.545336,0.405672,0.573591,1.141294,temporal occipital frontal parietal,0
4368,0.525490,0.825116,0.460434,0.651022,0.287256,0.618952,0.249688,0.849001,temporal occipital parietal frontal,0
4369,0.520856,0.817839,0.456373,0.645280,0.284722,0.247486,0.613493,2.104587,temporal parietal frontal occipital,0
4370,0.501443,0.787358,0.439364,0.621230,0.590628,0.274111,0.238262,1.829346,temporal parietal frontal occipital,0
4371,0.501010,0.786678,0.438985,0.620694,0.590118,0.238056,0.273874,2.104587,temporal parietal frontal occipital,0
4372,0.523675,0.822266,0.458844,0.648773,0.248826,0.286264,0.616814,1.829346,temporal parietal frontal occipital,0
4373,0.527880,0.828868,0.462528,0.653982,0.250823,0.621766,0.288562,0.849001,temporal occipital parietal frontal,0
4374,0.468053,0.734929,0.410107,0.255858,0.579863,0.551298,0.222396,0.849001,temporal occipital parietal frontal,0
4375,0.464372,0.729150,0.406883,0.253846,0.575304,0.220648,0.546964,2.104587,temporal parietal frontal occipital,0
4376,0.469994,0.737976,0.411808,0.256919,0.553585,0.582268,0.223319,0.807178,temporal occipital parietal frontal,0
4377,0.465963,0.731648,0.408277,0.254716,0.548838,0.221404,0.577275,2.104587,temporal parietal frontal occipital,0
4378,0.489470,0.768558,0.428873,0.267566,0.232573,0.606397,0.576525,0.807178,temporal occipital parietal frontal,0
4379,0.489118,0.768005,0.428565,0.267373,0.232406,0.576111,0.605961,0.849001,temporal occipital parietal frontal,0
4380,0.496319,0.779312,0.434874,0.584592,0.614882,0.271310,0.235827,1.829346,temporal parietal frontal occipital,0
4381,0.495895,0.778647,0.434503,0.584093,0.614357,0.235626,0.271078,2.104587,temporal parietal frontal occipital,0
4382,0.522262,0.820047,0.457605,0.615149,0.285491,0.647022,0.248154,0.807178,temporal occipital parietal frontal,0
4383,0.517290,0.812240,0.453249,0.609293,0.282773,0.245792,0.640862,2.104587,temporal parietal frontal occipital,0
4384,0.524622,0.823752,0.459673,0.617928,0.249275,0.649945,0.286781,0.807178,temporal occipital parietal frontal,0
4385,0.520071,0.816606,0.455685,0.612568,0.247113,0.284293,0.644307,1.829346,temporal parietal frontal occipital,0
4386,0.461420,0.724513,0.404295,0.219245,0.571645,0.252232,0.543485,1.829346,temporal parietal occipital frontal,0
4387,0.464681,0.729634,0.407153,0.220794,0.575686,0.547327,0.254015,0.849001,temporal occipital parietal frontal,0
4388,0.483760,0.759591,0.423870,0.229860,0.264444,0.599322,0.569799,0.807178,temporal occipital parietal frontal,0
4389,0.483416,0.759051,0.423568,0.229696,0.264256,0.569394,0.598896,0.849001,temporal occipital parietal frontal,0
4390,0.466594,0.732638,0.408829,0.221703,0.549580,0.578056,0.255060,0.807178,temporal occipital parietal frontal,0
4391,0.462990,0.726980,0.405672,0.219991,0.545336,0.253091,0.573591,1.829346,temporal parietal occipital frontal,0
4392,0.525490,0.825116,0.618952,0.651022,0.287256,0.460434,0.249688,1.141294,temporal parietal occipital frontal,0
4393,0.522835,0.820947,0.615824,0.647732,0.285805,0.248427,0.458108,2.104587,temporal parietal frontal occipital,0
4394,0.512655,0.804962,0.603833,0.635120,0.449187,0.280239,0.243589,1.829346,temporal parietal frontal occipital,0
4395,0.512202,0.804251,0.603300,0.634559,0.448791,0.243374,0.279992,2.104587,temporal parietal frontal occipital,0
4396,0.525676,0.825408,0.619170,0.651252,0.249776,0.287357,0.460597,1.829346,temporal parietal frontal occipital,0
4397,0.527880,0.828868,0.621766,0.653982,0.250823,0.462528,0.288562,1.141294,temporal parietal occipital frontal,0
4398,0.468053,0.734929,0.551298,0.255858,0.579863,0.410107,0.222396,1.141294,temporal parietal occipital frontal,0
4399,0.465945,0.731619,0.548816,0.254706,0.577252,0.221395,0.408261,2.104587,temporal parietal occipital frontal,0
4400,0.479829,0.753420,0.565169,0.262295,0.420426,0.594453,0.227992,0.807178,temporal occipital parietal frontal,0
4401,0.475629,0.746825,0.560222,0.260000,0.416746,0.225996,0.589249,2.104587,temporal parietal frontal occipital,0
4402,0.491218,0.771302,0.578584,0.268521,0.233404,0.608562,0.430405,0.807178,temporal occipital parietal frontal,0
4403,0.489118,0.768005,0.576111,0.267373,0.232406,0.428565,0.605961,1.141294,temporal parietal occipital frontal,0
4404,0.482397,0.757451,0.568194,0.422675,0.597634,0.263699,0.229212,1.829346,temporal parietal occipital frontal,0
4405,0.481996,0.756822,0.567722,0.422324,0.597137,0.229022,0.263480,2.104587,temporal parietal frontal occipital,0
4406,0.506868,0.795876,0.597017,0.444117,0.277076,0.627951,0.240840,0.807178,temporal occipital parietal frontal,0
4407,0.502184,0.788521,0.591500,0.440013,0.274515,0.238614,0.622148,2.104587,temporal parietal frontal occipital,0
4408,0.509091,0.799366,0.599635,0.446065,0.241896,0.630704,0.278291,0.807178,temporal occipital parietal frontal,0
4409,0.504804,0.792635,0.594586,0.442309,0.239859,0.275948,0.625394,1.829346,temporal parietal occipital frontal,0
4410,0.462972,0.726951,0.545314,0.219982,0.573569,0.253081,0.405656,1.829346,temporal parietal occipital frontal,0
4411,0.464681,0.729634,0.547327,0.220794,0.575686,0.407153,0.254015,1.141294,temporal parietal occipital frontal,0
4412,0.485467,0.762272,0.571810,0.230671,0.265377,0.601437,0.425365,0.807178,temporal occipital parietal frontal,0
4413,0.483416,0.759051,0.569394,0.229696,0.264256,0.423568,0.598896,1.141294,temporal parietal occipital frontal,0
4414,0.476286,0.747856,0.560996,0.226309,0.417321,0.590063,0.260359,0.807178,temporal occipital parietal frontal,0
4415,0.472532,0.741962,0.556574,0.224525,0.414032,0.258306,0.585412,1.829346,temporal parietal occipital frontal,0
4416,0.520856,0.817839,0.247486,0.645280,0.284722,0.456373,0.613493,1.141294,temporal occipital frontal parietal,0
4417,0.522835,0.820947,0.248427,0.647732,0.285805,0.615824,0.458108,0.849001,temporal occipital frontal parietal,0
4418,0.508243,0.798034,0.241493,0.629654,0.445322,0.277828,0.598637,1.829346,temporal frontal occipital parietal,0
4419,0.512202,0.804251,0.243374,0.634559,0.448791,0.603300,0.279992,0.849001,temporal occipital frontal parietal,0
4420,0.499025,0.783561,0.237113,0.618234,0.587779,0.272789,0.437245,1.829346,temporal frontal occipital parietal,0
4421,0.501010,0.786678,0.238056,0.620694,0.590118,0.438985,0.273874,1.141294,temporal occipital frontal parietal,0
4422,0.464372,0.729150,0.220648,0.253846,0.575304,0.406883,0.546964,1.141294,temporal occipital frontal parietal,0
4423,0.465945,0.731619,0.221395,0.254706,0.577252,0.548816,0.408261,0.849001,temporal occipital frontal parietal,0
4424,0.475962,0.747348,0.226155,0.260182,0.417037,0.589662,0.560615,0.807178,temporal occipital frontal parietal,0
4425,0.475629,0.746825,0.225996,0.260000,0.416746,0.560222,0.589249,0.849001,temporal occipital frontal parietal,0
4426,0.467869,0.734640,0.222309,0.255757,0.551082,0.579635,0.409946,0.807178,temporal occipital frontal parietal,0
4427,0.465963,0.731648,0.221404,0.254716,0.548838,0.408277,0.577275,1.141294,temporal occipital frontal parietal,0
4428,0.478488,0.751314,0.227355,0.419251,0.592792,0.261563,0.563590,1.829346,temporal frontal occipital parietal,0
4429,0.481996,0.756822,0.229022,0.422324,0.597137,0.567722,0.263480,0.849001,temporal occipital frontal parietal,0
4430,0.502555,0.789103,0.238790,0.440338,0.274718,0.622607,0.591937,0.807178,temporal occipital frontal parietal,0
4431,0.502184,0.788521,0.238614,0.440013,0.274515,0.591500,0.622148,0.849001,temporal occipital frontal parietal,0
4432,0.484055,0.760055,0.230000,0.424128,0.570147,0.599688,0.264605,0.807178,temporal occipital frontal parietal,0
4433,0.480178,0.753967,0.228158,0.420731,0.565580,0.262486,0.594885,1.829346,temporal frontal occipital parietal,0
4434,0.493950,0.775592,0.234702,0.581802,0.611947,0.270015,0.432799,1.829346,temporal frontal occipital parietal,0
4435,0.495895,0.778647,0.235626,0.584093,0.614357,0.434503,0.271078,1.141294,temporal occipital frontal parietal,0
4436,0.519639,0.815929,0.246908,0.612060,0.284057,0.643773,0.455307,0.807178,temporal occipital frontal parietal,0
4437,0.517290,0.812240,0.245792,0.609293,0.282773,0.453249,0.640862,1.141294,temporal occipital frontal parietal,0
4438,0.509134,0.799434,0.241917,0.599687,0.446103,0.630758,0.278315,0.807178,temporal occipital frontal parietal,0
4439,0.504847,0.792702,0.239879,0.594637,0.442346,0.275971,0.625447,1.829346,temporal frontal occipital parietal,0
4440,0.487296,0.603703,0.765143,0.266377,0.426968,0.573964,0.231540,0.849001,temporal parietal occipital frontal,0
4441,0.483308,0.598762,0.758882,0.264197,0.423474,0.229645,0.569267,2.104587,temporal parietal frontal occipital,0
4442,0.477155,0.591140,0.749221,0.260834,0.562019,0.418083,0.226721,1.141294,temporal parietal occipital frontal,0
4443,0.474965,0.588426,0.745782,0.259636,0.559440,0.225681,0.416164,2.104587,temporal parietal frontal occipital,0
4444,0.497242,0.616025,0.780761,0.271814,0.236266,0.435683,0.585679,1.141294,temporal parietal occipital frontal,0
4445,0.499046,0.618260,0.783594,0.272800,0.237123,0.587804,0.437263,0.849001,temporal parietal occipital frontal,0
4446,0.515207,0.638282,0.808969,0.451424,0.281635,0.606839,0.244802,0.849001,temporal parietal occipital frontal,0
4447,0.510751,0.632762,0.801973,0.447520,0.279199,0.242685,0.601591,2.104587,temporal parietal frontal occipital,0
4448,0.492071,0.609619,0.772642,0.431152,0.579589,0.268987,0.233809,1.829346,temporal parietal occipital frontal,0
4449,0.491654,0.609103,0.771987,0.430787,0.579098,0.233611,0.268760,2.104587,temporal parietal frontal occipital,0
4450,0.513462,0.636120,0.806229,0.449895,0.243973,0.280681,0.604784,1.829346,temporal parietal occipital frontal,0
4451,0.517504,0.641127,0.812575,0.453436,0.245893,0.609544,0.282890,0.849001,temporal parietal occipital frontal,0
4452,0.531119,0.657995,0.833954,0.625582,0.290333,0.465366,0.252363,1.141294,temporal parietal occipital frontal,0
4453,0.528407,0.654635,0.829696,0.622387,0.288850,0.251074,0.462990,2.104587,temporal parietal frontal occipital,0
4454,0.518010,0.641755,0.813371,0.610141,0.453880,0.283167,0.246134,1.829346,temporal parietal frontal occipital,0
4455,0.517549,0.641183,0.812646,0.609597,0.453475,0.245915,0.282915,2.104587,temporal parietal frontal occipital,0
4456,0.531309,0.658230,0.834252,0.625805,0.252453,0.290437,0.465532,1.829346,temporal parietal frontal occipital,0
4457,0.533560,0.661019,0.837787,0.628457,0.253522,0.467505,0.291667,1.141294,temporal parietal occipital frontal,0
4458,0.491350,0.608725,0.771509,0.233466,0.268593,0.430520,0.578739,1.141294,temporal parietal occipital frontal,0
4459,0.493111,0.610907,0.774275,0.234303,0.269556,0.580813,0.432063,0.849001,temporal parietal occipital frontal,0
4460,0.480110,0.594801,0.753861,0.228125,0.420672,0.262449,0.565500,1.829346,temporal parietal occipital frontal,0
4461,0.483642,0.599176,0.759406,0.229804,0.423766,0.569660,0.264380,0.849001,temporal parietal occipital frontal,0
4462,0.471876,0.584600,0.740932,0.224213,0.555802,0.257948,0.413457,1.829346,temporal parietal occipital frontal,0
4463,0.473651,0.586799,0.743719,0.225056,0.557892,0.415012,0.258918,1.141294,temporal parietal occipital frontal,0
4464,0.539132,0.667922,0.294713,0.846536,0.472387,0.635019,0.256170,0.849001,temporal occipital frontal parietal,0
4465,0.534255,0.661880,0.292047,0.838878,0.468113,0.253853,0.629275,2.104587,temporal frontal parietal occipital,1
4466,0.526746,0.652578,0.287943,0.827088,0.620431,0.461535,0.250285,1.141294,temporal occipital frontal parietal,0
4467,0.524079,0.649273,0.286484,0.822900,0.617289,0.249017,0.459197,2.104587,temporal frontal parietal occipital,1
4468,0.551334,0.683039,0.301383,0.865695,0.261968,0.483078,0.649391,1.141294,temporal occipital frontal parietal,0
4469,0.553552,0.685787,0.302596,0.869178,0.263022,0.652004,0.485022,0.849001,temporal occipital frontal parietal,0
4470,0.478710,0.593066,0.261684,0.419445,0.751662,0.563851,0.227460,0.849001,temporal occipital frontal parietal,0
4471,0.474861,0.588297,0.259579,0.416072,0.745618,0.225631,0.559317,2.104587,temporal frontal parietal occipital,1
4472,0.492071,0.609619,0.268987,0.431152,0.579589,0.772642,0.233809,0.636868,temporal occipital parietal frontal,0
4473,0.485764,0.601805,0.265540,0.425626,0.572160,0.230812,0.762738,2.104587,temporal frontal parietal occipital,1
4474,0.513462,0.636120,0.280681,0.449895,0.243973,0.806229,0.604784,0.636868,temporal occipital parietal frontal,0
4475,0.510982,0.633047,0.279325,0.447722,0.242794,0.601862,0.802335,0.849001,temporal occipital frontal parietal,0
4476,0.492417,0.610048,0.269177,0.579996,0.773185,0.431455,0.233973,1.141294,temporal occipital frontal parietal,0
4477,0.490085,0.607159,0.267902,0.577249,0.769523,0.232865,0.429412,2.104587,temporal frontal parietal occipital,1
4478,0.518010,0.641755,0.283167,0.610141,0.453880,0.813371,0.246134,0.636868,temporal occipital frontal parietal,0
4479,0.511026,0.633101,0.279349,0.601914,0.447760,0.242815,0.802404,2.104587,temporal frontal parietal occipital,1
4480,0.531309,0.658230,0.290437,0.625805,0.252453,0.834252,0.465532,0.636868,temporal occipital frontal parietal,0
4481,0.526630,0.652433,0.287879,0.620294,0.250230,0.461433,0.826905,1.141294,temporal occipital frontal parietal,0
4482,0.458045,0.567465,0.250387,0.217641,0.719215,0.401339,0.539511,1.141294,temporal occipital frontal parietal,0
4483,0.459575,0.569360,0.251224,0.218368,0.721617,0.541313,0.402679,0.849001,temporal occipital parietal frontal,0
4484,0.480110,0.594801,0.262449,0.228125,0.420672,0.753861,0.565500,0.636868,temporal occipital parietal frontal,0
4485,0.477941,0.592113,0.261263,0.227095,0.418771,0.562945,0.750454,0.849001,temporal occipital frontal parietal,0
4486,0.471876,0.584600,0.257948,0.224213,0.555802,0.740932,0.413457,0.636868,temporal occipital parietal frontal,0
4487,0.468182,0.580023,0.255928,0.222458,0.551450,0.410220,0.735131,1.141294,temporal occipital frontal parietal,0
4488,0.553346,0.685532,0.484841,0.868855,0.302483,0.651762,0.262924,0.849001,temporal occipital parietal frontal,0
4489,0.548210,0.679168,0.480341,0.860790,0.299675,0.260483,0.645712,2.104587,temporal parietal frontal occipital,0
4490,0.526746,0.652578,0.461535,0.827088,0.620431,0.287943,0.250285,1.829346,temporal parietal frontal occipital,0
4491,0.526269,0.651986,0.461116,0.826339,0.619869,0.250058,0.287681,2.104587,temporal parietal frontal occipital,0
4492,0.551334,0.683039,0.483078,0.865695,0.261968,0.301383,0.649391,1.829346,temporal parietal frontal occipital,0
4493,0.555996,0.688815,0.487163,0.873016,0.264183,0.654883,0.303932,0.849001,temporal occipital parietal frontal,0
4494,0.464581,0.575562,0.407065,0.253960,0.729477,0.547209,0.220747,0.849001,temporal occipital parietal frontal,0
4495,0.460955,0.571070,0.403888,0.251978,0.723783,0.219024,0.542938,2.104587,temporal parietal frontal occipital,0
4496,0.477155,0.591140,0.418083,0.260834,0.562019,0.749221,0.226721,0.636868,temporal occipital parietal frontal,0
4497,0.471222,0.583790,0.412884,0.257590,0.555031,0.223902,0.739905,2.104587,temporal parietal frontal occipital,0
4498,0.497242,0.616025,0.435683,0.271814,0.236266,0.780761,0.585679,0.636868,temporal occipital parietal frontal,0
4499,0.494916,0.613143,0.433645,0.270542,0.235160,0.582939,0.777108,0.849001,temporal occipital parietal frontal,0
4500,0.492417,0.610048,0.431455,0.579996,0.773185,0.269177,0.233973,1.829346,temporal parietal frontal occipital,0
4501,0.492000,0.609531,0.431090,0.579505,0.772530,0.233775,0.268949,2.104587,temporal parietal frontal occipital,0
4502,0.531119,0.657995,0.465366,0.625582,0.290333,0.833954,0.252363,0.636868,temporal occipital parietal frontal,0
4503,0.523779,0.648901,0.458934,0.616936,0.286320,0.248875,0.822429,2.104587,temporal parietal frontal occipital,0
4504,0.533560,0.661019,0.467505,0.628457,0.253522,0.837787,0.291667,0.636868,temporal occipital parietal frontal,0
4505,0.526630,0.652433,0.461433,0.620294,0.250230,0.287879,0.826905,1.829346,temporal parietal frontal occipital,0
4506,0.458045,0.567465,0.401339,0.217641,0.719215,0.250387,0.539511,1.829346,temporal parietal frontal occipital,0
4507,0.461259,0.571446,0.404154,0.219168,0.724260,0.543296,0.252144,0.849001,temporal occipital parietal frontal,0
4508,0.491350,0.608725,0.430520,0.233466,0.268593,0.771509,0.578739,0.636868,temporal occipital parietal frontal,0
4509,0.489078,0.605911,0.428530,0.232387,0.267351,0.576063,0.767942,0.849001,temporal occipital parietal frontal,0
4510,0.473651,0.586799,0.415012,0.225056,0.557892,0.743719,0.258918,0.636868,temporal occipital parietal frontal,0
4511,0.468182,0.580023,0.410220,0.222458,0.551450,0.255928,0.735131,1.829346,temporal parietal frontal occipital,0
4512,0.553346,0.685532,0.651762,0.868855,0.302483,0.484841,0.262924,1.141294,temporal parietal occipital frontal,0
4513,0.550403,0.681885,0.648295,0.864233,0.300874,0.261525,0.482262,2.104587,temporal parietal frontal occipital,0
4514,0.539132,0.667922,0.635019,0.846536,0.472387,0.294713,0.256170,1.829346,temporal parietal frontal occipital,0
4515,0.538632,0.667302,0.634430,0.845750,0.471948,0.255932,0.294439,2.104587,temporal parietal frontal occipital,0
4516,0.553552,0.685787,0.652004,0.869178,0.263022,0.302596,0.485022,1.829346,temporal parietal frontal occipital,0
4517,0.555996,0.688815,0.654883,0.873016,0.264183,0.487163,0.303932,1.141294,temporal parietal occipital frontal,0
4518,0.464581,0.575562,0.547209,0.253960,0.729477,0.407065,0.220747,1.141294,temporal parietal occipital frontal,0
4519,0.462504,0.572989,0.544763,0.252825,0.726217,0.219760,0.405246,2.104587,temporal parietal frontal occipital,0
4520,0.487296,0.603703,0.573964,0.266377,0.426968,0.765143,0.231540,0.636868,temporal occipital parietal frontal,0
4521,0.481110,0.596039,0.566677,0.262995,0.421548,0.228600,0.755430,2.104587,temporal parietal frontal occipital,0
4522,0.499046,0.618260,0.587804,0.272800,0.237123,0.783594,0.437263,0.636868,temporal occipital parietal frontal,0
4523,0.494916,0.613143,0.582939,0.270542,0.235160,0.433645,0.777108,1.141294,temporal parietal occipital frontal,0
4524,0.478710,0.593066,0.563851,0.419445,0.751662,0.261684,0.227460,1.829346,temporal parietal frontal occipital,0
4525,0.478315,0.592577,0.563386,0.419099,0.751043,0.227273,0.261468,2.104587,temporal parietal frontal occipital,0
4526,0.515207,0.638282,0.606839,0.451424,0.281635,0.808969,0.244802,0.636868,temporal occipital parietal frontal,0
4527,0.508297,0.629721,0.598700,0.445369,0.277857,0.241519,0.798120,2.104587,temporal parietal frontal occipital,0
4528,0.517504,0.641127,0.609544,0.453436,0.245893,0.812575,0.282890,0.636868,temporal occipital parietal frontal,0
4529,0.510982,0.633047,0.601862,0.447722,0.242794,0.279325,0.802335,1.829346,temporal parietal frontal occipital,0
4530,0.459575,0.569360,0.541313,0.218368,0.721617,0.251224,0.402679,1.829346,temporal parietal occipital frontal,0
4531,0.461259,0.571446,0.543296,0.219168,0.724260,0.404154,0.252144,1.141294,temporal parietal occipital frontal,0
4532,0.493111,0.610907,0.580813,0.234303,0.269556,0.774275,0.432063,0.636868,temporal occipital parietal frontal,0
4533,0.489078,0.605911,0.576063,0.232387,0.267351,0.428530,0.767942,1.141294,temporal parietal occipital frontal,0
4534,0.483642,0.599176,0.569660,0.229804,0.423766,0.759406,0.264380,0.636868,temporal occipital parietal frontal,0
4535,0.477941,0.592113,0.562945,0.227095,0.418771,0.261263,0.750454,1.829346,temporal parietal frontal occipital,0
4536,0.548210,0.679168,0.260483,0.860790,0.299675,0.480341,0.645712,1.141294,temporal occipital frontal parietal,0
4537,0.550403,0.681885,0.261525,0.864233,0.300874,0.648295,0.482262,0.849001,temporal occipital frontal parietal,0
4538,0.534255,0.661880,0.253853,0.838878,0.468113,0.292047,0.629275,1.829346,temporal frontal occipital parietal,0
4539,0.538632,0.667302,0.255932,0.845750,0.471948,0.634430,0.294439,0.849001,temporal occipital frontal parietal,0
4540,0.524079,0.649273,0.249017,0.822900,0.617289,0.286484,0.459197,1.829346,temporal frontal occipital parietal,0
4541,0.526269,0.651986,0.250058,0.826339,0.619869,0.461116,0.287681,1.141294,temporal occipital frontal parietal,0
4542,0.460955,0.571070,0.219024,0.251978,0.723783,0.403888,0.542938,1.141294,temporal occipital frontal parietal,0
4543,0.462504,0.572989,0.219760,0.252825,0.726217,0.544763,0.405246,0.849001,temporal occipital frontal parietal,0
4544,0.483308,0.598762,0.229645,0.264197,0.423474,0.758882,0.569267,0.636868,temporal occipital frontal parietal,0
4545,0.481110,0.596039,0.228600,0.262995,0.421548,0.566677,0.755430,0.849001,temporal occipital frontal parietal,0
4546,0.474965,0.588426,0.225681,0.259636,0.559440,0.745782,0.416164,0.636868,temporal occipital parietal frontal,0
4547,0.471222,0.583790,0.223902,0.257590,0.555031,0.412884,0.739905,1.141294,temporal occipital frontal parietal,0
4548,0.474861,0.588297,0.225631,0.416072,0.745618,0.259579,0.559317,1.829346,temporal frontal occipital parietal,0
4549,0.478315,0.592577,0.227273,0.419099,0.751043,0.563386,0.261468,0.849001,temporal occipital frontal parietal,0
4550,0.510751,0.632762,0.242685,0.447520,0.279199,0.801973,0.601591,0.636868,temporal occipital frontal parietal,0
4551,0.508297,0.629721,0.241519,0.445369,0.277857,0.598700,0.798120,0.849001,temporal occipital frontal parietal,0
4552,0.491654,0.609103,0.233611,0.430787,0.579098,0.771987,0.268760,0.636868,temporal occipital frontal parietal,0
4553,0.485764,0.601805,0.230812,0.425626,0.572160,0.265540,0.762738,1.829346,temporal frontal occipital parietal,0
4554,0.490085,0.607159,0.232865,0.577249,0.769523,0.267902,0.429412,1.829346,temporal frontal occipital parietal,0
4555,0.492000,0.609531,0.233775,0.579505,0.772530,0.431090,0.268949,1.141294,temporal occipital frontal parietal,0
4556,0.528407,0.654635,0.251074,0.622387,0.288850,0.829696,0.462990,0.636868,temporal occipital frontal parietal,0
4557,0.523779,0.648901,0.248875,0.616936,0.286320,0.458934,0.822429,1.141294,temporal occipital frontal parietal,0
4558,0.517549,0.641183,0.245915,0.609597,0.453475,0.812646,0.282915,0.636868,temporal occipital frontal parietal,0
4559,0.511026,0.633101,0.242815,0.601914,0.447760,0.279349,0.802404,1.829346,temporal frontal occipital parietal,0
4560,0.539964,0.295168,0.847842,0.668952,0.473116,0.635999,0.256565,0.849001,parietal occipital temporal frontal,0
4561,0.535072,0.292493,0.840160,0.662892,0.468829,0.254241,0.630237,2.104587,parietal temporal frontal occipital,0
4562,0.527540,0.288377,0.828335,0.653561,0.621366,0.462230,0.250662,1.141294,parietal occipital temporal frontal,0
4563,0.524865,0.286914,0.824134,0.650246,0.618215,0.249391,0.459886,2.104587,parietal temporal frontal occipital,0
4564,0.552204,0.301858,0.867061,0.684116,0.262381,0.483840,0.650416,1.141294,parietal occipital frontal temporal,0
4565,0.554429,0.303075,0.870555,0.686873,0.263438,0.653037,0.485790,0.849001,parietal occipital frontal temporal,0
4566,0.506501,0.276876,0.795300,0.443796,0.627497,0.596585,0.240665,0.849001,parietal occipital temporal frontal,0
4567,0.502194,0.274521,0.788537,0.440022,0.622161,0.238619,0.591512,2.104587,parietal temporal frontal occipital,0
4568,0.508775,0.278119,0.798870,0.445788,0.599264,0.630313,0.241746,0.807178,parietal occipital temporal frontal,0
4569,0.504056,0.275539,0.791460,0.441653,0.593705,0.239503,0.624467,2.104587,parietal temporal frontal occipital,0
4570,0.531677,0.290638,0.834830,0.465855,0.252628,0.658686,0.626238,0.807178,parietal occipital frontal temporal,0
4571,0.531262,0.290411,0.834178,0.465491,0.252430,0.625749,0.658171,0.849001,parietal occipital frontal temporal,0
4572,0.521872,0.285278,0.819435,0.614690,0.646539,0.457264,0.247969,1.141294,parietal occipital temporal frontal,0
4573,0.519254,0.283847,0.815323,0.611606,0.643295,0.246725,0.454969,2.104587,parietal temporal frontal occipital,0
4574,0.536555,0.293304,0.842490,0.631984,0.470129,0.664730,0.254946,0.807178,parietal occipital temporal frontal,0
4575,0.531309,0.290437,0.834252,0.625805,0.465532,0.252453,0.658230,2.104587,parietal temporal frontal occipital,0
4576,0.550836,0.301111,0.864913,0.648805,0.261731,0.682422,0.482642,0.807178,parietal occipital frontal temporal,0
4577,0.548197,0.299668,0.860770,0.645697,0.260477,0.480330,0.679153,1.141294,parietal occipital frontal temporal,0
4578,0.483426,0.264261,0.759067,0.229701,0.598908,0.423577,0.569405,1.141294,parietal occipital temporal frontal,0
4579,0.485130,0.265193,0.761743,0.230511,0.601020,0.571413,0.425071,0.849001,parietal occipital temporal frontal,0
4580,0.495999,0.271134,0.778809,0.235675,0.434593,0.614485,0.584215,0.807178,parietal occipital temporal frontal,0
4581,0.495637,0.270937,0.778241,0.235503,0.434277,0.583789,0.614037,0.849001,parietal occipital temporal frontal,0
4582,0.487216,0.266333,0.765018,0.231502,0.573870,0.603604,0.426898,0.807178,parietal occipital temporal frontal,0
4583,0.485150,0.265204,0.761774,0.230520,0.571437,0.425088,0.601045,1.141294,parietal occipital temporal frontal,0
4584,0.559249,0.305710,0.692845,0.878124,0.490014,0.658715,0.265729,0.849001,parietal occipital frontal temporal,0
4585,0.554003,0.302842,0.686346,0.869886,0.485417,0.263236,0.652535,2.104587,parietal frontal temporal occipital,0
4586,0.545934,0.298431,0.676348,0.857216,0.643031,0.478346,0.259402,1.141294,parietal frontal temporal occipital,0
4587,0.543069,0.296865,0.672799,0.852717,0.639656,0.258040,0.475836,2.104587,parietal frontal temporal occipital,0
4588,0.572390,0.312893,0.709124,0.898757,0.271972,0.501527,0.674192,1.141294,parietal frontal occipital temporal,0
4589,0.574781,0.314200,0.712087,0.902512,0.273109,0.677009,0.503623,0.849001,parietal occipital frontal temporal,0
4590,0.494504,0.270318,0.612634,0.433284,0.776462,0.582455,0.234965,0.849001,occipital parietal temporal frontal,0
4591,0.490398,0.268073,0.607546,0.429686,0.770015,0.233014,0.577618,2.104587,parietal temporal frontal occipital,0
4592,0.508775,0.278119,0.630313,0.445788,0.599264,0.798870,0.241746,0.636868,occipital parietal temporal frontal,0
4593,0.502036,0.274434,0.621964,0.439883,0.591325,0.238543,0.788288,2.104587,parietal temporal frontal occipital,0
4594,0.531677,0.290638,0.658686,0.465855,0.252628,0.834830,0.626238,0.636868,occipital parietal frontal temporal,0
4595,0.529018,0.289184,0.655392,0.463525,0.251364,0.623107,0.830655,0.849001,occipital parietal frontal temporal,0
4596,0.509145,0.278321,0.630772,0.599699,0.799451,0.446112,0.241922,1.141294,parietal temporal occipital frontal,0
4597,0.506652,0.276958,0.627684,0.596763,0.795537,0.240737,0.443928,2.104587,parietal temporal frontal occipital,0
4598,0.536555,0.293304,0.664730,0.631984,0.470129,0.842490,0.254946,0.636868,occipital parietal temporal frontal,0
4599,0.529065,0.289210,0.655450,0.623162,0.463566,0.251387,0.830729,2.104587,parietal frontal temporal occipital,0
4600,0.550836,0.301111,0.682422,0.648805,0.261731,0.864913,0.482642,0.636868,occipital parietal frontal temporal,0
4601,0.545808,0.298363,0.676193,0.642883,0.259342,0.478237,0.857019,1.141294,parietal frontal occipital temporal,0
4602,0.472485,0.258281,0.585354,0.224502,0.741888,0.413991,0.556519,1.141294,parietal temporal occipital frontal,0
4603,0.474113,0.259171,0.587371,0.225276,0.744445,0.558437,0.415417,0.849001,occipital parietal temporal frontal,0
4604,0.495999,0.271134,0.614485,0.235675,0.434593,0.778809,0.584215,0.636868,occipital parietal temporal frontal,0
4605,0.493684,0.269869,0.611617,0.234575,0.432565,0.581488,0.775174,0.849001,occipital parietal temporal frontal,0
4606,0.487216,0.266333,0.603604,0.231502,0.573870,0.765018,0.426898,0.636868,occipital parietal temporal frontal,0
4607,0.483278,0.264181,0.598726,0.229631,0.569232,0.423448,0.758835,1.141294,parietal temporal occipital frontal,0
4608,0.543316,0.297000,0.476053,0.853106,0.673106,0.639948,0.258158,0.849001,occipital parietal frontal temporal,0
4609,0.538364,0.294293,0.471714,0.845330,0.666970,0.255805,0.634114,2.104587,frontal temporal parietal occipital,0
4610,0.545934,0.298431,0.478346,0.857216,0.643031,0.676348,0.259402,0.807178,occipital parietal frontal temporal,0
4611,0.540503,0.295463,0.473588,0.848689,0.636635,0.256822,0.669621,2.104587,frontal temporal parietal occipital,0
4612,0.572390,0.312893,0.501527,0.898757,0.271972,0.709124,0.674192,0.807178,occipital parietal frontal temporal,0
4613,0.571908,0.312630,0.501105,0.898001,0.271744,0.673625,0.708528,0.849001,occipital parietal frontal temporal,0
4614,0.512213,0.279998,0.448801,0.634573,0.804269,0.603313,0.243379,0.849001,occipital parietal temporal frontal,0
4615,0.507809,0.277590,0.444942,0.629117,0.797353,0.241287,0.598126,2.104587,temporal frontal parietal occipital,1
4616,0.527540,0.288377,0.462230,0.653561,0.621366,0.828335,0.250662,0.636868,occipital parietal temporal frontal,0
4617,0.520298,0.284417,0.455884,0.644589,0.612836,0.247221,0.816963,2.104587,temporal frontal parietal occipital,1
4618,0.552204,0.301858,0.483840,0.684116,0.262381,0.867061,0.650416,0.636868,occipital parietal frontal temporal,0
4619,0.549336,0.300291,0.481327,0.680563,0.261018,0.647038,0.862558,0.849001,occipital parietal frontal temporal,0
4620,0.509145,0.278321,0.446112,0.599699,0.799451,0.630772,0.241922,0.807178,occipital parietal temporal frontal,0
4621,0.504419,0.275737,0.441971,0.594132,0.792030,0.239676,0.624917,2.104587,temporal frontal parietal occipital,1
4622,0.521872,0.285278,0.457264,0.614690,0.646539,0.819435,0.247969,0.636868,occipital parietal temporal frontal,0
4623,0.514784,0.281403,0.451053,0.606341,0.637757,0.244601,0.808305,2.104587,temporal frontal parietal occipital,1
4624,0.548197,0.299668,0.480330,0.645697,0.260477,0.860770,0.679153,0.636868,occipital parietal frontal temporal,0
4625,0.545808,0.298363,0.478237,0.642883,0.259342,0.676193,0.857019,0.807178,occipital parietal frontal temporal,0
4626,0.472485,0.258281,0.413991,0.224502,0.741888,0.585354,0.556519,0.807178,occipital temporal parietal frontal,0
4627,0.472157,0.258101,0.413703,0.224347,0.741373,0.556133,0.584948,0.849001,occipital temporal parietal frontal,0
4628,0.483426,0.264261,0.423577,0.229701,0.598908,0.759067,0.569405,0.636868,occipital parietal temporal frontal,0
4629,0.481226,0.263059,0.421650,0.228656,0.596184,0.566815,0.755613,0.849001,occipital temporal parietal frontal,0
4630,0.485150,0.265204,0.425088,0.230520,0.571437,0.761774,0.601045,0.636868,occipital parietal temporal frontal,0
4631,0.483278,0.264181,0.423448,0.229631,0.569232,0.598726,0.758835,0.807178,occipital temporal parietal frontal,0
4632,0.543316,0.297000,0.639948,0.853106,0.673106,0.476053,0.258158,1.141294,parietal frontal temporal occipital,0
4633,0.540479,0.295449,0.636606,0.848651,0.669590,0.256810,0.473567,2.104587,parietal frontal temporal occipital,0
4634,0.559249,0.305710,0.658715,0.878124,0.490014,0.692845,0.265729,0.807178,occipital parietal frontal temporal,0
4635,0.553552,0.302596,0.652004,0.869178,0.485022,0.263022,0.685787,2.104587,parietal frontal temporal occipital,0
4636,0.574781,0.314200,0.677009,0.902512,0.273109,0.712087,0.503623,0.807178,occipital parietal frontal temporal,0
4637,0.571908,0.312630,0.673625,0.898001,0.271744,0.501105,0.708528,1.141294,parietal frontal occipital temporal,0
4638,0.512213,0.279998,0.603313,0.634573,0.804269,0.448801,0.243379,1.141294,parietal temporal occipital frontal,0
4639,0.509690,0.278619,0.600342,0.631447,0.800307,0.242181,0.446590,2.104587,parietal temporal frontal occipital,0
4640,0.539964,0.295168,0.635999,0.668952,0.473116,0.847842,0.256565,0.636868,occipital parietal temporal frontal,0
4641,0.532379,0.291021,0.627065,0.659555,0.466469,0.252961,0.835932,2.104587,parietal frontal temporal occipital,0
4642,0.554429,0.303075,0.653037,0.686873,0.263438,0.870555,0.485790,0.636868,occipital parietal frontal temporal,0
4643,0.549336,0.300291,0.647038,0.680563,0.261018,0.481327,0.862558,1.141294,parietal frontal occipital temporal,0
4644,0.494504,0.270318,0.582455,0.433284,0.776462,0.612634,0.234965,0.807178,occipital parietal temporal frontal,0
4645,0.490045,0.267880,0.577202,0.429377,0.769460,0.232846,0.607109,2.104587,parietal temporal frontal occipital,0
4646,0.506501,0.276876,0.596585,0.443796,0.627497,0.795300,0.240665,0.636868,occipital parietal temporal frontal,0
4647,0.499821,0.273224,0.588717,0.437943,0.619221,0.237491,0.784811,2.104587,parietal temporal frontal occipital,0
4648,0.531262,0.290411,0.625749,0.465491,0.252430,0.834178,0.658171,0.636868,occipital parietal frontal temporal,0
4649,0.529018,0.289184,0.623107,0.463525,0.251364,0.655392,0.830655,0.807178,occipital parietal frontal temporal,0
4650,0.474113,0.259171,0.558437,0.225276,0.744445,0.587371,0.415417,0.807178,occipital parietal temporal frontal,0
4651,0.472157,0.258101,0.556133,0.224347,0.741373,0.413703,0.584948,1.141294,parietal temporal occipital frontal,0
4652,0.485130,0.265193,0.571413,0.230511,0.601020,0.761743,0.425071,0.636868,occipital parietal temporal frontal,0
4653,0.481226,0.263059,0.566815,0.228656,0.596184,0.421650,0.755613,1.141294,parietal temporal occipital frontal,0
4654,0.495637,0.270937,0.583789,0.235503,0.434277,0.778241,0.614037,0.636868,occipital parietal temporal frontal,0
4655,0.493684,0.269869,0.581488,0.234575,0.432565,0.611617,0.775174,0.807178,occipital parietal temporal frontal,0
4656,0.538364,0.294293,0.255805,0.845330,0.666970,0.471714,0.634114,1.141294,frontal temporal occipital parietal,0
4657,0.540479,0.295449,0.256810,0.848651,0.669590,0.636606,0.473567,0.849001,occipital frontal temporal parietal,0
4658,0.554003,0.302842,0.263236,0.869886,0.485417,0.686346,0.652535,0.807178,occipital frontal temporal parietal,0
4659,0.553552,0.302596,0.263022,0.869178,0.485022,0.652004,0.685787,0.849001,occipital frontal temporal parietal,0
4660,0.543069,0.296865,0.258040,0.852717,0.639656,0.672799,0.475836,0.807178,occipital frontal temporal parietal,0
4661,0.540503,0.295463,0.256822,0.848689,0.636635,0.473588,0.669621,1.141294,frontal temporal occipital parietal,0
4662,0.507809,0.277590,0.241287,0.629117,0.797353,0.444942,0.598126,1.141294,temporal frontal occipital parietal,0
4663,0.509690,0.278619,0.242181,0.631447,0.800307,0.600342,0.446590,0.849001,occipital temporal frontal parietal,0
4664,0.535072,0.292493,0.254241,0.662892,0.468829,0.840160,0.630237,0.636868,occipital temporal frontal parietal,0
4665,0.532379,0.291021,0.252961,0.659555,0.466469,0.627065,0.835932,0.849001,occipital frontal temporal parietal,0
4666,0.524865,0.286914,0.249391,0.650246,0.618215,0.824134,0.459886,0.636868,occipital temporal frontal parietal,0
4667,0.520298,0.284417,0.247221,0.644589,0.612836,0.455884,0.816963,1.141294,temporal frontal occipital parietal,0
4668,0.490398,0.268073,0.233014,0.429686,0.770015,0.607546,0.577618,0.807178,occipital temporal frontal parietal,0
4669,0.490045,0.267880,0.232846,0.429377,0.769460,0.577202,0.607109,0.849001,occipital temporal frontal parietal,0
4670,0.502194,0.274521,0.238619,0.440022,0.622161,0.788537,0.591512,0.636868,occipital temporal frontal parietal,0
4671,0.499821,0.273224,0.237491,0.437943,0.619221,0.588717,0.784811,0.849001,occipital temporal frontal parietal,0
4672,0.504056,0.275539,0.239503,0.441653,0.593705,0.791460,0.624467,0.636868,occipital temporal frontal parietal,0
4673,0.502036,0.274434,0.238543,0.439883,0.591325,0.621964,0.788288,0.807178,occipital temporal frontal parietal,0
4674,0.506652,0.276958,0.240737,0.596763,0.795537,0.627684,0.443928,0.807178,occipital temporal frontal parietal,0
4675,0.504419,0.275737,0.239676,0.594132,0.792030,0.441971,0.624917,1.141294,temporal occipital frontal parietal,0
4676,0.519254,0.283847,0.246725,0.611606,0.643295,0.815323,0.454969,0.636868,occipital temporal frontal parietal,0
4677,0.514784,0.281403,0.244601,0.606341,0.637757,0.451053,0.808305,1.141294,temporal frontal occipital parietal,0
4678,0.531309,0.290437,0.252453,0.625805,0.465532,0.834252,0.658230,0.636868,occipital temporal frontal parietal,0
4679,0.529065,0.289210,0.251387,0.623162,0.463566,0.655450,0.830729,0.807178,occipital frontal temporal parietal,0
4680,0.544634,0.477208,0.855176,0.674739,0.297721,0.641500,0.258784,0.849001,parietal temporal occipital frontal,0
4681,0.539658,0.472847,0.847361,0.668573,0.295000,0.256420,0.635639,2.104587,parietal temporal frontal occipital,0
4682,0.518846,0.454612,0.814683,0.642790,0.611126,0.283624,0.246531,1.829346,temporal parietal frontal occipital,0
4683,0.518383,0.454206,0.813956,0.642216,0.610580,0.246311,0.283371,2.104587,temporal parietal frontal occipital,0
4684,0.542685,0.475500,0.852114,0.672323,0.257858,0.296655,0.639204,1.829346,parietal temporal frontal occipital,0
4685,0.547201,0.479457,0.859206,0.677919,0.260004,0.644524,0.299124,0.849001,parietal temporal occipital frontal,0
4686,0.483180,0.423362,0.758681,0.264127,0.598604,0.569116,0.229584,0.849001,temporal parietal occipital frontal,0
4687,0.479259,0.419926,0.752525,0.261984,0.593747,0.227721,0.564498,2.104587,temporal parietal frontal occipital,0
4688,0.485249,0.425175,0.761930,0.265258,0.571553,0.601167,0.230567,0.807178,temporal parietal occipital frontal,0
4689,0.480954,0.421411,0.755186,0.262910,0.566494,0.228527,0.595846,2.104587,temporal parietal frontal occipital,0
4690,0.506038,0.443390,0.794573,0.276623,0.240445,0.626923,0.596040,0.807178,parietal occipital temporal frontal,0
4691,0.505662,0.443060,0.793982,0.276417,0.240267,0.595597,0.626457,0.849001,parietal temporal occipital frontal,0
4692,0.513362,0.449807,0.806073,0.604667,0.635996,0.280626,0.243925,1.829346,temporal parietal frontal occipital,0
4693,0.512909,0.449410,0.805361,0.604132,0.635435,0.243710,0.280378,2.104587,temporal parietal frontal occipital,0
4694,0.541167,0.474170,0.849731,0.637416,0.295825,0.670443,0.257137,0.807178,parietal occipital temporal frontal,0
4695,0.535830,0.469494,0.841352,0.631131,0.292908,0.254601,0.663832,2.104587,parietal temporal frontal occipital,0
4696,0.543701,0.476390,0.853710,0.640401,0.258341,0.673583,0.297211,0.807178,parietal occipital temporal frontal,0
4697,0.538815,0.472109,0.846038,0.634646,0.256019,0.294539,0.667529,1.829346,parietal temporal frontal occipital,0
4698,0.476115,0.417171,0.747587,0.226227,0.589851,0.260265,0.560794,1.829346,temporal parietal frontal occipital,0
4699,0.479588,0.420214,0.753040,0.227877,0.594153,0.564885,0.262163,0.849001,temporal parietal occipital frontal,0
4700,0.499937,0.438044,0.784993,0.237546,0.273287,0.619364,0.588853,0.807178,parietal occipital temporal frontal,0
4701,0.499570,0.437722,0.784416,0.237372,0.273086,0.588421,0.618909,0.849001,parietal temporal occipital frontal,0
4702,0.481626,0.422000,0.756240,0.228846,0.567285,0.596678,0.263277,0.807178,temporal parietal occipital frontal,0
4703,0.477787,0.418637,0.750213,0.227022,0.562764,0.261179,0.591923,1.829346,temporal parietal frontal occipital,0
4704,0.564261,0.494405,0.699054,0.885993,0.308450,0.664618,0.268110,0.849001,temporal parietal occipital frontal,0
4705,0.558921,0.489726,0.692438,0.877608,0.305530,0.265573,0.658328,2.104587,temporal parietal frontal occipital,0
4706,0.536628,0.470193,0.664820,0.842604,0.632070,0.293344,0.254980,1.829346,temporal parietal frontal occipital,0
4707,0.536132,0.469758,0.664206,0.841826,0.631486,0.254745,0.293073,2.104587,temporal parietal frontal occipital,0
4708,0.562169,0.492571,0.696462,0.882708,0.267116,0.307306,0.662153,1.829346,temporal parietal frontal occipital,0
4709,0.567017,0.496819,0.702468,0.890320,0.269420,0.667864,0.309956,0.849001,temporal parietal occipital frontal,0
4710,0.472251,0.413785,0.585064,0.258153,0.741520,0.556243,0.224391,0.849001,temporal occipital parietal frontal,0
4711,0.468504,0.410503,0.580422,0.256105,0.735637,0.222611,0.551830,2.104587,temporal parietal frontal occipital,0
4712,0.485249,0.425175,0.601167,0.265258,0.571553,0.761930,0.230567,0.636868,occipital temporal parietal frontal,0
4713,0.479114,0.419799,0.593567,0.261905,0.564327,0.227652,0.752297,2.104587,temporal parietal frontal occipital,0
4714,0.506038,0.443390,0.626923,0.276623,0.240445,0.794573,0.596040,0.636868,occipital temporal parietal frontal,0
4715,0.503629,0.441279,0.623938,0.275306,0.239301,0.593202,0.790790,0.849001,temporal occipital parietal frontal,0
4716,0.501042,0.439012,0.620733,0.590155,0.786728,0.273891,0.238071,1.829346,temporal parietal frontal occipital,0
4717,0.500610,0.438634,0.620198,0.589646,0.786049,0.237866,0.273655,2.104587,temporal parietal frontal occipital,0
4718,0.541167,0.474170,0.670443,0.637416,0.295825,0.849731,0.257137,0.636868,occipital temporal parietal frontal,0
4719,0.533548,0.467494,0.661004,0.628443,0.291661,0.253517,0.837768,2.104587,temporal parietal frontal occipital,0
4720,0.543701,0.476390,0.673583,0.640401,0.258341,0.853710,0.297211,0.636868,occipital temporal parietal frontal,0
4721,0.536507,0.470087,0.664670,0.631927,0.254923,0.293278,0.842414,1.829346,temporal parietal frontal occipital,0
4722,0.465499,0.407869,0.576699,0.221183,0.730918,0.254462,0.548290,1.829346,temporal parietal frontal occipital,0
4723,0.468818,0.410778,0.580811,0.222760,0.736130,0.552200,0.256276,0.849001,temporal occipital parietal frontal,0
4724,0.499937,0.438044,0.619364,0.237546,0.273287,0.784993,0.588853,0.636868,occipital temporal parietal frontal,0
4725,0.497585,0.435984,0.616450,0.236429,0.272002,0.586083,0.781300,0.849001,temporal occipital parietal frontal,0
4726,0.481626,0.422000,0.596678,0.228846,0.567285,0.756240,0.263277,0.636868,occipital temporal parietal frontal,0
4727,0.475972,0.417046,0.589674,0.226159,0.560626,0.260187,0.747363,1.829346,temporal parietal frontal occipital,0
4728,0.534099,0.467977,0.291962,0.838633,0.661687,0.629091,0.253778,0.849001,temporal occipital frontal parietal,0
4729,0.529312,0.463783,0.289345,0.831117,0.655756,0.251504,0.623453,2.104587,temporal frontal parietal occipital,1
4730,0.536628,0.470193,0.293344,0.842604,0.632070,0.664820,0.254980,0.807178,temporal occipital frontal parietal,0
4731,0.531380,0.465595,0.290475,0.834364,0.625889,0.252487,0.658318,2.104587,temporal frontal parietal occipital,1
4732,0.562169,0.492571,0.307306,0.882708,0.267116,0.696462,0.662153,0.807178,temporal occipital frontal parietal,0
4733,0.561704,0.492165,0.307052,0.881978,0.266895,0.661606,0.695886,0.849001,temporal occipital frontal parietal,0
4734,0.504013,0.441616,0.275515,0.624414,0.791393,0.593654,0.239483,0.849001,temporal occipital frontal parietal,0
4735,0.499748,0.437879,0.273184,0.619130,0.784696,0.237457,0.588631,2.104587,temporal frontal parietal occipital,1
4736,0.518846,0.454612,0.283624,0.642790,0.611126,0.814683,0.246531,0.636868,occipital temporal frontal parietal,0
4737,0.511839,0.448473,0.279793,0.634109,0.602872,0.243202,0.803681,2.104587,temporal frontal parietal occipital,1
4738,0.542685,0.475500,0.296655,0.672323,0.257858,0.852114,0.639204,0.636868,occipital temporal frontal parietal,0
4739,0.539915,0.473073,0.295141,0.668892,0.256542,0.635941,0.847765,0.849001,temporal occipital frontal parietal,0
4740,0.501042,0.439012,0.273891,0.590155,0.786728,0.620733,0.238071,0.807178,temporal occipital frontal parietal,0
4741,0.496464,0.435001,0.271389,0.584763,0.779540,0.235896,0.615062,2.104587,temporal frontal parietal occipital,1
4742,0.513362,0.449807,0.280626,0.604667,0.635996,0.806073,0.243925,0.636868,occipital temporal frontal parietal,0
4743,0.506501,0.443796,0.276876,0.596585,0.627497,0.240665,0.795300,2.104587,temporal frontal parietal occipital,1
4744,0.538815,0.472109,0.294539,0.634646,0.256019,0.846038,0.667529,0.636868,occipital temporal frontal parietal,0
4745,0.536507,0.470087,0.293278,0.631927,0.254923,0.664670,0.842414,0.807178,temporal occipital frontal parietal,0
4746,0.465499,0.407869,0.254462,0.221183,0.730918,0.576699,0.548290,0.807178,temporal occipital frontal parietal,0
4747,0.465180,0.407590,0.254288,0.221032,0.730418,0.547915,0.576304,0.849001,temporal occipital frontal parietal,0
4748,0.476115,0.417171,0.260265,0.226227,0.589851,0.747587,0.560794,0.636868,occipital temporal parietal frontal,0
4749,0.473981,0.415302,0.259099,0.225213,0.587208,0.558281,0.744237,0.849001,temporal occipital frontal parietal,0
4750,0.477787,0.418637,0.261179,0.227022,0.562764,0.750213,0.591923,0.636868,occipital temporal parietal frontal,0
4751,0.475972,0.417046,0.260187,0.226159,0.560626,0.589674,0.747363,0.807178,temporal occipital frontal parietal,0
4752,0.534099,0.467977,0.629091,0.838633,0.661687,0.291962,0.253778,1.829346,temporal parietal frontal occipital,0
4753,0.533608,0.467547,0.628513,0.837862,0.661078,0.253545,0.291693,2.104587,temporal parietal frontal occipital,0
4754,0.564261,0.494405,0.664618,0.885993,0.308450,0.699054,0.268110,0.807178,temporal occipital parietal frontal,0
4755,0.558462,0.489324,0.657787,0.876887,0.305280,0.265355,0.691870,2.104587,temporal parietal frontal occipital,0
4756,0.567017,0.496819,0.667864,0.890320,0.269420,0.702468,0.309956,0.807178,temporal occipital parietal frontal,0
4757,0.561704,0.492165,0.661606,0.881978,0.266895,0.307052,0.695886,1.829346,temporal parietal frontal occipital,0
4758,0.504013,0.441616,0.593654,0.624414,0.791393,0.275515,0.239483,1.829346,temporal parietal frontal occipital,0
4759,0.503576,0.441232,0.593139,0.623872,0.790706,0.239275,0.275276,2.104587,temporal parietal frontal occipital,0
4760,0.544634,0.477208,0.641500,0.674739,0.297721,0.855176,0.258784,0.636868,occipital temporal parietal frontal,0
4761,0.536918,0.470447,0.632412,0.665180,0.293503,0.255118,0.843060,2.104587,temporal parietal frontal occipital,0
4762,0.547201,0.479457,0.644524,0.677919,0.260004,0.859206,0.299124,0.636868,occipital temporal parietal frontal,0
4763,0.539915,0.473073,0.635941,0.668892,0.256542,0.295141,0.847765,1.829346,temporal parietal frontal occipital,0
4764,0.472251,0.413785,0.556243,0.258153,0.741520,0.585064,0.224391,0.807178,temporal occipital parietal frontal,0
4765,0.468182,0.410220,0.551450,0.255928,0.735131,0.222458,0.580023,2.104587,temporal parietal frontal occipital,0
4766,0.483180,0.423362,0.569116,0.264127,0.598604,0.758681,0.229584,0.636868,occipital temporal parietal frontal,0
4767,0.477098,0.418032,0.561952,0.260802,0.591069,0.226694,0.749131,2.104587,temporal parietal frontal occipital,0
4768,0.505662,0.443060,0.595597,0.276417,0.240267,0.793982,0.626457,0.636868,occipital temporal parietal frontal,0
4769,0.503629,0.441279,0.593202,0.275306,0.239301,0.623938,0.790790,0.807178,temporal occipital parietal frontal,0
4770,0.468818,0.410778,0.552200,0.222760,0.736130,0.580811,0.256276,0.807178,temporal occipital parietal frontal,0
4771,0.465180,0.407590,0.547915,0.221032,0.730418,0.254288,0.576304,1.829346,temporal parietal frontal occipital,0
4772,0.479588,0.420214,0.564885,0.227877,0.594153,0.753040,0.262163,0.636868,occipital temporal parietal frontal,0
4773,0.473981,0.415302,0.558281,0.225213,0.587208,0.259099,0.744237,1.829346,temporal parietal frontal occipital,0
4774,0.499570,0.437722,0.588421,0.237372,0.273086,0.784416,0.618909,0.636868,occipital temporal parietal frontal,0
4775,0.497585,0.435984,0.586083,0.236429,0.272002,0.616450,0.781300,0.807178,temporal occipital parietal frontal,0
4776,0.529312,0.463783,0.251504,0.831117,0.655756,0.289345,0.623453,1.829346,temporal frontal parietal occipital,1
4777,0.533608,0.467547,0.253545,0.837862,0.661078,0.628513,0.291693,0.849001,temporal occipital frontal parietal,0
4778,0.558921,0.489726,0.265573,0.877608,0.305530,0.692438,0.658328,0.807178,temporal occipital frontal parietal,0
4779,0.558462,0.489324,0.265355,0.876887,0.305280,0.657787,0.691870,0.849001,temporal occipital frontal parietal,0
4780,0.536132,0.469758,0.254745,0.841826,0.631486,0.664206,0.293073,0.807178,temporal occipital frontal parietal,0
4781,0.531380,0.465595,0.252487,0.834364,0.625889,0.290475,0.658318,1.829346,temporal frontal parietal occipital,1
4782,0.499748,0.437879,0.237457,0.619130,0.784696,0.273184,0.588631,1.829346,temporal frontal parietal occipital,1
4783,0.503576,0.441232,0.239275,0.623872,0.790706,0.593139,0.275276,0.849001,temporal occipital frontal parietal,0
4784,0.539658,0.472847,0.256420,0.668573,0.295000,0.847361,0.635639,0.636868,occipital temporal frontal parietal,0
4785,0.536918,0.470447,0.255118,0.665180,0.293503,0.632412,0.843060,0.849001,temporal occipital frontal parietal,0
4786,0.518383,0.454206,0.246311,0.642216,0.610580,0.813956,0.283371,0.636868,occipital temporal frontal parietal,0
4787,0.511839,0.448473,0.243202,0.634109,0.602872,0.279793,0.803681,1.829346,temporal frontal parietal occipital,1
4788,0.468504,0.410503,0.222611,0.256105,0.735637,0.580422,0.551830,0.807178,temporal occipital frontal parietal,0
4789,0.468182,0.410220,0.222458,0.255928,0.735131,0.551450,0.580023,0.849001,temporal occipital frontal parietal,0
4790,0.479259,0.419926,0.227721,0.261984,0.593747,0.752525,0.564498,0.636868,occipital temporal frontal parietal,0
4791,0.477098,0.418032,0.226694,0.260802,0.591069,0.561952,0.749131,0.849001,temporal occipital frontal parietal,0
4792,0.480954,0.421411,0.228527,0.262910,0.566494,0.755186,0.595846,0.636868,occipital temporal frontal parietal,0
4793,0.479114,0.419799,0.227652,0.261905,0.564327,0.593567,0.752297,0.807178,temporal occipital frontal parietal,0
4794,0.500610,0.438634,0.237866,0.589646,0.786049,0.620198,0.273655,0.807178,temporal occipital frontal parietal,0
4795,0.496464,0.435001,0.235896,0.584763,0.779540,0.271389,0.615062,1.829346,temporal frontal occipital parietal,0
4796,0.512909,0.449410,0.243710,0.604132,0.635435,0.805361,0.280378,0.636868,occipital temporal frontal parietal,0
4797,0.506501,0.443796,0.240665,0.596585,0.627497,0.276876,0.795300,1.829346,temporal frontal parietal occipital,1
4798,0.535830,0.469494,0.254601,0.631131,0.292908,0.841352,0.663832,0.636868,occipital temporal frontal parietal,0
4799,0.533548,0.467494,0.253517,0.628443,0.291661,0.661004,0.837768,0.807178,temporal occipital frontal parietal,0
4800,0.536144,0.631500,0.841845,0.664221,0.293080,0.469769,0.254750,1.141294,temporal parietal occipital frontal,0
4801,0.533381,0.628245,0.837505,0.660797,0.291569,0.253437,0.467348,2.104587,temporal parietal frontal occipital,0
4802,0.522789,0.615770,0.820875,0.647675,0.458067,0.285779,0.248405,1.829346,temporal parietal frontal occipital,0
4803,0.522319,0.615216,0.820137,0.647093,0.457655,0.248181,0.285522,2.104587,temporal parietal frontal occipital,0
4804,0.536338,0.631728,0.842148,0.664460,0.254842,0.293185,0.469938,1.829346,temporal parietal frontal occipital,0
4805,0.538632,0.634430,0.845750,0.667302,0.255932,0.471948,0.294439,1.141294,temporal parietal occipital frontal,0
4806,0.476486,0.561232,0.748171,0.260468,0.590311,0.417497,0.226404,1.141294,temporal parietal occipital frontal,0
4807,0.474302,0.558659,0.744741,0.259274,0.587605,0.225366,0.415583,2.104587,temporal parietal frontal occipital,0
4808,0.488696,0.575614,0.767343,0.267143,0.428195,0.605438,0.232205,0.807178,temporal parietal occipital frontal,0
4809,0.484341,0.570483,0.760503,0.264762,0.424379,0.230136,0.600042,2.104587,temporal parietal frontal occipital,0
4810,0.500515,0.589535,0.785901,0.273603,0.237821,0.620080,0.438551,0.807178,temporal parietal occipital frontal,0
4811,0.498335,0.586967,0.782478,0.272412,0.236785,0.436641,0.617380,1.141294,temporal parietal occipital frontal,0
4812,0.491360,0.578751,0.771525,0.430529,0.608738,0.268599,0.233471,1.829346,temporal parietal occipital frontal,0
4813,0.490944,0.578261,0.770873,0.430165,0.608223,0.233274,0.268372,2.104587,temporal parietal frontal occipital,0
4814,0.516773,0.608684,0.811429,0.452796,0.282491,0.640222,0.245546,0.807178,temporal parietal occipital frontal,0
4815,0.511905,0.602950,0.803784,0.448530,0.279829,0.243233,0.634191,2.104587,temporal parietal frontal occipital,0
4816,0.519084,0.611406,0.815057,0.454821,0.246644,0.643085,0.283754,0.807178,temporal parietal occipital frontal,0
4817,0.514628,0.606157,0.808060,0.450916,0.244527,0.281318,0.637564,1.829346,temporal parietal frontal occipital,0
4818,0.471222,0.555031,0.739905,0.223902,0.583790,0.257590,0.412884,1.829346,temporal parietal occipital frontal,0
4819,0.472992,0.557116,0.742684,0.224743,0.585982,0.414435,0.258558,1.141294,temporal parietal occipital frontal,0
4820,0.494546,0.582503,0.776527,0.234985,0.270340,0.612685,0.433320,0.807178,temporal parietal occipital frontal,0
4821,0.492417,0.579996,0.773185,0.233973,0.269177,0.431455,0.610048,1.141294,temporal parietal occipital frontal,0
4822,0.485022,0.571285,0.761573,0.230459,0.424975,0.600885,0.265134,0.807178,temporal parietal occipital frontal,0
4823,0.481129,0.566700,0.755461,0.228610,0.421565,0.263006,0.596063,1.829346,temporal parietal occipital frontal,0
4824,0.555153,0.653890,0.687770,0.871692,0.303471,0.486425,0.263782,1.141294,temporal parietal occipital frontal,0
4825,0.552191,0.650401,0.684100,0.867041,0.301851,0.262375,0.483829,2.104587,temporal parietal frontal occipital,0
4826,0.540847,0.637040,0.670047,0.849229,0.473890,0.295651,0.256985,1.829346,temporal parietal frontal occipital,0
4827,0.540344,0.636447,0.669423,0.848439,0.473449,0.256746,0.295375,2.104587,temporal parietal frontal occipital,0
4828,0.555360,0.654134,0.688027,0.872018,0.263881,0.303584,0.486606,1.829346,temporal parietal frontal occipital,0
4829,0.557821,0.657032,0.691075,0.875880,0.265050,0.488762,0.304929,1.141294,temporal parietal occipital frontal,0
4830,0.465854,0.548709,0.577139,0.254656,0.731476,0.408181,0.221352,1.141294,temporal parietal occipital frontal,0
4831,0.463766,0.546249,0.574553,0.253515,0.728198,0.220360,0.406351,2.104587,temporal parietal frontal occipital,0
4832,0.488696,0.575614,0.605438,0.267143,0.428195,0.767343,0.232205,0.636868,temporal occipital parietal frontal,0
4833,0.482475,0.568286,0.597731,0.263742,0.422744,0.229249,0.757574,2.104587,temporal parietal frontal occipital,0
4834,0.500515,0.589535,0.620080,0.273603,0.237821,0.785901,0.438551,0.636868,temporal occipital parietal frontal,0
4835,0.496361,0.584641,0.614933,0.271332,0.235847,0.434911,0.779377,1.141294,temporal parietal occipital frontal,0
4836,0.480062,0.565443,0.594741,0.420629,0.753784,0.262422,0.228102,1.829346,temporal parietal frontal occipital,0
4837,0.479665,0.564976,0.594249,0.420282,0.753162,0.227914,0.262206,2.104587,temporal parietal frontal occipital,0
4838,0.516773,0.608684,0.640222,0.452796,0.282491,0.811429,0.245546,0.636868,temporal occipital parietal frontal,0
4839,0.509821,0.600496,0.631610,0.446705,0.278691,0.242243,0.800513,2.104587,temporal parietal frontal occipital,0
4840,0.519084,0.611406,0.643085,0.454821,0.246644,0.815057,0.283754,0.636868,temporal occipital parietal frontal,0
4841,0.512522,0.603677,0.634956,0.449071,0.243526,0.280167,0.804754,1.829346,temporal parietal frontal occipital,0
4842,0.460821,0.542780,0.570904,0.218960,0.723573,0.251905,0.403771,1.829346,temporal parietal frontal occipital,0
4843,0.462513,0.544774,0.573001,0.219764,0.726231,0.405254,0.252830,1.141294,temporal parietal occipital frontal,0
4844,0.494546,0.582503,0.612685,0.234985,0.270340,0.776527,0.433320,0.636868,temporal occipital parietal frontal,0
4845,0.490489,0.577725,0.607659,0.233057,0.268123,0.429766,0.770158,1.141294,temporal parietal occipital frontal,0
4846,0.485022,0.571285,0.600885,0.230459,0.424975,0.761573,0.265134,0.636868,temporal occipital parietal frontal,0
4847,0.479288,0.564532,0.593782,0.227735,0.419952,0.262000,0.752570,1.829346,temporal parietal frontal occipital,0
4848,0.525932,0.619471,0.287497,0.825809,0.651568,0.460821,0.249898,1.141294,temporal occipital frontal parietal,0
4849,0.523272,0.616339,0.286043,0.821633,0.648274,0.248634,0.458490,2.104587,temporal frontal parietal occipital,1
4850,0.540847,0.637040,0.295651,0.849229,0.473890,0.670047,0.256985,0.807178,temporal occipital frontal parietal,0
4851,0.535517,0.630762,0.292737,0.840860,0.469219,0.254452,0.663443,2.104587,temporal frontal parietal occipital,1
4852,0.555360,0.654134,0.303584,0.872018,0.263881,0.688027,0.486606,0.807178,temporal occipital frontal parietal,0
4853,0.552678,0.650975,0.302118,0.867806,0.262606,0.484256,0.684704,1.141294,temporal occipital frontal parietal,0
4854,0.496734,0.585080,0.271536,0.615395,0.779963,0.435237,0.236024,1.141294,temporal occipital frontal parietal,0
4855,0.494361,0.582285,0.270239,0.612455,0.776237,0.234897,0.433158,2.104587,temporal frontal parietal occipital,1
4856,0.522789,0.615770,0.285779,0.647675,0.458067,0.820875,0.248405,0.636868,temporal occipital frontal parietal,0
4857,0.515676,0.607392,0.281891,0.638863,0.451835,0.245025,0.809706,2.104587,temporal frontal parietal occipital,1
4858,0.536338,0.631728,0.293185,0.664460,0.254842,0.842148,0.469938,0.636868,temporal occipital frontal parietal,0
4859,0.531570,0.626113,0.290579,0.658554,0.252577,0.465761,0.834662,1.141294,temporal occipital frontal parietal,0
4860,0.480062,0.565443,0.262422,0.420629,0.753784,0.594741,0.228102,0.807178,temporal occipital frontal parietal,0
4861,0.475857,0.560491,0.260124,0.416946,0.747183,0.226105,0.589532,2.104587,temporal frontal parietal occipital,1
4862,0.491360,0.578751,0.268599,0.430529,0.608738,0.771525,0.233471,0.636868,temporal occipital parietal frontal,0
4863,0.485071,0.571343,0.265161,0.425019,0.600947,0.230483,0.761650,2.104587,temporal frontal parietal occipital,1
4864,0.514628,0.606157,0.281318,0.450916,0.244527,0.808060,0.637564,0.636868,temporal occipital parietal frontal,0
4865,0.512522,0.603677,0.280167,0.449071,0.243526,0.634956,0.804754,0.807178,temporal occipital frontal parietal,0
4866,0.460821,0.542780,0.251905,0.218960,0.723573,0.570904,0.403771,0.807178,temporal occipital parietal frontal,0
4867,0.458973,0.540603,0.250894,0.218082,0.720671,0.402151,0.568614,1.141294,temporal occipital frontal parietal,0
4868,0.471222,0.555031,0.257590,0.223902,0.583790,0.739905,0.412884,0.636868,temporal occipital parietal frontal,0
4869,0.467538,0.550692,0.255577,0.222152,0.579225,0.409656,0.734120,1.141294,temporal occipital frontal parietal,0
4870,0.481129,0.566700,0.263006,0.228610,0.421565,0.755461,0.596063,0.636868,temporal occipital parietal frontal,0
4871,0.479288,0.564532,0.262000,0.227735,0.419952,0.593782,0.752570,0.807178,temporal occipital frontal parietal,0
4872,0.525932,0.619471,0.460821,0.825809,0.651568,0.287497,0.249898,1.829346,temporal parietal frontal occipital,0
4873,0.525456,0.618911,0.460404,0.825062,0.650979,0.249672,0.287237,2.104587,temporal parietal frontal occipital,0
4874,0.555153,0.653890,0.486425,0.871692,0.303471,0.687770,0.263782,0.807178,temporal occipital parietal frontal,0
4875,0.549539,0.647277,0.481505,0.862877,0.300402,0.261115,0.680815,2.104587,temporal frontal parietal occipital,1
4876,0.557821,0.657032,0.488762,0.875880,0.265050,0.691075,0.304929,0.807178,temporal occipital parietal frontal,0
4877,0.552678,0.650975,0.484256,0.867806,0.262606,0.302118,0.684704,1.829346,temporal frontal parietal occipital,1
4878,0.496734,0.585080,0.435237,0.615395,0.779963,0.271536,0.236024,1.829346,temporal parietal frontal occipital,0
4879,0.496309,0.584580,0.434865,0.614869,0.779296,0.235822,0.271304,2.104587,temporal parietal frontal occipital,0
4880,0.536144,0.631500,0.469769,0.664221,0.293080,0.841845,0.254750,0.636868,temporal occipital parietal frontal,0
4881,0.528665,0.622691,0.463216,0.654955,0.288991,0.251197,0.830101,2.104587,temporal parietal frontal occipital,0
4882,0.538632,0.634430,0.471948,0.667302,0.255932,0.845750,0.294439,0.636868,temporal occipital parietal frontal,0
4883,0.531570,0.626113,0.465761,0.658554,0.252577,0.290579,0.834662,1.829346,temporal parietal frontal occipital,0
4884,0.465854,0.548709,0.408181,0.254656,0.731476,0.577139,0.221352,0.807178,temporal occipital parietal frontal,0
4885,0.461894,0.544044,0.404711,0.252491,0.725258,0.219470,0.572233,2.104587,temporal parietal frontal occipital,0
4886,0.476486,0.561232,0.417497,0.260468,0.590311,0.748171,0.226404,0.636868,temporal occipital parietal frontal,0
4887,0.470570,0.554263,0.412313,0.257234,0.582982,0.223593,0.738881,2.104587,temporal parietal frontal occipital,0
4888,0.498335,0.586967,0.436641,0.272412,0.236785,0.782478,0.617380,0.636868,temporal occipital parietal frontal,0
4889,0.496361,0.584641,0.434911,0.271332,0.235847,0.614933,0.779377,0.807178,temporal occipital parietal frontal,0
4890,0.462513,0.544774,0.405254,0.219764,0.726231,0.573001,0.252830,0.807178,temporal occipital parietal frontal,0
4891,0.458973,0.540603,0.402151,0.218082,0.720671,0.250894,0.568614,1.829346,temporal parietal frontal occipital,0
4892,0.472992,0.557116,0.414435,0.224743,0.585982,0.742684,0.258558,0.636868,temporal occipital parietal frontal,0
4893,0.467538,0.550692,0.409656,0.222152,0.579225,0.255577,0.734120,1.829346,temporal parietal frontal occipital,0
4894,0.492417,0.579996,0.431455,0.233973,0.269177,0.773185,0.610048,0.636868,temporal occipital parietal frontal,0
4895,0.490489,0.577725,0.429766,0.233057,0.268123,0.607659,0.770158,0.807178,temporal occipital parietal frontal,0
4896,0.523272,0.616339,0.248634,0.821633,0.648274,0.286043,0.458490,1.829346,temporal frontal occipital parietal,0
4897,0.525456,0.618911,0.249672,0.825062,0.650979,0.460404,0.287237,1.141294,temporal occipital frontal parietal,0
4898,0.552191,0.650401,0.262375,0.867041,0.301851,0.684100,0.483829,0.807178,temporal occipital frontal parietal,0
4899,0.549539,0.647277,0.261115,0.862877,0.300402,0.481505,0.680815,1.141294,temporal occipital frontal parietal,0
4900,0.540344,0.636447,0.256746,0.848439,0.473449,0.669423,0.295375,0.807178,temporal occipital frontal parietal,0
4901,0.535517,0.630762,0.254452,0.840860,0.469219,0.292737,0.663443,1.829346,temporal frontal occipital parietal,0
4902,0.494361,0.582285,0.234897,0.612455,0.776237,0.270239,0.433158,1.829346,temporal frontal occipital parietal,0
4903,0.496309,0.584580,0.235822,0.614869,0.779296,0.434865,0.271304,1.141294,temporal occipital frontal parietal,0
4904,0.533381,0.628245,0.253437,0.660797,0.291569,0.837505,0.467348,0.636868,temporal occipital frontal parietal,0
4905,0.528665,0.622691,0.251197,0.654955,0.288991,0.463216,0.830101,1.141294,temporal occipital frontal parietal,0
4906,0.522319,0.615216,0.248181,0.647093,0.457655,0.820137,0.285522,0.636868,temporal occipital frontal parietal,0
4907,0.515676,0.607392,0.245025,0.638863,0.451835,0.281891,0.809706,1.829346,temporal frontal occipital parietal,0
4908,0.463766,0.546249,0.220360,0.253515,0.728198,0.574553,0.406351,0.807178,temporal occipital frontal parietal,0
4909,0.461894,0.544044,0.219470,0.252491,0.725258,0.404711,0.572233,1.141294,temporal occipital frontal parietal,0
4910,0.474302,0.558659,0.225366,0.259274,0.587605,0.744741,0.415583,0.636868,temporal occipital frontal parietal,0
4911,0.470570,0.554263,0.223593,0.257234,0.582982,0.412313,0.738881,1.141294,temporal occipital frontal parietal,0
4912,0.484341,0.570483,0.230136,0.264762,0.424379,0.760503,0.600042,0.636868,temporal occipital frontal parietal,0
4913,0.482475,0.568286,0.229249,0.263742,0.422744,0.597731,0.757574,0.807178,temporal occipital frontal parietal,0
4914,0.479665,0.564976,0.227914,0.420282,0.753162,0.594249,0.262206,0.807178,temporal occipital frontal parietal,0
4915,0.475857,0.560491,0.226105,0.416946,0.747183,0.260124,0.589532,1.829346,temporal frontal occipital parietal,0
4916,0.490944,0.578261,0.233274,0.430165,0.608223,0.770873,0.268372,0.636868,temporal occipital frontal parietal,0
4917,0.485071,0.571343,0.230483,0.425019,0.600947,0.265161,0.761650,1.829346,temporal frontal occipital parietal,0
4918,0.511905,0.602950,0.243233,0.448530,0.279829,0.803784,0.634191,0.636868,temporal occipital frontal parietal,0
4919,0.509821,0.600496,0.242243,0.446705,0.278691,0.631610,0.800513,0.807178,temporal occipital frontal parietal,0
4920,0.551155,0.261883,0.865414,0.682817,0.301285,0.482921,0.649181,1.141294,parietal occipital frontal temporal,0
4921,0.553372,0.262936,0.868895,0.685564,0.302497,0.651792,0.484864,0.849001,parietal occipital frontal temporal,0
4922,0.537052,0.255181,0.843269,0.665345,0.470564,0.293576,0.632569,1.829346,parietal frontal temporal occipital,0
4923,0.541475,0.257283,0.850214,0.670824,0.474439,0.637779,0.295994,0.849001,parietal occipital frontal temporal,0
4924,0.526770,0.250296,0.827125,0.652607,0.620459,0.287955,0.461555,1.829346,parietal frontal temporal occipital,0
4925,0.528983,0.251347,0.830600,0.655348,0.623065,0.463494,0.289165,1.141294,parietal occipital frontal temporal,0
4926,0.488305,0.232020,0.766729,0.266929,0.604954,0.427853,0.575153,1.141294,parietal occipital temporal frontal,0
4927,0.490045,0.232846,0.769460,0.267880,0.607109,0.577202,0.429377,0.849001,parietal occipital temporal frontal,0
4928,0.501137,0.238117,0.786877,0.273943,0.439096,0.620851,0.590267,0.807178,parietal occipital temporal frontal,0
4929,0.500768,0.237941,0.786297,0.273742,0.438772,0.589832,0.620393,0.849001,parietal occipital temporal frontal,0
4930,0.492173,0.233857,0.772802,0.269043,0.579708,0.609745,0.431241,0.807178,parietal occipital temporal frontal,0
4931,0.490065,0.232856,0.769492,0.267891,0.577226,0.429394,0.607134,1.141294,parietal occipital temporal frontal,0
4932,0.503938,0.239448,0.791275,0.441550,0.624321,0.275475,0.593566,1.829346,parietal frontal temporal occipital,0
4933,0.507831,0.241297,0.797387,0.444961,0.629143,0.598151,0.277602,0.849001,parietal occipital temporal frontal,0
4934,0.530705,0.252166,0.833304,0.465003,0.290106,0.657482,0.625093,0.807178,parietal occipital frontal temporal,0
4935,0.530291,0.251969,0.832654,0.464640,0.289880,0.624606,0.656969,0.849001,parietal occipital frontal temporal,0
4936,0.510116,0.242383,0.800976,0.446963,0.600843,0.631975,0.278852,0.807178,parietal occipital temporal frontal,0
4937,0.505813,0.240338,0.794218,0.443192,0.595774,0.276499,0.626643,1.829346,parietal frontal temporal occipital,0
4938,0.521118,0.247611,0.818251,0.613802,0.645605,0.284866,0.456603,1.829346,parietal frontal temporal occipital,0
4939,0.523284,0.248640,0.821651,0.616352,0.648288,0.458501,0.286050,1.141294,parietal occipital frontal temporal,0
4940,0.549793,0.261235,0.863275,0.647576,0.300541,0.681129,0.481728,0.807178,parietal occipital frontal temporal,0
4941,0.547164,0.259986,0.859147,0.644480,0.299103,0.479424,0.677872,1.141294,parietal occipital frontal temporal,0
4942,0.538047,0.255655,0.844833,0.633742,0.471436,0.666578,0.294120,0.807178,parietal occipital frontal temporal,0
4943,0.533261,0.253380,0.837318,0.628105,0.467243,0.291504,0.660649,1.829346,parietal frontal temporal occipital,0
4944,0.571263,0.271437,0.707729,0.896988,0.312277,0.500540,0.672865,1.141294,parietal frontal occipital temporal,0
4945,0.573645,0.272569,0.710680,0.900728,0.313579,0.675671,0.502627,0.849001,parietal occipital frontal temporal,0
4946,0.556126,0.264245,0.688976,0.873220,0.487277,0.304003,0.655036,1.829346,parietal frontal temporal occipital,0
4947,0.560870,0.266499,0.694853,0.880669,0.491434,0.660624,0.306596,0.849001,parietal occipital frontal temporal,0
4948,0.545108,0.259010,0.675326,0.855920,0.642059,0.297980,0.477623,1.829346,parietal frontal temporal occipital,0
4949,0.547478,0.260136,0.678262,0.859641,0.644850,0.479700,0.299275,1.141294,parietal frontal occipital temporal,0
4950,0.477145,0.226717,0.591128,0.260828,0.749206,0.418074,0.562008,1.141294,parietal occipital temporal frontal,0
4951,0.478806,0.227506,0.593185,0.261736,0.751813,0.563964,0.419529,0.849001,occipital parietal temporal frontal,0
4952,0.501137,0.238117,0.620851,0.273943,0.439096,0.786877,0.590267,0.636868,occipital parietal temporal frontal,0
4953,0.498774,0.236994,0.617923,0.272652,0.437025,0.587484,0.783167,0.849001,occipital parietal frontal temporal,0
4954,0.492173,0.233857,0.609745,0.269043,0.579708,0.772802,0.431241,0.636868,occipital parietal temporal frontal,0
4955,0.488155,0.231948,0.604768,0.266847,0.574976,0.427721,0.766493,1.141294,parietal occipital frontal temporal,0
4956,0.492061,0.233804,0.609606,0.431143,0.772626,0.268982,0.579577,1.829346,parietal temporal frontal occipital,0
4957,0.495771,0.235567,0.614203,0.434394,0.778452,0.583947,0.271010,0.849001,occipital parietal temporal frontal,0
4958,0.530705,0.252166,0.657482,0.465003,0.290106,0.833304,0.625093,0.636868,occipital parietal frontal temporal,0
4959,0.528055,0.250907,0.654199,0.462682,0.288658,0.621973,0.829144,0.849001,occipital parietal frontal temporal,0
4960,0.510116,0.242383,0.631975,0.446963,0.600843,0.800976,0.278852,0.636868,occipital parietal temporal frontal,0
4961,0.503778,0.239372,0.624123,0.441410,0.593378,0.275387,0.791024,1.829346,parietal frontal temporal occipital,0
4962,0.508427,0.241581,0.629883,0.598854,0.798324,0.277929,0.445483,1.829346,parietal frontal temporal occipital,0
4963,0.510488,0.242560,0.632436,0.601282,0.801560,0.447289,0.279055,1.141294,parietal occipital frontal temporal,0
4964,0.549793,0.261235,0.681129,0.647576,0.300541,0.863275,0.481728,0.636868,occipital parietal frontal temporal,0
4965,0.544784,0.258856,0.674924,0.641677,0.297803,0.477339,0.855411,1.141294,parietal frontal occipital temporal,0
4966,0.538047,0.255655,0.666578,0.633742,0.471436,0.844833,0.294120,0.636868,occipital parietal frontal temporal,0
4967,0.531001,0.252306,0.657848,0.625442,0.465262,0.290268,0.833768,1.829346,parietal frontal temporal occipital,0
4968,0.540368,0.256757,0.295389,0.848477,0.669454,0.473470,0.636476,1.141294,frontal occipital temporal parietal,0
4969,0.542499,0.257770,0.296554,0.851823,0.672094,0.638985,0.475337,0.849001,occipital frontal temporal parietal,0
4970,0.556126,0.264245,0.304003,0.873220,0.487277,0.688976,0.655036,0.807178,occipital frontal parietal temporal,0
4971,0.555672,0.264029,0.303754,0.872506,0.486879,0.654501,0.688413,0.849001,occipital frontal temporal parietal,0
4972,0.545108,0.259010,0.297980,0.855920,0.642059,0.675326,0.477623,0.807178,occipital frontal temporal parietal,0
4973,0.542524,0.257782,0.296567,0.851862,0.639015,0.475359,0.672124,1.141294,frontal occipital temporal parietal,0
4974,0.509592,0.242134,0.278565,0.631326,0.800153,0.446504,0.600226,1.141294,frontal occipital temporal parietal,0
4975,0.511487,0.243034,0.279601,0.633673,0.803128,0.602457,0.448164,0.849001,occipital frontal temporal parietal,0
4976,0.537052,0.255181,0.293576,0.665345,0.470564,0.843269,0.632569,0.636868,occipital frontal temporal parietal,0
4977,0.534339,0.253892,0.292093,0.661984,0.468187,0.629374,0.839010,0.849001,occipital frontal temporal parietal,0
4978,0.526770,0.250296,0.287955,0.652607,0.620459,0.827125,0.461555,0.636868,occipital frontal temporal parietal,0
4979,0.522170,0.248110,0.285441,0.646908,0.615041,0.457525,0.819903,1.141294,frontal occipital temporal parietal,0
4980,0.492061,0.233804,0.268982,0.431143,0.772626,0.609606,0.579577,0.807178,occipital temporal frontal parietal,0
4981,0.491705,0.233635,0.268787,0.430831,0.772067,0.579157,0.609166,0.849001,occipital temporal frontal parietal,0
4982,0.503938,0.239448,0.275475,0.441550,0.624321,0.791275,0.593566,0.636868,occipital temporal frontal parietal,0
4983,0.501549,0.238312,0.274168,0.439457,0.621361,0.590752,0.787524,0.849001,occipital frontal temporal parietal,0
4984,0.505813,0.240338,0.276499,0.443192,0.595774,0.794218,0.626643,0.636868,occipital temporal frontal parietal,0
4985,0.503778,0.239372,0.275387,0.441410,0.593378,0.624123,0.791024,0.807178,occipital frontal temporal parietal,0
4986,0.508427,0.241581,0.277929,0.598854,0.798324,0.629883,0.445483,0.807178,occipital frontal temporal parietal,0
4987,0.506178,0.240512,0.276699,0.596205,0.794793,0.443513,0.627096,1.141294,frontal occipital temporal parietal,0
4988,0.521118,0.247611,0.284866,0.613802,0.645605,0.818251,0.456603,0.636868,occipital frontal temporal parietal,0
4989,0.516616,0.245472,0.282405,0.608499,0.640028,0.452658,0.811182,1.141294,frontal occipital temporal parietal,0
4990,0.533261,0.253380,0.291504,0.628105,0.467243,0.837318,0.660649,0.636868,occipital frontal temporal parietal,0
4991,0.531001,0.252306,0.290268,0.625442,0.465262,0.657848,0.833768,0.807178,occipital frontal temporal parietal,0
4992,0.540368,0.256757,0.473470,0.848477,0.669454,0.295389,0.636476,1.829346,frontal parietal temporal occipital,0
4993,0.544846,0.258885,0.477394,0.855508,0.675001,0.641750,0.297837,0.849001,occipital parietal frontal temporal,0
4994,0.571263,0.271437,0.500540,0.896988,0.312277,0.707729,0.672865,0.807178,occipital parietal frontal temporal,0
4995,0.570784,0.271209,0.500120,0.896235,0.312015,0.672300,0.707135,0.849001,occipital parietal frontal temporal,0
4996,0.547478,0.260136,0.479700,0.859641,0.644850,0.678262,0.299275,0.807178,occipital parietal frontal temporal,0
4997,0.542524,0.257782,0.475359,0.851862,0.639015,0.296567,0.672124,1.829346,frontal parietal temporal occipital,0
4998,0.509592,0.242134,0.446504,0.631326,0.800153,0.278565,0.600226,1.829346,frontal parietal temporal occipital,0
4999,0.513573,0.244025,0.449992,0.636257,0.806403,0.604914,0.280741,0.849001,occipital parietal frontal temporal,0
5000,0.551155,0.261883,0.482921,0.682817,0.301285,0.865414,0.649181,0.636868,occipital parietal frontal temporal,0
5001,0.548298,0.260525,0.480418,0.679278,0.299724,0.645816,0.860928,0.849001,occipital parietal frontal temporal,0
5002,0.528983,0.251347,0.463494,0.655348,0.623065,0.830600,0.289165,0.636868,occipital parietal frontal temporal,0
5003,0.522170,0.248110,0.457525,0.646908,0.615041,0.285441,0.819903,1.829346,frontal parietal temporal occipital,0
5004,0.477145,0.226717,0.418074,0.260828,0.749206,0.591128,0.562008,0.807178,occipital parietal temporal frontal,0
5005,0.476811,0.226558,0.417781,0.260645,0.748680,0.561614,0.590713,0.849001,occipital parietal temporal frontal,0
5006,0.488305,0.232020,0.427853,0.266929,0.604954,0.766729,0.575153,0.636868,occipital parietal temporal frontal,0
5007,0.486062,0.230953,0.425887,0.265702,0.602174,0.572510,0.763206,0.849001,occipital parietal frontal temporal,0
5008,0.490065,0.232856,0.429394,0.267891,0.577226,0.769492,0.607134,0.636868,occipital parietal temporal frontal,0
5009,0.488155,0.231948,0.427721,0.266847,0.574976,0.604768,0.766493,0.807178,occipital parietal frontal temporal,0
5010,0.510488,0.242560,0.447289,0.601282,0.801560,0.632436,0.279055,0.807178,occipital parietal frontal temporal,0
5011,0.506178,0.240512,0.443513,0.596205,0.794793,0.276699,0.627096,1.829346,frontal parietal temporal occipital,0
5012,0.523284,0.248640,0.458501,0.616352,0.648288,0.821651,0.286050,0.636868,occipital parietal frontal temporal,0
5013,0.516616,0.245472,0.452658,0.608499,0.640028,0.282405,0.811182,1.829346,frontal parietal temporal occipital,0
5014,0.547164,0.259986,0.479424,0.644480,0.299103,0.859147,0.677872,0.636868,occipital parietal frontal temporal,0
5015,0.544784,0.258856,0.477339,0.641677,0.297803,0.674924,0.855411,0.807178,occipital parietal frontal temporal,0
5016,0.542499,0.257770,0.638985,0.851823,0.672094,0.296554,0.475337,1.829346,parietal frontal temporal occipital,0
5017,0.544846,0.258885,0.641750,0.855508,0.675001,0.477394,0.297837,1.141294,parietal frontal occipital temporal,0
5018,0.573645,0.272569,0.675671,0.900728,0.313579,0.710680,0.502627,0.807178,occipital parietal frontal temporal,0
5019,0.570784,0.271209,0.672300,0.896235,0.312015,0.500120,0.707135,1.141294,parietal frontal occipital temporal,0
5020,0.560870,0.266499,0.660624,0.880669,0.491434,0.694853,0.306596,0.807178,occipital parietal frontal temporal,0
5021,0.555672,0.264029,0.654501,0.872506,0.486879,0.303754,0.688413,1.829346,parietal frontal temporal occipital,0
5022,0.511487,0.243034,0.602457,0.633673,0.803128,0.279601,0.448164,1.829346,parietal frontal temporal occipital,0
5023,0.513573,0.244025,0.604914,0.636257,0.806403,0.449992,0.280741,1.141294,parietal occipital frontal temporal,0
5024,0.553372,0.262936,0.651792,0.685564,0.302497,0.868895,0.484864,0.636868,occipital parietal frontal temporal,0
5025,0.548298,0.260525,0.645816,0.679278,0.299724,0.480418,0.860928,1.141294,parietal frontal occipital temporal,0
5026,0.541475,0.257283,0.637779,0.670824,0.474439,0.850214,0.295994,0.636868,occipital parietal frontal temporal,0
5027,0.534339,0.253892,0.629374,0.661984,0.468187,0.292093,0.839010,1.829346,parietal frontal temporal occipital,0
5028,0.478806,0.227506,0.563964,0.261736,0.751813,0.593185,0.419529,0.807178,occipital parietal temporal frontal,0
5029,0.476811,0.226558,0.561614,0.260645,0.748680,0.417781,0.590713,1.141294,parietal occipital temporal frontal,0
5030,0.490045,0.232846,0.577202,0.267880,0.607109,0.769460,0.429377,0.636868,occipital parietal temporal frontal,0
5031,0.486062,0.230953,0.572510,0.265702,0.602174,0.425887,0.763206,1.141294,parietal occipital frontal temporal,0
5032,0.500768,0.237941,0.589832,0.273742,0.438772,0.786297,0.620393,0.636868,occipital parietal temporal frontal,0
5033,0.498774,0.236994,0.587484,0.272652,0.437025,0.617923,0.783167,0.807178,occipital parietal frontal temporal,0
5034,0.495771,0.235567,0.583947,0.434394,0.778452,0.614203,0.271010,0.807178,occipital parietal temporal frontal,0
5035,0.491705,0.233635,0.579157,0.430831,0.772067,0.268787,0.609166,1.829346,parietal frontal temporal occipital,0
5036,0.507831,0.241297,0.598151,0.444961,0.629143,0.797387,0.277602,0.636868,occipital parietal temporal frontal,0
5037,0.501549,0.238312,0.590752,0.439457,0.621361,0.274168,0.787524,1.829346,parietal frontal temporal occipital,0
5038,0.530291,0.251969,0.624606,0.464640,0.289880,0.832654,0.656969,0.636868,occipital parietal frontal temporal,0
5039,0.528055,0.250907,0.621973,0.462682,0.288658,0.654199,0.829144,0.807178,occipital parietal frontal temporal,0
