time,node_0,node_1,node_2,node_3,node_4,node_5,node_6,node_7,node_8,node_9,node_10,node_11,node_12,node_13,node_14,node_15,node_16,node_17,node_18,node_19,node_20,node_21,node_22,node_23,node_24,node_25,node_26,node_27,node_28,node_29,node_30,node_31,node_32,node_33,node_34,node_35,node_36,node_37,node_38,node_39,node_40,node_41,node_42,node_43,node_44,node_45,node_46,node_47,node_48,node_49,node_50,node_51,node_52,node_53,node_54,node_55,node_56,node_57,node_58,node_59,node_60,node_61,node_62,node_63,node_64,node_65,node_66,node_67,node_68,node_69,node_70,node_71,node_72,node_73,node_74,node_75,node_76,node_77,node_78,node_79,node_80,node_81,node_82
0,0,0,0,0,0,0,0,0,0,0,0,0,0,0,0,0,0,0,0,0,0,0,0,0,0,0,0.1,0,0,0,0,0,0,0,0,0,0,0,0,0,0,0,0,0,0,0,0,0,0,0,0,0,0,0,0,0,0,0,0,0,0,0,0,0,0,0,0,0.1,0,0,0,0,0,0,0,0,0,0,0,0,0,0,0
0.4,6.628349978775789e-07,5.901439572218094e-08,2.48713192424537e-09,1.058631173431143e-07,2.307348224405227e-07,6.747413947926644e-07,7.892423097805873e-07,5.675580421264057e-07,7.756990693393809e-07,1.899347318101308e-06,2.558436827405058e-07,1.682233942692627e-07,1.573151292081274e-07,3.650441579117489e-07,6.534056331307433e-07,1.138373368716968e-06,2.632269376948477e-06,2.045864615902549e-06,1.33136625880565e-05,1.479033823180747e-06,2.699537130295011e-07,1.211115816460142e-06,6.203180708635197e-06,3.494662295471583e-06,0.000183430525450166,0.0001333041124806374,0.1202029014279789,7.202425254336393e-05,0.0001411972111534903,0.0001225264527449915,7.338332221112628e-06,0.0002442548762991327,1.996855359760042e-06,0.0001006135277803248,1.375413625513009e-06,4.923767737201325e-07,1.796844490071958e-06,4.568463823350353e-07,1.489433465838922e-07,8.394647147217822e-05,5.08026736291163e-05,1.166613505448969e-06,4.51000194734031e-08,1.076887560688337e-08,4.070673703321928e-07,4.5537457968924e-07,1.594243825721475e-06,1.558575764153605e-06,1.092185167447178e-06,1.811273766145061e-06,3.962547529346231e-06,4.55786215728945e-07,4.542056234816054e-07,3.648926988743363e-07,7.549446317595117e-07,1.465652207913756e-06,2.425754296579066e-06,6.502633075892452e-06,5.105830381246384e-06,3.084831866056564e-05,3.107154127636831e-06,8.255928181876812e-07,2.59882228124256e-06,2.145196594077943e-05,7.893045647669249e-06,0.0003081637363745519,0.0001772336601364952,0.1193722208223205,0.0001734808378525475,0.0002029438969796318,0.0001540336574125547,8.721114161530126e-05,0.0004429955988931887,5.57483463792171e-06,0.0001683806404993525,2.305789696727281e-06,8.217466835282411e-07,4.359320560317761e-05,7.468400168574141e-07,1.960087127169001e-07,0.0001060859009589398,9.46238069238071e-05,4.886048737374528e-07
0.8,2.357139818959085e-06,2.245066858984312e-07,1.207836068505571e-08,4.135061479889043e-07,8.668347832210905e-07,2.457512738513029e-06,2.784879962873575e-06,2.103266306026996e-06,2.832016265562837e-06,6.590304052265536e-06,1.071801753645332e-06,6.302995229771395e-07,6.040693804775403e-07,1.396894525937899e-06,2.446283844847527e-06,4.200869099662075e-06,9.462005299663498e-06,7.451586644246288e-06,4.045789040872931e-05,5.604055173653819e-06,1.132624443612408e-06,4.625974917677998e-06,2.16781248796101e-05,1.263990854640388e-05,0.0004298870122937336,0.0003242301546169412,0.1436782247200959,0.0001766023495100762,0.000341038128213724,0.0002999898917975148,2.616407614835798e-05,0.0005782885932736351,7.247858312357451e-06,0.0002342676929060016,4.988951064385278e-06,1.823373058039233e-06,6.379267544649061e-06,1.677446963025965e-06,5.502367919282687e-07,0.0002031946170600745,0.0001250007056970428,4.161557458450557e-06,1.876756368393398e-07,4.509385165386832e-08,1.51253889682966e-06,1.697219056877056e-06,5.722411675932999e-06,5.491424851877502e-06,4.039734744538374e-06,6.545998087885919e-06,1.370108888418886e-05,1.912695084455235e-06,1.683682012852054e-06,1.381945462551162e-06,2.879875300249215e-06,5.433495458527414e-06,8.846382409953653e-06,2.286044922115813e-05,1.798094286065958e-05,8.642911847540452e-05,1.148658578806522e-05,3.274299055110083e-06,9.722176389895839e-06,6.136966257448608e-05,2.80830761288947e-05,0.0007172985143068931,0.0004309876241537649,0.1417449326081889,0.0004232065496018643,0.0004917558910390553,0.0003821369041261623,0.0002215867252045574,0.001033131974608057,1.994247914316102e-05,0.0003901038256086542,8.328071762743341e-06,3.025942511572507e-06,0.0001049709397868716,2.735083137276242e-06,7.226448027576644e-07,0.0002584975463978841,0.0002316421346453242,1.793868934958523e-06
1.2,5.590593931286983e-06,5.678289351521423e-07,3.666163718700375e-08,1.069141836857359e-06,2.16486439788195e-06,5.961477240813325e-06,6.563935611007304e-06,5.17944850660725e-06,6.882798995835376e-06,1.529555306419127e-05,2.918990195195893e-06,1.572819080544739e-06,1.541708541696043e-06,3.546864434298291e-06,6.092398313520257e-06,1.030054293763909e-05,2.262791552413213e-05,1.804558432067012e-05,8.667052185811414e-05,1.403615823859084e-05,3.095378220232252e-06,1.169679951299587e-05,5.051869580124605e-05,3.042462031922632e-05,0.0007551616104619569,0.0005902069388999278,0.1706403895821509,0.0003240889005791603,0.0006164552769324122,0.000549017018475898,6.213347356918556e-05,0.001025104828330449,1.751901456843208e-05,0.0004089189288723478,1.205419027433464e-05,4.494878443342462e-06,1.509476588127903e-05,4.102585285874724e-06,1.35429130584726e-06,0.0003681039536213286,0.000230120155892163,9.898204752773731e-06,5.110687537844516e-07,1.237574102260106e-07,3.740947232650893e-06,4.207919415509312e-06,1.368697593637626e-05,1.291895843172399e-05,9.921507138744897e-06,1.574944613640411e-05,3.1656758086063e-05,5.207772998595482e-06,4.15699436203425e-06,3.481217710040411e-06,7.282425917756104e-06,1.339850071437715e-05,2.1448892492552e-05,5.355550246868277e-05,4.223735764535122e-05,0.0001757711563764585,2.816008426579431e-05,8.555112551379578e-06,2.413978337612428e-05,0.0001271098173018728,6.655993758482809e-05,0.001251875415266105,0.000784362330168098,0.1673009989280596,0.0007727451538449461,0.000891344264120176,0.000707727743754113,0.0004193601728662511,0.001804820180005056,4.753309883072919e-05,0.0006775587361050843,2.003605289130749e-05,7.416684588902083e-06,0.000189278860564625,6.672347888920322e-06,1.775336228345583e-06,0.0004712581889299178,0.0004243650959050895,4.388591001858407e-06
1.6,1.10532485395857e-05,1.193843339404394e-06,8.90239378371961e-08,2.289650732172988e-06,4.493911142473378e-06,1.204003120283057e-05,1.291454926524443e-05,1.059978627447262e-05,1.3920683703075e-05,2.966795888157659e-05,6.501958853470453e-06,3.267167407524868e-06,3.269490784518679e-06,7.473062233831536e-06,1.261681640437278e-05,2.098513751050556e-05,4.500946459781591e-05,3.632939804042654e-05,0.0001586962363565418,2.908995371271283e-05,6.926752388918354e-06,2.449691114203116e-05,9.811964166846547e-05,6.092262824911793e-05,0.001178090088789669,0.0009528484129889214,0.2012039413578038,0.0005275059928695603,0.0009881915765456101,0.0008901413932039341,0.0001228378305553503,0.001612112781673054,3.524859739007449e-05,0.0006339919609793026,2.4249537188244e-05,9.220215127211353e-06,2.975464146978083e-05,8.353994270497478e-06,2.77583894678419e-06,0.000591431226428546,0.0003756430078603197,1.962035788893524e-05,1.143298820618968e-06,2.792667328614053e-07,7.69882143061028e-06,8.676260543812324e-06,2.726689515317755e-05,2.536094065457687e-05,2.023752481510842e-05,3.153590632172205e-05,6.107769637416917e-05,1.158286570897259e-05,8.544698203709485e-06,7.291359316819522e-06,1.526991923894406e-05,2.747318538156002e-05,4.323060289429901e-05,0.0001045047154793109,8.27068067502244e-05,0.0003104058883635029,5.726926564677722e-05,1.844753346383493e-05,4.97504885225715e-05,0.0002282376376085505,0.0001313513410997591,0.001940983478442821,0.001266039593981182,0.1961363861672271,0.001251555806805581,0.001432284617530084,0.001159997656426987,0.000701123181734861,0.002798384505456568,9.435387950445463e-05,0.001045353533171445,4.013417943965403e-05,1.512586276738921e-05,0.0003028734286012903,1.355353172755221e-05,3.632681516009792e-06,0.0007617822065214759,0.0006894949053892853,8.942072809365933e-06
2,1.96728350544098e-05,2.253923846124775e-06,1.891465176075632e-07,4.390000695465276e-06,8.376069353615786e-06,2.186476094476326e-05,2.290185974743933e-05,1.94768065368954e-05,2.530719220822182e-05,5.191675890885384e-05,1.284710369644002e-05,6.101479367454489e-06,6.222987063575562e-06,1.411615722431858e-05,2.346560592943473e-05,3.837437209980074e-05,8.043531498199506e-05,6.567772846222841e-05,0.0002651404777166135,5.393584143085802e-05,1.3759152721851e-05,4.592951835924775e-05,0.0001715142467538227,0.0001096084056836468,0.001720955759326563,0.001438754305323637,0.2353496385501555,0.0008031194415276079,0.001481451795236588,0.001348510439447975,0.000218330825005295,0.00237166256600177,6.375544269075042e-05,0.0009205642850589443,4.386388542801369e-05,1.69971645829217e-05,5.27654637503429e-05,1.529581023290722e-05,5.116837205881882e-06,0.0008887673948937078,0.0005734336234260127,3.500285571343606e-05,2.275895896676308e-06,5.610485741332491e-07,1.423905862343191e-05,1.606994060255446e-05,4.886239358428225e-05,4.485724578361158e-05,3.704495825027697e-05,5.676156701425633e-05,0.0001062432949074419,2.283379985927914e-05,1.579135476864817e-05,1.371410425841874e-05,2.868959787145121e-05,5.059366520068916e-05,7.824266759596198e-05,0.000183434899786793,0.0001457780474204836,0.0005049375711038528,0.0001044066563876687,3.55118509592591e-05,9.194816278080691e-05,0.000377076883765306,0.000233082484855192,0.002818941672680442,0.00191137473298155,0.2282322733893493,0.001896207388279552,0.002151819240503307,0.001775038042341928,0.001092779011506829,0.004060625150583154,0.0001684471110502403,0.00151059103448752,7.228680093226835e-05,2.772288335279749e-05,0.0004535637316106646,2.475758907897342e-05,6.686043442234775e-06,0.001151544890215174,0.001047854345611455,1.638803520744479e-05
2.4,3.268526464600128e-05,3.963433281566494e-06,3.674088523773947e-07,7.8199243565929e-06,1.453976588811357e-05,3.702577602654728e-05,3.795253690704006e-05,3.333215961018907e-05,4.288850077061187e-05,8.49668816370375e-05,2.341916274197292e-05,1.062326168928717e-05,1.102576466853022e-05,2.479904106392272e-05,4.064894368102821e-05,6.533471747570947e-05,0.0001339422231259041,0.0001105895586339196,0.0004168941807278613,9.285540687046542e-05,2.522547561348732e-05,7.999598990448001e-05,0.0002797868718049274,0.0001837507956706679,0.002409942856712933,0.002080446367602642,0.272896691934618,0.001171133528923415,0.002126647848513468,0.001954698194983653,0.0003617750338545526,0.003341615506234694,0.0001075030864636578,0.001281576653657689,7.398205415221073e-05,2.920312073650549e-05,8.729321045807838e-05,2.611447178648482e-05,8.79663638852198e-06,0.001279047740221621,0.0008382537409596583,5.827979235515634e-05,4.18957142872422e-06,1.042624992447666e-06,2.454545142858623e-05,2.773054661520229e-05,8.167879417532247e-05,7.412162724038382e-05,6.313273419973985e-05,9.524369757228274e-05,0.0001727441396098629,4.150574774320618e-05,2.721025731529584e-05,2.402312769967101e-05,5.01111684196814e-05,8.678506498007195e-05,0.0001318970550238823,0.0003003418728685446,0.0002398151241516972,0.0007777246932857325,0.0001770302682057337,6.336521590970136e-05,0.000158088564078738,0.0005893791807795864,0.0003856658293390687,0.003925983029193617,0.002763673566983256,0.2634321894520834,0.002751820778320889,0.003094998465337181,0.00259714338147106,0.001626672425767764,0.00564538248586354,0.0002804628960963964,0.002093182772552551,0.0001214025993881418,4.735670143638435e-05,0.0006509028498723018,4.217320217241586e-05,1.147855111949688e-05,0.001666872027760089,0.001525261339189345,2.80133479997765e-05
2.8,5.172446576239407e-05,6.625116292323526e-06,6.690237498346101e-07,1.321273005348895e-05,2.398973741287995e-05,5.966052474600835e-05,5.996315226331481e-05,5.422598238297352e-05,6.914381150123538e-05,0.0001326599475764756,4.027373044747862e-05,1.759600276956229e-05,1.855838262504401e-05,4.135724859829413e-05,6.692693251116105e-05,0.0001057011773717663,0.0002120959241710746,0.000177002483910062,0.0006276440577161564,0.0001515625862539379,4.36395985260698e-05,0.0001321388141960051,0.0004345763907064505,0.0002929023987609879,0.003275668356059419,0.002917474236919381,0.313487489266459,0.001656536206105082,0.002960264528089953,0.002745649268009736,0.0005702314819523986,0.004565974128289151,0.0001724336332876561,0.001732087847980043,0.0001187201823907051,4.771862194557892e-05,0.0001374680115753673,4.242227731194541e-05,1.439158283857527e-05,0.001785156891433565,0.001188390124168914,9.240773296962263e-05,7.288982447246104e-06,1.831454787866273e-06,4.024327540725894e-05,4.549748014105731e-05,0.0001299594862574084,0.0001167373019329649,0.0001022450490191784,0.0001520378643463483,0.0002678312670089688,7.114747916195468e-05,4.460754578923171e-05,3.999456897509434e-05,8.306325264277644e-05,0.0001415018418257918,0.000211352328101501,0.0004680513752953577,0.0003756748060726838,0.001151694700424888,0.0002849807049967924,0.0001070418379796142,0.0002580820029971246,0.00088513760511109,0.0006071480540240402,0.005309046380545733,0.003875691575588696,0.3014291019656659,0.00387378057519575,0.004315992050515919,0.003680319683794428,0.002342928672625428,0.007614129223888099,0.0004443726519264073,0.002816225840070604,0.0001939935305164598,7.693903956313406e-05,0.0009065439388599355,6.836143961222156e-05,1.875632933612803e-05,0.002339877646918893,0.002153584973670915,4.557354312067767e-05
3.2,7.893692368369734e-05,1.066030021140958e-05,1.16013323951886e-06,2.144998448944187e-05,3.809858457915495e-05,9.261889979181014e-05,9.14390859367547e-05,8.492338579699778e-05,0.0001073751627565086,0.0002000078745715678,6.625583977643233e-05,2.807409450768665e-05,3.005006172588634e-05,6.630889790879762e-05,0.0001060499145843939,0.0001645580544449618,0.0003233883955487652,0.0002726853479442845,0.0009144871304928703,0.0002376062468763242,7.223339352722465e-05,0.0002096781573106952,0.0006506904696516698,0.0004495062879994583,0.004353832494417787,0.003997733254196468,0.3565902179363749,0.002290135327427853,0.004025880378938082,0.003765786489191755,0.0008656206719475645,0.006095608189718756,0.0002663887241396518,0.002289599375240525,0.0001835239036993656,7.508725984212532e-05,0.0002086395501597628,6.639128812374533e-05,2.268687408069766e-05,0.0024346575016617,0.001646425772403762,0.0001412733619278994,1.214954864883161e-05,3.082348366214846e-06,6.354353321145296e-05,7.18691548431718e-05,0.0001992807798683262,0.0001774055803764984,0.0001593667860455436,0.0002337879400343657,0.0004008518706944982,0.0001166404619492432,7.044429588472444e-05,6.407861013104653e-05,0.0001323383636095223,0.0002220624408432314,0.0003259972752540768,0.0007029034297508049,0.0005673456044512784,0.001655318673663387,0.00044112402392362,0.0001734603396602966,0.0004051422615208292,0.001289574805815737,0.0009207464157802145,0.007022722883490277,0.005311397474450858,0.3417667170622644,0.005329767506645485,0.00587960316797967,0.005090029115712415,0.003291038249750269,0.01003663050279342,0.0006783552772687999,0.003706476138737481,0.0002986266055280959,0.000120380067579235,0.001234680895774645,0.0001067657290352101,2.953560289157781e-05,0.003209584811157208,0.002972026171384239,7.144275477450921e-05
3.6,0.0001171278396382191,1.665038504261996e-05,1.936136219929884e-06,3.374691897912972e-05,5.872625923100619e-05,0.0001396745935067715,0.0001356725825126013,0.0001291083109057079,0.0001619499173314763,0.0002935129401099124,0.0001052573154538171,4.350168626205227e-05,4.719997737248901e-05,0.0001030753018106929,0.0001630681750809703,0.0002485937265413499,0.0004787293601951548,0.0004077279018927716,0.001298672593056955,0.0003608734813696035,0.0001154663219913758,0.0003223654515804299,0.0009468552555484985,0.0006696464817091072,0.005686036178249474,0.005379041215395481,0.4015220930479521,0.003109834252852696,0.00537538338670846,0.0050683188290819,0.001275888578842008,0.007989119630139581,0.0003996392169363197,0.002974481718263196,0.0002755453943201793,0.000114722170401899,0.0003076958205291453,0.0001009261333480171,3.474430756202818e-05,0.003260677060464788,0.002240192213306098,0.000209957577081583,1.958019630248282e-05,5.015656030835548e-06,9.743060522665301e-05,0.0001102121120872611,0.0002969247126330101,0.0002622618013454926,0.0002410872164760724,0.0003491673771649789,0.0005837928555528742,0.0001846227999634186,0.0001080475913977364,9.962414673334242e-05,0.0002043847701001812,0.0003382023928698789,0.0004880559034109027,0.001025586274901134,0.0008327356180341978,0.002323777091818636,0.0006621484446146776,0.0002720270418355937,0.0006167287444739793,0.001834341217722136,0.001356112225199132,0.009130410392764772,0.007148042135065891,0.3838572732917115,0.007202161121515609,0.007863016016411152,0.006905197956678267,0.004531725306789289,0.0129917178805316,0.001005894335119139,0.004794958838590681,0.0004464911506619576,0.0001828908160430408,0.001652598242108799,0.0001619822728690406,4.519038448408805e-05,0.004323268851574092,0.004028672296089129,0.0001088078412006752
4,0.0001699477749754681,2.539186773841922e-05,3.133004855733928e-06,5.176484062795523e-05,8.837566125630758e-05,0.0002057953413585678,0.00019697095394357,0.0001916577465911476,0.0002386101444736877,0.0004215716831605244,0.0001625489048858629,6.584274995385189e-05,7.233714681143932e-05,0.0001562663919701354,0.0002447297507040105,0.0003665481626783466,0.0006920539377270254,0.0005951504624568255,0.001806498494227742,0.0005342172339088612,0.0001794278992616222,0.0004830828282907242,0.001346630071647821,0.0009739739477592449,0.007320815025148841,0.007131018530405273,0.4474918895770282,0.004162200380255472,0.00707041990276979,0.006716784404801145,0.001836415845421614,0.01031388663142229,0.0005855502266270564,0.003810536986396806,0.0004041193360314263,0.0001711720700127534,0.0004434611348977237,0.0001498866140575297,5.199061509256079e-05,0.004302990318339107,0.003003945798720277,0.0003050712261460267,3.070708622482461e-05,7.941811647599088e-06,0.0001459057707617117,0.0001650316192423631,0.0004323499005876729,0.0003792765303809672,0.0003560624940667642,0.0005094346708089302,0.0008319585708016624,0.0002840329126650197,0.0001618846343116591,0.0001511719153159973,0.0003078081835740432,0.0005027755201082394,0.0007133425112719864,0.001462150734387894,0.001194641739921282,0.003200350961937029,0.0009695484090875015,0.0004154108439655694,0.0009157261371348031,0.002558963410047104,0.001950864240604085,0.01170572427189165,0.009478561259832331,0.4270151366770766,0.009590847878254335,0.01035779591828448,0.009220500817556702,0.006139132383994519,0.01656821577592533,0.001457131479363854,0.006117760034416255,0.0006521092017291574,0.0002713702902965033,0.002181359191553215,0.0002401075093152164,6.756680097191592e-05,0.005738062650024894,0.005382377060695697,0.0001619190733785218
4.4,0.000242131051712964,3.796913165332721e-05,4.942590684002211e-06,7.775865357471407e-05,0.0001303948184106789,0.0002974879785266545,0.0002809488537038104,0.0002789926801662498,0.0003448667411248824,0.0005949841667074794,0.0002452072563970281,9.775174468008109e-05,0.0001086304465856622,0.0002320487883303134,0.0003599896780545564,0.0005297763040151284,0.0009810728559280747,0.0008516613620992437,0.002470394480120703,0.0007742368052281074,0.000272358512155846,0.0007087234281430627,0.001879521686498363,0.001388845510185129,0.009314933049493268,0.009337303183543257,0.493656295134496,0.005504381077250045,0.009184105236386315,0.008786853162325603,0.002591711825345337,0.01314731229022345,0.0008414139425012026,0.004825732553173778,0.000581362482844461,0.0002504632005201765,0.00062719300091643,0.0002183739020905862,7.633240040952821e-05,0.005609333706878331,0.003979814123051087,0.000435181538517839,4.708490689775238e-05,1.229431077468843e-05,0.0002143024510715409,0.0002423209403109095,0.0006177853003820659,0.0005387644083878726,0.0005156023998536342,0.0007291311309800798,0.001164814515797701,0.0004268037551770897,0.0002379177345598273,0.0002248355828228976,0.000454011679028891,0.0007326393012508278,0.001022201394326331,0.002045240281618245,0.001681938055566856,0.004338072961411098,0.001390835086487124,0.0006205334167814971,0.001331913477818861,0.003512584974884552,0.002752438231686185,0.01483419478273772,0.01241431116380454,0.4705023000648872,0.01261643584531789,0.01347213343021847,0.01214890441233632,0.008203339058363417,0.02086603400308208,0.002070527888540388,0.007717041413260241,0.0009342223112723424,0.0003948997321313932,0.002846664366104932,0.0003491834609600797,9.913180690999787e-05,0.007522857175322801,0.007105012468044284,0.0002364130124363504
4.800000000000001,0.0003398001168825681,5.585049793960352e-05,7.63324023438343e-06,0.0001147699080510603,0.0001892389968617685,0.0004232382082963828,0.0003949020898501186,0.0003995262446527507,0.0004905004906454963,0.0008275948530940458,0.0003626617420033765,0.0001427969330157117,0.0001603635216860511,0.0003386188476730356,0.0005206595009781454,0.0007529555185072581,0.001368196370079411,0.001198595178422267,0.003330224099468295,0.00110224515413944,0.0004053203481987373,0.001021294535720627,0.002582336918629079,0.001947718314227128,0.01173496347361104,0.01209810504422047,0.5391816031432901,0.007206416200845576,0.01180300375003514,0.01136839291778106,0.00359743557147472,0.01657827603785078,0.001189488992365315,0.006053136703985869,0.0008229268413030652,0.0003605376882968275,0.0008732017297736633,0.0003130976733573138,0.0001103053569677261,0.007236982073032049,0.005219558740818041,0.0006113528959765757,7.084426568022119e-05,1.86738467207729e-05,0.0003096932073910105,0.0003500109178323576,0.0008689772709311947,0.0007540282169544741,0.0007344125746347339,0.00102695494343011,0.001607034530098713,0.0006287452815578173,0.000344062676805714,0.0003287953963138764,0.0006580086722794302,0.001049767491312228,0.001440671912926894,0.002815575259184538,0.002331025850573929,0.005801668871428811,0.001961017545879497,0.000909827509664999,0.001903781707327811,0.004756040753488451,0.003820298892537058,0.01861524675493975,0.01608808581406949,0.5135794317557772,0.01642381645052271,0.01733327741434987,0.01582440408889721,0.01083320257419706,0.02599739670625166,0.002894890412389224,0.009642311836047418,0.001316894008582023,0.0005653718070232403,0.0036799159990725,0.0004997669059371657,0.0001431661485192118,0.009760514964105953,0.009284125055305903,0.0003397271259747971
5.2,0.000470853627220583,8.101465443394017e-05,1.157745514785135e-05,0.0001668787089755804,0.0002708096589628103,0.0005940697164937481,0.0005482846869686157,0.0005642344093974078,0.000688197388364613,0.001137096609107265,0.0005273919920983573,0.0002057517422665314,0.0002332933730209936,0.0004868084319395236,0.0007422322148255213,0.001054971035327639,0.001881667634001505,0.001663069964774863,0.00443483989180035,0.001545462391843125,0.0005930576234477654,0.001449292739845032,0.003500814750254226,0.002692846568546355,0.01465916039118384,0.01553306022902576,0.5833014315398622,0.009353982594150219,0.01502935377406119,0.01456776900368114,0.004922781020496272,0.02070874699572389,0.001658291736015537,0.007532081303798802,0.00114894236061872,0.0005118137931957764,0.001199621297845585,0.0004428457989392795,0.0001572675070632482,0.009254606329946064,0.0067866961540314,0.0008478309400047634,0.0001048861963820368,2.790715944172046e-05,0.0004414136281893722,0.0004985468926396541,0.001206126504699599,0.001042171638832606,0.001031530034647124,0.001426851815396723,0.002189794489817388,0.0009106606774761424,0.0004907786071045536,0.0004739351669393121,0.0009394510510358003,0.00148264040114069,0.002001925656628589,0.003823730418033697,0.003187590415197749,0.007669808017933931,0.002724402418015174,0.001312825875587612,0.002680763986486252,0.006364297063408547,0.005228553887325731,0.02316440609304983,0.02065728418226967,0.5555551709737517,0.02118591780360243,0.02209003271841111,0.02040481090714011,0.01415945948835176,0.03208811806539726,0.003991820488555045,0.01195197641599773,0.001830872976494889,0.0007982886962381866,0.00471952349347341,0.00070565430571708,0.0002040140581118849,0.01255038690725931,0.01202600050083215,0.0004816303913419057
5.600000000000001,0.0006454602597165255,0.0001161166386790966,1.728887032770159e-05,0.0002395314616480407,0.0003828915761376446,0.0008242528130331108,0.000753315921882557,0.0007873802797260658,0.0009543514852499317,0.001546035012563732,0.0007558138405937925,0.0002929737223562055,0.0003351163850313236,0.0006908575097516125,0.001044924970432229,0.001460019381187319,0.002556945130855756,0.00227940640813724,0.005843920231700129,0.002138479857336479,0.0008550938423368259,0.00202940723893491,0.004691578288801851,0.003677328699017277,0.01817959352146145,0.019784281413383,0.6253626340445714,0.01205158011602104,0.01898346667231761,0.01851029966375488,0.006653250170106447,0.02565546963622842,0.002284191154588268,0.009309568882047462,0.001585191235737978,0.0007178993873296164,0.001629364913944546,0.0006190833227564416,0.0002216487518157744,0.01174441222871935,0.008759008764454011,0.001162905104923775,0.0001531379443967719,4.11252197470817e-05,0.0006217343705509303,0.0007016264026418897,0.001655058022023461,0.001425120717242497,0.001431496895620406,0.001959368868335422,0.002952360076521509,0.001299750329394078,0.0006918243135168447,0.0006746607156522867,0.001323922447056372,0.002067970068247485,0.002748027354007769,0.005132241292169802,0.004308709090328358,0.01003765943020067,0.00373676024426241,0.00186815275434997,0.003725944001250882,0.008429272365419047,0.00706899307542632,0.02861560954067279,0.02630698417904442,0.5958271573115459,0.02710735427688451,0.02791510329082811,0.02607434192282366,0.01833795268896747,0.03927876223135128,0.005438638565868727,0.01471516526706501,0.002515266863581812,0.00111377007031972,0.006012485454000316,0.0009848013162684058,0.0002874053685866982,0.01601108012217095,0.01545909338229099,0.0006748996511768095
6,0.0008766852756053902,0.0001647051628941722,2.547151937617425e-05,0.0003399659546905028,0.0005357147476999965,0.00113219912672133,0.00102574988210123,0.001087429601809839,0.001310075135006663,0.002083055865940544,0.001069399071124098,0.0004128957782455319,0.0004760716307259384,0.0009693950225887038,0.001454989519292271,0.001998975967643216,0.00343837595692869,0.003090855062631342,0.007630106699919263,0.00292504266708209,0.001217123257848603,0.002808612773817432,0.006224440702779745,0.004967549625281389,0.02240447827753104,0.02501940911159307,0.664854690706483,0.01542612535796164,0.02380616751566608,0.02334272368299413,0.008893811378584103,0.03155157449760489,0.003113363928271877,0.01144193241814071,0.002164561968244766,0.0009964967592957208,0.002191303629238312,0.0008567134293435191,0.0003092721413504682,0.014804533338761,0.01123145802635495,0.001579991351130346,0.0002208881325809187,5.98667343839481e-05,0.0008667198442928393,0.0009771385660785851,0.002248674026003602,0.001930900859119268,0.001965824475946704,0.002663324096328378,0.003944018526022713,0.001831365891413945,0.0009652236168581319,0.0009499464462702867,0.001844554586539542,0.002852822578598107,0.003732073504992183,0.006818064260133191,0.00576534822855685,0.0130197137574605,0.005067901287730969,0.002625997392736734,0.005119300347077431,0.01106301961558787,0.009454543304721398,0.03512340825123118,0.03325252806327653,0.6339104299486834,0.03442748547245696,0.03500693962265952,0.03304562870982693,0.0235527412184303,0.04772544322231868,0.007331820150846029,0.01801382002969196,0.003419579167919237,0.001537819465850867,0.007616279797391605,0.001360483350139347,0.0004008696311026015,0.0202833623418072,0.01973770532274998,0.0009361778124329455
6.4,0.001181282687053974,0.0002315063561240794,3.708525126426481e-05,0.0004777608285228977,0.000742674178031715,0.001541585882213016,0.001385846677366228,0.001488202246428784,0.001782463623284361,0.002784444028607218,0.001496082592253019,0.0005766605935736456,0.0006697185902878551,0.001346677531406355,0.002006347966678361,0.002711078354511364,0.0045812007701011,0.004151678016422349,0.009881441786816247,0.003960199032207425,0.001712763445053245,0.003846715433976211,0.008185084570610231,0.006646051314893075,0.02746058210300334,0.03143434623654945,0.7014214959588564,0.01963085010256607,0.02966106371361165,0.0292354500221772,0.01177239384671677,0.03854790027810478,0.004204168137794334,0.01399674431491017,0.002928836325889536,0.001370544353637493,0.002921710600732822,0.001175039916051106,0.0004277660524431699,0.01855161202466345,0.01431947840491331,0.002128983795964685,0.0003152243047224294,8.621468665740778e-05,0.001197320301532689,0.001348354455285789,0.003028745140806528,0.002595222776124085,0.002674806435222285,0.003587847352813563,0.005226402432462892,0.002551183902425173,0.001334491420180009,0.001324666264184376,0.002544031606634579,0.00389720084706036,0.005020760058592001,0.008975393756083435,0.007645270283220277,0.01675277439934025,0.006804688547346854,0.003651151895483703,0.006961524204951598,0.01440119697458235,0.01252307316023973,0.04286475108148408,0.04174103305356002,0.6694515746634901,0.04342215181276155,0.04359060187501764,0.04156059048995574,0.03001870534838342,0.05759993442254838,0.009790944961763741,0.02194498449973633,0.004606159639362958,0.002103905132835664,0.009601085395243215,0.001862751663276383,0.0005542664759007677,0.02553300064130366,0.02504568582806146,0.001287056987741007
6.800000000000001,0.00158069242323399,0.0003227931042538168,5.343230680632246e-05,0.0006655431829210938,0.001021248069573718,0.00208276057826553,0.001859591551583881,0.00202031185666126,0.002406168156129504,0.003696005272574517,0.002072018768129786,0.0007989366220989395,0.0009339349898888603,0.001854143550605924,0.002742617812233237,0.003645980018209747,0.006053924798913213,0.005529626168533194,0.01270407520271375,0.005312859417498342,0.002385744793268176,0.005219409462570915,0.01067810654951766,0.008814840299598262,0.03349552119651492,0.03925519959373889,0.7348575504878403,0.02484929614291383,0.03673632446812927,0.03638424860333934,0.01544359601172725,0.04681373823267135,0.005629990014386394,0.01705495397228066,0.003930864793776006,0.001869648958233025,0.003866016305033012,0.001598978144369071,0.0005870909706631411,0.02312344588615079,0.01816257576587924,0.002847930389544242,0.0004456018384039406,0.0001229758033931607,0.001640753173285833,0.001845426740581212,0.004048098911652,0.003463435896667197,0.003609743788500943,0.004794848325485666,0.006876244649359695,0.003517872011266686,0.001830181398999967,0.001831275134256086,0.003477051324375714,0.005277144784466867,0.006697419154818239,0.0117188030179062,0.0100563409712677,0.0213989389039325,0.00905448566841383,0.005026689194066963,0.009378404635228465,0.01860666980642137,0.01644139350479449,0.052039910666436,0.0520510180278306,0.7022295289742398,0.05440306449695912,0.05391698543064791,0.05188942910174381,0.03798307457148831,0.06908867303967466,0.01296309872963729,0.02662320261481026,0.006153108844842617,0.002854917925245002,0.01205234287909974,0.002530247031274312,0.000760461922619442,0.03195321410060017,0.03159977611664545,0.001755437039618483
7.2,0.002102288909677905,0.0004468642416486595,7.62715189854662e-05,0.0009198960149212436,0.001394163511930803,0.002794483710888951,0.002480215281252235,0.002722952663083643,0.003225337043931816,0.004875343039736282,0.002843755306762685,0.001098962723050477,0.001292190200832495,0.002532349246499233,0.003719593605034691,0.004866228522572863,0.007941074139938286,0.007308839180084126,0.01622515818047742,0.007068794029243221,0.003292618664035188,0.007021886139095621,0.01383037304661493,0.01159909683945484,0.04067967487923884,0.04873875944161395,0.7650924851520214,0.0312990444517996,0.04524552761061483,0.04501090739692034,0.02009237595876725,0.05653662725724988,0.007482604033326753,0.02071320723583342,0.005237183607037341,0.002531869377427348,0.005080919509828542,0.002160569104384931,0.0008002098559659995,0.02868149826579583,0.02292806825461348,0.003785092483999569,0.0006245804345569051,0.0001739155514682683,0.002232238776267424,0.002507265639760959,0.005373262990377357,0.004592909614360482,0.00483564397061264,0.006361958979400736,0.0089885826388869,0.004806317405500728,0.002491825499169497,0.002511917129552166,0.00471331064032938,0.007088386765136935,0.008865539614705376,0.01518661577081633,0.01313017361727397,0.02714827808213775,0.01194898512311225,0.006858333959487611,0.01252569961273262,0.02387296574096361,0.02140916839367366,0.06287198019329414,0.06448910889384216,0.7321457247087334,0.06771353131289524,0.06625959535214296,0.06432682023017075,0.04772508963529799,0.08239017326063371,0.01702756587158239,0.03218286827070398,0.008157655105292056,0.003845572463982292,0.01507363438763282,0.003412438840319098,0.001036186601185446,0.03976626856754195,0.03965201026382735,0.002377217048993849
7.600000000000001,0.002780934401205965,0.0006146640297561526,0.0001079684384444789,0.001262516300384467,0.00189086796191878,0.003726072183852794,0.003290075422330992,0.003646097216274854,0.004295987833578734,0.006394575889065723,0.003870896141419938,0.001501878294300915,0.00177516013640346,0.003433356654494976,0.005008249751187744,0.006450213456305814,0.01034632802717784,0.009593167096442479,0.0205957734934589,0.009334067827312281,0.004506065420124602,0.009372999462484566,0.01779456039106583,0.01515117831244886,0.04920733583092317,0.06017063731664524,0.7921684933303104,0.03923460503004871,0.05542698752976201,0.05536223176429644,0.02593733743324655,0.06792074533229593,0.009876056119184901,0.02508626130989857,0.00693111529630562,0.003405918377358748,0.006636892698189924,0.002900858204010938,0.001083937099868875,0.0354129653278557,0.0288146811824604,0.00500144897158729,0.0008687728669092848,0.0002440646073849437,0.003017163804777013,0.003383865262547491,0.007087610368281209,0.006055898219893152,0.006434446607540497,0.00838597753262694,0.01168039205576451,0.006511470924281162,0.003370342747411569,0.003421042936789246,0.006341069780893382,0.009450561168628819,0.01165273899867776,0.019544328283852,0.01702596511978108,0.03422077299405151,0.01564827837984785,0.009279529361430451,0.01659428707302835,0.03042713951554454,0.02766226818255101,0.07560423813212816,0.07938260661468735,0.7592070621435358,0.08371897547538283,0.08090794166942576,0.07918424999080191,0.05955278773929806,0.09771032203040995,0.02220049647653856,0.03878029305277427,0.01073998026568769,0.005145315655805094,0.01878981650065855,0.004572358966985663,0.001403118747205305,0.0492235617255005,0.04949033230841705,0.003198382825193146
8,0.00366089619979135,0.0008405797492766377,0.0001516919841086756,0.001721684556040004,0.002549373975997774,0.004940006942529019,0.004342961468186419,0.004853168993013705,0.00568887018653526,0.008343524823886369,0.005229320513352002,0.00204040612650864,0.002422759943552405,0.004623645945644554,0.006698315343640514,0.008495608366094658,0.01339596976942277,0.01250986387256031,0.02599364943008038,0.01223886107675347,0.00611887086560463,0.01241992745506288,0.02275264683603051,0.01965469905766781,0.059296586910894,0.07385999110028287,0.8162148902223058,0.04894862258660806,0.06754083673647739,0.06770661898719686,0.03323302093346001,0.0811833755613884,0.01295102402054922,0.03030935101923549,0.009116369448183297,0.004553851297472118,0.008621105305666519,0.003872205139818953,0.001460007720453706,0.04353195756425608,0.03605553069520277,0.006573699268061472,0.001200060288956776,0.0003401167940747835,0.004053751195894056,0.004539157227639072,0.009295029710774136,0.007942929854589283,0.008508804301033429,0.01098680115651409,0.01509456477645288,0.008752823273140399,0.004530997606851949,0.004628621152143588,0.008471319819662971,0.01251189731899559,0.0152150768762474,0.02498777764921224,0.02193425662367988,0.04286689341716036,0.02034490470926485,0.0124571111010482,0.02181520266922463,0.03853139487813954,0.03547485960289496,0.09049458545622563,0.09706666614466947,0.7835051868974274,0.1027906854483597,0.09815662489477506,0.09677745914857362,0.07379572716731478,0.1152550533057779,0.02873900915264492,0.04659515867728482,0.01404740102206659,0.006841794118525986,0.02335027071256565,0.006089893364155857,0.001889242049823005,0.06060335676811415,0.06143630427348446,0.004277555769573805
8.4,0.004798189760431781,0.001143463840586806,0.0002116710633075471,0.002334116948253278,0.003418552359277365,0.006515061536823176,0.005706885015614625,0.006424245602239839,0.007492865950155179,0.01083336655298541,0.007015008364397951,0.00275696512190483,0.003286679282594671,0.006187614084438322,0.008902440347946922,0.01112329011941523,0.01724252427015268,0.01621352518183667,0.03262527593072349,0.01594154140242834,0.008248606288445539,0.01634315925223266,0.02891897647684665,0.02532831014076295,0.0711872632449559,0.09012966482483369,0.8374230772308554,0.06077023989744881,0.08186303006916747,0.08232734449623411,0.04227036116990662,0.09654889954036505,0.01687951648426721,0.03654028317494992,0.01192111355089971,0.006054303408254699,0.01114075852803083,0.005141091162044076,0.001956415364153444,0.0532791964415705,0.04491980057332688,0.008597800753289782,0.001647138732248065,0.000470943294454143,0.00541631345917396,0.00605446277886197,0.01212409734337997,0.0103667265932112,0.01118639906174075,0.01431176590556186,0.01940404625558255,0.01167946009977716,0.006056981722011443,0.006224017978668972,0.01124251982384382,0.01645421254045689,0.01974147783959659,0.03174558919099502,0.02808018463150451,0.05336601274746745,0.02626743981565886,0.01659734842109021,0.02846390562114981,0.04848256940584428,0.04515924747322058,0.1078062591628999,0.1178650720302165,0.8051949620515929,0.1252816039501045,0.118289380101088,0.1174082161738778,0.09079243488121924,0.1352200202289415,0.03694389481974117,0.05583090486127382,0.01825870448295968,0.009044902362408638,0.02893203468537388,0.008065674041476723,0.002530535306723896,0.07420516363919404,0.07583852301898107,0.005689064129976632
8.800000000000001,0.006263406767574649,0.001547936673930053,0.000293528077131074,0.003147280067340715,0.004560952656886359,0.00854998829095808,0.007467404279971504,0.008459825787182983,0.00981894246380122,0.01400069098802948,0.009348483891837147,0.003706297555319456,0.004433508595991405,0.008231696705520803,0.01176091329367583,0.01448164930233455,0.02206834061610251,0.02089002661619324,0.04072688332419649,0.02063273034850523,0.01104298095251035,0.02136147145310132,0.03654232410107541,0.03242858856666251,0.08513625081018772,0.1093006647694706,0.8560240641225501,0.07505915648993915,0.09867543225037619,0.09951170959612378,0.05337420512406439,0.1142398256125566,0.02186962990773889,0.04396093455648934,0.01550240551731378,0.008006318100651432,0.01432677489634873,0.006791481200429656,0.00260907427154762,0.06491946613613245,0.055712142605033,0.01119303813014699,0.002247471569215933,0.0006482535252155923,0.007199152769724153,0.008032594069693344,0.01573264818566865,0.01346660257288787,0.01462469274058099,0.01854020338672019,0.02481580092269469,0.01547552521255018,0.008053670416676689,0.008320590906551338,0.01482577076850457,0.0214978518618358,0.02545785702361531,0.04008023710890029,0.03572557336094197,0.06602169026131376,0.03368295608960474,0.02195187868152484,0.03686276689407379,0.06060834927817579,0.05706219626490616,0.127794189757281,0.1420642518468982,0.8244742012393399,0.1514939210587982,0.1415578445010951,0.1413402563189103,0.1108715935052432,0.1577771528214744,0.04715972467580473,0.06671348342380415,0.02358827970985911,0.0118913772015015,0.03574243987473245,0.01062557176736742,0.003373056250120302,0.09033970735880903,0.09306023486109073,0.007526582247957353
9.200000000000001,0.008145074142128443,0.002086036206644086,0.0004047103889982172,0.004222253884135865,0.006056225658611076,0.01116775764652415,0.009731504368106636,0.01108514821331413,0.01280461838382329,0.01801180889216039,0.01237981814372463,0.004958697367449296,0.005948538505523186,0.01088909847264649,0.015446790951713,0.01875109495016651,0.02808872764593723,0.02676005532322634,0.050563571657911,0.02653893452804316,0.01468571997627215,0.02773631808034787,0.04590616235208574,0.04125117927146833,0.1014093379398373,0.1316703137635848,0.8722696684943385,0.09219372703335886,0.118251314043118,0.1195354060451534,0.06689655609460279,0.1344645408508427,0.0281698736082754,0.05277771011764554,0.02005075797206646,0.01053376596087844,0.01833770602927368,0.008928774646209576,0.003463865541916582,0.07873593389131474,0.06876854920927912,0.01450655472890484,0.003049730927740777,0.0008874392723670838,0.009521136551218378,0.01060261028520632,0.02031251808006976,0.01741318813439135,0.01901587915943887,0.02388786199492847,0.03157407481333037,0.02036573805995429,0.01065355645685408,0.01106098163405817,0.01943013709960226,0.02790598021504934,0.03263030260173182,0.05028683487065568,0.045168967583786,0.08115277444755555,0.04289741217482343,0.02882272904110383,0.04738036461200148,0.07525891186312565,0.07155624250821077,0.1506867762196309,0.1698813440030785,0.8415658974980731,0.1816398979613437,0.1681556732826455,0.1687702641265021,0.1343266199787962,0.1830584318250155,0.0597707805185619,0.07948781088281158,0.03028947347512885,0.01554980833045865,0.04402070632742888,0.01392571383887142,0.004475483986628405,0.1093135621656857,0.1134597892104493,0.009907349888466657
9.600000000000001,0.01055356014800351,0.002799290420317295,0.0005550457107824278,0.005637225998517093,0.008005203944372215,0.01452027332475132,0.01263200165728737,0.01445497089184311,0.01661880607031704,0.02306701752811832,0.01629401284390499,0.006603916654921487,0.007940290557175749,0.01432502641820316,0.02017114496223249,0.02414839394056571,0.03555405706265734,0.03408161470514051,0.06242572047391259,0.03392508469800903,0.01940263478492552,0.0357747399252708,0.05732609390628925,0.05212903736258849,0.1202689404466045,0.1574842911662524,0.8864177125885827,0.1125515239998105,0.140836003732056,0.1426419363706286,0.08320411834515269,0.1574018260928361,0.03607229322163552,0.06322039429223313,0.02579442749469496,0.01379027925725256,0.02336360379755746,0.01168433144548972,0.004579130022255748,0.09502042242867924,0.08444723260464782,0.01871816670213941,0.004116814354180944,0.001208645258767618,0.01253090978150907,0.01392515153791345,0.02609404593419006,0.02241317669761955,0.02459161220987295,0.03061061608316722,0.03996217228299182,0.02662034554556672,0.01402177409795409,0.01462298546519011,0.02530759727939601,0.03598731688071972,0.0415663722784542,0.0626885739820857,0.05674244986859456,0.09907937857690156,0.05425274339439402,0.03756518068298715,0.06042576352376594,0.09279270005634996,0.08902448506638524,0.1766635522644063,0.2014287994004568,0.8567034950537159,0.215799614458389,0.198189828263438,0.1997961923695609,0.1613844211665844,0.2111378209306488,0.07519091337178754,0.09441121419190845,0.03865632945099919,0.02022578538479326,0.05403774260975721,0.01815782696487083,0.005912180283362788,0.1314079819503839,0.1373631926133722,0.01297692236258209
10,0.01362548829048529,0.003741295558463168,0.0007574528978876018,0.007491683490870287,0.01053465398649788,0.01879336771663859,0.01633235068355941,0.0187585931241774,0.02146674650355905,0.0294043387921812,0.02131640381109806,0.008755798697197179,0.01054578439402783,0.01874217446804737,0.02618790338255169,0.03093026015155109,0.04475002148267358,0.04315062576082215,0.07662171503888247,0.04309505394879535,0.02546727666082305,0.04582951319997828,0.07114321518329184,0.06542634785825069,0.1419573395725643,0.1869041141143968,0.8987210065271917,0.1364813529470282,0.1666231790704905,0.1690177442308922,0.1026589082621927,0.1831827123690687,0.04591327034693444,0.07553872441430624,0.03300278087026402,0.01796450277355014,0.02962943532319186,0.01522047779952468,0.006028666120823022,0.114058868881638,0.1031130237951407,0.0240451163567452,0.00552951660777946,0.001638115665028837,0.01641258857431934,0.01819813583124017,0.0333496704742416,0.02871357487100107,0.03162681726331907,0.03900659768099529,0.05030167576028114,0.03455853032592962,0.01836197798078037,0.01922569814493551,0.03275679102457678,0.04609602498767372,0.05261323042149417,0.07762761880714246,0.07080389260600344,0.1201031535153761,0.06811919511694682,0.04858671518506071,0.07643567859770889,0.1135553513757013,0.1098376770934106,0.2058301948299887,0.2366798812870708,0.8701192658868945,0.2538817508816295,0.23165222955823,0.2343867646597366,0.1921707066636848,0.2420130102871237,0.09384536485099795,0.1117432397588018,0.04902256465900252,0.02616668298877827,0.0660931936996684,0.02355451582183468,0.007776814863426498,0.15685231286508,0.1650292717644875,0.01691429981070348
10.4,0.01752852673691548,0.004980884454960411,0.001028845659689766,0.009911327564298656,0.01380263361469638,0.02421170327868503,0.0210315910582699,0.02422471213912451,0.02759453753423062,0.03730199238289725,0.02771745694123124,0.01155762529159851,0.01393644792524884,0.0243859879092172,0.03379745613580822,0.03939532044890997,0.05599500129872395,0.05429847850579504,0.09346606778876028,0.0543889398803428,0.03320518180528327,0.05829485354636278,0.08771211395815331,0.08152655659053883,0.1666756648719092,0.2199733113150931,0.9094196152882255,0.1642669555753859,0.1957283280950433,0.1987648266719883,0.1255913375539922,0.211870953831624,0.05807048857788148,0.08999597023701807,0.04198778650037425,0.02328527379550917,0.03739740712088534,0.01973576334433576,0.007905276421513866,0.1361116307561975,0.1251141500855757,0.03074618786079793,0.007390912950086119,0.002209871291836238,0.02139159393442375,0.02366239206793158,0.04239563358497554,0.03660464884483529,0.04044155428468508,0.04941554986115562,0.06294775991069554,0.04454886089529717,0.02392211324732607,0.02513537432383275,0.04212433874843101,0.05862708219315758,0.06615105351790451,0.09545033918250138,0.08772326886597331,0.1444820178778635,0.08488138298839742,0.06233977662844446,0.09585248842556367,0.1378515757923511,0.1343233163518823,0.238193445263254,0.2754409937231437,0.8820355658118647,0.2955952540332946,0.2683961384405641,0.272357255665719,0.2266760400718356,0.275589285114852,0.1161429934028885,0.1317314410636236,0.06175634531573682,0.03366528723888636,0.08050862255663285,0.03039381752655999,0.0101865671032421,0.185793637479476,0.1966098495652109,0.02193712465362611
10.8,0.02246627646327325,0.006605959275723308,0.001391272800533116,0.01305365656799516,0.01800425432788592,0.03104295350032605,0.0269689658291697,0.03112544230587369,0.03529246518103085,0.04707856741748018,0.03581597488983976,0.01518805702212534,0.01832441235992065,0.03154893001735515,0.04334780734736158,0.04988325284885577,0.06963330940499271,0.0678851632836763,0.1132622802119387,0.06817566172084726,0.04299523507080237,0.07359567786739624,0.1073823957834305,0.1008130801898992,0.1945597279061501,0.2565872065298828,0.9187357972718192,0.1960846355348748,0.2281621183438318,0.2318738528949244,0.1522663908935907,0.2434441414182504,0.072954213880233,0.1068588694644911,0.05310233578988135,0.03002607666471979,0.04696730555829668,0.02547004253217102,0.01032487558067506,0.161389070187276,0.1507511461531736,0.0391243019944742,0.009831458967706137,0.002967774522277537,0.02774000961644749,0.03060649701302162,0.05359043404777724,0.04642041160891223,0.05139951746161688,0.06221387001089578,0.07827907120296825,0.05700490907427942,0.03099928700123132,0.0326700573697665,0.05380207709606678,0.07400517056065281,0.08257998134585401,0.1164861402979649,0.1078619278732298,0.1724006188195122,0.1049168349387499,0.07930576586918656,0.1190917470226168,0.165911075410468,0.1627279433498481,0.2736395037994641,0.3173372988606238,0.8926586161310561,0.3404398039738338,0.3081221511974336,0.3133570129863974,0.26472830519887,0.3116682300620266,0.1424384963837134,0.1545932188319331,0.07724924089043166,0.0430610947816965,0.09761568266917492,0.03900201422538791,0.01328685620522769,0.2182658140873374,0.2321096292133615,0.02830640305662156
11.2,0.02868277095535772,0.00872803359630364,0.001873344130343862,0.01711402618218303,0.02337743866940773,0.03960030713935307,0.03442746178916332,0.0397784854012987,0.04489598715058286,0.0590895476341383,0.04597930275251275,0.01986736617684123,0.02396867950020622,0.04057257920602224,0.05523163194414096,0.06276957037015198,0.08602303591686986,0.08428653665454611,0.1362803608481113,0.08483935388066258,0.05526614959434226,0.09216838772051457,0.130473223025077,0.123641858624994,0.225654875040593,0.2964722662218385,0.9268710141788689,0.2319595751257339,0.2638075032110533,0.268201877037048,0.1828453055888188,0.2777780968198402,0.09099089263204217,0.1263835037495506,0.06673377758279982,0.03850776547300919,0.05867368747461336,0.03270867239914036,0.01343111416611777,0.1900239557360238,0.1802392126062342,0.04952633974177705,0.01301471829401704,0.003968036804262546,0.03578047032368277,0.03936967937032978,0.06732832695176792,0.05853512768395882,0.06490139985594819,0.07780358693161105,0.09668069520187082,0.07237380308326231,0.03994252173047774,0.04220155958166912,0.06821817901592239,0.09266511520786813,0.1022990639185024,0.1410199383478752,0.1315444786058763,0.2039391760794259,0.1285665414287395,0.09996784274298817,0.1464994032124805,0.1978513486425918,0.1951759237310891,0.311919950002328,0.3618169575006076,0.9021744333432274,0.3877206990515794,0.3503780874661455,0.3568732024815045,0.3059777797495825,0.3499438891448495,0.1729862751620969,0.1804944653727448,0.09589780723518519,0.05473770519193228,0.1177383482198745,0.04975325581296929,0.01725645070054471,0.2541624751792699,0.2713525554595572,0.03632988755846863
11.6,0.03646581453899842,0.01148746809951692,0.002511995039478674,0.02233177927100119,0.03020795950591201,0.05024194949833413,0.04373517088127837,0.0505460502313498,0.05678282514118431,0.07371860672662647,0.0586186737550252,0.0258633902995762,0.03118028393938119,0.05184593427453427,0.06987722121087453,0.07845431603079604,0.1055174269909863,0.1038744921156792,0.1627298246005566,0.1047582882229056,0.07048560646052833,0.1144316285525259,0.1572414404475858,0.1503061290699429,0.2598930583715283,0.3391807269251747,0.9340044921492636,0.2717280460213105,0.3024049552715268,0.3074591743847956,0.2173472530913813,0.3146374313858825,0.1125973502957383,0.1487971490743265,0.08329086428151028,0.0490981303623387,0.07287852664055343,0.04178475258408817,0.01740037603938151,0.2220435220024931,0.2136674681091616,0.06233856593260111,0.01714347545364402,0.00528221296708785,0.04588711411798008,0.05034117098836051,0.0840259600634926,0.0733540167567442,0.08137115758643602,0.09659356015525399,0.1185191878380095,0.09111544335939059,0.05115166527263833,0.05415282830825543,0.08581998078858451,0.1150224187418122,0.1256763576573478,0.1692595700807171,0.1590242112734523,0.2390447245900827,0.1560984276959247,0.1247711136038284,0.1783014610811011,0.233642104834579,0.2316302238876785,0.3526488887482756,0.4081763956973112,0.9107465592680632,0.4365892332972226,0.3945751798783741,0.4022528212200912,0.3498999685796536,0.3900082832125962,0.207890436232709,0.2095266007479406,0.1180767646363447,0.06911436701921618,0.1411688342754607,0.06306410173717819,0.02231264953781356,0.2932193054910497,0.3139623881623196,0.04636285858568123
12,0.04614802999189527,0.01505927640309265,0.003354643312688286,0.02899572059317892,0.03883264185354739,0.06336578228578756,0.05526298321716207,0.06382874700973863,0.07136428620994822,0.09136205155825508,0.07417749707821197,0.03349625179712162,0.04032509304413379,0.06579788218590563,0.08773115211546792,0.09734300292319273,0.12843933432605,0.1269894707795601,0.1927301874747023,0.1282758001123649,0.08913945116121332,0.1407467648556492,0.18784544188053,0.18099566399766,0.2970759923333312,0.3841043146957276,0.9402929216118788,0.3150140609621781,0.3435498526951469,0.3492091600930373,0.2556173492900083,0.3536748172885338,0.1381448454318309,0.1742768079118204,0.1031824400134464,0.06220646061293089,0.08995784262807997,0.05307790206307079,0.02244685476596869,0.2573452081672963,0.2509608307666528,0.0779757383941494,0.02246575675543306,0.007000704300008293,0.058481618959766,0.06395389882126555,0.1041003730880117,0.09129627209358959,0.1012333809334057,0.1189717137860237,0.1441096663740266,0.1136706781024727,0.06507023560847157,0.06898824381196228,0.1070466751781972,0.1414337351897413,0.1530107290325613,0.2013010105429174,0.1904447648942628,0.2775096826468237,0.1876666150417744,0.1540709472649396,0.214552001394578,0.2730774628018496,0.2718623745668383,0.3953136658948353,0.4556048347193167,0.9185152871491947,0.4861040133858318,0.4400200963711638,0.448741585275324,0.3958186105669687,0.4313668794088971,0.2470584678694803,0.2416844378602817,0.1441038735028519,0.08662958821582201,0.1681378458834713,0.07938076400115575,0.02871599382931763,0.3350105047173053,0.3593642309794984,0.05880460244739094
12.4,0.05810409333827046,0.01965920315404329,0.004461786817983733,0.03744778206119843,0.04963911761618321,0.07939736839827392,0.06941677784454484,0.08005245783389885,0.0890688112878103,0.1124051289827366,0.09311037229787636,0.04314039679293027,0.05182232614988983,0.08288155076834397,0.1092308401144585,0.1198186855743191,0.1550493584231278,0.1539059774903734,0.226282242510904,0.155664048213341,0.1116988353739486,0.171370035789357,0.2223087863161235,0.2157549994044284,0.3368682173289806,0.4305074808737586,0.9458709891705179,0.3612282439338635,0.386704560175764,0.3928836187606911,0.2973080908981375,0.3944405123619124,0.1679141039506319,0.2029259707121729,0.1267868732081716,0.07827096127506625,0.1102810572083421,0.06700763866418669,0.02882719072379165,0.2956807144233636,0.2918519460777481,0.09686197179218195,0.02927995172167103,0.009236752925686202,0.07402191660392993,0.08067008056482242,0.1279373017774929,0.1127688930095657,0.1248807665791649,0.1452683243718333,0.1736766084431001,0.1404182194962442,0.08216966893040462,0.08719418040809054,0.1322911382509826,0.1721493324692047,0.1844880393584495,0.2370958972031833,0.2258027213377101,0.3189626605457961,0.2232715305738822,0.1880735335708093,0.2550884897195764,0.3157624219497143,0.3154390881704048,0.4392993101778896,0.5032421306862537,0.9255981119888328,0.5353037966229464,0.485959185830693,0.4955348116305145,0.4429473647052111,0.4734629626003815,0.2901682878979978,0.2768479548074969,0.1741984396721327,0.1077150190411321,0.1987812219947802,0.09915684187418596,0.03677364873210962,0.3789624913385271,0.4068104849087411,0.07408850276924527
12.8,0.07274228919241695,0.02554951524100763,0.005910077269393308,0.04808320001138842,0.06306002129950651,0.09876912508256995,0.08662212575081461,0.09964631331455352,0.1103160692600662,0.1371898146840796,0.11585120779183,0.05522194875824835,0.06613633494918031,0.1035484802608959,0.134766227559849,0.1462052791238003,0.1855098583826629,0.1847935428567327,0.2632444194006832,0.1870833665968742,0.1385746943177812,0.2064013411069797,0.2604892267009541,0.2544473061310036,0.3788029044478722,0.4775765464263054,0.9508525213510508,0.409593323404942,0.4312253132304437,0.4378128370339924,0.3418803101108831,0.4364021277450164,0.2020451929660186,0.2347520176057836,0.1544126499403922,0.09773692354140717,0.1341825107065013,0.08401914376186141,0.03684384319089092,0.3366526375887817,0.3358707255203068,0.1194019207390934,0.03793779913382524,0.01213084751699724,0.0929810691987084,0.1009563736905727,0.1558502419522419,0.138130899012162,0.1526322906463426,0.1757123568888521,0.2073121474699846,0.1716226302417564,0.1029225998663769,0.1092475562639306,0.1618522408594831,0.2072625197621695,0.2201369117097668,0.2764270117454663,0.2649174033648713,0.3628751751721049,0.2627277140128939,0.226776843489296,0.2995048288167161,0.361118735065775,0.3617312023065665,0.4839243473058216,0.5502411273701091,0.9320911482988717,0.5832800279905879,0.5316288716215802,0.5418329633420268,0.490444717216123,0.5157082873100642,0.3366583243467544,0.3147712351091827,0.2084377275424491,0.1327588331940384,0.233106685924035,0.1228199815778138,0.04684019423635907,0.4243848596865598,0.4554297325468261,0.09266352486688262
13.2,0.09048837829957489,0.0330435843275377,0.007795879528121344,0.06134498097021271,0.07955915665320593,0.1218893967353828,0.1072997796610248,0.1230106399795943,0.1354809367470156,0.1659752865059989,0.1427703168124816,0.07020886946443085,0.08375887854343451,0.1282115111248754,0.1646319342192588,0.1767242194247883,0.2198487959124147,0.2196776297822998,0.3033188786952781,0.2225421596196407,0.1700616945886512,0.2457376771330797,0.302059608910162,0.2967316721127933,0.4223013550846317,0.5244777162043153,0.9553320794492191,0.4591952144358524,0.4764012069681368,0.4832673452222973,0.3886267275790944,0.478972867326042,0.2404892147995943,0.2696473355589074,0.1862527487098787,0.1210242151363081,0.1619258590966328,0.1045592883720317,0.04684598446655264,0.379726364389581,0.3823570024134828,0.1459421054386042,0.04884350512604951,0.01585536764499752,0.1158143363270645,0.1252470742818118,0.188033082911844,0.167649391892963,0.1846851175432547,0.2103853945998691,0.2449378234354303,0.2073790875292374,0.127763793016206,0.1355714843456644,0.1958819734570176,0.2466639941831002,0.2597915307083183,0.318897467698517,0.3074146509661892,0.4085854997213478,0.3056467270879022,0.269923599360989,0.3471513971122966,0.4084122270922314,0.4099467742674026,0.5284834902661588,0.5958251462323985,0.9380712609841859,0.6292380475519446,0.5763050815939734,0.5868938720772876,0.537473906384768,0.5575163151980519,0.3857471983627672,0.3550813640039172,0.2467178881923968,0.1620597719280606,0.2709658564091767,0.1507274748731477,0.0593141229126236,0.4705151337884843,0.5042918673818858,0.1149652485784192
13.6,0.1117600586976237,0.04250787920007162,0.01023928313345955,0.07771003090307392,0.09960721166639544,0.149101469848703,0.1318311514790245,0.1504753043994656,0.1648486088748416,0.1988944708169265,0.1741229007552509,0.08859119965930679,0.1051793786213797,0.1571972551131976,0.1989741872793297,0.2114490720547054,0.2579289655624144,0.2584067733333663,0.3460513246216491,0.2618641187630787,0.2062775913164093,0.2890412321118119,0.3465064026651251,0.3420608170059514,0.4667047579701918,0.5704152147600766,0.9593868778298238,0.5090527472308145,0.5215002082218154,0.528505680210633,0.4367167255170405,0.5215449602118587,0.2829713026476764,0.3073774385078249,0.2223381371169646,0.1484842186687517,0.1936639509419123,0.129041573866842,0.0592262729383084,0.4242573114874882,0.4304976206344326,0.176724357471176,0.06244678153822473,0.02061916267065226,0.1429140107911635,0.1538957864548345,0.2245120050084396,0.2014515508246832,0.2210661848284877,0.2491802481736088,0.2862771962473665,0.2475640183923898,0.1570394781294495,0.1664797862333109,0.2343350117486038,0.2900109493976369,0.3030699224650334,0.3639379722943801,0.3527301450711187,0.4553377588671921,0.3514412086208742,0.316978951413968,0.3971668462543196,0.4567994312252943,0.4591851398983689,0.5722915445569852,0.6393329713902525,0.9435986565759742,0.6725393983107507,0.6193452458031958,0.6300748930032256,0.5832589988872129,0.5983340445102987,0.4364836884090249,0.3972888973210292,0.2887274516384846,0.1957758222062654,0.3120373306666342,0.1831134666404813,0.07462796308864092,0.5165710224565663,0.552479126990585,0.1413758031480939
14,0.1369312886420946,0.05435947341152066,0.01338846703487078,0.09766434328545287,0.1236453996478253,0.1806349497154244,0.1605147620230338,0.18225130579944,0.1985648047896646,0.2359124397411906,0.209994655051666,0.1108490574201306,0.130841857739908,0.1906919918842101,0.2377401921276071,0.2502651535301299,0.2994289093233179,0.300633013903317,0.3908467361057857,0.3046701815876545,0.2471079289118468,0.3357317609516937,0.393149173852937,0.3897032687525508,0.5113144870946114,0.6146812944087737,0.9630789117449604,0.5581947635667786,0.5658158660456244,0.5728215691903099,0.4852563483153604,0.5635241660241884,0.328974958169041,0.3475789398839588,0.2624982506925055,0.1803489025609737,0.2293989764712468,0.1578003891237622,0.0744114825399622,0.469530638675844,0.4793839803176728,0.2118362365480438,0.07922729908785146,0.02667158193381066,0.1745543631308404,0.1871190656971276,0.2651049681150703,0.2394794593045997,0.2615919528407344,0.291772899536909,0.3308466133878221,0.2918027333132079,0.1909491502482785,0.202115914883631,0.2769308481976954,0.3367203292082537,0.3493750046780832,0.4108336908346096,0.4001348206819237,0.5023314177126603,0.3993527127673306,0.3671427930547052,0.448539571593546,0.5053873459474691,0.5085041193251864,0.6147229624672054,0.6802469627305333,0.9487196931797736,0.7127223674903828,0.6602183814600394,0.6708608324972885,0.6271297465693702,0.6376689436844654,0.4878206022431446,0.4408098163150694,0.3339410434349792,0.2338746664464711,0.3558259785878443,0.2200338999332308,0.09322981102122481,0.5618025632491391,0.5991518065415405,0.1721742922381726
14.4,0.1662876192817953,0.06905671794306928,0.01742422238436432,0.1216654573604329,0.1520372884815761,0.2165549532135511,0.1935172506718193,0.2183814279148785,0.236588056866215,0.2767942812610924,0.250253527486703,0.137407499320524,0.1610897726487275,0.2286883246486474,0.2806401696311209,0.2928426795016962,0.3438411311899395,0.3458117536005055,0.4370005833903755,0.3503814023119356,0.2921686400527426,0.3850093363920862,0.4411804669567928,0.4387892646958726,0.5554356971869578,0.6566922422412313,0.9664571848434634,0.6057320522714785,0.6087086169115105,0.6155844481371261,0.5333542859992829,0.6043612644194156,0.3777553380052365,0.3897690902928582,0.3063375579889139,0.2166779651851051,0.2689495863726742,0.1910377908651448,0.09284481033327978,0.5148080943601584,0.5280813737354554,0.2511662070802316,0.09966820667613666,0.03430523783926261,0.2108327797241344,0.2249393473166695,0.3093983403663282,0.2814567075802631,0.3058458449242922,0.337616005204678,0.3779692052107542,0.3394644106262332,0.2294878484534538,0.2423959435816475,0.3231389180132236,0.3859920864586697,0.3979220837563634,0.4587685330161311,0.4487806548764429,0.5487743739461854,0.4485012226909201,0.4193998680987732,0.500189677544726,0.5532974413737637,0.5569898469921873,0.6552427068991682,0.7182035846441517,0.9534696938057465,0.7495022734367048,0.6985214010939899,0.7088765183638194,0.6685508247038529,0.675108604065035,0.5387004173458771,0.4849970111051716,0.3816382245541527,0.2760955381145678,0.4016813643221666,0.2613187032724891,0.1155544335652532,0.6055370875163493,0.6435994520760563,0.207482469361425
14.8,0.199976406222359,0.08708053347089628,0.02256430243543785,0.1500923716482523,0.1850121517904208,0.2567175280805856,0.2308255046227411,0.2586984401258033,0.278653405950648,0.3210904331697415,0.2945185784976941,0.1685800728467216,0.1961037226970784,0.2709428422628138,0.3271326416269815,0.33863141203899,0.3904908682161385,0.3932243000072657,0.4837422416966213,0.3982455984003873,0.3407985653143614,0.4359073716169023,0.4897213471978898,0.4883744371046179,0.598418604357137,0.6960078383186618,0.9695599302547402,0.6509136874922843,0.649637092430416,0.6562689975257754,0.5801837591426289,0.6435772730421216,0.4283836362813288,0.4333669193179859,0.3532362311905058,0.2573130944966179,0.3119324590250463,0.228769508305318,0.1149580098541247,0.5593754300887092,0.575698975422119,0.2943732460998841,0.1242173107506773,0.04385649050531337,0.2516170017023742,0.2671378823918977,0.356748931048802,0.3268758380356028,0.3531813982874651,0.3859591740033012,0.4268130301970245,0.3896904664280741,0.2724002733021752,0.2869681751763926,0.3721942518231883,0.4368621920438736,0.4477910935258448,0.5068811376569747,0.4977608322441587,0.5939324873602815,0.4979495427731249,0.4726017924823184,0.5510574814283744,0.599724576781873,0.603818755280654,0.6934259927079816,0.7529886383403437,0.9578755884093788,0.782755991801888,0.7339822530798586,0.7438855037694637,0.707134444256771,0.7103320855655048,0.5881381651871824,0.5291777517061059,0.4309475475304048,0.3219326250712145,0.4488347722205913,0.3065425841349492,0.1419832984223139,0.6472120152570413,0.6852723127881376,0.2472138942744755
15.2,0.237958838328328,0.108904143341478,0.02906708236955322,0.1831863521186262,0.2226070284869057,0.3007413783675376,0.2722088769048715,0.3028005613317275,0.3242572121141813,0.3681456464736219,0.3421560289963027,0.2045067721450612,0.2358413335683908,0.3169558933594086,0.3764406391989706,0.3868817194803812,0.4385749838942837,0.4420220560791925,0.5302850183216119,0.4473859347997768,0.3920892135894765,0.4873687315724872,0.5378845597106688,0.5375114185933577,0.6396926520086635,0.732334930255691,0.972416728521297,0.6931617398953037,0.6881770793459284,0.6944717693731223,0.6250319162240054,0.6807804730647963,0.4798176030305443,0.4777241624322435,0.4023791044500385,0.30185000778213,0.3577646911170667,0.2707800679816399,0.1411326065081922,0.6025841539083145,0.6214498688875054,0.3408801371946324,0.1532365386841169,0.05570230869324203,0.2965107128972613,0.3132297811603785,0.4063155075727878,0.3750131044541311,0.4027548189394992,0.4358960238404699,0.4764492328695449,0.4414551944481817,0.3191591216129348,0.3352017808892193,0.4231452286787629,0.4882782092074681,0.4979963157908265,0.5543245396488168,0.5461753359621845,0.6371695765314724,0.5467726698615011,0.5255670238889899,0.6001838056285015,0.6439832357942135,0.6483038166448825,0.72896649919929,0.7845212671901275,0.9619582595062829,0.8124964628547918,0.7664522868645837,0.7757780913315304,0.7426381824377971,0.7431132039346546,0.6352887172380514,0.5726926997123231,0.4809103767728978,0.370647664817276,0.4964505487324581,0.355024653462044,0.1727951134146559,0.6863933071976784,0.7237922912635001,0.291037331815894
15.6,0.2799731371239692,0.1349503451511163,0.03723376597651617,0.2209901872014404,0.2646182052924517,0.3480051080232409,0.3172010957583237,0.3500525731498244,0.3726702913634327,0.4171336913770959,0.3923082490894385,0.2450963140419866,0.2799919871011922,0.3659821614019697,0.4276004494021746,0.4366918080744724,0.4872164735917143,0.491286755728831,0.5758761231056188,0.4968648733600123,0.4449509086009019,0.538332273249251,0.5848359397383412,0.5853181643102497,0.6787904234880575,0.7655181125637415,0.97505044265966,0.7320833614939513,0.7240280733050343,0.7299152928428231,0.6673317758800837,0.715674768540847,0.5309868899175668,0.522162554129505,0.4528112115581241,0.3496377630588839,0.4056901542461652,0.3165983483324634,0.1716515656921523,0.643883045862736,0.6646935875610267,0.3898962699067022,0.1869434880611192,0.07025184277975108,0.3448488936523961,0.3624711322068302,0.4571176131442316,0.4249718521835871,0.4535843960146497,0.4864320500931393,0.5259216812181671,0.4936497858136361,0.3689772774683963,0.3862125378422951,0.4749275867639852,0.5391849239116308,0.5475624702740162,0.6003211337738499,0.5931922978961925,0.6779741934505523,0.59412169905697,0.5771807476760619,0.6467704906498444,0.6855366959872696,0.6899211590673118,0.7616743206982847,0.8128313177429227,0.9657345173463351,0.838842705920534,0.7958911219383541,0.8045525190268101,0.7749516409877876,0.773316961155938,0.6794904137254145,0.6149319779164242,0.5305545678267847,0.4213138810245602,0.5436845235119314,0.4058623053808385,0.2081116115531662,0.7227800922767087,0.7589462584732657,0.3383652360329998
16,0.3255187589272231,0.1655378594714164,0.04740807050614036,0.2632972326728392,0.3105743895188418,0.3976751950937133,0.3651093561218511,0.3996167306112178,0.4229812555762279,0.4671145546209359,0.4439543801685489,0.2899855857277374,0.3279595622688927,0.4170749188137131,0.4795369366393955,0.4870750691026364,0.5355268425777249,0.5400977719641432,0.619840291471091,0.5457536886689338,0.4982053873708739,0.5878152341899312,0.629845674922785,0.6310333313522659,0.7153601499375094,0.7955216294608748,0.9774789136506725,0.7674633697014591,0.7570091663617621,0.7624417626245549,0.7066756444129751,0.748060129249463,0.5808786452080164,0.5660131109154583,0.5035120316047775,0.3998103280027109,0.4548282000668951,0.3655031140721228,0.2066458411292321,0.6828372058593959,0.7049580373128126,0.4404697554555454,0.2253527385177517,0.08793086279717613,0.3957294890680784,0.4139021835658728,0.5081130972563291,0.4757494425736376,0.5046280186378721,0.5365625940992399,0.5743172696987036,0.5451752477524776,0.4208568700065293,0.4389257229841241,0.5264525256368383,0.5886056966110758,0.5955951852731823,0.6442060933194442,0.6380970450391769,0.7159721186265956,0.639273824493804,0.6264779557075227,0.690215189726561,0.724008329835506,0.7283172473032338,0.7914659831593801,0.8380341887192806,0.9692186768446079,0.8619897495196778,0.8223473781843168,0.8302929564628357,0.8040761424285247,0.8008908542297181,0.7202828880666173,0.655364591924299,0.5789662595407502,0.4728863163670454,0.5897410562086662,0.4579972086845816,0.2478467727146121,0.7561979306747024,0.7906666935861677,0.3883747555263658
16.4,0.3738689907238837,0.2008218145543959,0.05997198002610427,0.3096232782199246,0.3597418862632095,0.4487634498348675,0.415053158013311,0.4505113198374007,0.4741651323222877,0.5171058455304927,0.495993679968627,0.3385289024044609,0.3788825635797077,0.4691590923460615,0.5311530017829349,0.5370369409408243,0.5826672392651243,0.5875964031121083,0.661612401216543,0.5931970500487637,0.5506883213766419,0.63497899280342,0.6723237849478635,0.674052705010172,0.7491674681674586,0.8224066754816595,0.9797163851409754,0.7992428449447438,0.7870470467685061,0.7919993179405657,0.7428121848591888,0.7778266742504704,0.628609651745632,0.608652912438258,0.5534762836646436,0.4513484175583205,0.5042381881215364,0.4165627251176584,0.2460436522205683,0.7191347248395829,0.7419418730470962,0.4915618296099832,0.2682280343650214,0.1091573721339989,0.4480798717158524,0.4664221756398951,0.5582814808780796,0.5263171595996776,0.554866006789388,0.5853483117708294,0.6208265749612436,0.595028340979441,0.4736694276825013,0.4921669946535665,0.5766937965002347,0.6357073104381256,0.6413360551916066,0.6854552221719695,0.6803239838819699,0.7509258166662753,0.6816636551243989,0.6726986961115647,0.7301204397397058,0.7591772088622853,0.7632999026930603,0.8183492658715308,0.8603063202724192,0.9724237455394902,0.8821814353632337,0.8459381487872979,0.8531472479817577,0.8301013647530668,0.825852937221201,0.7574020346222774,0.6935588258598344,0.6253492920856321,0.5242873031863319,0.6339210621593661,0.5103033558692409,0.291670200468283,0.7865841330087784,0.8190051307997362,0.4400620685852011
16.8,0.4241139854033768,0.2407373396150399,0.07533585281784985,0.3592121920703202,0.4111662114157547,0.5002057497788633,0.4660289080295434,0.5016882991619482,0.5251663466527084,0.566157120169417,0.5473372755418152,0.3898251852173495,0.4316931612136106,0.5211212283649486,0.5814177498212076,0.5856489578980607,0.6279000430465003,0.6330383970221813,0.7007567496736697,0.6384640452592141,0.6013435877644909,0.67917072127931,0.7118377309807059,0.7139450355223063,0.7800883710205697,0.8463076020096426,0.9817746502594767,0.8274898554921312,0.8141591753933058,0.818624066135565,0.7756312802313483,0.8049443089501033,0.6734756555096116,0.649535579879039,0.60178817780803,0.5031623639451805,0.5529898760260279,0.4687054503123707,0.2895329537725878,0.7525828254435062,0.7755013617006664,0.5421312319779149,0.3150577724060013,0.1343074746038152,0.5007478970010021,0.5188834884077972,0.6066995769849569,0.5756998749274561,0.6033759553080916,0.6319770022043859,0.6647874548006852,0.6423676615994118,0.5262535223320973,0.544765074022137,0.624760011481748,0.6798410130963765,0.6841967263246531,0.7236963854296996,0.7194701484001801,0.7827236288041982,0.7208950912659571,0.7153120120408523,0.7662815094139812,0.7909620034534988,0.7948180471468157,0.8424054495638355,0.8798633545394845,0.9753622580928618,0.8996876829857083,0.8668293508540703,0.87330643068195,0.8531819798709702,0.8482783561017513,0.7907581864923824,0.7291927586020531,0.6690654178224039,0.5744925533498412,0.6756557858066871,0.5616817840545806,0.3389954734125653,0.813968638480686,0.8441032547324644,0.4923228905463628
17.2,0.475229396129479,0.2849581730589192,0.09392104297401312,0.4110799946072111,0.463746129363559,0.5509488461643103,0.5169902641524196,0.5521171650389248,0.574982098529248,0.6134157986206479,0.5969927326987936,0.442782901449517,0.4852070449524368,0.5719006972742279,0.6294393422407697,0.6321091773504161,0.6706251919168383,0.6758291521078497,0.7369730154494716,0.6809806224757146,0.649294700955877,0.7199393359795287,0.7481133363744538,0.7504494243145264,0.8080959425755792,0.8674095443416447,0.9836639333294885,0.8523676997702069,0.8384349215049189,0.8424206117059103,0.805141451791481,0.8294498093365202,0.7149744866815628,0.6882129137702553,0.6476785556528416,0.5541818674382827,0.6002288728016932,0.5208092289292237,0.3365478858473553,0.7830962767819192,0.8056271000661851,0.5912144146338361,0.365063943944186,0.1636721967635771,0.5526012974224557,0.570188292255718,0.6525986713959314,0.6230432071609592,0.6493892119279998,0.6758046680612438,0.7057083286776134,0.6865528741278656,0.577512372515723,0.5956478688457569,0.6699431400563352,0.7205582204648368,0.7237711686776392,0.7587063360477486,0.7552923723747337,0.811362142159298,0.7567362861288217,0.7540117794526304,0.7986598263439655,0.8193977646540777,0.8229352916480851,0.8637711581555175,0.8969419955378765,0.9780468086069444,0.9147867263491377,0.8852183045269714,0.8909871861728204,0.8735163563672387,0.8682857480602029,0.820404527390927,0.7620554365464681,0.7096530787911371,0.6226041742335264,0.7145242408234198,0.6111457607346904,0.3890009233619751,0.8384534446428629,0.8661652387120407,0.5440455265670832
17.6,0.526159654808368,0.3328824277305763,0.1161334749219735,0.464092963510668,0.5163279807311518,0.6000307629446575,0.5669308091816339,0.6008614506908441,0.6227330163430902,0.6581760882592887,0.6441288723890652,0.4962131621616128,0.5382281429057642,0.6205672468384391,0.6745134073364129,0.6757821367864687,0.7103989488885021,0.7155398864793652,0.7700907896879848,0.720342473115362,0.6938857539002392,0.7570290549912686,0.7810224678335409,0.7834587811580684,0.8332435461937261,0.8859289743586615,0.9853935334172623,0.8741046483819072,0.8600168389716225,0.8635431800061847,0.8314441798532516,0.8514329818271805,0.7528050583955129,0.7243466536051433,0.6905591347023808,0.6034376123899116,0.6452282272854472,0.5717951374033029,0.3862869327278277,0.810681098372388,0.8324158754895122,0.6379894926941648,0.4172484314089469,0.1974085011923146,0.6026179696789485,0.6193714070021242,0.6953976867442577,0.6676598443266849,0.6923236278028926,0.7163736652135443,0.7432719205440377,0.7271565369874243,0.6264951502757693,0.6439168522433121,0.711740292540737,0.7576041506925116,0.7598291219474039,0.7903964439334979,0.7876920286011314,0.8369250991306575,0.7891021555815998,0.7886918275386824,0.8273490214512703,0.8446098076821645,0.8478017652833261,0.8826213616863684,0.911785835536165,0.9804903388955016,0.9277521130337693,0.901319212887889,0.9064176837993166,0.8913284587113103,0.8860245060158176,0.8465020637594231,0.79204026661593,0.7468266258374282,0.6679011837330346,0.7502551901633989,0.6578838943325751,0.4406837083316471,0.8601927945260429,0.8854335481531912,0.5942002748682537
18,0.5759017938359743,0.3836539693274183,0.1423275640979932,0.5170667104985033,0.5678034193233953,0.6466429684382717,0.6149559671505064,0.6471370834146075,0.6677120729820681,0.6999066758844875,0.6881140644390381,0.5489342756878659,0.5896491787386592,0.6663746266723373,0.7161441855875085,0.7162163531709234,0.7469360280183088,0.7519064677758257,0.8000556569356945,0.7563107318751295,0.7346916986145891,0.7903567596384126,0.8105619523192799,0.8129947128193757,0.8556468019115712,0.9020978424236902,0.9869722649445262,0.8929676249289756,0.8790835633505573,0.8821786941848477,0.8547084871610441,0.8710231444241446,0.7868479573216044,0.7577107314086202,0.7300333065307004,0.6501229281661141,0.6874209405401249,0.6207088450535101,0.4377642094414966,0.8354162440428308,0.8560419721023641,0.6818167059986378,0.4704718336551453,0.2354908084762819,0.6499534637418539,0.6656579479603879,0.7347121947051176,0.7090519696756714,0.73179250381757,0.7534101838855449,0.7773231819722367,0.7639529839221667,0.6724512539531017,0.6888912873123836,0.7498513426235527,0.7908954811963442,0.7922959234431572,0.8187914512781594,0.8166919964633053,0.8595616505905677,0.8180294618748907,0.8194090557579852,0.8525394758685056,0.8667879932196858,0.8696273932311186,0.8991545089399041,0.9246349178318619,0.9827062409277946,0.9388438533514262,0.9153517053702621,0.919826781429574,0.9068533476407338,0.9016635334606175,0.8692858943458442,0.8191327640148971,0.7804605288392739,0.7098639674271864,0.782716645338204,0.7012949967875222,0.4929401042300197,0.8793755113912167,0.9021692420767554,0.6419110569137031
18.4,0.6235765246295603,0.4362205033928025,0.1727617193719258,0.5688682009651324,0.6171939555290521,0.6901677681030042,0.6603346998169104,0.6903468703263395,0.7094083666538412,0.7382574161615598,0.7285275360032143,0.5998689909374659,0.6385316175905141,0.7087864164707132,0.7540411564694474,0.7531416228220222,0.7800983049208571,0.7848148378331664,0.8269101290979488,0.7887949022992647,0.7715034846964577,0.8199801316004629,0.8368281511449221,0.8391788198152893,0.8754661428193846,0.9161513686052745,0.9884087337596368,0.9092409346283812,0.8958351634887018,0.8985325168110722,0.8751479937314827,0.8883767739976419,0.8171347337171092,0.7881854716445591,0.7658870863261004,0.6936293795214283,0.7264124061348263,0.6667786054242484,0.4898874570093109,0.8574353514302265,0.8767308754736571,0.7222538695521357,0.5235517877914809,0.2776720662922576,0.6939787825384359,0.7084913265879316,0.7703433338910385,0.7469115745201881,0.7675937183658177,0.7868061090587367,0.8078465474301947,0.7968913908526678,0.7148541088500252,0.7301214630711418,0.7841584123061314,0.8204888796501414,0.8212245009991012,0.844005131105581,0.8424102265987182,0.8794659801358549,0.84364901772879,0.846342402739756,0.8744854873175757,0.8861635983546584,0.888658584615583,0.9135802488594098,0.9357185355503175,0.984708327102535,0.9483029426389125,0.9275322721593876,0.9314362529933014,0.9203261907690814,0.9153817992389559,0.8890357148476319,0.8433949241083905,0.8105641538371742,0.7481745663161825,0.8118968823008205,0.7409951284077286,0.5446584566880309,0.8962101758034334,0.9166369338113557,0.6865006754146906
18.8,0.6684774283878375,0.4894205382898765,0.2075493576616558,0.6185031564183701,0.6637104654063365,0.7301902028117617,0.7025268536240312,0.7300907828439382,0.747507572238539,0.773048632081908,0.7651481348660042,0.6481190719000972,0.6841552431840418,0.7474761288599704,0.7880973999789426,0.7864510806840191,0.8098744494079539,0.8142778680663361,0.8507724606756683,0.8178280570924398,0.8042964227578828,0.8460627427109032,0.859990851598659,0.8622042853991368,0.8928911405329616,0.9283191708513484,0.9897114863119385,0.9232101812017294,0.9104812671655476,0.9128170712471965,0.8930016114993612,0.9036668074771683,0.8438125650959368,0.815745825241996,0.7980660975177905,0.7335562093193831,0.7619752814025106,0.7094448514088283,0.5415497186081019,0.8769099678106066,0.8947370192194698,0.759050043208306,0.5753631850266249,0.3234644485849281,0.7342887435591254,0.7475337145494384,0.8022528960424621,0.7811036813336523,0.7996851684698504,0.8165913198030402,0.8349377450833795,0.8260605560214851,0.753397548704454,0.767376045636711,0.8146944516077007,0.8465464848349553,0.8467646690089994,0.8662159529533899,0.8650333729991928,0.8968595420338813,0.8661585022882963,0.8697534967106092,0.8934773958430129,0.9029899487587961,0.9051592300912737,0.9261098179185017,0.9452506630841819,0.9865107146923392,0.9563484724008591,0.9380682298495465,0.9414555686525127,0.9319744032935742,0.9273607635887341,0.9060519242273654,0.8649482847010466,0.8372523715912625,0.7826983346452974,0.8378810158620708,0.776802143025662,0.5948086234971363,0.9109133239143581,0.9290940267206783,0.7275077707070794
19.2,0.710094804879849,0.5420841276231707,0.2466124185584597,0.6651765361658245,0.706782847104567,0.7664883722800018,0.7411872040197509,0.7661559168166725,0.7818743648636356,0.8042484146404359,0.7979275779196975,0.6930088832727761,0.726035533606779,0.7823076037269511,0.8183571222263359,0.8161739396001652,0.8363548606983766,0.8404082727548308,0.8718157438597866,0.843538930612573,0.833190344962967,0.8688406657236718,0.8802690666120282,0.8823103218496922,0.9081272475422594,0.93881923106927,0.9908890661933613,0.9351509131213475,0.923231920561828,0.9252432233841745,0.908518248721041,0.9170738006666621,0.8671094674641224,0.8404459186853073,0.8266449253495759,0.7696981586684472,0.7940314002079426,0.7483628189273769,0.5917187466449134,0.8940350544089195,0.9103261704342526,0.7921234449963352,0.6249233396761071,0.3721479504489605,0.7706864743248224,0.7826454371385124,0.8305311518295571,0.8116388016346908,0.828152972493995,0.8429020640372817,0.8587745401668406,0.8516517590124822,0.7879719001526359,0.8006117742522074,0.841607568729077,0.8693028406105471,0.8691335764345383,0.885644888834081,0.8847928478888426,0.9119764894760639,0.8857981653695669,0.8899525321503807,0.909819565631902,0.917527184417031,0.9193961354478615,0.9369489178463712,0.9534274216074061,0.9881276622400984,0.9631766260126409,0.9471537814773238,0.9500787168197797,0.942012407141253,0.9377785844576854,0.920637549429295,0.8839573340156512,0.8607161564390108,0.8134539666937034,0.8608265564749161,0.8087054058915236,0.6425137593737446,0.9237005099962121,0.939783565531776,0.7646791512514201
19.6,0.7481160031760885,0.5931294462439388,0.2896467637352231,0.708321381793913,0.7460616832685424,0.7990086493446593,0.7761509136206949,0.7984922747727771,0.8125235275590732,0.8319435501080301,0.826955588033721,0.7340974252643334,0.763913489353934,0.8133032418217847,0.8449791293670205,0.8424444064460566,0.8597056013096126,0.8633913099511205,0.8902489271704509,0.8661244818324212,0.8584086007466319,0.8885934023220734,0.8979102638878069,0.8997608269291648,0.9213851755223869,0.9478541436375066,0.991950007445583,0.9453212432857058,0.9342909221480202,0.9360141109492227,0.9219453628936598,0.9287789433396908,0.8873033917798832,0.8624020366900386,0.8517943146110641,0.8020185554721523,0.8226259788988465,0.7833840575532337,0.6395098537110412,0.9090170935269111,0.923762335604324,0.8215303795651225,0.671450382138593,0.4228101733132172,0.8031521899784104,0.8138514442632695,0.8553629863832785,0.8386406507244945,0.8531779253895302,0.8659497893585181,0.879589524717785,0.8739241896416088,0.8186282167802265,0.8299341512492269,0.8651261886573152,0.8890360510599919,0.8885897219456758,0.9025365652450004,0.9019446026254226,0.925052375517642,0.9028306000866181,0.9072709483669491,0.9238141261797755,0.9300309888976649,0.9316285320484105,0.9462927657446817,0.9604260442855094,0.9895733870057472,0.9689609729742867,0.954967729772614,0.9574825857643144,0.9506384715775842,0.9468059156249383,0.9330854921704888,0.9006144262448945,0.881195956207287,0.8405785372633979,0.8809404405968558,0.8368284127369542,0.6870957853934758,0.9347798899013219,0.9489299599751825,0.7979444647599321
20,0.7824076025808036,0.6416396483946541,0.3361092605114894,0.7475984021118828,0.7813982907796968,0.8278327356665938,0.8074067965590924,0.8271809116798513,0.8395861342802254,0.8563088774446557,0.8524231728337704,0.7711642560504111,0.797726194527369,0.8406071824608216,0.8682013839479505,0.8654710463722288,0.8801440001031636,0.883459835029574,0.906300687803387,0.8858252835184536,0.8802406727563874,0.90562039931807,0.9131736595826616,0.9148276652486539,0.9328728284583757,0.9556091145878853,0.9929027885835132,0.9539576017156685,0.9438512630154865,0.945321021252301,0.9335209013955273,0.9389587957975135,0.9046968730045005,0.881775766111726,0.8737501861570458,0.8306148280492045,0.8478988838906475,0.8145245892597076,0.6842331507679319,0.922064788861681,0.9352986573359676,0.8474311814715476,0.7143905264209379,0.4744135945894666,0.8318044771414319,0.8413025080281498,0.8769963057783601,0.8623138764672621,0.8750041367977538,0.8859932913973624,0.8976467842654013,0.8931755237405066,0.8455383099513977,0.8555563577457043,0.8855282621958657,0.9060444275959525,0.9054116960058346,0.9171442172087005,0.9167530991006493,0.936315888072988,0.9175249220395848,0.9220410729051062,0.9357498023547007,0.940744800532928,0.9421010559172576,0.9543229398288564,0.9664048960565723,0.9908618845088738,0.9738536009712404,0.9616724405679941,0.9638264847107928,0.958033135866362,0.9546030607453078,0.9436702474821889,0.915126888262323,0.8989593300604737,0.8642927666807866,0.8984590597133675,0.8613906065024239,0.7280925489930731,0.9443479049953407,0.9567368713789359,0.82738102810326
20.4,0.8129862377806658,0.6869107077236611,0.3852337669418745,0.7828733658204671,0.8128113567732438,0.8531425350416991,0.8350647160663853,0.8524000609210426,0.8632758418505873,0.8775785413800395,0.8745884559443822,0.8041778222107678,0.8275671272437947,0.864448936680395,0.8883098644717193,0.8855093882737075,0.8979175389391516,0.9008731514570143,0.9202065090813659,0.9029049775451924,0.8990109970911168,0.9202233180749112,0.926317577070176,0.9277783637510107,0.9427895263516706,0.9622512452236437,0.993755765899841,0.9612728257385867,0.952092274700878,0.9533409043236791,0.9434680421984017,0.9477815367320911,0.919597637151676,0.8987585377909713,0.8927868564898543,0.8556824444503004,0.8700566191824685,0.8419272164372475,0.7254126934554949,0.9333821430968183,0.945171593832304,0.8700576138885867,0.7534167069800877,0.5258798982660555,0.8568607668007043,0.8652370395897003,0.8957150218492493,0.8829149604264197,0.893912162352048,0.903315651916055,0.9132232047789181,0.909718657101064,0.8689562809104467,0.8777614036509769,0.9031160936040459,0.9206288094313887,0.9198818773347776,0.929718372780388,0.9294793559584467,0.9459832054194459,0.9301451332174527,0.9345820428256727,0.9458949126241587,0.9498948892404344,0.9510395068728332,0.9612056419272302,0.971504195694872,0.9920067642332546,0.9779867400214589,0.9674137116014675,0.9692524587077876,0.9643587831357764,0.9613182355394138,0.9526431415508116,0.9277065989155544,0.9142833490102755,0.8848699246099566,0.9136319878240557,0.8826726567145382,0.7652503029370772,0.9525866403126996,0.963386647331311,0.8531756850302683
20.8,0.8399845312767917,0.7284683950745083,0.4360776908619781,0.8141811252093166,0.8404479376248772,0.8751871432471442,0.8593222676676793,0.8743932948289761,0.8838586107868662,0.8960212123666654,0.8937475919673444,0.8332550358451953,0.8536439276824445,0.8851110322654884,0.9056132595879753,0.902839213034408,0.913286742198346,0.9159001999301085,0.9321989023335504,0.9176341720970509,0.9150548377250008,0.9326935422815666,0.9375904809919615,0.9388676601620967,0.9513221654826931,0.9679297152757523,0.9945170997015484,0.9674559023586737,0.9591781031501286,0.9602351378102862,0.9519921336750364,0.9554044802677892,0.9323047628703325,0.9135583153264064,0.9091955012051159,0.8774814879099641,0.889347404517815,0.8658239027360002,0.7627807538276553,0.9431635900492804,0.953597649525208,0.8896844459664816,0.7884055736050966,0.5761769753753171,0.8786014915050713,0.8859472831949992,0.911817554876768,0.9007279602134646,0.9101975858710718,0.918206374176925,0.9265944219686386,0.9238645262273082,0.8891850492872595,0.8968702931202053,0.9181971243705215,0.9330800653676442,0.9322747174892374,0.9404988774394025,0.94037261139997,0.9542544922220505,0.9409421349932905,0.9451909184528697,0.9544935792930851,0.9576876673004343,0.9586487241018619,0.9670910297895157,0.9758471726205712,0.9930211098524209,0.9814746301123124,0.9723212658641127,0.9738861250907404,0.9697600131529746,0.9670867015152822,0.9602301867823113,0.9385620229945335,0.9274415802743563,0.9026101293664167,0.9267094974063825,0.9009874993603653,0.7984984498442008,0.959662465887566,0.9690408055798478,0.8755886985770321
21.2,0.8636172136851014,0.7660587150258841,0.4875937335121238,0.8416844754907113,0.8645448615045511,0.8942544931132733,0.8804342804149603,0.8934421325596642,0.9016275851008508,0.911920169438574,0.9102117591616036,0.8586194108503025,0.8762390680494661,0.9029024503400805,0.9204237818190316,0.9177469289547677,0.9265121336973208,0.9288069970050711,0.9425004581806952,0.93027857714929,0.9287009155602416,0.9433040759225914,0.9472251041333308,0.9483321994721415,0.9586429379092588,0.9727765620955319,0.9951946829106592,0.9726728100284391,0.9652571713050122,0.9661492111625699,0.9592792842915351,0.9619726179682289,0.9430995715576102,0.9263887621898534,0.9232679406226477,0.8963082710112217,0.906040553251403,0.8865021103535844,0.7962539146928836,0.951590821909015,0.9607719903172822,0.9066064526251668,0.8194014896220089,0.6243943576151441,0.897340312842035,0.9037517244602512,0.9256008335206939,0.916045607302765,0.9241550513980468,0.93094842437763,0.9380249515768435,0.935910317031668,0.9065494576644753,0.9132172010540822,0.9310702331440294,0.9436709511535694,0.9428489375511709,0.9497097148937413,0.9496649875180405,0.9613120613736233,0.9501487258341276,0.9541378134109101,0.9617642815103624,0.9643086568401338,0.9651119956013906,0.9721133211079254,0.9795414625378734,0.9939173679204563,0.9844154611391092,0.9765096495922954,0.9778378251983568,0.9743645378301303,0.9720305590850755,0.9666317787579906,0.9478924864185873,0.9386950949939793,0.9178205301567588,0.9379335633899629,0.9166578874185889,0.82791437516782,0.965725624792246,0.973841182613109,0.894922666396527
21.6,0.884150770389154,0.7996196328048052,0.5387152711657761,0.8656340889210548,0.8853944219634822,0.9106487219592787,0.8986870966967877,0.90984412610862,0.9168836364735073,0.9255582968183366,0.9242901601515691,0.8805627624430651,0.8956765259493485,0.918138293151029,0.9330436066082438,0.930512756426171,0.9378449123724415,0.9398478592863203,0.9513192856555573,0.9410908467934699,0.9402598662505425,0.9523048916053402,0.9554350316657925,0.9563876654589417,0.9649082519311115,0.9769078255315208,0.9957960780218357,0.9770680363298994,0.9704623473733692,0.9712130551002375,0.9654961350642455,0.9676179582777148,0.9522402762092257,0.9374609025566851,0.9352852402957789,0.9124729177366543,0.9204104707001104,0.904277081085017,0.8258987301510965,0.9588309601023777,0.9668683823225032,0.9211210063406934,0.8465755489634651,0.6697967554470613,0.9134011583793445,0.9189741186189557,0.9373492022790615,0.9291555092835035,0.9360671700386528,0.941809507463461,0.9477618153756049,0.9461320869841999,0.9213761488897767,0.9271314528936414,0.942016713461348,0.9526514009351548,0.9518428558630171,0.9575560444094025,0.9575685118577735,0.9673197736431389,0.9579769128903783,0.9616639531231757,0.9679000239153327,0.9699226244404099,0.9705915218634467,0.9763914252784457,0.9826806034150065,0.9947072657508188,0.9868932729813453,0.980079368629915,0.9812039402930834,0.9782843906562396,0.9762590186490725,0.9720236120180047,0.9558843728079753,0.9482867774014468,0.9308010327528503,0.9475318482875971,0.9300001737533823,0.8536852572192832,0.9709104914142269,0.9779114629732235,0.9114977379332834
22,0.9018783384663495,0.8292427044184223,0.5884408379841657,0.8863334188188596,0.9033162930656914,0.9246732878216728,0.9143783358256777,0.923896467422047,0.9299212740006131,0.9372075267026395,0.9362783436440822,0.899413196001946,0.9122956486409468,0.9311252655078216,0.9437560508394413,0.9414020706730063,0.9475207852637993,0.949259774939257,0.9588463627345571,0.950305459553114,0.950017362095923,0.9599208432311633,0.9624131408431646,0.9632277032180077,0.9702585375544296,0.9804248896239612,0.9963284657370335,0.9807664613311521,0.9749115913979366,0.9755417993625556,0.9707904377015649,0.9724594628384041,0.9599594491132788,0.9469770806886041,0.9455103364686546,0.9262828244368655,0.932725008108211,0.9194705988124138,0.8518938883585638,0.9650357516749848,0.9720400079556956,0.9335157686137909,0.870185706238809,0.7118512735795067,0.927101726995382,0.9319286436512979,0.9473273855009127,0.9403307831520965,0.9461974597639718,0.9510367604864011,0.9560309210555895,0.9547807846430382,0.9339795741501887,0.9389254290275577,0.951294962286906,0.9602463798918043,0.9594720894674585,0.9642229101595636,0.9642738993143585,0.9724233130224053,0.9646169302863193,0.967981746113208,0.97306954836994,0.9746744899806763,0.9752295580457817,0.9800299111429572,0.9853455376131081,0.9954017570126893,0.9889797469184278,0.9831181415811674,0.9840682649957925,0.9816172974623092,0.979869000350067,0.9765583396072924,0.9627088831008768,0.9564381975671263,0.9418347855801836,0.9557140900802701,0.9413134840795858,0.8760718849562619,0.9753362808548892,0.9813588878439087,0.9256331981232137
22.4,0.9171003365625451,0.8551320426899636,0.6359043062293893,0.9041103902322499,0.9186361272631933,0.9366192393792779,0.9278019900735524,0.9358845610566301,0.9410191836781953,0.9471220071270472,0.9464508881494853,0.9155103061731854,0.9264320855517765,0.9421521055295334,0.9528204867575299,0.950660107308785,0.9557563281705376,0.9572592484552959,0.9652543453280034,0.9581359570795829,0.9582307403942911,0.9663513831605807,0.9683313729507206,0.969024092266791,0.9748186729222027,0.9834159015543821,0.9967986066215708,0.983875388962,0.9787089037864739,0.9792367927193217,0.9752921465261225,0.9766034103306377,0.9664634890768682,0.9551269055547436,0.9541838238468755,0.9380313200401488,0.9432375849844675,0.9323958343962557,0.8744940216584949,0.9703415182428607,0.976420820448499,0.9440606630713315,0.8905418329127606,0.7502296268361927,0.938742543045883,0.9429102261871833,0.9557766047596704,0.9498242793259887,0.9547864206165926,0.9588540530848897,0.9630354995669893,0.962080742154502,0.9446530908869822,0.9488872447083009,0.9591379497094672,0.9666555463626566,0.9659289642713079,0.9698751507035077,0.9699505830186046,0.9767510460626355,0.9702374527442766,0.9732761470037612,0.9774191595467043,0.9786907084213139,0.979149952408981,0.9831201653981313,0.987606059078214,0.99601099221657,0.9907358503787758,0.9857021839517069,0.9865033658794942,0.9844481008643871,0.9829459437467051,0.9803676303192973,0.968521007483817,0.9633483770594813,0.9511824804475194,0.9626703299860625,0.9508732191735254,0.8953774924966902,0.9791080410344302,0.9842760057624186,0.9376347576374384
22.8,0.9301104991001458,0.8775659250339211,0.6804218622687739,0.9192961724099542,0.9316703652609134,0.9467577551797981,0.9392382105623633,0.9460747220289643,0.9504344956505785,0.9555342060039567,0.9550574467532353,0.9291873054836973,0.9384049223771875,0.9514839486384421,0.9604700354790453,0.9585092394547272,0.9627472680332591,0.9640409921908497,0.97069743699314,0.9647739239982992,0.9651281188337667,0.9717714738293233,0.9733414096678433,0.9739277408875499,0.9786988204172647,0.9859571864194063,0.997212815745169,0.9864865807037265,0.981945443452931,0.9823867622541581,0.9791148063663784,0.9801440498996465,0.9719334233339356,0.9620848206696943,0.9615220963286375,0.9479905860316394,0.9521823666192197,0.943347380126567,0.8939983034018468,0.9748696326993054,0.9801271894468546,0.9530032211373152,0.9079774904200107,0.78479071405868,0.9486004296319739,0.9521889450890973,0.9629130165410412,0.9578655544761663,0.9620499166321044,0.9654611743499226,0.9689560004649509,0.9682298680777549,0.9536640124513733,0.9572770440687051,0.9657526627708581,0.9720541176065234,0.9713830882655918,0.97465812272042,0.9747475805503465,0.9804152397158451,0.974986596492215,0.9777067727139921,0.9810748565250028,0.9820809027037435,0.9824598772586786,0.9857416354386644,0.9895221685866309,0.9965443105466347,0.9922133181364466,0.987897465196341,0.9885718786477299,0.9868501654533961,0.9855647359414877,0.9835643824352652,0.9734593939081775,0.9691938821832025,0.9590795374043568,0.9685704810667816,0.9589278279343104,0.9119229035043047,0.9823178016952112,0.9867423764838762,0.9477865543102448
23.2,0.9411865503153362,0.8968641125278196,0.7215128321684067,0.9322103957831434,0.9427163086802944,0.9553360050092319,0.9489469291893958,0.9547100913862067,0.9583998844231143,0.962653207884746,0.9623212412847053,0.940759143533653,0.9485088381680832,0.959359640283063,0.9669112165882773,0.9651481209852139,0.9686681544520114,0.969777927449157,0.9753119896750787,0.9703891880152823,0.9709091682787727,0.9763332287667716,0.9775759205052896,0.9780701756506115,0.981995509610067,0.988114605016607,0.9975769493739121,0.9886781995840784,0.9847007194316388,0.9850690237858111,0.9823570795515273,0.983164435412444,0.9765265334792416,0.9680089417650641,0.9677171470496139,0.9564078578569153,0.959771786039698,0.9525954083437201,0.9107252388972397,0.9787273447566385,0.9832596640958824,0.9605664417832798,0.9228287262460755,0.8155506719876255,0.9569252918966805,0.9600074658210225,0.9689277653884074,0.9646598410423238,0.9681791640041262,0.9710343100399723,0.9739509603286934,0.9734009332458801,0.9612515513473332,0.9643258750386822,0.9713208698041794,0.976594475527355,0.9759826627672099,0.9786989378558277,0.978794876077168,0.9835134698801634,0.9789933960721759,0.9814103883238473,0.984144559240359,0.984939590958109,0.9852516111899535,0.9879630819316326,0.9911453170864565,0.9970102492525359,0.9934559669990085,0.9897609014680654,0.9903277161510031,0.9888867168659331,0.9877906899909329,0.9862449337666916,0.9776468455874102,0.9741297939542606,0.965735353886087,0.9735648229263084,0.9656979146540153,0.9260280575745976,0.9850457890278614,0.9888261739428557,0.9563467995383272
23.6,0.9505845940399806,0.9133620999613152,0.7588967784012425,0.9431517271908176,0.9520463509766858,0.9625754565810499,0.9571644378436214,0.9620089252789247,0.9651227086633086,0.9686645629398952,0.9684392430013603,0.9505154237310587,0.9570100767059652,0.9659911397271148,0.9723248913847833,0.9707521110683007,0.9736729810521778,0.9746220606028995,0.979217574525883,0.9751308241284168,0.9757469065487786,0.9801679441365868,0.9811501323120513,0.9815652883848475,0.9847928459731532,0.9899448227373434,0.997896402256003,0.9905166111320616,0.9870437886022464,0.9873506826064112,0.9851043032312586,0.9857373574469711,0.9803784312051979,0.9730408375126616,0.9729374699615417,0.9635040170109165,0.9661957742924102,0.9603829168264064,0.924993807105043,0.9820088172973254,0.9859047368819581,0.9669484279540492,0.9354192827909605,0.8426473360414815,0.9639392423010851,0.9665806033256601,0.9739880919366357,0.9703883899044118,0.9733417695980237,0.9757273435863584,0.9781584709078027,0.9777434955896923,0.9676267618439732,0.9702362980711604,0.9760007034270259,0.9804081731037781,0.9798562149621293,0.9821079871366682,0.9822050818370467,0.9861301004668738,0.9823695288954876,0.9845035021249372,0.9867202921618775,0.9873479020535545,0.9876042793632712,0.9898437909903812,0.9925195289201959,0.9974165668905376,0.9945008497683521,0.9913414621720837,0.9918171728691565,0.990612086915587,0.9896805245981242,0.9884911678739192,0.9811912312852434,0.978291211185746,0.971333946955576,0.9777850947119018,0.9713769138886255,0.9379992607424225,0.9873616418550828,0.9905856587987319,0.9635460865676623
24,0.9585363110819707,0.9273922341198754,0.7924727525071845,0.9523926023765993,0.9599053047729827,0.9686718845813641,0.9641021277588321,0.9681645402138852,0.9707855374118314,0.9737311703064336,0.9735834394046643,0.9587169275652355,0.9641451489154975,0.9715643194641423,0.976867994661306,0.9754745210086023,0.9778964119875496,0.9787058990863562,0.9825183244577258,0.9791286451591239,0.9797900487245563,0.9833882844265399,0.9841635421982097,0.9845111742060239,0.987163758596833,0.9914964725357683,0.998176113798242,0.9920580148359377,0.9890344143637917,0.9892897845275016,0.9874300049295867,0.9879263115616963,0.983605321595618,0.9773059760579575,0.9773296364405673,0.9694738282368988,0.9716221692083824,0.9669251562620234,0.937110348777232,0.9847962702814189,0.9881365338266348,0.9723232065252345,0.9460511605652867,0.8663046261163226,0.9698372855688109,0.9720962887872526,0.9782390716811054,0.9752096972755957,0.977683400254318,0.9796736321324966,0.9816979718092106,0.9813861393737731,0.9729737752428429,0.975184074931657,0.9799286940662687,0.9836081038197216,0.9831145253709549,0.9849805906262299,0.9850752107525186,0.9883377505214831,0.9852111270674963,0.9870849023350287,0.9888802413665647,0.9893752118490471,0.9895854940358264,0.9914347143891522,0.9936824045321025,0.9977702769848544,0.9953792593470743,0.9926811793528255,0.9930799207053447,0.9920728505069205,0.9912833113883982,0.9903724592788647,0.9841866408660523,0.9817950352220063,0.9760354689179855,0.9813459382227819,0.976132741162932,0.9481211634310168,0.9893255862457944,0.9920705077724558,0.9695875327986798
24.4,0.9652481657816142,0.9392708969463146,0.8222878291875875,0.9601769966950722,0.966509907377741,0.9737964910548665,0.9699467217210581,0.9733463431513983,0.9755475541858369,0.9779947977069635,0.9779027376464754,0.9655946969529132,0.9701213744361283,0.9762406265341851,0.9806756872839411,0.9794483392870931,0.9814553544677331,0.9821441593646857,0.9853044034037939,0.982494945690859,0.9831655905184685,0.9860904651172329,0.9867016510900023,0.9869919493871196,0.9891712273070187,0.9928112052267961,0.9984205813790474,0.9933498976590066,0.9907241577754304,0.9909363926795742,0.9893973314186768,0.9897864590496507,0.9863062788212746,0.9809146121063882,0.9810202348511977,0.9744872348227589,0.976197884723165,0.9724105070100987,0.9473602324582987,0.9871611574762097,0.9900183871632416,0.9768422784459592,0.9549993547428967,0.8868005206397934,0.9747889665298899,0.9767173892755411,0.9818056774876157,0.9792612496121963,0.9813297798659744,0.9829880078215012,0.9846721733151377,0.9844388072097474,0.9774517981189335,0.9793204577476764,0.98322199547565,0.9862906752140435,0.9858525953490865,0.9873986603834162,0.9874884458269536,0.9901986957835993,0.9876005686834384,0.9892380353364647,0.9906906391617348,0.9910806604438197,0.9912528630329981,0.992779519894697,0.9946660072422947,0.9980776890749954,0.9961175964628139,0.9938160565041576,0.9941498970621149,0.9933088493981289,0.9926413679400571,0.9919474301199948,0.9867146612889641,0.9847418596175505,0.9799782123531506,0.9843465105761166,0.9801099845727596,0.9566523965990026,0.9909895411937075,0.9933229979773643,0.9746481026072304
24.8,0.9709019697988073,0.9492906290877288,0.8485015100173834,0.96672028984109,0.972049765393732,0.9780976901662288,0.9748614725675896,0.977701514211468,0.9795464612092075,0.9815779445444536,0.9815251827137499,0.9713508201709138,0.9751185723098187,0.9801592149221481,0.9838636735947952,0.9827881875087737,0.9844506903258156,0.9850355909617299,0.9876535004992986,0.9853263355911022,0.9859814104279836,0.9883563339203381,0.9888376377889114,0.9890794790049878,0.9908694504184279,0.9939246272360821,0.9986338791213756,0.9944323126945229,0.9921573848935911,0.992333576697857,0.9910603655720083,0.9913655503661704,0.9885654239811408,0.9839629391512881,0.9841179542910693,0.9786912722939253,0.9800505257997281,0.977002244179062,0.9560032391435457,0.9891653239717335,0.9916042679997235,0.9806365674776618,0.9625096557005628,0.9044405353511223,0.9789405470303354,0.9805839805785128,0.9847949532434656,0.9826615234931986,0.9843888045939576,0.9857688331833387,0.9871689781996781,0.9869950812283484,0.9811974946925689,0.982774742238535,0.9859806289406159,0.9885378864024615,0.9881515540138196,0.9894323034414289,0.989515832815497,0.9917661724615183,0.9896081803341709,0.9910331723279637,0.9922074562761007,0.9925145304441739,0.9926553515223326,0.9939155435034851,0.9954976416324804,0.9983444545585823,0.9967381154340292,0.9947768784356914,0.9950560900439712,0.9943541040923032,0.9937910837044922,0.9932655103609851,0.988845683751593,0.9872178460934963,0.9832808331500007,0.9868721404210379,0.983432331950669,0.9638238794856318,0.9923981396002155,0.9943790513507142,0.9788806209215917
25.2,0.9756562996152376,0.9577160256317629,0.8713510369340771,0.9722104810372014,0.9766891755099775,0.9817032341612852,0.9789879319950895,0.9813570294123527,0.9829006151139625,0.9845858421874086,0.9845602702334939,0.9761602660280237,0.97929139357536,0.983439275369841,0.9865305139599406,0.9855923371233805,0.9869690373731165,0.9874647972374914,0.9896322811142776,0.9877055531018912,0.9883287572035676,0.990255294229356,0.9906339248747117,0.9908349739964749,0.9923049298677927,0.9948671303096839,0.9988196806041552,0.9953389929649198,0.9933721827378162,0.9935183088036729,0.9924653195464462,0.9927047922018839,0.990453941420173,0.9865343755655323,0.9867156661675351,0.9822122856544637,0.9832902213733428,0.9808407817590058,0.9632716778624192,0.9908621100314353,0.9929400709477836,0.983818534995315,0.9687985701185505,0.9195372703360216,0.9824174103581232,0.9838157961842083,0.9872981585517792,0.9855120593949424,0.9869526379209502,0.98809999929757,0.9892633190393312,0.9891343266521999,0.9843274946513298,0.9856568609868376,0.9882896364618213,0.9904192516490222,0.9900804437601523,0.9911413201782227,0.9912178525939421,0.9930855663753592,0.9912938112681279,0.9925293428552427,0.9934778985520285,0.9937194796942562,0.993834494280338,0.9948746420585849,0.996200532650475,0.9985756151868653,0.9972595623032657,0.9955899270229137,0.9958232279016654,0.9952376190676694,0.9947636725279756,0.9943683061017177,0.9906401810149934,0.9892965115501133,0.9860446083997894,0.9889959438899932,0.9862050293849182,0.9698389678110695,0.9935896571431284,0.9952691483397508,0.9824161271742926
25.6,0.9796483965160558,0.9647823480442596,0.8911208156508003,0.9768101999144203,0.9805694126663469,0.9847224570434209,0.9824480045490407,0.9844218071101335,0.9857112115463552,0.9871084527702192,0.9871012109267778,0.9801732882743046,0.982771940167139,0.9861823799502935,0.9887598267132505,0.9879446756637157,0.9890844556474703,0.9895039764430957,0.9912977520895024,0.9897031878742615,0.9902845466734249,0.9918460434776732,0.9921436102621405,0.9923104380008664,0.9935174616873125,0.9956646203021469,0.998981284186276,0.9960983141177416,0.9944011823287916,0.9945222666574411,0.9936516019013776,0.9938396472670966,0.9920319021106648,0.9887008902204546,0.9888924112872292,0.985158234772164,0.9860115177905852,0.9840461106466291,0.9693703940378259,0.9922973801061129,0.9940647521222766,0.9864843050220089,0.9740546139416122,0.932395700554588,0.9853264932792095,0.9865146697053325,0.9893927979048175,0.9878994906907349,0.9890996996818265,0.99005279926745,0.9910188621148586,0.9909236509787398,0.9869408588078583,0.988059875880664,0.9902210789708626,0.991993541375583,0.9916978517021944,0.9925765740225265,0.992645850867432,0.9941954813173531,0.9927082598255748,0.9937760339588987,0.9945417155579258,0.9947316306840079,0.9948254631924123,0.9956839491289855,0.9967944151539624,0.9987756524933944,0.9976977189360352,0.9962776095372324,0.996472380989048,0.9959840888572017,0.995585850164899,0.9952907878886453,0.9921499157314366,0.9910403823864097,0.9883556123034725,0.9907803480026548,0.9885172423176746,0.9748747862382917,0.9945968474387049,0.9960191220938621,0.985366330391984
26,0.9829962868460002,0.9706959769063337,0.9081175009558961,0.980659118273656,0.983811201966262,0.9872484889659761,0.9853460902619016,0.9869888354789991,0.9880644011325793,0.9892223785771854,0.9892270600926554,0.9835180676900771,0.985672432811022,0.9884747265067618,0.9906223193826096,0.9899165545583034,0.990860046566544,0.991214537898747,0.9926985170898406,0.991379273643665,0.9919134313757557,0.9931781184109817,0.9934117537273041,0.9935499583409448,0.9945410276335748,0.9963391535345799,0.9991216398263465,0.9967341213917291,0.9952722912340722,0.9953725463623413,0.9946527622616209,0.9948005617626526,0.9933498841661165,0.9905243028962825,0.9907152390488877,0.9876209480629137,0.98829522898063,0.9867202414795555,0.9744780051308166,0.993510465605112,0.9950113277251742,0.9887157007716737,0.9784404145445227,0.9433034051535609,0.9877586205964692,0.9887668575929971,0.9911444859147521,0.9898974550364756,0.9908965004695385,0.9916876406040117,0.9924895532916855,0.992419659055832,0.9891214012281709,0.9900622883949578,0.9918358474287248,0.9933103315890709,0.9930533736522724,0.9937812227140974,0.9938433173775497,0.9951286876286787,0.9938945464294228,0.9948146659457408,0.9954323345471011,0.9955815242431856,0.9956579992275973,0.9963665397708102,0.9972960436041469,0.9989485368184955,0.9980658656096342,0.9968590071901149,0.9970214849037244,0.9966145136507116,0.9962804383728406,0.9960623147887724,0.993419056816534,0.9925024944463989,0.9902867412150866,0.9922784920396995,0.9904442445832465,0.9790842533170293,0.9954476858256488,0.9966508452167615,0.9878260105792959
26.4,0.985800945422345,0.9756360240532165,0.9226510657110236,0.9838764944818477,0.9865171871348817,0.9893603507285113,0.9877711870502029,0.9891371925580241,0.9900332665647543,0.9909926308227289,0.9910046651856191,0.9863033718645413,0.9880877786741803,0.9903892166452578,0.9921776205045516,0.9915684813662949,0.9923494166091659,0.9926485702817323,0.993875911111223,0.992784730834831,0.9932696323683201,0.9942932515245104,0.9944765180053596,0.9945908445004873,0.9954045890827929,0.9969094897442232,0.999243376486762,0.9972664364759134,0.996009340565128,0.9960922911443032,0.9954973207847937,0.99561361969038,0.9944503942020984,0.9920575176102485,0.9922408723996917,0.9896782398256924,0.9902101793716959,0.9889495344152086,0.9787488623512983,0.9945350169953906,0.9958077437152894,0.9905821350475653,0.9820952190748977,0.9525247519541307,0.9897906702284791,0.9906451783838242,0.9926086264049422,0.9915683478709763,0.9923992984239206,0.9930555813478764,0.9937209976989083,0.9936700019097365,0.9909398129052056,0.9917301273805497,0.9931852759369881,0.994411365209785,0.9941889099118907,0.9947918108600361,0.9948470162847657,0.9959129565297206,0.9948890362779372,0.9956798625586791,0.9961778361651723,0.9962949481554971,0.9963572205149928,0.9969420113280577,0.9977196312190115,0.9990977749254504,0.9983751733853882,0.9973503518287578,0.9974857933892191,0.997146733483294,0.9968668992591685,0.996707511552355,0.9944851925921488,0.9937277318441587,0.9918995524344754,0.9935354933636537,0.9920493981846902,0.9825984471286828,0.9961660266044559,0.9971828211028755,0.9898752730803387
26.8,0.98814838864174,0.9797566003706309,0.9350213974045986,0.9865636775019403,0.9887742794794674,0.9911248778625164,0.9897988737064577,0.9909339088697182,0.9916796237938855,0.9924742323355715,0.9924904114852783,0.9886210959194153,0.9900979525029646,0.9919873345750153,0.9934759041245351,0.9929516404193051,0.9935979935183752,0.9938501541120038,0.994865012118916,0.9939626533276847,0.9943985387939269,0.9952265501741668,0.9953701705390984,0.9954646229078211,0.9961327876967312,0.9973915706213761,0.9993488294012144,0.9977120592920842,0.9966326528098708,0.9967012424144059,0.9962094917003433,0.9963011259957045,0.9953691013719714,0.9933456640648596,0.9935171903560025,0.9913958454691394,0.9918148040114629,0.9908068487981012,0.982315378186572,0.9953997656134178,0.9964776286342715,0.9921423254206777,0.9851375336847599,0.9602980660644808,0.9914875331704609,0.9922109385419785,0.9938319004915143,0.9929649001381935,0.993655572379596,0.9941996886809947,0.9947516756611274,0.9947147279823367,0.9924555634113263,0.9931188011513599,0.9943125596013409,0.9953317362656866,0.995139800035166,0.9956392295643143,0.9956879752963932,0.9965717883989799,0.9957224202859782,0.996400536431377,0.9968017892999684,0.9968936527312396,0.9969443191075202,0.9974269881320068,0.9980772272661311,0.9992264554866064,0.9986350362911629,0.9977654386056649,0.9978782691750873,0.9975958899589351,0.997361804796525,0.9972470162811627,0.9953802375495686,0.9947540075918897,0.9932459038852632,0.9945895749309196,0.9933859114958959,0.9855290715040683,0.996772180036827,0.9976306913427868,0.9915816058205341
27.2,0.9901116297645912,0.9831893839921186,0.9455095684503544,0.9888064663649538,0.9906558218770826,0.9925984512965259,0.9914931296382828,0.9924356490236343,0.993055632811503,0.9937136459606344,0.9937317633863886,0.9905486066056507,0.9917701483365055,0.993320816447489,0.9945593121788661,0.9941092397948306,0.994644193931442,0.9948565203865841,0.9956955336138877,0.9949494426448496,0.9953380902136139,0.9960075137138542,0.9961199557323522,0.996197899812209,0.9967465593768676,0.997798932553851,0.999440066654668,0.9980850786599864,0.9971595375751355,0.9972162204282835,0.9968098110661936,0.9968821223624005,0.9961359002264685,0.9944271347598108,0.994584531502277,0.9928291552812211,0.993158590010098,0.9923534805859431,0.9852904725726352,0.9961291987499806,0.997040942095093,0.9934458242959379,0.9876677154492394,0.9668349268688462,0.9929038566941049,0.9935156371907571,0.9948535696721095,0.9941315771395333,0.9947053160904678,0.9951562274370858,0.9956140038126688,0.995587451530769,0.993718577257179,0.9942747177513004,0.9952539880622423,0.9961009119410842,0.9959358082558052,0.9963495524496473,0.9963923444443908,0.9971250445382678,0.9964205657984898,0.9970008114816834,0.9973239622161182,0.9973959657095296,0.9974371590506199,0.9978355580939191,0.9983790404278038,0.9993372919508512,0.9988533521130127,0.9981159820670633,0.9982099203528338,0.997974824027607,0.9977792470702536,0.9976981152245502,0.9961312349915231,0.9956132948514136,0.9943693962985778,0.9954730586742923,0.994498379352817,0.9879708674627854,0.9972834161435815,0.9980076698544892,0.9930017185607795
27.6,0.9917524609353804,0.9860462502688855,0.9543728001342306,0.9906772688141688,0.9922235369444463,0.9938285297115819,0.9929079717352209,0.9936902061778909,0.9942052180906847,0.9947500316299478,0.9947686096386302,0.9921508526858746,0.9931606875445314,0.9944331140282782,0.9954631876479181,0.9950776912762651,0.9955204482539733,0.9956990633907684,0.9963926054711572,0.9957757983152252,0.9961199615687762,0.9966609055870136,0.9967488494685541,0.9968131053430236,0.99726366906063,0.9981430616178579,0.999518914671497,0.9983973044981146,0.9976047224912308,0.9976515418121044,0.9973156790198915,0.9973728405587153,0.9967758203498007,0.9953345139181679,0.995476828856133,0.9940247445905288,0.9942833564983392,0.9936408784632949,0.9877699767898949,0.9967441535275799,0.9975145311563871,0.9945343663061428,0.9897704095098704,0.9723208938726524,0.9940855742674043,0.994602455924976,0.9957066062970914,0.9951058047444926,0.9955821646152619,0.9959556908820635,0.9963352538987001,0.9963163558771077,0.9947706941113496,0.9952366873458333,0.9960400100406707,0.9967436091829631,0.9966019735068218,0.9969447591986283,0.9969821369964554,0.9975894924102161,0.9970052499270929,0.9975008032372957,0.9977609261321539,0.9978173185158431,0.9978507878322516,0.9981796489536632,0.9986337153813291,0.9994326624920263,0.9990367594482403,0.9984119225755316,0.9984900892189678,0.9982944177220548,0.9981311950429449,0.9980752800407496,0.9967610612090174,0.9963325208862456,0.9953066282901305,0.9962132331159945,0.9954241178575646,0.9900038763222075,0.9977144025604699,0.9983249134284869,0.994183162223463
28,0.9931230481221602,0.9884218122266757,0.961842180916328,0.9922370350209506,0.9935292513147651,0.9948549900432091,0.9940889047280963,0.9947378142514384,0.9951653076926714,0.9956163417854188,0.9956344269923227,0.9934822310900394,0.9943166869827406,0.9953606649576597,0.996217135376678,0.9958876350166435,0.9962540926551058,0.996404219126278,0.9969774523310352,0.9964675761872009,0.9967705724867361,0.9972074974281052,0.9972762083106718,0.9973291320514429,0.9976991742779844,0.9984336981670673,0.9995869823307278,0.9986586328286936,0.9979807263705107,0.9980193809854772,0.9977418264570681,0.9977870987736546,0.9973098009212136,0.9960954001309074,0.9962225902565468,0.9950217087689506,0.9952243785718295,0.9947121440543184,0.989834897305947,0.9972623361691866,0.9979126060940868,0.995443042940529,0.9915167735859118,0.9769171212332899,0.9950712346162137,0.995507547969395,0.9964186670637147,0.9959190346457726,0.9963143673209072,0.9966236885821307,0.996938343379734,0.9969250500772004,0.9956469290327059,0.9960371259722035,0.9966961461811199,0.997280542798716,0.9971593386848716,0.9974433583795576,0.9974758653990772,0.997979274197933,0.9974947886032051,0.9979172766191611,0.9981265660251537,0.9981706951530882,0.9981978724217273,0.9984693514901221,0.9988485689530494,0.9995146468861015,0.9991908376284965,0.9986616893769266,0.998726699821792,0.9985638870587895,0.9984278035553991,0.9983906213477388,0.9972890387945553,0.9969343372552477,0.9960882795341692,0.9968331058233878,0.9961943116949874,0.9916955043230591,0.9980775835878047,0.9985918373622593,0.9951657379289253
28.4,0.9942673391532644,0.9903957830472419,0.9681223262538544,0.993536962982808,0.9946164021786864,0.9957112891785915,0.9950741914383735,0.9956122892871498,0.9959669050520279,0.9963402685090421,0.996357279682259,0.9945882149069318,0.9952775016728592,0.996133986331483,0.9968459290307091,0.9965648231750952,0.9968681401429701,0.9969942223878621,0.9974679796527928,0.9970465278015824,0.9973119426203984,0.9976647014804932,0.9977183256499612,0.9977618807627155,0.9980658253052768,0.9986790976456471,0.9996456835283853,0.9988773534915912,0.9982981813404754,0.9983300820926291,0.9981007154431522,0.998136646543172,0.9977553475740848,0.9967331282568089,0.9968457400532537,0.995852817539999,0.9960113655734492,0.9956033301186533,0.9915534863114432,0.9976987737148726,0.9982471461386284,0.9962013184173808,0.9929664654639693,0.980762463435811,0.9958931470961198,0.9962611450761178,0.9970129263940046,0.9965976631533033,0.996925623340567,0.9971817069659917,0.9974425122858718,0.997433297185251,0.9963765522301429,0.9967030820347168,0.9972437678003664,0.9977290613026869,0.9976255735728625,0.9978609212026592,0.9978890848275174,0.9983063080380675,0.9979045740029246,0.9982641988430236,0.9984325119120647,0.9984670140439009,0.9984890700746047,0.9987131964182175,0.9990297914563127,0.9995850602788685,0.9993202751887686,0.9988724259922186,0.9989264697641755,0.9987910325781651,0.9986776800305271,0.9986542708145454,0.9977314676205339,0.9974377800762941,0.9967400394061,0.997352052259969,0.9968349938381305,0.993102367958707,0.9983835072258598,0.9988163838644543,0.9959827118732665
28.8,0.9952222936023528,0.9920351156181186,0.9733923240355493,0.9946199848414295,0.9955213405154234,0.9964254632534592,0.9958959551659643,0.9963420147927204,0.9966360098109597,0.9969450573294608,0.9969606731066794,0.9955067588829251,0.996075961985897,0.99677861019475,0.997370282684248,0.9971308776838169,0.9973819434328852,0.9974877559088412,0.9978792776319769,0.9975309341664809,0.9977624135812104,0.9980471063998978,0.9980889064326035,0.9981247256999687,0.9983744093902329,0.9988862535300842,0.9996962580878754,0.9990604091861479,0.9985661101790593,0.9985924275349756,0.9984028818872352,0.998431463770557,0.9981270876062327,0.9972673982139756,0.9973663381093175,0.9965455059764915,0.996669306602877,0.9963445550004668,0.9929830959293622,0.9980662052758472,0.9985282447034032,0.9968339026519084,0.9941693906815751,0.983975792486837,0.9965783625308743,0.9968885020953441,0.9975087864793262,0.9971638190669287,0.9974357954240882,0.9976477579298295,0.9978639002980274,0.9978576311588531,0.9969840088787317,0.9972571071055822,0.9977007584928025,0.9981036855809289,0.9980155050224716,0.9982105372669612,0.9982348561537486,0.9985806305738493,0.9982475321621309,0.9985532030996392,0.9986885023002533,0.9987154520943651,0.9987333429984688,0.9989183910611675,0.9991826181280506,0.9996454838910079,0.9994290117355681,0.9990501829948352,0.9990950911642771,0.9989824532807977,0.9988881139809773,0.9988747025125848,0.9981020822473843,0.9978588337384316,0.9972833989235548,0.9977863726636134,0.9973678777532198,0.9942719181844848,0.9986411065132127,0.9990052499679657,0.996661855257804
29.2,0.9960189480922685,0.9933959031477175,0.9778074643012205,0.9955220504427194,0.9962744496681613,0.9970209821766738,0.9965811294573191,0.9969507872709102,0.9971944047065399,0.9974502029504106,0.997464279706427,0.9962695030044229,0.996739427570748,0.997315879733417,0.997807504640784,0.9976039371346463,0.9978117622154145,0.9979005046258271,0.9982240528065423,0.9979361468169078,0.9981372563011985,0.9983669300450937,0.9983994711829616,0.9984289097720447,0.9986340459943288,0.999061087615838,0.9997397909826004,0.999213613282725,0.9987921645280496,0.9988138686363024,0.9986572281690764,0.9986800190843739,0.9984372380208099,0.9977148193205343,0.9978011915105078,0.9971227204729902,0.9972191971132567,0.9969609533000392,0.9941718127513951,0.9983754196700556,0.9987644025733465,0.9973614975450178,0.9951672207895688,0.986658339162842,0.9971495089121993,0.9974106990700226,0.9979224799187607,0.9976360360840203,0.9978615174380746,0.9980369299543866,0.9982160371003687,0.9982118779354315,0.9974896990859289,0.9977179915870531,0.998082074327955,0.9984165640074143,0.9983415668763871,0.9985032025106674,0.9985241391443347,0.9988106886710505,0.9985345115573843,0.9987939767002598,0.9989026900079885,0.9989237191961448,0.998938224909121,0.9990910212412418,0.999311474944755,0.9996972927687409,0.9995203573496805,0.9992000826444775,0.999237385073403,0.999143729036489,0.9990652739954166,0.9990590028162794,0.9984124443115735,0.99821091055975,0.9977363232214087,0.9981497681244601,0.997811061339995,0.9952438532908756,0.9988579409432023,0.9991640808237482,0.997226329351341
29.6,0.9966833328791972,0.9945250432203148,0.98150138762026,0.9962732278552479,0.9969010994989009,0.9975174768863654,0.9971522715965391,0.9974585382290529,0.9976603250755166,0.9978720415970346,0.9978845539528911,0.9969027965780025,0.9972906804519019,0.997763624135735,0.9981720496840434,0.9979992069711063,0.9981712468009674,0.9982456272937055,0.9985129965240161,0.9982750481786481,0.9984491806798867,0.9986344013254014,0.9986596990065333,0.9986838797758313,0.9988524393877543,0.9992086122241035,0.9997772298831482,0.9993418327899733,0.998982829092351,0.9990007234034352,0.9988712725696801,0.9988894924172396,0.9986959992300992,0.9980893791298274,0.9981643732722065,0.9976036376219762,0.9976786604168743,0.9974734827419076,0.9951598814704348,0.998635545866578,0.9989627765042116,0.9978014322836861,0.9959946999291688,0.9888959397764117,0.9976255005412378,0.9978453196586309,0.99826757959774,0.9980298244303341,0.9982167096509876,0.9983618549913731,0.9985102578780486,0.9985075945475754,0.9979106368299827,0.9981013841443765,0.9984002168875376,0.9986778561309383,0.9986141808537352,0.998748148606623,0.998766125603018,0.9990035873087227,0.9987746123069692,0.9989945855184438,0.9990818991757865,0.9990982903749497,0.9991100464998619,0.9992362232072955,0.9994201025290397,0.9997416807304611,0.9995970930371144,0.9993264593011061,0.9993574331013211,0.9992795759111607,0.9992143764293203,0.9992130968423404,0.9986722779528082,0.9985052577839337,0.9981138206008895,0.9984537462618724,0.9981796203558772,0.9960513367238395,0.9990404031683933,0.9992976334628011,0.9976954352737304
30,0.9972372562210396,0.9954616785977736,0.9845883972581593,0.9968986415843335,0.9974224562766311,0.9979313559143226,0.9976282560583051,0.9978819482417994,0.9980490264795109,0.9982242536525888,0.9982352518693502,0.9974285651439678,0.9977486786639476,0.9981367287211019,0.9984759843248756,0.9983294260227626,0.9984718491931266,0.9985341566261701,0.9987550986442848,0.998558442185415,0.9987087623458453,0.9988580816794573,0.9988777181903514,0.9988975701292478,0.9990360942930879,0.9993330683190953,0.9998094010768924,0.9994491419310675,0.9991435963758285,0.9991583457945096,0.999051361548994,0.9990659662769384,0.9989118856469598,0.9984028455141323,0.9984676609933539,0.9980042728311647,0.9980624772679958,0.99789960620962,0.9959809332446488,0.9988543021539785,0.9991293897335246,0.9981682022838271,0.996680760924323,0.9907611195432396,0.9980221377933605,0.9982070231273343,0.9985554289815374,0.99835815525455,0.9985130146029577,0.9986331030222219,0.9987560545759715,0.998754438476631,0.9982610049930963,0.9984203118827404,0.9986656318117985,0.9988960555656797,0.9988420783437526,0.9989531220404382,0.9989685210658448,0.9991652998437771,0.998975464528524,0.9991617448695301,0.9992318410441025,0.9992446018566741,0.9992541259206981,0.9993583298304929,0.9995116613517822,0.9997796826867287,0.9996615552067887,0.9994329790437825,0.9994586895062284,0.9993939782836962,0.9993398295787289,0.9993419382585884,0.9988897556953208,0.998751302119172,0.9984284226979407,0.9987079659677324,0.9984861072996989,0.9967220392093507,0.9991938956438096,0.99940991541403,0.9980852468114639
30.4,0.9976989726463055,0.9962384339245567,0.9871657660073641,0.9974192687797577,0.9978561673879907,0.9982763264739869,0.9980248633321029,0.998234967479426,0.9983732645708339,0.9985182889976858,0.9985278688710919,0.9978650413551736,0.9981291900635469,0.9984476152983032,0.9987293779229466,0.9986052611157392,0.9987231715803816,0.998775337985774,0.9989579139993455,0.9987953849502735,0.9989247994158603,0.9990451353602517,0.9990603519834369,0.9990766426733969,0.9991904996426932,0.9994380429999732,0.9998370238329504,0.9995389509674037,0.9992791159759928,0.9992912703884186,0.9992028501621382,0.9992145897508949,0.999092002884908,0.9986651102644288,0.9987209069874784,0.9983379940439384,0.9983830356918481,0.9982538663671067,0.9966630377612848,0.9990382093938136,0.9992693100388368,0.9984739250803385,0.9972494730528846,0.9923149780714636,0.9983526130137689,0.9985080253646293,0.9987955044845115,0.9986318700027301,0.9987601649580224,0.998859514817648,0.9989613722821681,0.9989604778569453,0.9985526217477426,0.9986856162366631,0.9988870439719777,0.9990782613212784,0.9990325718212223,0.9991246201294837,0.9991377825943695,0.9993008460817246,0.9991434633247975,0.9993010454639728,0.9993572949681339,0.9993672164723609,0.9993749295293608,0.9994609947605042,0.9995888209888275,0.9998121945261638,0.9997157066952163,0.9995227414700946,0.9995440765680601,0.9994903011098446,0.9994453566858553,0.9994496682753301,0.9990717414842003,0.998956940836809,0.9986905887167502,0.9989205296944847,0.9987409698807757,0.9972790253974931,0.9993229813255459,0.9995043019481042,0.998409142898998
30.8,0.9980837502484119,0.9968824699857862,0.9893159322054482,0.9978526124558553,0.9982169383677418,0.9985638337347453,0.9983552782994014,0.9985292557388208,0.9986436998129726,0.9987637261216279,0.9987720080608677,0.9982273791519506,0.9984453239312888,0.9987066460057643,0.9989406309282471,0.998835640159513,0.9989332611376035,0.9989769154912124,0.9991277882805026,0.9989934641498327,0.999104610336059,0.9992015564272974,0.9992133261700261,0.9992266890883922,0.9993202849142524,0.9995265693631,0.9998607233022005,0.9996141142027899,0.9993933219697362,0.9994033358707769,0.9993302552189317,0.9993397188581419,0.9992422799205062,0.9988844818217092,0.9989323500230001,0.9986159542948143,0.9986507120656942,0.9985483684937472,0.9972295990048053,0.9991927731608279,0.9993868002032164,0.9987287250455504,0.9977208430885254,0.9936088654864542,0.9986279362978394,0.9987585025421716,0.9989957201115793,0.9988600256203621,0.9989662933605354,0.9990484821055217,0.9991328589098769,0.9991324516836197,0.9987953316893968,0.9989063176003681,0.9990717389238075,0.9992304055324144,0.9991917834517006,0.9992680903204535,0.9992793192258693,0.9994144428804027,0.9992839668848942,0.9994171417512336,0.9994622601731986,0.9994699630638257,0.9994762074338802,0.9995472977471532,0.9996538358009514,0.9998399907659388,0.9997611964674731,0.9995983662521301,0.9996160656770083,0.9995713852331943,0.9995341007234518,0.9995397487476337,0.9992239968504384,0.999128787317207,0.9989090450924019,0.9990982307865435,0.998952901398631,0.9977415047330616,0.9994315120433883,0.9995836351768008,0.9986782545727582
31.2,0.9984043508221148,0.9974163775308764,0.9911085249470177,0.9982132690339357,0.9985170179254548,0.9988034303557883,0.9986305109362624,0.9987745535755578,0.9988692381638443,0.9989685747476549,0.9989756895443703,0.998528168508619,0.9987079758788803,0.9989224622199687,0.9991167499666105,0.9990280328213142,0.9991088589585021,0.9991453733036647,0.9992700492108829,0.9991590346929641,0.9992542822708528,0.9993323592093952,0.999341444162005,0.9993524015694372,0.9994293529517115,0.9996012113169589,0.9998810420522016,0.9996770204944453,0.9994895414755064,0.9994977903174022,0.9994373851741856,0.9994450364540394,0.999367663353128,0.9990679340269786,0.999108877487435,0.9988474551912669,0.9988741932492833,0.9987931853161912,0.9977001143446895,0.9993226390294649,0.9994854450612931,0.9989410574030411,0.9981114897576951,0.9946858523469367,0.9988572931974132,0.9989669292851906,0.99916268320497,0.9990501850986295,0.9991381930218118,0.9992061831288972,0.9992760752566393,0.9992759878652134,0.9989973333388524,0.9990899199268278,0.9992257989610169,0.9993574444062157,0.9993248374145616,0.9993880982597507,0.9993976607438655,0.9995096313760738,0.9994014632980225,0.9995139088278712,0.9995500829154464,0.9995560538818855,0.9995611076940092,0.9996198338974416,0.9997086090661357,0.9998637401650279,0.9997994097912304,0.999662066671907,0.9996767462300847,0.9996396282405401,0.9996087135357435,0.9996150735542764,0.9993513554734591,0.9992723778864949,0.9990910704532511,0.99924676242291,0.9991291336794589,0.9981254649653133,0.9995227377101426,0.9996503077671597,0.9989018393833213
31.6,0.9986714352224311,0.9978589317574946,0.9926021898643923,0.998513405643026,0.9987666047826791,0.9990030868202912,0.9988597506630995,0.9989789947266428,0.9990573173978947,0.9991395304585637,0.9991456098825372,0.9987778659318327,0.998926199550865,0.9991022685607538,0.9992635781154959,0.999188686698814,0.9992556099362181,0.9992861388296896,0.9993891681074005,0.9992974172427312,0.9993788780763102,0.9994417380006625,0.9994487345415752,0.9994577166109092,0.9995209926716029,0.9996641355697697,0.9998984503418795,0.9997296690781721,0.9995705870751154,0.9995773808664604,0.9995274501877273,0.9995336545108107,0.9994722798269403,0.9992213170319288,0.9992562455839343,0.9990402518480861,0.999060748381537,0.9989966958404612,0.9980908153411343,0.999431724756623,0.9995682586971792,0.9991179806623035,0.9984352098692025,0.9955820052517126,0.9990483447908707,0.9991403615859076,0.9993019088925497,0.9992086616357577,0.9992815365765667,0.9993377804658811,0.9993956715307206,0.9993957858040707,0.9991654530134322,0.9992426648971278,0.9993543008920134,0.9994635181994092,0.9994360215439774,0.9994884693722457,0.9994965996326799,0.9995893843531736,0.9994997108838428,0.999594573102175,0.9996235629909535,0.9996281833837085,0.9996322724800768,0.9996807892532346,0.9997547472989685,0.9998840194930076,0.9998315103985573,0.9997157120494159,0.9997278841329453,0.999697053006566,0.9996714315796725,0.9996780617660709,0.9994578707488447,0.9993923458441756,0.9992427343866018,0.999370893879436,0.9992756816931381,0.9984442050165981,0.9995993991186376,0.999706333623032,0.9990875945260961
32,0.9988939048812925,0.9982257269257269,0.9938462076156364,0.998763160739454,0.9989741883440433,0.999169451687717,0.99905066425694,0.9991493686891779,0.999214147425045,0.999282188657039,0.99928735949495,0.9989851538829448,0.9991075167316253,0.9992520706071871,0.9993859874914705,0.999322825810906,0.9993782394910316,0.9994037536504138,0.9994888962515283,0.999413065253808,0.9994826086497183,0.9995332008813982,0.9995385752809164,0.9995459360437253,0.9995979745992077,0.9997171726940789,0.9999133552419839,0.9997737330730565,0.9996388354199636,0.9996444300237215,0.9996031553101616,0.9996082012461167,0.9995595717503681,0.9993495357882826,0.9993792640868442,0.9992008083577109,0.9992164578515934,0.9991658685372722,0.9984152070215443,0.9995233326410994,0.9996377748417588,0.9992653853656113,0.9987034523285949,0.9963274847255724,0.9992074790956647,0.9992846732227751,0.9994179997327935,0.9993407235483586,0.9994010596835171,0.9994475869948217,0.9994955355582936,0.9994957691757315,0.9993053736110912,0.9993697438220683,0.9994614816087719,0.9995520851598741,0.999528923070766,0.9995724080108429,0.9995793103748639,0.9996561967779988,0.9995818561457179,0.9996618210711674,0.9996850429188717,0.9996886113279814,0.9996919189954538,0.9997320047374155,0.9997936062380134,0.9999013256384945,0.9998584759113922,0.9997608807061059,0.9997709714475249,0.9997453657660099,0.9997241402112396,0.9997307355598378,0.999546940363241,0.9994925677417431,0.9993690972865389,0.9994746190415431,0.9993975476220124,0.9987087820882268,0.9996638067095677,0.9997534075362247,0.9992419183702533
32.4,0.9990791890354522,0.9985297086172703,0.9948819103124884,0.9989709798248854,0.9991468335684383,0.999308069594262,0.9992096459290372,0.9992913411091133,0.9993449117784317,0.9994012241595985,0.9994056046765308,0.9991572404449871,0.9992581757746897,0.9993768736775068,0.9994880401973263,0.999434817252934,0.9994807022200044,0.9995020171601696,0.9995723798756798,0.9995097053813191,0.9995689763740792,0.9996096818034781,0.9996137982484559,0.9996198288590112,0.999662631774454,0.9997618688986155,0.9999261087055906,0.9998106126559021,0.9996962940296202,0.9997009005393295,0.9996667793281603,0.9996708952542487,0.9996324106477378,0.9994567008538739,0.9994819512273645,0.9993345115812207,0.9993464059381186,0.9993064977428772,0.9986845205667294,0.9996002449144554,0.9996961230637457,0.9993881859271865,0.9989257142183889,0.9969474839693491,0.9993400215002118,0.9994047531458941,0.9995147960843631,0.9994507660512613,0.999500714902215,0.99953920502001,0.9995789171157399,0.9995792137047091,0.9994218255688744,0.9994754741812878,0.9995508765982646,0.99962603360919,0.9996065425354926,0.9996425976484026,0.9996484496349164,0.9997121620785173,0.9996505328447186,0.999717889856563,0.9997364825986474,0.9997392326286819,0.9997419075447801,0.999775030222075,0.9998263297634696,0.9999160862304161,0.9998811276047397,0.9997989048717948,0.9998072685039573,0.9997860052856063,0.9997684281965844,0.9997747853620932,0.9996214113328389,0.9995762862339752,0.9994743774826164,0.9995612814051058,0.9994988909683395,0.9989283860475938,0.9997179073675959,0.9997929555086781,0.9993701286504991
32.8,0.9992334859410149,0.9987816191082837,0.9957439088141744,0.9991438964073416,0.9992904189121272,0.999423563687178,0.9993420269770636,0.9994096385482667,0.9994539363929468,0.9995005418066693,0.9995042398835318,0.9993001088914619,0.9993833667737433,0.9994808489205484,0.9995731227458794,0.9995283110055825,0.9995663068137991,0.9995841071703397,0.9996422570304934,0.9995904554081516,0.9996408944587736,0.9996736344351919,0.9996767770749075,0.9996817168212111,0.9997169282111907,0.9997995299008726,0.999937014689149,0.999841479578057,0.9997446580123989,0.999748450525955,0.9997202414361032,0.9997236085100388,0.9996931917928927,0.9995462556300071,0.9995676634457668,0.9994458498952957,0.9994548427005159,0.9994234008169141,0.9989080925251633,0.9996648046366747,0.9997450929588785,0.9994904813598104,0.9991098712085753,0.9974630273324929,0.9994504107474858,0.9995046701510614,0.9995955018877019,0.9995424551274625,0.9995838005538773,0.9996156428176508,0.9996485321630381,0.9996488539837168,0.9995187461409597,0.9995634466201142,0.9996254357531168,0.9996877756921095,0.9996713893266989,0.9997012850691663,0.9997062403394913,0.9997590363719093,0.999707945165532,0.9997646425475631,0.9997795217954036,0.9997816360524293,0.9997837987665276,0.9998111702170474,0.9998538828198944,0.9999286689331354,0.9999001554112726,0.9998309087396663,0.9998378396036707,0.999820184478503,0.9998056338940162,0.9998116243071217,0.999683668476773,0.9996462131811709,0.9995620909066217,0.9996336791924894,0.9995831702617537,0.9991106524042345,0.9997633410166908,0.9998261771896726,0.9994766443401105
33.2,0.9993619651944435,0.998990369332046,0.996461147819775,0.9992877668829001,0.9994098348929769,0.9995197881756436,0.9994522513556305,0.9995082032380522,0.9995448308784608,0.9995834026696121,0.9995865150743588,0.9994187253473081,0.9994874005893629,0.999567472005953,0.9996440582768583,0.9996063571396113,0.9996378209469002,0.9996526811001399,0.9997007391240069,0.9996579232202765,0.9997007861979219,0.9997271107103324,0.9997295009889141,0.9997335464177276,0.9997625167819228,0.9998312580897734,0.9999463354194066,0.9998673144291378,0.9997853581944237,0.9997884802537382,0.9997651575834248,0.9997679198630212,0.9997439131916882,0.9996210835827619,0.9996392040240707,0.9995385625261705,0.999545319900086,0.9995205824446076,0.9990936819422193,0.9997189842316206,0.9997861882071806,0.9995756898213034,0.9992624528119984,0.9978916465946296,0.9995423460073111,0.9995878101809826,0.999662789821416,0.9996188479269384,0.9996530685591661,0.9996794122096878,0.9997066501774807,0.9997069727432498,0.9995994121792013,0.9996366472951229,0.9996876201572501,0.999739325763408,0.999725561767974,0.9997503510719795,0.9997545422050955,0.9997982925126597,0.9997559374921114,0.9998036308946644,0.9998155324304329,0.999817153523092,0.9998189017378321,0.9998415224566165,0.99987707925814,0.9999393895636689,0.9999161389273604,0.9998578406985739,0.9998635832756724,0.9998489256061663,0.9998368843489233,0.9998424337571468,0.9997357088699187,0.9997046161241271,0.9996351677414089,0.9996941536774143,0.9996532610475225,0.9992619235924541,0.9998014885352102,0.9998540816522383,0.9995651371398272
33.6,0.9994689372525283,0.9991633490504926,0.9970578072627777,0.9994074667216426,0.9995091496701871,0.9995999558105835,0.9995440225708351,0.9995903225895457,0.9996206066962242,0.9996525297404003,0.9996551421433075,0.9995172114564317,0.9995738577198688,0.9996396388740337,0.999703200199086,0.9996715040126769,0.9996975592924047,0.9997099608275767,0.9997496795113288,0.9997142898255866,0.9997506675086396,0.9997718265589234,0.9997736368340157,0.9997769493014426,0.9998007881291597,0.9998579839923573,0.9999542968954934,0.9998889378261003,0.999819601932185,0.9998221718535656,0.9998028880734245,0.9998051604167284,0.9997862414862619,0.9996835985013109,0.9996989139918059,0.9996157642325517,0.9996208050239324,0.9996013714728432,0.9992477352005719,0.9997644434994021,0.9998206720823579,0.9996466611645718,0.9993888714377658,0.9982479517864465,0.9996189097160545,0.9996569907481517,0.9997188891754071,0.9996824934553693,0.9997108146302865,0.9997326102134335,0.9997551672921541,0.9997554754346072,0.9996665507755345,0.9996975596686758,0.9997394829412156,0.9997823659103418,0.999770814223904,0.9997913698149361,0.999794910870752,0.9998311655512315,0.9997960529225954,0.9998361474760485,0.9998456623355072,0.9998469015235256,0.99984831439488,0.9998670104724142,0.9998966053733588,0.9999485191663486,0.9999295650595124,0.9998805006208478,0.9998852579064347,0.9998730900430193,0.9998631283656251,0.9998682013486276,0.9997792044469578,0.9997533907751378,0.9996960497982965,0.9997446633498982,0.9997115540853044,0.9993874668550818,0.9998335122933331,0.999877517545615,0.9996386575834389
34,0.9995579953417602,0.9993066851723834,0.99755406853719,0.999507054213702,0.9995917470359598,0.999666744356775,0.9996204264874035,0.9996587375027048,0.9996837759628859,0.9997101963911394,0.9997123838471305,0.9995989878716484,0.9996457120420322,0.9996997622995313,0.9997525103084025,0.9997258804994449,0.9997474573335837,0.9997578038021265,0.9997906311569773,0.9997613789525768,0.9997922155559771,0.9998092169010948,0.9998105811380135,0.999813293048898,0.9998329119700078,0.9998804929079657,0.9999610937089071,0.9999070365158431,0.9998484077002853,0.9998505229835697,0.9998345777542684,0.9998364519928872,0.9998215669366931,0.999735820406655,0.9997487481662181,0.9996800493531037,0.9996837768721197,0.9996685348139195,0.9993756069408335,0.9998025786821334,0.9998496057537122,0.999705771029796,0.9994936128253008,0.9985441116455824,0.9996826701271397,0.999714556254357,0.9997656592535691,0.9997355167310891,0.9997589536675565,0.9997769873370693,0.9997956675210266,0.9997959525290965,0.9997224314248508,0.9997482491832868,0.9997827368082264,0.9998183007089063,0.999808613308232,0.9998256586033309,0.9998286474572,0.9998586909510151,0.9998295823216486,0.9998632691043082,0.9998708718616961,0.9998718158515829,0.9998729574872155,0.9998884110776303,0.9999130397987416,0.9999562901676506,0.9999408428483366,0.9998995629541015,0.9999035034423992,0.9998934034335649,0.9998851644660129,0.9998897527902877,0.9998155546064514,0.9997941217587571,0.9997467717746069,0.9997868461538691,0.9997600370508178,0.9994916557701676,0.9998603904265985,0.9998971985012411,0.9996997399623406
34.4,0.9996321341631534,0.9994254566644631,0.9979667631838763,0.9995899070577815,0.9996604413600106,0.9997223854798574,0.9996840339310218,0.9997157328921092,0.9997364340216167,0.9997583003781403,0.9997601280820014,0.9996668934445655,0.9997054336293489,0.9997498524223928,0.9997936239391277,0.999771264821651,0.9997891332333095,0.9997977626170081,0.9998248950854801,0.9998007153722126,0.9998268258049137,0.999840481651204,0.9998415038152996,0.9998437237729949,0.9998598719584174,0.99989944744461,0.9999668932574134,0.9999221852195721,0.9998726343877192,0.9998743753611238,0.9998611899415349,0.9998627397101119,0.9998510492841269,0.9997794393404725,0.9997903387359469,0.9997335785968815,0.9997363056405615,0.9997243722216217,0.9994817441729104,0.9998345639327605,0.999873880513645,0.9997549994646638,0.9995803942534044,0.9987902570859615,0.9997357668892256,0.9997624573713594,0.9998046506696268,0.9997796890901566,0.9997990827611116,0.9998140046845907,0.9998294739929208,0.9998297315475987,0.9997689427733893,0.9997904336821282,0.999818810413879,0.9998483029741019,0.9998401849490062,0.9998543196431029,0.999856840088416,0.9998817367042279,0.9998576054264846,0.9998858929455514,0.9998919645080003,0.9998926807901365,0.9998936030935442,0.9999063775481953,0.9999268703147624,0.9999629017217903,0.9999503159213781,0.9999155962543543,0.9999188597602017,0.9999104769473043,0.9999036645115952,0.9999077784383562,0.9998459303849323,0.9998281334868896,0.999789029037746,0.999822071687963,0.9998003624943371,0.999578121373239,0.999882945796237,0.9999137245343659,0.9997504895923113
34.8,0.999693849121607,0.9995238731986584,0.9983099202580702,0.9996588362402948,0.9997175732989104,0.9997687389255159,0.9997369863625026,0.9997632133113041,0.9997803284219031,0.9997984257283928,0.9997999499091801,0.9997232841964002,0.9997550741639545,0.9997915838895173,0.9998279042910104,0.9998091421406563,0.9998239396710804,0.9998311348947877,0.9998535610731688,0.9998335737512866,0.9998556594490495,0.9998666241974026,0.9998673848356905,0.9998692018879914,0.9998824950956879,0.9999154065821173,0.999971839422177,0.9999348649128205,0.9998930060995782,0.9998944389310686,0.9998835350395036,0.999884819558914,0.9998756560039314,0.9998158689311039,0.9998250484134362,0.9997781514136275,0.9997801199791583,0.9997707951260419,0.9995698395926872,0.9998613863400888,0.9998942448878074,0.9997959965872909,0.9996522958981077,0.9989948193795559,0.9997799824371358,0.9998023171314723,0.9998371565195461,0.9998164868950051,0.9998325338165834,0.999844881689106,0.9998576918116142,0.9998579205074366,0.9998076565167378,0.9998255419674421,0.9998488954296092,0.9998733519795193,0.9998665537870638,0.9998782750439564,0.999880398668743,0.9999010303110374,0.9998810252836408,0.9999047665761164,0.9999096125458148,0.9999101535837326,0.9999108985650469,0.9999214591674498,0.9999385080486601,0.9999685243462385,0.9999582729540957,0.9999290797026397,0.9999317822108807,0.9999248252304668,0.9999191936508195,0.9999228555067163,0.9998713115316706,0.9998565327559904,0.9998242341547856,0.9998514849676046,0.9998339043564177,0.9996498778896152,0.9999018704465679,0.9999276000684996,0.9997926553710534
35.2,0.9997452192281863,0.999605423552112,0.9985952269608767,0.9997161809424688,0.9997650894642268,0.9998073544057917,0.9997810673830542,0.9998027661017633,0.9998169165272798,0.9998318944752227,0.9998331633399069,0.9997701154778482,0.9997963378757937,0.9998263518214947,0.9998564877235001,0.9998407527320404,0.9998530072581474,0.9998590050476313,0.9998775418098189,0.9998610195607965,0.9998796828389519,0.9998884835846233,0.9998890449837157,0.9998905321202936,0.9999014765308548,0.9999288417926878,0.9999760557709227,0.9999454781222812,0.9999101331437618,0.9999113123278053,0.9999022946814874,0.9999033617269533,0.9998961942094814,0.9998462913468424,0.9998540148566677,0.9998152663224804,0.9998166631178367,0.9998093921915284,0.9996429591736695,0.9998838754934855,0.9999113274357032,0.9998301374061221,0.999711869842882,0.9991648131769657,0.9998168015308717,0.9998354859422515,0.9998642550931046,0.9998471405419584,0.9998604175002193,0.9998706360019119,0.9998812439011953,0.9998814441984015,0.9998398805899812,0.9998547624906947,0.9998739858225901,0.9998942653818412,0.9998885761487667,0.9998982961543353,0.99990008400361,0.9999171814361971,0.9999005970910618,0.9999205129963473,0.9999243784563973,0.9999247849732038,0.9999253866255834,0.9999341176992078,0.9999482994665467,0.9999733039356427,0.9999649564576139,0.9999404170659612,0.9999426547684769,0.9999368815629283,0.9999322271549815,0.9999354666290963,0.9998925176099765,0.9998802444025611,0.9998535640258795,0.9998760430973165,0.9998618049603397,0.999709427289195,0.999917746249148,0.9999392491125468,0.9998276900903714
35.6,0.9997879763279703,0.9996729988119814,0.9988324154252861,0.9997638876098516,0.9998046087215011,0.9998395232167627,0.9998177623900386,0.9998357141053312,0.9998474136131769,0.9998598098956542,0.9998608645634022,0.9998090101598787,0.9998306404536896,0.9998553184563528,0.9998803215150284,0.999867132271413,0.9998772808871448,0.9998822792256827,0.9998976015677977,0.9998839433214735,0.9998997002604073,0.999906761429596,0.999907171654836,0.9999083886857117,0.9999174004651827,0.9999401506693865,0.9999796483437161,0.9999543617260698,0.9999245297816267,0.9999255001918022,0.9999180420843626,0.9999189303181134,0.9999133372593648,0.9998716950004718,0.9998781877867772,0.9998461711908102,0.9998471398238783,0.9998414838227241,0.9997036482944803,0.9999027284247125,0.9999256559231798,0.9998585675720734,0.9997612305070046,0.9993060730627055,0.9998474608986695,0.999863087374386,0.9998868455170031,0.9998726753581673,0.9998836599257407,0.9998921168187818,0.9999009009778262,0.9999010744688843,0.9998667034386018,0.9998790838353221,0.9998949106347674,0.999911725884452,0.9999069676351715,0.9999150281393007,0.9999165321783261,0.9999307009302043,0.9999169523488922,0.9999336514494545,0.9999367328653475,0.9999370364202769,0.9999375222427556,0.9999447412676215,0.9999565364990525,0.9999773652327925,0.9999705701609312,0.9999499484940593,0.9999518011487143,0.9999470106514682,0.9999431646215603,0.9999460153727757,0.999910234076221,0.9999000411402917,0.9998779991763037,0.9998965459904594,0.9998850140815099,0.9997588461943117,0.9999310623200217,0.9999490280380026,0.9998568005593641
36,0.9998235628845861,0.9997289946158276,0.9990295869079361,0.9998035758091453,0.9998374773526537,0.9998663212825265,0.9998483083299096,0.9998631596513325,0.9998728330158181,0.9998830926365007,0.9998839680271977,0.999841315222288,0.9998591579635007,0.9998794520181493,0.9999001953382796,0.9998891455153589,0.9998975501573644,0.9999017145574562,0.9999143802541188,0.9999030892643763,0.9999163811854561,0.9999220444291366,0.999922340485026,0.9999233364078516,0.9999307577662584,0.9999496684448633,0.9999827080721012,0.999961797664789,0.9999366292352909,0.9999374278178683,0.9999312592059721,0.9999320000140317,0.999927646946879,0.9998929061584075,0.9998983599972552,0.999871905129234,0.9998725556745175,0.9998681674747373,0.9997540199750657,0.9999185306390351,0.9999376734413388,0.9998822415517752,0.9998021296352273,0.9994234510661321,0.9998729906207673,0.9998860562657012,0.9999056774947301,0.9998939457213195,0.9999030332749431,0.9999100327176763,0.9999173066053029,0.9999174555094595,0.9998890308621452,0.9998993283746996,0.9999123613338071,0.9999263035053415,0.9999223262023214,0.9999290105676674,0.999930274963047,0.9999420167941349,0.9999306190779398,0.9999446147507652,0.9999470695465115,0.9999472945535921,0.9999476867864016,0.9999536560486908,0.9999634650892151,0.9999808148262697,0.9999752852124481,0.999957960484289,0.9999594942083054,0.9999555194248063,0.9999523419515777,0.9999548392048327,0.9999250341391582,0.9999165685224805,0.999898356506896,0.9999136620940692,0.9999043214269632,0.999799858094311,0.9999422297080388,0.9999572363338071,0.9998809892531942
36.4,0.999853180195288,0.9997753959633586,0.9991934831121748,0.9998365930679358,0.9998648149453616,0.9998886450434168,0.99987373518014,0.9998860212529029,0.9998940196394893,0.9999025108923251,0.9999032365484493,0.9998681487093017,0.9998828674663743,0.9998995591031082,0.999916767495785,0.9999075144546331,0.9999144748348259,0.9999179436092133,0.9999284135832163,0.9999190793120316,0.9999302829297024,0.9999348231825859,0.999935033483471,0.9999358484291045,0.9999419608045332,0.9999576777245379,0.9999853128768961,0.9999680219043759,0.9999467963705773,0.9999474535413635,0.9999423512036024,0.9999429701451912,0.9999395920052354,0.9999106154282845,0.9999151932562591,0.9998933333952628,0.9998937498922473,0.9998903553144103,0.9997958282118489,0.9999317738404365,0.9999477519560523,0.9999019544693738,0.9998360184682983,0.999520981429488,0.9998942486223024,0.9999051704278478,0.9999213761176815,0.9999116635188208,0.9999191813502362,0.9999249749077703,0.9999309981371014,0.9999311249591045,0.9999076166745031,0.9999161802558205,0.9999269146327047,0.9999384741728066,0.9999351514663447,0.9999406946525746,0.9999417568886508,0.9999514875760568,0.9999420387430389,0.9999537637139173,0.9999557179742676,0.9999558832827589,0.999956199908973,0.9999611361157978,0.9999692924070076,0.9999837437362473,0.9999792453896992,0.9999646942965168,0.9999659638884498,0.9999626661399911,0.9999600414458965,0.999962220329625,0.9999373970759962,0.9999303658218242,0.9999153165887684,0.9999279499245115,0.9999203836349554,0.99983389333411,0.9999515937767451,0.9999641256574415,0.9999010889158411
36.8,0.9998778286084601,0.9998138475493884,0.9993297129858132,0.9998640605319568,0.999887552563636,0.9999072413737896,0.9998949005265543,0.9999050642140337,0.9999116779163129,0.9999187056099512,0.9999193064415406,0.9998904386894685,0.9999025807446008,0.9999163116622942,0.999930586787292,0.9999228418426143,0.9999286061526906,0.9999314948411742,0.99994014999178,0.9999324331402026,0.9999418694917669,0.9999455079316156,0.9999456542312961,0.9999463210618413,0.9999513559463566,0.9999644167091162,0.9999875294849352,0.9999732319361039,0.9999553384116046,0.9999558792076729,0.9999516586149211,0.9999521765688313,0.99994956354035,0.9999253999461898,0.9999292399404474,0.9999111764685372,0.9999114227904385,0.9999088055211468,0.9998305289105928,0.9999428708640793,0.9999562036959785,0.9999183686612083,0.9998640992748796,0.9996020179626316,0.9999119494187351,0.999921077027929,0.99993446256212,0.9999264218809605,0.9999326408944598,0.999937436643229,0.9999424242175216,0.9999425315235038,0.9999230882172729,0.9999302086656511,0.9999390515273364,0.9999486352537712,0.9999458608484704,0.9999504576866268,0.9999513495344323,0.9999594136097871,0.9999515804160515,0.9999613991617611,0.999962953824908,0.9999630739556727,0.9999633295130476,0.999967411728646,0.9999741929373239,0.9999862296425339,0.9999825714759519,0.9999703530570667,0.9999714039261245,0.9999686680622532,0.9999665003127938,0.9999683947473671,0.9999477235747999,0.9999418834920697,0.999929446408969,0.9999398760912842,0.9999337467184128,0.9998621389351424,0.9999594446380142,0.9999699074509657,0.9999177913060587
37.2,0.9998983410607226,0.9998457120756564,0.999442942108573,0.9998869109716807,0.9999064644949969,0.9999227325196823,0.9999125183792162,0.9999209261528131,0.9999263951337028,0.9999322115357699,0.9999327084853332,0.9999089555802028,0.9999189723046629,0.9999302694810281,0.9999421107358393,0.9999356308556298,0.9999404046280987,0.9999428097128908,0.9999499648185378,0.9999435849579392,0.9999515272196375,0.9999544417220682,0.9999545406192321,0.9999550862399245,0.9999592340705775,0.9999700861393628,0.9999894150004686,0.9999775930525495,0.9999625139893072,0.9999629590183485,0.9999594676176113,0.9999599016911894,0.9999578879015896,0.9999377419552519,0.9999409611018677,0.9999260342683747,0.9999261587083313,0.9999241482998488,0.999859330502381,0.9999521682509258,0.9999632907225754,0.9999320358170155,0.9998873680581706,0.9996693484775122,0.9999266880686595,0.9999343145383121,0.9999453713525973,0.999938714969591,0.9999438593766209,0.9999478294322441,0.9999519594052682,0.9999520496813517,0.999935967589506,0.9999418871759529,0.9999491731778051,0.9999571185202014,0.999954803075441,0.9999586151259445,0.9999593634812016,0.9999660464416372,0.9999595526270326,0.9999677719275916,0.9999690077623374,0.9999690938742296,0.9999693001129619,0.9999726763100604,0.9999783136163797,0.9999883388023412,0.999985364936943,0.9999751077542818,0.9999759775227737,0.9999737079401486,0.9999719178343823,0.9999735598261321,0.9999563485824261,0.9999514977686703,0.9999412183238046,0.9999498303779623,0.9999448647207496,0.9998855799642574,0.9999660259408095,0.9999747593485628,0.9999316710760969
37.6,0.9999154110364258,0.9998721185867503,0.9995370507078725,0.9999059204163327,0.9999221946533435,0.9999356368832958,0.9999271831825195,0.9999341382817342,0.9999386608946123,0.9999434747890381,0.9999438854178562,0.9999243389667205,0.9999326026290288,0.9999418989058003,0.9999517207787547,0.9999463015187855,0.9999502549625253,0.9999522569845551,0.9999581721887412,0.9999528975405699,0.9999595778396667,0.9999619114099758,0.9999619755213425,0.9999624219570115,0.9999658394189592,0.9999748551604298,0.9999910182627718,0.9999812435993615,0.9999685407803788,0.9999689070030322,0.9999660186687274,0.9999663829205624,0.999964837416115,0.9999480443576563,0.9999507415546705,0.9999384063235085,0.9999384451725113,0.9999369074983809,0.999883235981347,0.9999599568328092,0.9999692329713077,0.9999434154380903,0.9999066499439515,0.9997252900803305,0.9999389601310524,0.9999453309984938,0.9999544647603259,0.9999489544755356,0.9999532098275853,0.9999564965687537,0.9999599163911006,0.9999599919596349,0.9999466893127147,0.9999516098281942,0.9999576141561773,0.9999642009759667,0.9999622694671598,0.9999654307044046,0.9999660583100024,0.9999715967358508,0.9999662132796289,0.9999730911840287,0.9999740727885176,0.999974133433038,0.9999742998485027,0.9999770923170594,0.9999817781644926,0.9999901276993511,0.9999877110096981,0.9999791022972896,0.9999798221311094,0.9999779394636419,0.9999764614013961,0.9999778806315293,0.9999635520608422,0.999959522875378,0.9999510258511535,0.9999581383579762,0.9999541152232099,0.999905033879203,0.9999715422718818,0.9999788305665758,0.9999432056062382
38,0.9999296158721037,0.9998940025306114,0.9996152654084705,0.9999217344811547,0.9999352785360552,0.9999463863445593,0.9999393898178662,0.999945143147869,0.9999488833499607,0.9999528675327537,0.9999532065328416,0.9999371198532452,0.9999439374835055,0.9999515884446153,0.9999597349290139,0.9999552044277319,0.9999584785010915,0.9999601446723422,0.9999650349729993,0.9999606739637379,0.9999662892933572,0.9999681568648355,0.9999681957381891,0.9999685610161706,0.9999713770424739,0.9999788662728124,0.9999923810177692,0.9999842993700385,0.9999736019541532,0.9999739033285515,0.999971513778027,0.9999718197941687,0.9999706393417568,0.9999566437294765,0.9999589024722728,0.9999487085694416,0.9999486889025787,0.9999475185718331,0.9999030778124289,0.9999664806395808,0.999974215007448,0.9999528902227743,0.999922628501184,0.9997717684912575,0.999949178292041,0.9999544992083271,0.999962044811191,0.9999574833704314,0.9999610032137468,0.9999637244278808,0.9999665562042596,0.9999666191795388,0.9999556150295912,0.99995970450855,0.9999646534968982,0.9999701138969913,0.9999685033732137,0.9999711248979096,0.9999716509650498,0.99997624090313,0.9999717779459144,0.9999775313800805,0.9999783103932288,0.9999783521032399,0.9999784863673332,0.9999807961804075,0.9999846907403422,0.9999916444604036,0.9999896812974667,0.9999824577832527,0.9999830534961942,0.9999814918638045,0.9999802715935319,0.9999814952181364,0.9999695679902852,0.9999662212279404,0.9999591968283182,0.999965071946041,0.9999618122351981,0.999921179039574,0.9999761653856332,0.9999822464369869,0.9999527914794782
38.40000000000001,0.9999414361771999,0.9999121389563966,0.9996802690192096,0.9999348902763397,0.9999461614832483,0.9999553406957516,0.9999495502655728,0.9999543094200196,0.9999574027373799,0.9999607002201235,0.9999609798577095,0.9999477391248537,0.9999533639500313,0.9999596617625088,0.9999664183283065,0.9999626322102348,0.9999653436492509,0.9999667300414465,0.9999707731310223,0.9999671674138951,0.9999718847518,0.999973378665421,0.9999733994892072,0.999973698363234,0.999976019064723,0.9999822395113557,0.9999935389281059,0.9999868572836256,0.9999778516117771,0.9999780996244632,0.9999761226299596,0.9999763799847309,0.9999754833343762,0.9999638212094791,0.9999657119050938,0.9999572873365163,0.9999572291783814,0.9999563435107857,0.9999195469147176,0.9999719443918179,0.9999783917012913,0.999960778889094,0.9999358700335224,0.9998103840467495,0.999957686215968,0.9999621293680936,0.9999683632996708,0.999964587368709,0.9999674987563254,0.9999697518937781,0.9999720967379071,0.9999721490083309,0.9999630457345479,0.9999664440701579,0.9999705239140366,0.999975050379421,0.9999737080610591,0.9999758820068886,0.9999763227477813,0.9999801266576331,0.9999764268047788,0.9999812380197199,0.9999818556993735,0.9999818834478499,0.9999819917581335,0.9999839024596193,0.9999871390224485,0.9999929300714739,0.9999913359497593,0.999985276096062,0.9999857690661371,0.9999844737882526,0.9999834664551112,0.9999845190532041,0.9999745919034405,0.9999718119624871,0.9999660043744839,0.9999708582213833,0.9999682169094314,0.9999345783720288,0.9999800394467927,0.9999851122199537,0.9999607581651672
38.8,0.9999512720155489,0.9999271700227184,0.9997342919747728,0.9999458346379063,0.9999552138615854,0.9999627996696483,0.9999580074823806,0.9999619442131005,0.9999645026723603,0.999967231816265,0.9999674623133857,0.9999565628658124,0.9999612037410194,0.999966388507047,0.9999719920430138,0.9999688290988806,0.9999710745806031,0.9999722279580207,0.9999755707010872,0.9999725893896632,0.9999765501150795,0.9999777445350624,0.9999777526890218,0.999977997232535,0.9999799099491886,0.9999850759719922,0.9999945224430948,0.9999889984623885,0.9999814193738372,0.9999816234770038,0.9999799877355006,0.9999802043611706,0.9999795276764739,0.9999698116071053,0.9999713935616078,0.999964430998042,0.9999643490019434,0.9999636832466802,0.999933216723351,0.9999765198017295,0.9999818929950951,0.9999673468602187,0.9999468437031236,0.9998424666050996,0.9999647700834124,0.9999684795944246,0.9999736301394024,0.9999705044801138,0.9999729125367061,0.9999747782280041,0.9999767198697973,0.9999767630972041,0.9999692319506162,0.9999720555826104,0.9999754194892621,0.9999791716419678,0.999978053309307,0.9999798560818555,0.999980225165537,0.9999833776749867,0.9999803104451118,0.999984332476062,0.9999848217679559,0.9999848393250238,0.9999849266872579,0.9999865073373703,0.9999891968072249,0.999994019420502,0.9999927254938341,0.9999876429404981,0.9999880508700504,0.9999869765656574,0.9999861450925773,0.9999870487151074,0.9999787871891302,0.9999764780628614,0.9999716760238166,0.9999756868045616,0.9999735464491899,0.9999456990117966,0.9999832854410651,0.9999875163096367,0.9999673793843123
39.2,0.9999594563858656,0.9999396277897414,0.9997791884679453,0.99995493929715,0.999962743690459,0.9999690129619111,0.9999650469587413,0.9999683033589848,0.9999704195642487,0.9999726783291571,0.9999728681901555,0.9999638950702107,0.9999677242568689,0.9999719933261173,0.999976640395807,0.9999739989254682,0.9999758585153246,0.9999768178688615,0.9999795816541754,0.9999771165573008,0.9999804402520055,0.9999813947228822,0.9999813942045953,0.9999815942968852,0.9999831709277928,0.9999874607874578,0.9999953575472856,0.999990790807412,0.9999844142486695,0.9999845822201916,0.9999832287667106,0.9999834112510113,0.9999829044727863,0.9999748110192865,0.9999761341391066,0.9999703796695835,0.9999702844165526,0.9999697879607692,0.9999445631639535,0.9999803508702633,0.9999848279066809,0.9999728151680316,0.9999559382010822,0.999869121210357,0.9999706682019078,0.9999737646690504,0.9999780203263902,0.9999754329702299,0.9999774246720111,0.9999789696358844,0.9999805774091624,0.9999806130388139,0.9999743821976491,0.999976728024502,0.9999795020841428,0.999982612288006,0.9999816809182043,0.9999831758804424,0.9999834848220202,0.9999860974962157,0.9999835547190747,0.9999869160026045,0.9999873032000404,0.999987313410483,0.9999873838671983,0.9999886915578086,0.999990926199098,0.9999949421910171,0.9999938923733684,0.9999896303998319,0.9999899679459129,0.9999890769550568,0.9999883907006463,0.9999891649855975,0.9999822903655656,0.9999803723164433,0.9999764013343094,0.9999797160240154,0.9999779815129344,0.9999549286035847,0.9999860048847867,0.9999895329295317,0.9999728825492961
39.6,0.9999662664505776,0.9999499531026839,0.9998164998149306,0.9999625135021967,0.999969007141297,0.9999741885818513,0.99997090634299,0.9999735999653113,0.9999753504680042,0.9999772199289451,0.9999773762184782,0.9999699881893579,0.9999731477698039,0.9999766633798782,0.9999805170768117,0.9999783117967594,0.9999798518031967,0.9999806496338101,0.9999829347965309,0.9999808964806204,0.999983684192375,0.9999844465036494,0.9999844402583263,0.9999846039827569,0.9999859037235468,0.9999894656376193,0.9999960664040272,0.9999922911540685,0.9999869278932493,0.9999870661331003,0.9999859462029729,0.9999861000293313,0.9999857239844078,0.9999789831990222,0.999980089443427,0.9999753332852611,0.9999752322862175,0.9999748656510802,0.9999539812328516,0.9999835583390859,0.9999872878915895,0.9999773678712759,0.9999634755566984,0.9998912660629009,0.9999755790109173,0.9999781633173945,0.9999816797451342,0.9999795379938575,0.9999811852981066,0.999982464745931,0.9999837960629337,0.9999838253396304,0.9999786700388448,0.9999806186815255,0.9999829066883442,0.9999854846990955,0.9999847093147696,0.9999859490137665,0.9999862075062023,0.9999883727992579,0.9999862648006078,0.999989073075872,0.9999893791505411,0.9999893841491662,0.9999894409645381,0.9999905228968451,0.9999923794564584,0.999995723627328,0.9999948722411348,0.99999129909124,0.9999915783882687,0.9999908394608097,0.9999902731072587,0.9999909354353358,0.9999852154909045,0.9999836222905418,0.9999803382266577,0.9999830780701489,0.9999816723700045,0.9999625888293855,0.9999882829441873,0.9999912243983246,0.9999774566042876
40,0.9999719328879727,0.9999585112364068,0.9998475071804416,0.9999688145192303,0.9999742172682561,0.9999784998101388,0.9999757834551645,0.9999780115471443,0.9999794596311951,0.9999810068887648,0.9999811354675396,0.9999750518846117,0.999977659052074,0.9999805545983477,0.9999837502376332,0.9999819096686642,0.9999831850070626,0.9999838483990681,0.9999857378747941,0.9999840524097473,0.9999863894481161,0.9999869979406308,0.999986988115548,0.9999871220856882,0.9999881936792029,0.9999911508668189,0.9999966679082932,0.9999935470759265,0.9999890373613274,0.9999891511355881,0.9999882243976411,0.9999883541398057,0.9999880782444615,0.9999824648793556,0.9999833894975018,0.9999794583225088,0.999979356789066,0.999979089251919,0.9999617987591095,0.9999862434312823,0.9999893496662804,0.9999811582355908,0.999969722576428,0.9999096640878294,0.9999796677490754,0.9999818242641262,0.999984730009797,0.9999829571221662,0.9999843195579916,0.9999853791819554,0.9999864815827292,0.999986505569979,0.9999822399443924,0.9999838584682889,0.9999857458802491,0.9999878827032841,0.9999872374010402,0.9999882654143595,0.9999884816108002,0.9999902761401827,0.9999885285790565,0.9999908741812502,0.9999911158499222,0.9999911172284315,0.999991163037777,0.9999920582386269,0.9999936005472901,0.999996385189267,0.99999569504501,0.9999926999818891,0.9999929310749069,0.9999923182814304,0.9999918509133798,0.999992416585844,0.9999876578517121,0.9999863344900513,0.9999836182650712,0.9999858833025981,0.999984744018256,0.9999689466345171,0.9999901910575699,0.9999926430344752,0.9999812585373792
