time,node_0,node_1,node_2,node_3,node_4,node_5,node_6,node_7,node_8,node_9,node_10,node_11,node_12,node_13,node_14,node_15,node_16,node_17,node_18,node_19,node_20,node_21,node_22,node_23,node_24,node_25,node_26,node_27,node_28,node_29,node_30,node_31,node_32,node_33,node_34,node_35,node_36,node_37,node_38,node_39,node_40,node_41,node_42,node_43,node_44,node_45,node_46,node_47,node_48,node_49,node_50,node_51,node_52,node_53,node_54,node_55,node_56,node_57,node_58,node_59,node_60,node_61,node_62,node_63,node_64,node_65,node_66,node_67,node_68,node_69,node_70,node_71,node_72,node_73,node_74,node_75,node_76,node_77,node_78,node_79,node_80,node_81,node_82
0,0,0,0,0,0,0,0,0,0,0,0,0,0,0,0,0,0,0,0,0,0,0,0,0,0,0,0.1,0,0,0,0,0,0,0,0,0,0,0,0,0,0,0,0,0,0,0,0,0,0,0,0,0,0,0,0,0,0,0,0,0,0,0,0,0,0,0,0,0.1,0,0,0,0,0,0,0,0,0,0,0,0,0,0,0
0.4,5.218651160569487e-05,2.749714198679353e-05,1.254873806737859e-05,3.152189558419362e-05,3.908648444708178e-05,6.669396091743124e-05,6.105530404423673e-05,6.7200423748738e-05,7.514125061197738e-05,0.0001094099031308063,7.621693014675919e-05,2.872847321811693e-05,3.545294054278212e-05,6.049803162063766e-05,8.498139412879478e-05,0.0001135029962217662,0.0001708212510133183,0.0001716894769811097,0.0003901217075174601,0.0001638450664952126,0.0002062407455051466,0.0002365623195942871,0.000386875889489245,0.0003099995146186199,0.001282022011664157,0.001462983733275573,0.08857500921097693,0.001723794349195948,0.001404518822718796,0.001352143110565496,0.0005105436267347613,0.001684969770064108,0.0002349957658144169,0.0005253879346986474,8.700003247711341e-05,4.461579085043065e-05,9.213219635900838e-05,4.425670467249058e-05,2.105416948825333e-05,0.0005672254920569956,0.0005375455355388785,7.505559259517472e-05,3.000267590183687e-05,1.696464064392909e-05,5.032516616996423e-05,5.787539321208831e-05,0.000103720705033449,9.147704160036891e-05,9.938565862625041e-05,0.0001153954780357437,0.000167115630055053,0.0001134313689167476,5.44517181809249e-05,5.819084920291374e-05,9.306814223207515e-05,0.0001272174069003005,0.0001699466069778101,0.0002921826158591944,0.0002620738635723322,0.000592216239442984,0.0002334167259645714,0.000305383159657328,0.0003368523462563483,0.0005742643876424793,0.0004936800806976471,0.001847623076377959,0.001731613461160027,0.08105121363640445,0.002825360765308988,0.001879048704426739,0.001846994959581249,0.001192165481179445,0.002262155614569156,0.0004090265196556497,0.0007596093079722913,0.0001136849082800877,6.111047242451502e-05,0.0002804099564588656,6.19832529030279e-05,2.41443682141665e-05,0.0007136128339968156,0.0009650176137068817,5.981346087571326e-05
0.8,0.0001628401791860266,0.0001004136151298908,5.244848568790366e-05,0.0001138361337575231,0.0001357198575453082,0.0002103796340989987,0.0001905954076544693,0.0002139137531187476,0.0002346465957150391,0.0003154790396496596,0.0002508117475787295,0.0001057104127599216,0.0001296449267589365,0.0002035580276337217,0.0002736802894543571,0.0003349578642328924,0.000466418512904164,0.0004792772820016885,0.0009006055259620018,0.0004678232901524807,0.0005881857487699965,0.0006547053114573234,0.0009171335498251124,0.0007998353386318651,0.002182131816195028,0.002775934358360788,0.07891199993259866,0.003417451885461973,0.00247195320836481,0.002445392346817773,0.00122186892091043,0.002821393743031564,0.000645571052399953,0.0009825737216163219,0.0002659009536295414,0.0001539640796504746,0.0002688312268868775,0.0001466920081974243,7.420905732568167e-05,0.00116296260093108,0.001154970537589511,0.0002287927261258541,0.0001134067348592365,6.841964139898969e-05,0.0001702652142042651,0.0001920558967267251,0.0003067186268969817,0.000272962326386006,0.0003025063242425873,0.0003427762012438441,0.0004585252513296317,0.0003576202769317947,0.0001842237220890441,0.000199406346037801,0.0002983300341426646,0.000391440630100862,0.0004813707944121669,0.0007394684443021449,0.0006914421796648896,0.001310065733145877,0.0006425157912363918,0.0008441970817597231,0.0009133748338586535,0.001309102624459306,0.001207461801211157,0.00303273619200291,0.003238419891186908,0.06640716184852601,0.005231689841978687,0.003278550494033214,0.003296684462506007,0.00237812416873176,0.00365695732216165,0.001071818658436376,0.001352132543515095,0.000341142052670876,0.0002032825052815867,0.0006034898897350511,0.0002009921985502918,8.472695457749664e-05,0.001466681351163577,0.001956571952496672,0.0001907403367810549
1.2,0.0003465189038249458,0.0002384671841604796,0.0001374271573401444,0.0002663229023700272,0.0003083183914201002,0.00044269067241179,0.0004022261964875837,0.0004516295127982228,0.0004880682106087221,0.0006192109093948849,0.0005327959009407061,0.0002519098262331612,0.0003042482483607396,0.0004445190362056965,0.0005774016978334188,0.0006612297558446523,0.0008661418915178892,0.0009010755444214552,0.001479482623249846,0.0008906252833760363,0.001107566086367723,0.00120940088433392,0.001532298633545992,0.00140723771605982,0.002948731193476053,0.003972646376830354,0.07072165481401674,0.005083618361054297,0.003365491945277695,0.003371392618554556,0.002011634073227601,0.003695520122741778,0.001200384079199866,0.001440613192598949,0.0005450804692050271,0.0003473663772455876,0.0005340319205935025,0.0003234429791730601,0.0001736949583560872,0.001793892774503981,0.00185298250368465,0.0004748597349705134,0.0002739478192531818,0.0001747909601675764,0.0003798863889594195,0.0004210552205751903,0.0006151102329744821,0.0005550667987727841,0.0006164061920451542,0.0006843784508910009,0.0008641819991043302,0.0007330271441986059,0.0004096477312687616,0.0004443998800864401,0.0006258008472714189,0.0007959346920893009,0.0009181190148669611,0.001294564355282048,0.001246555419762069,0.002082913833456821,0.001188671347493238,0.001548792577117217,0.001656171633570834,0.002126751952701623,0.002034209276040298,0.003972855427923417,0.004576387712883398,0.05506698575414385,0.007306221291458157,0.004399289882943471,0.00446746801587381,0.003485015034550653,0.004653397893891805,0.001909560635095854,0.001908264513968675,0.0006871793185061606,0.0004450230497826617,0.0009963026287502072,0.0004343287929583914,0.0001975315903326154,0.00225890802309442,0.002984397840894186,0.0004083946540918009
1.6,0.0006225996034287046,0.0004639291327360815,0.0002887524542139023,0.0005102304822155682,0.0005770576445051188,0.0007785257252459057,0.0007131922814527911,0.0007944870947336885,0.0008482355904171938,0.001029306130301801,0.0009307155248183237,0.0004902062409959901,0.0005809900441699371,0.0007981349534598641,0.001006810888926925,0.001097006499444923,0.001368534218297669,0.001431807173826204,0.002126970939101925,0.001425421589208639,0.001744587088081969,0.001878793011047915,0.002225560503273801,0.002110633710029027,0.003692313648309162,0.005094978254050464,0.06378750481912016,0.006738690990422289,0.004189802490132568,0.004220174868127661,0.002846124820217486,0.004468295436647178,0.001887430718705007,0.001947242874704175,0.0009372118345785551,0.0006451788035374567,0.0008997626950278088,0.0005936663996817079,0.0003375012698630787,0.002476575049158559,0.002641817578010997,0.0008330097578515939,0.0005374392269590342,0.0003602019459048566,0.0007015478003008763,0.0007658114588967374,0.00104295507346661,0.0009546857579424862,0.001053606107227105,0.001150042146528232,0.001389839459971897,0.001242933717666259,0.0007523471477118537,0.0008135280642732483,0.001086250128512843,0.0013458711948891,0.001479464163260098,0.001951885440624396,0.001917172729301771,0.002911854033596956,0.001858213773605371,0.002383134912201364,0.002527134098901394,0.003015456349159451,0.002942961536886089,0.004846223058853365,0.005809701632311774,0.04630931425447263,0.009139610489937333,0.005388208077612933,0.005490760549369298,0.004534465385864918,0.005500182091178202,0.002888282950621766,0.002506383766169597,0.001162296386260362,0.0008061111124534891,0.001486114007340823,0.0007825643976407473,0.0003823629284871204,0.003106553198492718,0.004069201826855789,0.0007324562500589303
2,0.001014666357449547,0.0008024449310066675,0.0005319756395192204,0.0008699776732383962,0.000965277090879244,0.001237310195058652,0.001144795202968434,0.001261143484928412,0.001332882464590021,0.001561432601648926,0.001457956965919218,0.0008463471111989664,0.0009835737967907453,0.001282212058535592,0.001575916109105211,0.001655409342274633,0.001985341896981658,0.002079645321544041,0.002861517411243277,0.002079025937336996,0.002497962557646866,0.002660989586413065,0.003009346924489422,0.002912522863973178,0.004476228406951993,0.006189153702619494,0.05794597259245646,0.008408172304966596,0.005019707667789458,0.005066182954327263,0.003733492465499917,0.005239368319966082,0.002708957817674056,0.002541065177799855,0.001460119762519988,0.00107053963824039,0.001384770931314318,0.0009804788156821097,0.0005881637490134223,0.003234979190059854,0.003539355797999272,0.001328221034505898,0.0009331497035198943,0.0006533976827801301,0.001161271008282345,0.001251267753349995,0.001611298071126528,0.00149431502768565,0.00163322662763556,0.001757521791799713,0.00205203051820313,0.001899275854701736,0.001237084508585998,0.00132973120201897,0.00169570053153961,0.002052502045718225,0.002177918304351721,0.002726768185826991,0.002712834317958032,0.003822688571190541,0.002657345450257159,0.003339920875523912,0.003517772735002029,0.0039906564055657,0.003939980431458982,0.005748639345643086,0.007004519994946255,0.03960697722855017,0.01082053481159126,0.00635400417614436,0.006476940431827797,0.00558055172568018,0.006340588104622656,0.004002209317611423,0.003201274533124474,0.001783515606479274,0.001309703330763997,0.002102243084513993,0.001270626686263794,0.0006638530444323793,0.004036697287638125,0.005239563813186508,0.001187175813853878
2.4,0.001551171203379107,0.001284119136789041,0.0008978928062876705,0.00137448069080294,0.001500895598337605,0.001844172125552511,0.001723532384283113,0.001876146754663089,0.001965896915057026,0.002238521426867698,0.00213505046047708,0.001350241877308865,0.001539614314265117,0.001919953373623455,0.00230459694527308,0.002357939661077716,0.002738442283344542,0.002863884310616125,0.00371089962479144,0.002869828160361519,0.003381565988314063,0.003569804239363227,0.003907256849116373,0.003831116946671295,0.00534883428673362,0.007304792903851079,0.05307435178087233,0.01012489653021939,0.005915461109195284,0.005971922166550947,0.004702509074592174,0.006079336640924846,0.003678882732291406,0.003258637379587142,0.002137791445783613,0.00165107561871951,0.002014416896274058,0.001512087752145505,0.0009537906066401257,0.004099747516976254,0.004570648777008815,0.001991264727733437,0.00149522184556825,0.001088886996467728,0.001790217801447039,0.001907850850866553,0.002348344379970116,0.002202818183995713,0.002381871790377147,0.002532806936705437,0.002876649851005274,0.002724089286481153,0.001893597791273387,0.002020953660195122,0.002477700981833506,0.002935422519937178,0.003037308696927146,0.00364728100723755,0.003657203695250532,0.004852364408359368,0.00360747284070211,0.00443384476101203,0.004642133345173573,0.005082840854776428,0.005052091365342466,0.006747586077465668,0.008227621310184603,0.03457317714075964,0.01243486281531718,0.007382082291939086,0.007515887218376757,0.0066866786749574,0.007268297368422668,0.005265131566458994,0.004039183975409285,0.002575305193038769,0.001984184264628237,0.002878048379045132,0.001929070009559067,0.001072544872783955,0.005084927025999558,0.00653109439928162,0.001802349733587133
2.8,0.002266724235003645,0.001944904232000316,0.001423777161983885,0.002058661951121345,0.002217967146183439,0.002631247605948105,0.002482510745627604,0.002671264493105955,0.00277857714713622,0.003091517842946491,0.002990997376507764,0.002037535050193751,0.002282575894075801,0.002741772654471513,0.003220498864047722,0.003234795217562692,0.003658917528559526,0.00381396582223368,0.004710611234199739,0.003826717291857768,0.004422086885701896,0.004632099491277236,0.00495227231841448,0.004896698600331208,0.006356171844573617,0.008495404949385315,0.0490833739077902,0.01192881990109427,0.006931936507970575,0.006994344916307306,0.005793763883949434,0.007046868614120623,0.004821847179718637,0.004139052013893698,0.003001610792410911,0.002420653882298006,0.002821377143975358,0.002223154857798962,0.001469360206186512,0.005108536791975996,0.005768333933369391,0.002860007726639749,0.002264284299497907,0.001708356964145542,0.002626359469683331,0.002773077409102456,0.003290374068608783,0.003116732628001045,0.003334684975125471,0.003510841214624016,0.003899006661099677,0.003750007780785801,0.002758477022188328,0.002922265609273886,0.003464851984498777,0.004024109097274694,0.00409205434123522,0.004751652325772879,0.00478572919989518,0.006045910113974021,0.004742682387938834,0.005696675241629494,0.005931791079986527,0.006333727046233529,0.006319898896696219,0.007902659165099961,0.009547274841619937,0.03092623301410751,0.01406698113239698,0.00854601645223501,0.008684903308408475,0.007918907283623915,0.008355614974301845,0.006706233774708227,0.005066273594246238,0.003570718927238758,0.002864977570080818,0.003852993448114614,0.002795576925575102,0.001646271089465605,0.006294952367965796,0.007986853162207593,0.002614656171375806
3.2,0.003203783117271222,0.002828307628095399,0.002154926850682606,0.002965209922153976,0.003158450323385707,0.003639226600097468,0.003463102428037565,0.003686993263117392,0.003811089284652695,0.00416055197393197,0.004064508377180261,0.002951450217657479,0.003253788338968452,0.00378701976403546,0.004360766978965556,0.004325745893257684,0.004787459911644586,0.004969639807899914,0.005904541807352982,0.004989118796396281,0.005658140459571682,0.005886759029022938,0.006186967379604359,0.00615057184516214,0.007548015177293478,0.00981976256911828,0.04591267533666633,0.01386777119395602,0.008124777507627648,0.008190557511742491,0.007056911518705764,0.008198512467864322,0.006173378815550084,0.005227318882392427,0.00409187131774648,0.003421273072504779,0.003846925032578532,0.003156434782459909,0.002178330204345357,0.006307104130138149,0.007173683392003044,0.003981169489024305,0.003289332490961777,0.002562404572061848,0.003716386467085057,0.003893390379641254,0.004483190281105699,0.004281925005442359,0.004536734266489517,0.004736715897265917,0.005164727787307154,0.005020970283395264,0.003877165785790382,0.004077924998940088,0.00470026531549608,0.005359336459012243,0.005387532475634383,0.006088263279191107,0.006145260472322988,0.007456830666778456,0.006109047627125466,0.007174714513342715,0.007433191437642494,0.007795572683012356,0.007795609347077273,0.009274718781056167,0.01103523656130566,0.02846596675051623,0.01580219956451731,0.009915996805958411,0.01005669823818394,0.009345989935621836,0.009668629507081042,0.008368515014077264,0.006333914633327858,0.004812832492621099,0.003996466457174459,0.005074821151460532,0.003916732784705563,0.00243185995082564,0.007719403866657338,0.009658564124317575,0.003669326674534282
3.6,0.004414687636643762,0.003987438582491371,0.003146571875814111,0.004146640745212231,0.004374255126213971,0.004919214557156485,0.00471689462390358,0.004974374156303,0.005114241598631128,0.005496548599649547,0.005405523538266282,0.004144930061782923,0.004504637918930333,0.005105870164151805,0.00577389559541594,0.005681566224666079,0.006175645592264775,0.006381998991422438,0.00734657481993925,0.00640794182922403,0.007140593192417182,0.007384941333758226,0.00766466804903836,0.007645529791688981,0.008981695934728655,0.01134389213677803,0.04352825856193879,0.01599888174839602,0.009555007845413958,0.009622527970802923,0.0085508992512126,0.009594983781469111,0.007780871925187379,0.00657726323952172,0.005459619733671079,0.004705181515028844,0.005142689145206889,0.004364737136592414,0.003134603369311333,0.007750972814518372,0.008838174376717882,0.005412448252778453,0.004629928420448766,0.003712627176106714,0.00511790539103558,0.005326290438640131,0.005984016543865431,0.005755589655722198,0.006044797956123179,0.006267346340936287,0.006731297516097244,0.006593470475653799,0.005306176967302586,0.005543564905281107,0.006239271421381454,0.006994788326175396,0.006981303289243552,0.00771693328424202,0.007794909468948957,0.009148815511011212,0.00776525997258735,0.008928188244627129,0.009206908244220165,0.009532015715975334,0.009543196954425815,0.01093119720206901,0.01276939906231792,0.02705776926700391,0.01772975341751815,0.01156523716223972,0.01170604987415207,0.01104199901400725,0.0112761685517779,0.01030884618236457,0.007902562668549027,0.006356535984252655,0.005434134050390531,0.006601906917159841,0.005350117288539128,0.003487207346298149,0.009421434718488182,0.01160841656784376,0.005022166651419366
4,0.005964053958041993,0.005487426345178152,0.004466182882040427,0.005667709773772175,0.005929626824590114,0.006534968971314451,0.006307994088737324,0.006597190739476129,0.006751648336532798,0.00716329638227748,0.007077165390177951,0.00568311327342024,0.006099026313101693,0.006761526777130109,0.007521861047566715,0.007366000945156055,0.007887859410631453,0.008115220274691944,0.009102743115140926,0.008147265801113347,0.008933850190351233,0.009191326333211805,0.009451284686463291,0.009447324573990524,0.01072528388181977,0.01314356226021447,0.04192143735771979,0.01839056967985866,0.0112929286975951,0.0113611465225735,0.01034573197811936,0.01130582578250655,0.009705239121781704,0.008254349420979646,0.007168878843462798,0.006337299819572904,0.006772860938720694,0.005913258892475283,0.004404896736906053,0.009507606972546634,0.01082553898329278,0.007225012269942132,0.006358759816328305,0.005234109130318258,0.006901969425398355,0.007142812970745535,0.0078638216873531,0.007608622642112359,0.007929586007799489,0.008173630303862938,0.008670149183346229,0.00853840927712054,0.007115601675977429,0.007388638868837437,0.00815151845250368,0.008999028393124298,0.008945026165248778,0.009710987413931097,0.009807790119991383,0.01119811831955459,0.009784222501437885,0.01103206905126537,0.01132835633692674,0.01161987124579658,0.01163991414287781,0.01295013417144713,0.01483689328044089,0.02662196260042524,0.01994619855562424,0.01357517392252351,0.0137153197422921,0.01308990373509708,0.01325584749364953,0.01259915058116771,0.009845104210508295,0.008270728514358783,0.007247007831084801,0.008505868172738467,0.007166755053354653,0.004883755648173851,0.01147694177043047,0.01391135908995677,0.006741953398129013
4.4,0.007931562883737042,0.007408242409504596,0.006196218761460811,0.007608216147910195,0.007903917941508123,0.008565556400854006,0.008315736548832678,0.008634598144054586,0.008802330880912358,0.009239993685003433,0.009158184373954936,0.007646190315830637,0.00811617365491794,0.008832821875825656,0.009682639959117667,0.009458249566733046,0.0100037793342426,0.01024892167246666,0.01125386147239353,0.01028666358291345,0.01111792933707676,0.01138616631300371,0.01162772841051674,0.01163689406354111,0.01286073958734561,0.01530722590879808,0.04110896369615809,0.02112502638902313,0.01342178606361655,0.01349002007915513,0.01252512254592637,0.0134134183247327,0.01202316055748411,0.01033866985252681,0.009299289767296255,0.008398009446813974,0.008816853806557688,0.007882328076595344,0.006071555247387347,0.01165906969348456,0.01321428355653814,0.009506373934318932,0.008564586510121012,0.007218330674247314,0.00915597882158758,0.009430386350741206,0.01021007265759064,0.00992840052125013,0.01027841331870401,0.01054308366127446,0.01106926764928324,0.01094352949215929,0.009391969665495435,0.009699209933095688,0.01052352412375671,0.01145791400818755,0.01136696593539977,0.0121599025787839,0.01227344331192103,0.013696420778882,0.01225538695765429,0.01357796457485337,0.01388960136830446,0.01415163828276926,0.0141786839104535,0.01542388295524618,0.01733755653404485,0.02712695667490386,0.02255911824201704,0.01604004057480688,0.01617926584739493,0.0155855002668896,0.01569882961117906,0.01532842749441655,0.01225013834282514,0.01064094498898369,0.009520466823083851,0.01087449264226753,0.009453956624236193,0.006709412240059569,0.01397731124417195,0.01665784560729302,0.00891323921327984
4.800000000000001,0.01041516814794504,0.009847948038404554,0.008437334068100776,0.01006622774632801,0.01039478025438068,0.01110845518034205,0.01083783016560554,0.01118420690537771,0.01136377912516722,0.01182427646440092,0.01174591106568556,0.01013266573279731,0.01065381418390619,0.0114172623969805,0.01235316609026446,0.01205595714469087,0.01262137810378907,0.01288107960036718,0.01389862164543701,0.01292409773832336,0.01379120596469214,0.01406801771886824,0.01429286877634738,0.01431321879988265,0.0154872940849659,0.01793939665905771,0.04113414138461097,0.02430117986513821,0.01604148961152819,0.01610927521073641,0.01518974067996503,0.01601684390846063,0.01482988708996953,0.01292823362145885,0.01194919475203977,0.01098634382427488,0.01137241811021441,0.01037058236707741,0.008235834154241823,0.01430515163722322,0.01610067291936652,0.01236365262528425,0.01135557811444996,0.009776501084894725,0.01198696410754379,0.01229608160738189,0.0131299070227819,0.01282196946731986,0.01319831654645499,0.01348293401676286,0.01403626580686311,0.01391638260422455,0.0122414872606501,0.0125811218146593,0.01346168894953155,0.01447747573429288,0.01435501625864345,0.01517243770913636,0.01530082782200033,0.01675411398148965,0.01528769218879775,0.01667681083985152,0.01700200427550455,0.01723857616593725,0.01727113588545248,0.01846285102114497,0.02038772072869039,0.0285852052224554,0.02569110280562896,0.01907118783128523,0.01920951894889631,0.01864151468865705,0.01871409482758895,0.0186054439827605,0.01522542075379487,0.01357241965098879,0.01235943743332648,0.01381501683618069,0.01231855746442916,0.009071919438234629,0.01703262663405078,0.01995700015937136,0.01163956972322361
5.2,0.0135347192378645,0.012926357698409,0.01131203446579759,0.01316172055311043,0.01352177315913551,0.01428309404635944,0.01399392603107651,0.01436560900338135,0.01455545979862486,0.01503570531266865,0.0149596899840567,0.01326302113290135,0.01383179051574278,0.0146345150571772,0.01565272792769926,0.01527867809868999,0.01586039852358248,0.01613145010998429,0.01715712717371306,0.01617932818290252,0.01707373092807592,0.01735705261748247,0.01756698432967714,0.01759671833556367,0.01872514777236769,0.02116443046705137,0.04206877374072488,0.02803810134439124,0.01927252647486931,0.0193395245472485,0.01846092111706244,0.01923585901311368,0.01824254836180626,0.01614260657360976,0.01523914642084503,0.01422357812083984,0.01455919303048606,0.01349857213422341,0.01102163989623707,0.01756694056596799,0.01960215454438219,0.01592719185581995,0.01486300377756632,0.01304327392150974,0.01552522033015734,0.01587021877560625,0.01675368044280628,0.01641960630018429,0.01681956537358404,0.01712361654282384,0.01770187074699094,0.01758774582878953,0.01579362906591151,0.01616353306505147,0.01709572621367084,0.01818722596731699,0.01804015566964872,0.01888016481512799,0.01902176757783714,0.02050393416537981,0.01901297995112117,0.02046216445656474,0.02079948607698218,0.02101422946863428,0.02105112167137014,0.02219939384983127,0.02412426342982492,0.0310512488643615,0.0294839521880463,0.02280134435862378,0.02293893977829246,0.02239182259597685,0.02243258323243083,0.02256194896569081,0.01890154605376111,0.0171935479851477,0.0158919554449973,0.01745773520582156,0.01589051881964199,0.01210264621222679,0.02077526370267095,0.02394014123704259,0.01504708968141304
5.600000000000001,0.01743593427600393,0.01678905193798533,0.01496871016626494,0.01704056737583006,0.01743032444664467,0.0182347578246218,0.01792954858097412,0.01832427460401487,0.01852269965186128,0.01901963439302816,0.0189447129668391,0.01718371285236336,0.01779598696363946,0.0186302625936156,0.01972674114778971,0.01927173034549921,0.01986621681852225,0.02014539880085547,0.02117479618002078,0.02019773295905004,0.02111100127887952,0.02139882662273341,0.02159561577525806,0.02163307522039627,0.02271947147958256,0.02513064081091221,0.04401578379465067,0.03247878088331008,0.02326009562760751,0.02332603342596151,0.02248471689771769,0.0232150449206638,0.02240387620212757,0.02012686989525129,0.01931576873880684,0.01825714898845531,0.01852262249131762,0.01741271810726282,0.01457965787133944,0.02159075379498305,0.02386114859626473,0.02035442450055074,0.01924516265085882,0.01718072862025436,0.01992818741562563,0.02031022219234458,0.02123877555768076,0.02087864075587709,0.0212994502050329,0.02162255004211172,0.0222236930796262,0.02211534863935428,0.02020498367016149,0.02060271539248934,0.0215823906534976,0.02274378157340848,0.02258019875940966,0.02344126973292172,0.02359470361525449,0.02510483370601627,0.02358972787613545,0.02509387925925537,0.02544219075933453,0.02563824291806473,0.02567853231999415,0.02679182899971761,0.02870880953170233,0.03462127076902355,0.0341029959183806,0.02738885562251112,0.0275259157067549,0.02699571186412003,0.02701131513453328,0.02735623378325301,0.02343581720072419,0.02165963866629829,0.02027299772333326,0.0219598427382422,0.02032678241504935,0.0159607014655788,0.02536374354437365,0.02876454484200363,0.01928844262186697
6,0.02229456293964501,0.02161157930513392,0.01958588242778909,0.02187871537277038,0.02229588372314944,0.02313869695737652,0.02282022353872559,0.02323565401208554,0.02344077774009887,0.02395129400615947,0.02387607957755379,0.02207134140736329,0.0227224425216386,0.02358026501965143,0.02475073074920783,0.02421026872575012,0.02481392328793113,0.02509796231494344,0.02612647113009843,0.02515436326047225,0.02607799161254946,0.02636831017303112,0.02655364892406042,0.02659730265971706,0.02764457807409589,0.03001459109938167,0.04711228647983667,0.03779411793682697,0.02817836119876466,0.02824299302476956,0.02743612787826567,0.02812805886845941,0.0274861723385596,0.02505575585735931,0.02435579841399337,0.0232647353500439,0.02343807055784054,0.02228945839218975,0.01909169615581364,0.02655226776855305,0.02904904355885823,0.02583376798866403,0.02469133191083612,0.02238238858258167,0.02538435926161461,0.02580450494592893,0.02677344925564842,0.02638731739022732,0.02682612007854688,0.02716796445682087,0.0277900483884759,0.0276876675468864,0.02566314007073848,0.02608590258140607,0.02710927879494118,0.02833457374411261,0.02816360536355223,0.0290443916007394,0.02920850577248887,0.03074586394155483,0.02920684964340921,0.03076188331798845,0.031120256107053,0.03130021790676178,0.03134316151452188,0.03242839251200045,0.03433186965999425,0.03943361811311945,0.03974132330088592,0.03302177390374926,0.03315848462705815,0.0326420148562169,0.03263738142655379,0.03317677846661702,0.02901611200135538,0.02715673941139804,0.02568837632036116,0.02750929885023632,0.0258151601026368,0.02083715712644522,0.03098661495930298,0.0346172221002251,0.02454676661322032
6.4,0.02832043528380414,0.02760354392206635,0.0253763538378164,0.0278862476328511,0.0283279647932245,0.02920413528347047,0.02887549774783141,0.02930917728455277,0.02951891944062892,0.03003977864731827,0.02996277337458185,0.02813668406213272,0.02882133717196028,0.02969431575947656,0.03093421273960761,0.0303032685122836,0.03091231270878531,0.03119783032677568,0.03222043611592744,0.03125792057757553,0.03218312771142211,0.03247386451851282,0.03264932126000326,0.03269774383429724,0.03370798332672702,0.0360252741366637,0.05153277718725757,0.04418684575946471,0.03423456344945978,0.03429764376287411,0.03352320998301194,0.03418173449478305,0.03369521747797501,0.03113767005234309,0.03056999063613959,0.02945818313035393,0.02951483041815912,0.02833927553423165,0.02477492336886295,0.03266054126069728,0.03537010315701514,0.03258816896223248,0.03142534651589608,0.02887687961574545,0.03211684133255045,0.03257600045476364,0.03358033498411234,0.03316831453624091,0.03362208574666598,0.03398239316849079,0.03462344328901395,0.0345273946110834,0.03239023890306854,0.0328348139123289,0.03389831590043283,0.03518125936231246,0.03501295687959648,0.03591211521245907,0.03608594921624952,0.03764968930560252,0.03608716454242428,0.03768963805567386,0.03805727007493451,0.03822321490167316,0.03826821542762916,0.03933078344037631,0.04121654648245444,0.04566967707648016,0.04662356234994924,0.03992147934055462,0.04005797531710682,0.03955277174982021,0.03953148797894342,0.04024557961922757,0.03586438198144017,0.03390516337299242,0.03235832795129458,0.03432833698103827,0.03257787865099923,0.02695900430256686,0.03786598425123285,0.04171833334453411,0.03103943448824012
6.800000000000001,0.03576088801120121,0.0350120716407606,0.03259074707874858,0.0353108193550279,0.03577356940449964,0.03667766820664208,0.03634234205332325,0.03679164185782451,0.03700368329311639,0.03753143214032631,0.03745104382535965,0.03562807570278448,0.03634033910317217,0.03721957937032536,0.03852396219085706,0.03779691066133625,0.03840727869435129,0.03869074083643299,0.03970184386569894,0.03875414816832801,0.0396716934484668,0.03996065387767812,0.04012765129605297,0.04017949899618162,0.04115387145025984,0.04340769377035625,0.05749192170167076,0.05189492324583542,0.0416725161899987,0.04173378093685207,0.0409905776463485,0.04161956476634526,0.04127362608842849,0.0386181042954683,0.03820636870389249,0.03708674931848049,0.03699951922020132,0.03581009002329176,0.03188546403941638,0.04016143041364892,0.04306479774494928,0.04087769589816569,0.03970820311872689,0.03693060553136169,0.04038595493659775,0.04088473840215755,0.04191899784185622,0.04148131832139734,0.04194678521942666,0.04232522649673593,0.04298312268546352,0.04289397145169281,0.04064559187653706,0.04110825615250583,0.04220832829317515,0.04354223245341309,0.04338749463931139,0.04430351536314141,0.04448624930718643,0.04607513655602296,0.04448992821898141,0.04613666007220208,0.04651279086767226,0.04666629682651326,0.04671286303996187,0.04775671698770727,0.04962122616112971,0.05355433866514522,0.05500863391268625,0.04834527470596814,0.04848161286354929,0.04798586162903201,0.04795049469496498,0.04882055043880534,0.04423919363392769,0.04216212722564735,0.04054021399501374,0.04267602370762408,0.04087418045142968,0.03459223688502051,0.04626009775557183,0.05032364949719231,0.03902097368255857
7.2,0.04490278936697948,0.04412387743222358,0.04151964291574235,0.04443968818690307,0.04491921486720794,0.04584527525963209,0.04550715934457573,0.04596921055515461,0.04618096432895827,0.04671185507678067,0.04662641822137362,0.04483335141133667,0.04556652949693735,0.04644252927308681,0.04780588725166751,0.04697659495999584,0.04758384144359695,0.04786151838137212,0.04885479060091923,0.04792786616239485,0.04882790271399978,0.04911272665513906,0.04927252842040619,0.04932651654119372,0.05026521467786484,0.05244510304848912,0.06524618436675582,0.06119367892613793,0.05077474933409554,0.05083390334605935,0.05012154961494841,0.05072382768857842,0.05050289223064473,0.04778167577225853,0.04755202835445684,0.04643886921142895,0.04617808316007063,0.04498923650681624,0.04072052988308719,0.04933962967366598,0.05241181667228197,0.05100029970110801,0.04983880111630932,0.04684853123366177,0.05049000706403321,0.05102858415838144,0.05208666400412131,0.05162377293597323,0.05209733371901514,0.05249344820980845,0.05316580125102953,0.05308430834101727,0.05072649455208698,0.05120293116286682,0.05233582589418456,0.05371336193680904,0.05358384290602959,0.05451487973394078,0.05470577808538211,0.05631791086821144,0.05471154688275539,0.05639922340186886,0.05678304740929863,0.05692524077676946,0.05697295391512607,0.05800063006204509,0.05984040210401591,0.0633550688535662,0.06519064036525378,0.05858711240375784,0.05872325134466952,0.05823575842489452,0.05818810390480466,0.05919611996761361,0.05443644400530533,0.05222263845130263,0.0505294699295373,0.05284899437610354,0.05100110395609317,0.04404316280776466,0.05646411213002337,0.0607252054978389,0.0487843265722878
7.600000000000001,0.05607205717570785,0.05526482944190528,0.05249319573616598,0.05559923083736908,0.05609046182418904,0.05703184665815422,0.05669529467351481,0.0571669181876354,0.05737551386432936,0.05790543700464319,0.05781324568662637,0.05607923733870952,0.05682579599990427,0.05768838041921054,0.05910440727423335,0.05816648504352208,0.05876571675896319,0.05903366425908139,0.06000195606966351,0.05910255931559573,0.0599745502924182,0.06025268125112133,0.06040638184953494,0.0604612660634828,0.06136347476018569,0.06345883493282854,0.07509322303003019,0.07239568671141446,0.06186223147434316,0.06191894117809062,0.06123786786129915,0.06181528997475091,0.06170305534980423,0.05895170433407822,0.05893238579075574,0.05784132693703825,0.05737531314766012,0.0562029132363621,0.05161792107636724,0.06051825234244702,0.06372770608138759,0.06328954779491176,0.06215161884404136,0.05897184046141566,0.06276302916293855,0.06334094702129865,0.0644159341968165,0.06392861554962591,0.06440626843117762,0.06481936619514321,0.0655033926026662,0.06543049934343496,0.06296604248457655,0.06345126236003129,0.06461280892465934,0.06602577335408917,0.0659337305991507,0.06687742884530452,0.06707577928605124,0.06870830417925158,0.06708329131497542,0.06880805937980888,0.06919863753327661,0.06933024214338168,0.06937872758350572,0.07039137499987476,0.07220247431373437,0.07537832727072906,0.07749674835337096,0.07097529960161206,0.07111108218118038,0.07063125759960948,0.07057253986597964,0.07170086020053092,0.06678707150069239,0.06441745723622418,0.06265762776240001,0.06517918035179587,0.06329125438908381,0.0556567027276189,0.06880788143949798,0.07324899116385726,0.06065929377935838
8,0.06962922182640764,0.06879556100682935,0.06587675453864517,0.06915049459157982,0.06964749590089096,0.07059678256429316,0.07026660312197236,0.07074424469302208,0.07094653561569852,0.07147097631664023,0.07137033587645279,0.06972673628837757,0.07047824690067243,0.07131657363854156,0.07277789802625703,0.07172515001893051,0.07231099525194805,0.07256506925104945,0.07350038703368135,0.07263608804594741,0.07346881805492833,0.07373749461819708,0.07388600897663451,0.0739405735430201,0.07480447446919147,0.07680432319388837,0.08736764720986306,0.0858470260298035,0.07529026619172605,0.07534415783247864,0.07469557964141919,0.07524908221168397,0.07522857854991842,0.0724858996706526,0.07270642574765386,0.0716543766436525,0.07095043111619159,0.06981165486783099,0.06495137148366596,0.07405452722071569,0.07736274626038797,0.0781078439693631,0.07700983063396619,0.07367093547474821,0.07756799381703382,0.07818397048057353,0.07926800053945102,0.078757512489811,0.079234807486006,0.0796638586438719,0.08035626102374285,0.08029305666291428,0.07772646501943431,0.07821475848654244,0.07940012090052166,0.08083920311022202,0.08079723834447723,0.08175056510561531,0.08195561356554221,0.08360443728826802,0.08196454205812707,0.08372159135364483,0.08411776239597211,0.0842391538634928,0.08428805755354349,0.08528545352235534,0.08706308674078923,0.08996182417503985,0.09228064826137404,0.08586574123745407,0.08600087972725022,0.08552873330017088,0.08545977482802131,0.08669069340782075,0.08165029447214492,0.07910666219733918,0.0772859346142547,0.08002705266533205,0.07810608237074344,0.06981010527177918,0.08364930464686147,0.08824824812205076,0.0750066907226901
8.4,0.08595931664625303,0.08510141005519806,0.08206073933465605,0.08547906254141113,0.08597504721125654,0.08692395505757117,0.08660536287822941,0.08708504524300648,0.08727765002253562,0.08779168283543196,0.08768098634314578,0.08616079195853697,0.08690793569108134,0.08771060500312397,0.0892085071497095,0.08803559914856285,0.08860223185453665,0.08883814992822474,0.08973173145722435,0.08891082418293429,0.08969254198172499,0.08994882053557356,0.09009287178897971,0.09014592734477113,0.09096875402963013,0.09286163686676308,0.1024314621949624,0.1019183090042477,0.09143888152615434,0.09148954574234373,0.09087539938943673,0.09140506491960594,0.09145876000277009,0.08876646048267173,0.08925625378160773,0.08826111291123687,0.08728703930957074,0.08620011385286708,0.08111993216165578,0.09032992091335963,0.09369141740867939,0.0958334833640397,0.09479221141612111,0.0913320834300997,0.0952838544149755,0.09593555658336742,0.09701972582094516,0.09648795126769703,0.09695998067031217,0.09740349658041791,0.09810036109805155,0.09804802885449265,0.09538632277626979,0.09587126485642952,0.09707470468963585,0.09852929069048394,0.09854993910192639,0.09950902590860215,0.0997199096311964,0.1013794233803934,0.09972994135217532,0.1015130906209506,0.1019133858115683,0.1020246519413182,0.1020736215092084,0.1030541903220817,0.1047924138397263,0.1074609744840994,0.1099100245880904,0.1036291266085469,0.1037631913092933,0.1032993312411879,0.1032207027754498,0.1045360848749561,0.09940075195997879,0.0966671742314657,0.09479291056095178,0.09776874618077001,0.09582302397508423,0.08690029895998455,0.1013616190515593,0.1060907926530241,0.09220654295237969
8.800000000000001,0.1054543362630139,0.1045749198307195,0.1014429743499033,0.1049774698671658,0.1054648885448933,0.1064042792399589,0.1061027793724365,0.1065800861980138,0.1067594756628434,0.1072578140272138,0.1071356470311493,0.1057724867923444,0.1065051547724273,0.1072604585164731,0.1087846113364333,0.1074879607402619,0.1080291985051549,0.1082426604205171,0.1090851775187696,0.1083164638483585,0.1090351912686877,0.109276009159041,0.1094161145370976,0.1094665080264248,0.1102446692618967,0.1120187888595501,0.1206574507519358,0.1209887831895649,0.1106959723860334,0.1107429762374313,0.1101658089017625,0.1106709459617901,0.1107809381214676,0.1081828397868404,0.1089692401373865,0.1080493805476338,0.1067756826378162,0.1057594010655738,0.1005295537193157,0.109732949465997,0.1130957473948654,0.116840028556334,0.115872320221425,0.1123361647879004,0.1162848890929908,0.1169687153866208,0.1180430822157736,0.1174926791132411,0.1179541243100773,0.1184100399656164,0.1191067674634953,0.1190665057974491,0.1163200423097785,0.1167945778854806,0.1180092464500062,0.1194673030495706,0.1195624384453498,0.1205224545454997,0.1207381367345769,0.1224009823881451,0.1207489672333725,0.1225502842802267,0.122952852383677,0.1230538620925682,0.1231025329955414,0.1240633884184593,0.1257549497728857,0.1282280647251268,0.1307466124180964,0.1246306070132113,0.1247630204487007,0.1243086439501862,0.1242208032084354,0.1256017719650549,0.1204080591419049,0.1174727043619574,0.1155542950251806,0.1187755647480923,0.1168149885160873,0.1073231919741012,0.1223131594052269,0.1271389252669287,0.1126387115436924
9.200000000000001,0.1284869054568701,0.1275895324566659,0.1244020811017946,0.1280188121945679,0.1284895524206502,0.129409536328755,0.1291307266774716,0.1296008350429208,0.1297634731634321,0.130240589603935,0.1301058620096022,0.1289324493658245,0.1296399729366797,0.1303363083019267,0.1318745960006333,0.130453447777802,0.130962940289936,0.1311498153964802,0.1319317282003998,0.1312241538476382,0.131868185038574,0.1320904714298595,0.1322269279703991,0.1322735665336338,0.1330028557151513,0.1346464374572252,0.1424040824840116,0.1434221395941569,0.1334318206658159,0.1334747279960473,0.1329375218211365,0.1334167759821143,0.1335651122391721,0.1311058169621661,0.1322114746050852,0.1313849607189267,0.12978767201901,0.1288606480093127,0.1235654706651794,0.1326333299871532,0.1359401951292341,0.1414671398239065,0.1405891141187761,0.1370286609634519,0.1409114782262602,0.1416223801083095,0.1426760921081743,0.1421106230368822,0.1425558742194421,0.143021447096584,0.1437127385796826,0.1436856569191278,0.1408688958832566,0.1413255287656636,0.1425433231693252,0.1439914137477469,0.1441714626466737,0.1451265445854991,0.1453457565782234,0.1470026784430425,0.1453570878045655,0.1471665908127153,0.1475691438162231,0.1476596264263415,0.1477076138867163,0.1486446504961577,0.1502809922428167,0.1525832966127667,0.1551180452503178,0.1492011526368667,0.1493311924125004,0.1488880557683319,0.148791477633668,0.1502182214559822,0.1450079318184041,0.1418651990455401,0.1399144345681781,0.1433850098891663,0.1414213203647645,0.131443852424087,0.1468387345638906,0.1517211191909089,0.1366548890856807
9.600000000000001,0.1553748800186289,0.1544641821241529,0.1512616260487644,0.1549212697989664,0.1553669824447904,0.1562571604715073,0.1560064472060295,0.1564642244835934,0.156606765062418,0.1570570927272713,0.156909189496018,0.1559552489053885,0.1566267839604511,0.15725323740158,0.1587917163838686,0.1572493126379311,0.1577208289329754,0.1578774086680543,0.1585894801770485,0.1579516165302635,0.158510206969201,0.1587110433879438,0.1588439169932432,0.1588858060268718,0.1595617075644195,0.1610636097482869,0.167981519400014,0.1695335959095994,0.1599646384786769,0.1600030386445386,0.1595089631060263,0.159960470759602,0.1601296133819234,0.1578525694857944,0.1592923577959247,0.1585758965949432,0.1566398863794714,0.1558195424928955,0.1505551550896774,0.1593471726927471,0.1625377240991743,0.1699833377285909,0.1692095060653475,0.1656814224573726,0.169432792711043,0.1701641755160716,0.1711857527892401,0.1706097658415731,0.1710331251555261,0.1715048713979846,0.172184789965784,0.1721717829422806,0.1693038655032646,0.169734966093068,0.1709464912978363,0.1723699738380297,0.1726429734658064,0.1735862416208463,0.1738074410931097,0.1754472775264179,0.1738189820065292,0.175624485813986,0.1760242787904946,0.1761039135796451,0.1761508112282451,0.1770588708878273,0.178630325728044,0.1807781867824305,0.1832819935703314,0.1776010949002805,0.1777279086962486,0.1772982637984422,0.1771935597348821,0.1786453208057801,0.1734653630411637,0.1701181518073846,0.1681494604220881,0.1718638087227138,0.169910696019245,0.1595578697422887,0.1752030864434737,0.1800959781137389,0.1645421452909727
10,0.1863384984940422,0.185420391138499,0.1822466460608523,0.185905174470509,0.1863177274650787,0.1871675841903249,0.1869498208962673,0.1873899964280677,0.1875095261169582,0.1879277409595294,0.1877666742763363,0.187056470855738,0.1876815379472023,0.1882286112415768,0.1897516805541843,0.1880963639552596,0.1885241706295271,0.1886474696919052,0.1892814210169272,0.1887208155515953,0.1891850205308634,0.1893618439507774,0.1894909668826692,0.1895272598560808,0.1901453495619891,0.1914958885292389,0.1976100599600154,0.1995495364599948,0.1905186044341245,0.1905521479052056,0.1901042438165263,0.1905258353347342,0.1906992733783121,0.188644298847838,0.1904220604422864,0.1898297491527113,0.1875521535853217,0.1868534942136553,0.1817236338623425,0.1900947682333562,0.1931085072489875,0.2025432578584684,0.201885478172234,0.19844891739187,0.2020039572196134,0.2027477085885677,0.2037254969180217,0.2031445257736326,0.2035404922473454,0.2040141844243613,0.2046763118542413,0.2046779228348769,0.2017829022435209,0.202181129945086,0.2033758100124511,0.2047592547520337,0.2051298454027619,0.2060535373383746,0.2062748928412172,0.207884763446937,0.2062863633500829,0.2080735418292947,0.2084674012586018,0.208535913814907,0.2085812997801577,0.2094544342789812,0.2109506284016889,0.2129538180044029,0.2153850836376797,0.2099783880105414,0.2101010236487708,0.2096875101944737,0.2095755293830684,0.2110308270359513,0.2059323873527973,0.2023941858766563,0.2004246474730238,0.2043654791865116,0.2024384882082244,0.1918463811377472,0.20755892822875,0.2124109517129642,0.196480208406736
10.4,0.2214542994116158,0.2205360724669591,0.2174368214376466,0.2210468481572178,0.2214188794582722,0.2222183181623139,0.222037401511735,0.2224548122137633,0.2225491158301963,0.2229304813699836,0.222757018070681,0.2223067666635169,0.2228759143165999,0.2233363210749064,0.224827154979048,0.2230731866471737,0.2234524864517817,0.2235405581425487,0.2240898062950445,0.2236122621409154,0.2239758342365692,0.2241266633750902,0.2242516460499115,0.2242817002778195,0.2248381150456534,0.2260300245966312,0.2313748511965067,0.2335633997029071,0.2251783926234276,0.225206829917618,0.2248076460798185,0.2251970950180526,0.2253600593036202,0.2235605248649129,0.2256661498922809,0.2252081548564336,0.222601388405783,0.222035680293675,0.2171457081125082,0.2249550727482436,0.2277351810854361,0.2391445062639844,0.2386109186096796,0.2353242830795295,0.2386228083466467,0.2393694954951981,0.2402922731895549,0.2397127267846355,0.2400763433559374,0.2405470923408497,0.2411847874731133,0.2412010794773523,0.2383076425220574,0.2386664521882166,0.2398328234495975,0.2411606576455416,0.2416291577742237,0.2425248983830815,0.2427443102978751,0.2443100402915434,0.242755448362334,0.2445081746830056,0.2448925867074794,0.2449498445291912,0.2449932950474791,0.2458251324567469,0.247235587974868,0.2490988887706061,0.2514215113671794,0.2463265935843485,0.2464440453661939,0.2460495337524058,0.2459314343764879,0.2473685536013403,0.2424054775629365,0.2387018431019348,0.2367508945086441,0.2408874955706612,0.2390036698245803,0.2283299897606774,0.2439045495129795,0.2486607352281537,0.232497234093225
10.8,0.2606127683578751,0.2597030043733582,0.256723377244407,0.2602361973859215,0.2605617058905025,0.2613016815302779,0.2611601588923105,0.2615500515141354,0.2616178611967998,0.2619585973074817,0.261774330154213,0.2615898962357898,0.2620954142901354,0.2624648319748965,0.2639060904135652,0.2620739389656753,0.2624013142797838,0.2624535289388866,0.2629139085930519,0.2625227927016133,0.2627829998048326,0.2629066528357398,0.2630269150162729,0.2630503442415348,0.2635422712174272,0.2645716611335617,0.2691834159746261,0.2714941507280457,0.2638469193724161,0.2638701377463415,0.2635213605664585,0.26387666249037,0.2640168598050939,0.262496892515065,0.2649043542863253,0.2645857225411605,0.2616794003479037,0.2612529535987718,0.2567024762373543,0.2638237077327275,0.2663212377144911,0.2795915560916051,0.2791856729220474,0.2761028709896288,0.2790937063908302,0.2798329630673669,0.2806906471159383,0.2801195715657215,0.2804467940925452,0.2809092285500552,0.281515976338396,0.2815464338192324,0.2786869958369509,0.2790011675469968,0.2801273615592807,0.2813847035841662,0.2819464561789882,0.2828056640319315,0.2830208286819343,0.2845276188053306,0.28303139975095,0.2847323937837001,0.2851036561977606,0.2851497523141172,0.2851908618040154,0.2859750627093245,0.2872899519169854,0.2890147369861006,0.2911984761199789,0.2864498394064205,0.2865611089636514,0.286188498500705,0.2860657763695792,0.2874635092791902,0.2826899126584042,0.2788588832547361,0.2769476608638851,0.2812354288835308,0.2794126641232274,0.2688293930460052,0.2840482617221164,0.2886525037101854,0.2724313083908863
11.2,0.3034885947272441,0.3025968767425842,0.2997787594396432,0.3031469633398395,0.3034218480684289,0.3040950184284045,0.3039937780214082,0.3043521326740418,0.3043933136736967,0.3046909332987731,0.3044982670426642,0.3045736390606859,0.3050102138669588,0.3052878497726328,0.306662625457592,0.3047785241590515,0.3050523110964106,0.3050695385119187,0.3054398812890526,0.3051355860398837,0.3052937852380318,0.3053900489548327,0.3055048726543895,0.3055215852805414,0.3059476997664579,0.3068148393914342,0.3107345630130552,0.3130556686382884,0.3062150015458667,0.3062330525953115,0.3059351842821319,0.3062548353124682,0.3063630838045538,0.3051352658967412,0.3078022275530544,0.3076220660167451,0.3044631961355335,0.3041764791928254,0.300051479794619,0.3063832090081035,0.3085610801216512,0.3234752267040615,0.3231953689424384,0.3203620366753166,0.3230069638092499,0.3237280529440706,0.3245124129773918,0.3239571307217249,0.3242451623844758,0.3246937025742045,0.3252635202836103,0.3253070057285564,0.3225161604782196,0.3227822685581177,0.3238566552359342,0.3250302483789252,0.3256754259195546,0.3264898263349977,0.3266983431477108,0.3281316439518372,0.3267081504256113,0.328339907325534,0.3286943370038342,0.3287296487724526,0.328768053927945,0.3294988182181356,0.3307097808022363,0.3322955498839883,0.3343165937469326,0.3299430472044978,0.3300472134487022,0.3296992023375589,0.3295736671188806,0.3309122396148986,0.3263795364876377,0.3224706050279423,0.320620930746796,0.3250025311759145,0.3232586639935043,0.3129418851046835,0.3275880504728582,0.3319861776361501,0.315906351171824
11.6,0.3495323368175626,0.3486687469167378,0.3460480614697836,0.3492284394794683,0.3494508865663233,0.3500521773667002,0.349990290482961,0.3503141161806764,0.3503297446763561,0.350583295512709,0.3503853308986214,0.3507022878292079,0.3510674770659488,0.3512563135868573,0.3525492096432236,0.3506438953792639,0.3508644113056554,0.3508490550434537,0.3511315002281634,0.3509111800411671,0.3509729969806094,0.3510427084463195,0.3511513102485064,0.3511615226944859,0.3515222967836195,0.3522320477828861,0.3555074300505161,0.3577456097560138,0.3517516840578524,0.3517647957194566,0.351516940580966,0.3518001766254034,0.3518708154580306,0.3509348631477279,0.353804265239634,0.3537554965850983,0.3504065358362935,0.3502538416192691,0.3466195476812103,0.3520942342506945,0.3539303462062071,0.3701751784870153,0.3700144152481642,0.3674646871628289,0.3697413423294822,0.3704338383175445,0.3711391046846645,0.3706067641213352,0.3708542936305282,0.3712834947106535,0.37181134169892,0.3718661244207677,0.3691785679325747,0.3693952994919398,0.3704072191609575,0.3714863330474214,0.3722003296804161,0.3729625148572618,0.3731620272132558,0.3745085219938175,0.373170920800059,0.3747168278381314,0.3750510014143743,0.37507621345296,0.3751116176941937,0.375784180467519,0.3768850838112979,0.3783308872092078,0.3801723851347152,0.3761946255194191,0.3762909149610777,0.3759697692735448,0.3758434663292975,0.3771055279161782,0.3728592350477226,0.3689307517269983,0.3671638477634083,0.3715721423184582,0.3699238638144812,0.3600418995831155,0.3739137459408645,0.3780568555162924,0.3623303804402342
12,0.3979894495493955,0.3971639097035981,0.3947682815660638,0.3977246103147098,0.3978952436787161,0.3984222230043703,0.3983969857428838,0.3986845355499024,0.3986768404580097,0.3988869984390213,0.398687318010305,0.3992165185715581,0.3995109420901113,0.3996175750442934,0.4008157559068173,0.3989224785313839,0.3990920447572378,0.3990479008028294,0.3992478490244209,0.3991055135256004,0.3990805397080768,0.3991255542052821,0.3992271693939962,0.3992313879538386,0.3995292055343065,0.4000909762421325,0.4027769328713706,0.4048599635012961,0.399721356795231,0.3997299255813727,0.3995297313872878,0.3997766889830499,0.3998076624114807,0.3991504380444079,0.4021540940868304,0.4022239047568001,0.3987586921730578,0.398728487184706,0.395624251883477,0.4002137014389391,0.4017025466356997,0.4188891670859494,0.4188358299697398,0.4165902129233762,0.4184933707476351,0.419147869035955,0.4197711262284551,0.4192682210366119,0.4194755146464232,0.4198804346734788,0.4203625622830062,0.4204264234137844,0.4178746106944839,0.4180428633006952,0.4189833441463863,0.4199604964132537,0.4207249241057777,0.4214288796231662,0.4216172309568782,0.4228657900962133,0.4216251139035293,0.4230706043873502,0.4233815987429213,0.4233976844978509,0.4234298785757912,0.4240409236898577,0.4250284404393569,0.4263340897468443,0.4279864251378881,0.4244152306537127,0.4245030776728317,0.4242104322748574,0.4240855188603743,0.4252570400054365,0.4213338291964773,0.4174490350340949,0.4157841300045599,0.4201466502558167,0.4186083914984307,0.4093099466564188,0.4222354440317261,0.4260830254334477,0.4109207394467921
12.4,0.4479472650501623,0.4471688172360479,0.4450160177187389,0.4477212840563397,0.4478430392433022,0.4482960259924599,0.4483032081658682,0.4485540727520976,0.4485262411397918,0.4486952292707677,0.4484976122893874,0.4492010338570263,0.4494282288218346,0.4494622943421289,0.4505563368597128,0.4487084092439556,0.4488311497458372,0.4487630986853395,0.4488887898595594,0.4488157645114055,0.4487167844053543,0.4487398261090818,0.4488337928348072,0.4488327639386346,0.4490718121733203,0.449498998811218,0.4516568650901141,0.4535346756468536,0.4492286112434116,0.4492331745015111,0.4490769475690199,0.4492887184569385,0.4492812957100057,0.4488782496208386,0.4519420148421827,0.4521129685417746,0.4486110432616494,0.4486869926572901,0.4461241507290419,0.4498405923161787,0.4509930135884906,0.4686872150323614,0.468725937894972,0.46679065425665,0.4683316341284479,0.4689403793967407,0.4694816716731365,0.4690136028800624,0.4691824275237821,0.4695589643461407,0.4699931482379993,0.4700635492391437,0.4676754347349202,0.4677981652134198,0.4686605131411303,0.4695318868552225,0.4703260566546472,0.4709675711229371,0.4711429522600458,0.4722854107274169,0.4711497821157238,0.4724833484502116,0.4727689435386531,0.4727771080277776,0.4728059830577589,0.473353910864616,0.4742278144854838,0.4753947795032628,0.4768554224944893,0.4736907790121354,0.4737698665328713,0.4735065884674387,0.473385183479218,0.4744561081247575,0.4708815807027094,0.4671038122883905,0.4655568476385479,0.4698012048279744,0.4683841669110599,0.4597883450387721,0.4716364627767231,0.4751588273858844,0.460755391734195
12.8,0.4984040990329884,0.4976802443960243,0.4957776574050512,0.498215361504221,0.4982931012234491,0.4986749853320623,0.4987092485972577,0.4989243107521716,0.4988801867841781,0.4990115294674943,0.4988196412951518,0.4996539905368828,0.4998199502467448,0.4997932262427391,0.5007776288907045,0.4990059114264868,0.499087356568176,0.4990009362711035,0.4990627146826437,0.499048399413683,0.498890264788955,0.4988946823398002,0.4989805127740509,0.4989751486952593,0.4991611022510256,0.4994700934847915,0.5011656286653827,0.502809617253991,0.4992854632729422,0.4992866556565591,0.4991696320246272,0.4993482037738937,0.4993063741732852,0.4991242039683282,0.5021738979586046,0.5024255413822142,0.4989657487671025,0.4991282604408664,0.4970913038851587,0.4999838310083675,0.5008249568971015,0.5185830676806022,0.5186961879715059,0.5170640559798712,0.5182683791705012,0.5188257151347685,0.5192878488092545,0.5188585979554283,0.5189919881469351,0.5193371324701936,0.5197227512625493,0.5197970387415177,0.5175942565838239,0.5176761060816988,0.5184562737892213,0.5192217639763416,0.5200244194758,0.5206013135162296,0.5207623776076259,0.5217940149332739,0.5207681629906387,0.5219820693758549,0.5222408815105043,0.5222424757704397,0.5222680264457283,0.5227530378622616,0.5235161711793668,0.5245480967052184,0.5258209789278353,0.5230522821672214,0.523122556656915,0.5228886907362762,0.5227727234436954,0.5237372678999418,0.5205248024473909,0.5169126259678126,0.5154952667073619,0.5195546410638812,0.5182661246077165,0.5104558621918843,0.521143437870394,0.5243230847672548,0.5108433590130332
13.2,0.5483493783147562,0.547685585104105,0.5460307384489713,0.5481951025680409,0.5482350472539353,0.5485508595750632,0.5486062709307288,0.5487875325564998,0.5487312624812386,0.548829419931096,0.5486465270450526,0.5495670372672162,0.5496795198832827,0.5496048564822019,0.550478135007382,0.5488088656104315,0.5488554308808375,0.5487563621526339,0.5487657574275108,0.5487985509690441,0.5485968950293865,0.5485863643306558,0.5486637921103736,0.548655084489868,0.5487946415647619,0.5490035553429186,0.5503041812313584,0.5517048629484143,0.5488902333828219,0.5488887350551972,0.5488054578117694,0.5489535557471257,0.5488832071122128,0.5488832658035938,0.551850363569327,0.5521610501419111,0.5488154948388987,0.5490435161653691,0.547494217486067,0.5496413885614058,0.5502071621009432,0.5676113207005556,0.5677804079143461,0.5664330152268292,0.5673367925904749,0.5678393737958014,0.5682274619655854,0.5678394209682224,0.5679413338558552,0.5682533027608713,0.5685912577726141,0.5686668701591804,0.5666636210362209,0.5667103877053854,0.5674070740264485,0.5680699720673295,0.568860990321406,0.5693731372128228,0.5695190652297536,0.5704387265990237,0.5695238580246327,0.5706144537120176,0.5708459814178063,0.5708424044264522,0.5708647222056981,0.5712887169435682,0.5719466542491944,0.5728494877582408,0.5739439536300296,0.5715512172892018,0.5716128770660366,0.5714076774112238,0.5712987602412384,0.5721553215106896,0.5693061308264441,0.5659091790721468,0.5646282739427692,0.5684461074282424,0.5672892373125359,0.5603089639065638,0.5698022184963057,0.5726339770301265,0.5602028985979802
13.6,0.5968414378291856,0.5962408881055929,0.5948228792574431,0.5967180126761091,0.5967270917879336,0.5969834088538777,0.5970539612864193,0.5972042790172534,0.597139962115908,0.5972099104598032,0.5970386640169387,0.5980026540803157,0.5980703879326584,0.5979606452790784,0.5987250296197236,0.5971783161311229,0.5971967463742365,0.5970904889456338,0.5970592701498153,0.5971275031721309,0.5968975071209602,0.5968757315836105,0.5969447300671189,0.5969336653687071,0.5970340199069524,0.5971613849924466,0.5981331955909369,0.5992966074728737,0.5971049407062207,0.5971014259703187,0.5970461611031548,0.5971670249120897,0.5970750496315895,0.5972169147249443,0.6000431271074887,0.6003917612155771,0.597221029340258,0.5974937972321338,0.5963773309819086,0.5978774513962706,0.5982104223957982,0.6148978105461022,0.6151050822464201,0.6140157830842908,0.6146615151609713,0.6151082714858738,0.6154291124402547,0.6150830825274607,0.6151580035720923,0.6154362440642003,0.6157287453613062,0.615803389238105,0.6140061470231337,0.6140242021377995,0.6146386871090594,0.615205080343307,0.6159668815699677,0.6164160331395639,0.6165465435468959,0.6173564125382873,0.6165504281716572,0.6175180448671317,0.6177226272016749,0.6177152319343593,0.6177344899537536,0.6181008110699399,0.61866129057627,0.6194430725816921,0.6203725491069068,0.6183283656647225,0.6183818265384931,0.6182038616733528,0.6181032053404246,0.6188539188281789,0.6163582144033178,0.6132143117008472,0.6120718538743424,0.6156050830409968,0.6145789431636166,0.6084363814652592,0.6167473782297012,0.6192374078578099,0.6079346627482097
14,0.6430710719034581,0.6425346624719049,0.6413361622955687,0.6429744230819567,0.6429596545610529,0.6431639443157007,0.6432440062048445,0.6433667847463153,0.6432981814128875,0.6433450061932038,0.6431873185033431,0.6441570130806454,0.6441889288955541,0.644056076612778,0.6447168981639119,0.6433060234055659,0.6433028882273153,0.6431942889527802,0.6431336343979265,0.6432263726164691,0.6429817606096745,0.6429522132756943,0.6430129853496518,0.6430004742751839,0.6430688101925016,0.6431323897432289,0.6438374386626081,0.6447809179480974,0.6431192663114912,0.6431143601874527,0.6430814845670503,0.6431786209958656,0.6430720894656254,0.6433167486527267,0.645956935893839,0.6463243943385234,0.6433746069711122,0.6436730991276897,0.6429249468096973,0.6438858087651791,0.6440309150664,0.6597133242117034,0.6599427649735259,0.6590799503096356,0.6595124289814538,0.6599043204225907,0.6601657186390423,0.6598610580321919,0.6599136201623502,0.6601586975397905,0.66040896234198,0.6604807363255919,0.6588887217153282,0.6588844624459125,0.6594202309175176,0.6598982366647144,0.6606167327127912,0.6610061975895404,0.6611215049394181,0.6618266002356011,0.6611245865059392,0.6619730816115389,0.6621517848204646,0.6621418018134436,0.6621582345733057,0.6624713144416544,0.6629435489799599,0.6636139628337688,0.6643945307036387,0.662666429540528,0.6627122753351617,0.6625595829935773,0.6624679617323816,0.663118006974021,0.6609569818299325,0.6580908253585818,0.6570843667276263,0.6603048909702648,0.6594050071295704,0.6540762633069438,0.6612555086812731,0.6634194309707276,0.6532791487761574
14.4,0.686403218790466,0.6859297811916746,0.6849292505669213,0.6863291494930113,0.6862971301045202,0.6864571368844257,0.6865417790839918,0.6866406705451981,0.6865709988811912,0.68659955518131,0.6864565717885578,0.687400909516946,0.6874055014594987,0.6872599766297226,0.6878248765466748,0.6865563883682551,0.6865376896909035,0.6864307567351989,0.6863506352913263,0.6864582625095261,0.6862106272798948,0.6861763636092585,0.6862293089608809,0.6862161371580429,0.6862592110996729,0.6862751054262665,0.6867693335905355,0.6875172978044382,0.686293243595039,0.6862874910577496,0.6862718031021335,0.6863487531615039,0.6862342563495606,0.6865465338047544,0.6889698050072838,0.6893398957282546,0.6866417152509894,0.6869496512451763,0.6865021510734165,0.6870317864776062,0.6870327205920919,0.7015052587274883,0.7017433459365223,0.7010734974196152,0.7013363434105055,0.701675973111467,0.7018861013004911,0.7016209784984713,0.7016556432026094,0.701869046903969,0.7020809633699132,0.7021484211365375,0.7007546614630793,0.700734069218949,0.7011963037671901,0.7015952645190379,0.7022602910797846,0.7025945299440001,0.702695265448307,0.7033027695331041,0.702697658522235,0.7034337177746949,0.7035881759914929,0.7035766619839822,0.7035905432410042,0.7038555129290052,0.7042494882356352,0.7048192843903884,0.7054683241647871,0.7040211661704348,0.7040600929315272,0.7039303564677136,0.7038481204966394,0.704404900310903,0.7025531491308903,0.6999764840570347,0.6990998830632291,0.7019943395521957,0.7012133975316486,0.6966500604309789,0.7027769128309067,0.704637452009452,0.6956522093543701
14.8,0.7263945580778258,0.7259812297665589,0.7251550266636007,0.7263390253116164,0.7262955762242913,0.7264188149956934,0.7265039977346504,0.7265826437341182,0.7265144732460966,0.7265291422001909,0.7264012944173219,0.7272966923750878,0.7272815642214118,0.7271319174211468,0.7276100105049794,0.7264844336397391,0.7264553530103651,0.7263531598394429,0.726261960801257,0.7263765109260863,0.7261349906822783,0.726098541853692,0.7261442104467382,0.726131012441912,0.7261548613540865,0.7261369481759196,0.7264689196791765,0.7270491450334028,0.7261761458993332,0.7261699951948215,0.726166923321715,0.7262270714887621,0.7261102811883841,0.7264603470593306,0.7286495574123426,0.7290094881531621,0.7265788213711583,0.7268831762734386,0.726670902017735,0.7268703729382279,0.726766892677123,0.7399068395174062,0.7401428700459136,0.7396330621076035,0.7397661958142511,0.7400573584408434,0.7402242297108615,0.739995930476556,0.7400167574478601,0.7402006641834679,0.7403784677762506,0.7404406244751578,0.739233356199416,0.7392016950974576,0.7395967239641854,0.7399264691175285,0.7405317498918126,0.7408159524641728,0.7409030634004292,0.7414215965652562,0.7409048825962571,0.7415372125519865,0.7416694505760292,0.741657263645049,0.7416688855028986,0.7418912019341747,0.7422170497282926,0.7426974512086155,0.7432324932344004,0.7420306128506333,0.7420633746720057,0.7419540955087246,0.7418812201076386,0.7423535330439199,0.7407815368243091,0.7384945133921493,0.7377388634618316,0.7403070636160342,0.7396357329517653,0.735772646995429,0.7409452001846192,0.7425297093522032,0.7346575255857145
15.2,0.762789538389128,0.762432207092445,0.7617563610202444,0.7627488474179137,0.762698821345888,0.7627922153206034,0.7628748456237988,0.7629366826017777,0.7628719147807745,0.7628764624462121,0.7627635750832373,0.7635938049912639,0.7635654118643972,0.7634182144283334,0.7638193176572282,0.7628322575259839,0.7627970400693916,0.7627017398993841,0.7626061367894936,0.7627213944723914,0.762492656373694,0.7624559967353608,0.7624950374899586,0.7624822913361372,0.7624920708971415,0.7624517701312857,0.7626622036276344,0.7631028942781066,0.7625037977583559,0.7624975964608948,0.7625033040232897,0.7625497429686042,0.7624351883770395,0.7627991903953909,0.7647492714162172,0.7650896902964627,0.7629296049294793,0.7632206909484569,0.7631842600163172,0.7631428963594215,0.7629691842861891,0.7747274339191129,0.7749535130815846,0.7745732084229624,0.7746113175171984,0.7748585511042005,0.7749896346741453,0.7747948748506488,0.7748053852619454,0.7749624164888308,0.7751104123398616,0.7751667071233015,0.7741308803513877,0.774092537814952,0.7744273101014209,0.7746975523747669,0.7752403102142514,0.7754800058265489,0.7755546500475091,0.775993584258525,0.7755560030869901,0.7760945302189802,0.7762067925021385,0.7761945903027285,0.776204245562955,0.7763893744114586,0.7766568736092003,0.7770590430942071,0.7774968897483032,0.7765058062074159,0.7765331683847064,0.7764418159070022,0.7763779729410228,0.7767752707655892,0.7754516540444233,0.7734449330962662,0.7727995250538781,0.775052045853359,0.7744797933777162,0.77124240741257,0.7755681719589897,0.7769063474554477,0.7700791773028922
15.6,0.7955003357499576,0.7951940876548511,0.7946456328144107,0.7954712528695028,0.795418481093171,0.7954881446978593,0.7955660329528303,0.7956141654912751,0.7955540798809908,0.7955516065110722,0.7954530335295884,0.7962084652834412,0.7961720270387335,0.7960319784805507,0.7963659734074693,0.7955093813324858,0.7954713322497463,0.7953842511995595,0.795289251458717,0.7954006726950249,0.7951891212546607,0.7951536934288422,0.7951868054597784,0.7951748429690886,0.7951747803817147,0.7951210827208596,0.7952430407479889,0.7955707784899996,0.7951796065733246,0.7951736073744222,0.7951850096787126,0.7952204614676402,0.7951114860096183,0.7954714724102976,0.7971871000926906,0.7975018204430321,0.7956051288319943,0.7958763544390063,0.795964638877709,0.7957576175257053,0.795541594172811,0.805929645931317,0.8061404349887388,0.8058625735820913,0.8058344666270686,0.8060426565080685,0.806144639096507,0.8059798474826739,0.8059829699844917,0.806115971678225,0.8062383203020377,0.8062885511245649,0.8054072442588477,0.8053656926332824,0.8056473296159966,0.805867225006943,0.806347579315887,0.8065483138958729,0.8066117621503697,0.8069806379789439,0.8066127454603472,0.807067906511695,0.8071625090999973,0.8071507641508711,0.8071587329353935,0.8073119064591725,0.8075301319363125,0.8078647477260211,0.8082208805430766,0.8074085119187626,0.8074312144875825,0.8073553432267132,0.8072999812405586,0.8076317658943005,0.8065251473341184,0.8047823201362651,0.8042355249491812,0.8061909488620664,0.8057067580219757,0.8030173337146138,0.8066055414790452,0.8077275178197622,0.8018599114764381
16,0.8245772498521556,0.8243167716277969,0.8238746276871567,0.8245570457906671,0.8245043887992182,0.8245555359564136,0.8246272867619893,0.8246644222686964,0.8246097632529097,0.824602721248748,0.8245174859967861,0.8251939721220052,0.8251535160430025,0.8250236792993015,0.8253000374217633,0.8245634507303701,0.8245250107871347,0.8244467857662301,0.8243559050655972,0.8244604204855642,0.8242685401961088,0.8242353177149362,0.8242632089356947,0.8242522355978525,0.8242456682223314,0.8241853461591999,0.8242448866690367,0.8244833966248047,0.8242457256068128,0.8242400982848769,0.8242548156816255,0.8242816017238754,0.8241804478652912,0.8245238055704439,0.826016860636862,0.8263023949633397,0.8246544218301274,0.8249018529133805,0.8250728218545912,0.8247606566844456,0.8245240366993636,0.833599279736038,0.8337916034384245,0.8335930875043406,0.8335217283606259,0.8336957896914508,0.8337744634329709,0.8336360137387078,0.8336340936709756,0.8337459550130029,0.8338465247463881,0.833890770819372,0.8331463921722937,0.8331042388192369,0.8333396854823782,0.833517553902854,0.8339378335544991,0.8341049270031661,0.8341584810055875,0.8344665580317535,0.8341591775447468,0.8345413484444861,0.8346205625486579,0.8346095878607759,0.8346161286240853,0.8347421815439124,0.8349192935102839,0.835196251161368,0.8354844947230736,0.8348218960198953,0.8348406283932752,0.8347779598837868,0.8347303817031346,0.8350057610518876,0.8340861270355631,0.8325860966563435,0.8321260985715135,0.8338083028678612,0.8334012519520644,0.8311836036148376,0.8341394731829517,0.8350743816338584,0.8300713441757896
16.4,0.85017549861328,0.8499554052076699,0.8496008599268288,0.850161940405744,0.8501114031626137,0.8501483501856841,0.8502132203816328,0.8502416522643474,0.8501927341611956,0.8501829906146015,0.8501099141430629,0.8507075501951337,0.8506660364986741,0.8505481345725359,0.8507756033512004,0.8501472367428903,0.850110103203823,0.85004083536524,0.8499563379238457,0.8500520974059159,0.8498808496686601,0.8498504183584519,0.8498737737004636,0.8498638929749585,0.8498533616616621,0.8497912829973647,0.849808374968541,0.8499779543736962,0.8498503023019059,0.8498451486204885,0.8498614207372112,0.8498814685101969,0.8497894375864021,0.8501080639326196,0.8513952218505697,0.8516502353932084,0.8502314159791967,0.8504532504638687,0.8506737942166331,0.8503031761824701,0.8500620205181518,0.8579134169296506,0.8580858179110882,0.8579475425496462,0.8578505365001714,0.8579951828668195,0.8580554302200971,0.8579398144862036,0.8579346647250785,0.8580281819694059,0.8581104618093246,0.8581490058215142,0.8575242258860386,0.8574833177211215,0.8576790981346494,0.8578222817291952,0.8581863529197701,0.8583247360756638,0.8583696657276318,0.8586256100132175,0.8583701445350277,0.8586892223787047,0.858755191434828,0.8587451705624942,0.8587505150082441,0.8588537904903892,0.8589969415789268,0.8592251754626709,0.8594575676640395,0.8589192679378157,0.8589346537030769,0.8588831257794021,0.8588425563748623,0.8590699517508571,0.8583095661656868,0.8570286541191766,0.8566440055774818,0.8580797688277878,0.8577394539133487,0.8559221999774599,0.8583431264394804,0.8591181143802208,0.8548816060417973
16.8,0.8725229535211724,0.8723380325723334,0.8720549125081541,0.8725142631446402,0.8724671410312682,0.8724933719507901,0.8725511216222424,0.8725727463378735,0.8725295597522547,0.8725184821309379,0.8724562902870184,0.872978221208478,0.8729377102662067,0.8728324329962021,0.8730188606365914,0.8724864864553694,0.8724517517074956,0.8723911543693084,0.8723143124376795,0.8724004169677787,0.8722496320429869,0.872222275463547,0.8722417349374071,0.8722329728959278,0.8722203425595381,0.8721598209720786,0.8721493582919773,0.8722667857081821,0.8722154042900877,0.8722107733222516,0.8722273558873016,0.8722422298144005,0.8721598727282566,0.8724492576553551,0.873549913716399,0.873774680211426,0.8725627781520583,0.8727588179891599,0.8730039186867316,0.8726093611403043,0.8723748986968238,0.8791104017894575,0.8792627048808074,0.8791692884379601,0.8790596145874003,0.8791792068994306,0.879225051334531,0.879128996995978,0.879121971172628,0.8791997552903252,0.8792668166587088,0.8793000747423609,0.8787784850122937,0.8787400382997105,0.8789021047385341,0.8790169318983336,0.8793296045307576,0.8794437255797931,0.8794812252718104,0.8796929197149358,0.8794815421901007,0.8797466713436486,0.8798013587485231,0.8797923758303046,0.8797967269413925,0.8798810389856483,0.8799963697280194,0.8801837755089406,0.8803705873320624,0.879934623193854,0.8799472132248407,0.8799050025166788,0.8798706435438575,0.8800576263799879,0.8794315410736734,0.8783451971767255,0.8780251983613734,0.8792422616278333,0.8789590734504442,0.8774775764447,0.8794509792011969,0.8800906329571508,0.8765245078829341
17.2,0.89189169813636,0.8917370751555757,0.8915116967314204,0.8918864935325009,0.8918435236512395,0.8918617900056851,0.8919125437027829,0.8919288983181199,0.8918912067676747,0.8918797553539491,0.891827161309957,0.8922785361479217,0.8922403662876848,0.8921476535396142,0.8922999219660486,0.8918515251278937,0.8918198132640368,0.8917673415919826,0.8916986820657254,0.8917749335290439,0.8916436605297056,0.8916194396649919,0.8916355851919298,0.8916279129306038,0.891614499577128,0.8915576362390346,0.8915304305368119,0.8916091835407534,0.891608578513277,0.8916044807545247,0.8916205407876878,0.8916314862692452,0.8915587935581771,0.8918171351076533,0.8927517545933841,0.8929476665268038,0.8919195233910201,0.8920906973078803,0.8923422599293667,0.8919481031152205,0.8917276446510456,0.8974639970730757,0.8975969221336544,0.8975362689880692,0.897423100214441,0.8975215627326394,0.8975562577438583,0.8974767963107293,0.897468869573696,0.897533291678371,0.897587786165493,0.897616249760797,0.897182777412824,0.8971475112559325,0.8972811698368717,0.8973729922328498,0.8976395360504797,0.8977333219120224,0.8977644836534374,0.8979389380010053,0.8977646827403772,0.8979841027241611,0.8980292649137939,0.8980213318839003,0.8980248642038606,0.8980935012002471,0.8981861949824678,0.8983396287271419,0.8984894808148535,0.8981372231718093,0.8981474949240679,0.8981130193180533,0.8980840895993636,0.8982373180335238,0.8977235708819192,0.8968076549572345,0.8965425803117638,0.8975681972809081,0.8973334746336608,0.8961307394616156,0.8977332015669793,0.8982592899069164,0.8952727261818197
17.6,0.9085748103672748,0.908446046412311,0.9082670296647892,0.9085720405440233,0.9085335420930578,0.9085459759118051,0.9085901035612243,0.9086024131956861,0.9085698343445857,0.9085586505316081,0.9085144135336247,0.9089015346160807,0.9088664900437566,0.9087857732668584,0.9089098079222847,0.9085340326923462,0.9085056221199459,0.9084605788456647,0.9084000987097338,0.9084667844971367,0.9083535814823551,0.9083324033010802,0.9083457526106928,0.90833910510876,0.9083257956575596,0.9082737844502874,0.908237463546048,0.9082881048712087,0.9083195166097457,0.9083159360090856,0.9083309553699914,0.908338947580812,0.9082755197455142,0.9085029446311365,0.9092918444879369,0.9094610040312305,0.9085938201316162,0.9087417841070006,0.9089873627776668,0.9086098187863078,0.9084076426258093,0.9132626811796463,0.9133775226776458,0.9133403189881256,0.9132298219812901,0.9133106097410008,0.9133367449246033,0.9132712426749544,0.9132630899978355,0.9133162565813111,0.9133604376314192,0.9133846284627496,0.9130257526000668,0.9129940123644454,0.9131039059932896,0.913177180178415,0.9134029575116551,0.9134798150931116,0.913505615190893,0.9136489501705698,0.9135057304401886,0.9136867181207784,0.9137238968558121,0.9137169763948221,0.9137198377753784,0.9137755931763574,0.9138499660738685,0.9139752959526245,0.9140953289273483,0.9138111861234507,0.9138195471003705,0.9137914546108027,0.9137672176843101,0.9138924441164967,0.9134720333070347,0.9127036976403731,0.9124849005710947,0.9133448424402028,0.9131509298497854,0.9121777466404657,0.9134750717444267,0.9139065231592328,0.911416146577139
18,0.9228686618083455,0.9227617982983621,0.9226198083634081,0.9228675437603229,0.9228335388357772,0.9228417644500423,0.9228797855023617,0.9228890131100463,0.9228610828944356,0.9228505672047669,0.9228135306771224,0.9231432034636564,0.9231116610242428,0.9230420568902651,0.923142885807392,0.9228293080352616,0.9228042344488169,0.9227658508393091,0.9227131938309959,0.9227709126076667,0.9226740726199616,0.9226557454936845,0.922666751243701,0.9226610422725281,0.9226483996416206,0.9226017833017366,0.9225615595375954,0.9225921898211744,0.9226421791757428,0.9226390827897063,0.9226527752547707,0.9226585670402407,0.9226037560355719,0.9228016767858438,0.923464194473984,0.9236090921612531,0.9228812905926629,0.9230081136096147,0.9232396877981885,0.9228887278025869,0.9227068674974656,0.9267941339387581,0.9268925109782085,0.9268717213338148,0.9267677741376374,0.9268338765917754,0.9268534860356784,0.9267996471899073,0.9267917134401159,0.9268354633137679,0.92687122193628,0.926891659393382,0.9265954783590645,0.9265673417887171,0.9266574725105216,0.9267158639390176,0.9269060703960887,0.926968914191899,0.9269902100082478,0.9271076919751637,0.9269902671163386,0.9271391462282025,0.9271696742645864,0.9271636980784561,0.927166012256619,0.9272112308505241,0.9272708375338985,0.9273730274400072,0.9274690941346061,0.9272401557007154,0.9272469494125378,0.9272240988706857,0.9272038797011599,0.9273060041069144,0.9269627167185007,0.9263209505897561,0.9261408787953747,0.9268588231380882,0.9266990600825944,0.9259136484925171,0.9269615076317758,0.927314543366793,0.9252455107082053
18.4,0.9350603237289066,0.9349718888931225,0.9348593518397288,0.9350602856118384,0.9350305973792625,0.9350358335775577,0.9350683440132236,0.9350752377337117,0.9350514581897718,0.9350418354433518,0.9350109485523741,0.9352900143065094,0.9352620646154671,0.9352025221230325,0.935284362474453,0.9350236261627878,0.9350017645992015,0.934969258871852,0.9349238529577065,0.9349733809855827,0.9348910984390176,0.9348753746255649,0.9348844270589379,0.9348795603340946,0.9348679108060274,0.9348267855738486,0.9347860850104545,0.9348027955785644,0.934862010571379,0.9348593559183392,0.9348715994746994,0.9348757650028877,0.9348287847800045,0.9349993974508172,0.9355533787230073,0.9356766548321472,0.9350684045882309,0.9351763349577136,0.9353892227555312,0.9350702048162944,0.9349091076429445,0.9383343983836652,0.9384180699582345,0.938408475315058,0.9383132738216921,0.9383672417694361,0.9383819056437356,0.9383377572263149,0.9383303163968658,0.9383662321653626,0.9383951392218164,0.9384123184050667,0.9381685137335368,0.9381438772616142,0.9382176530722788,0.938264146839057,0.9384236432530382,0.9384749383590307,0.9384924719942659,0.9385885785310809,0.9384924900107361,0.9386146846458765,0.938639699870319,0.9386345825350854,0.9386364520686435,0.9386730832470535,0.938720825866421,0.9388040348576584,0.9388808930176897,0.9386965592585926,0.9387020723984676,0.9386835100972893,0.9386667033539379,0.9387498524809555,0.9384700096654828,0.9379359186566719,0.9377880691893747,0.9383852894184693,0.9382539547301607,0.9376213164444019,0.9384662256110562,0.9387545852172741,0.9370408969352589
18.8,0.9454193059007355,0.9453462954922897,0.9452571188379834,0.945419938459741,0.9453942672176202,0.9453974156687069,0.9454250352847748,0.9454301707631976,0.9454100437172971,0.94540141512666,0.9453757419578631,0.9456107637975075,0.9455863067219703,0.9455357133573371,0.9456020696529444,0.9453859250011177,0.9453670523560217,0.9453396691658914,0.9453008285969747,0.9453430221006972,0.9452735082750914,0.9452601149171651,0.9452675466730842,0.9452634237530895,0.9452529266134648,0.945217099101176,0.9451780591516676,0.9451853464764843,0.9452474965025145,0.9452452368977043,0.945256020737993,0.9452589933135263,0.9452190015291101,0.9453649118012759,0.9458264438466507,0.9459307210992657,0.9454241995375902,0.9455155006739633,0.9457074466541434,0.9454224504172898,0.9452815016692608,0.9481409382024456,0.9482116739903851,0.9482094706663317,0.9481240183993019,0.9481680041077462,0.9481789386658758,0.9481428044337453,0.9481360075763341,0.9481654358618398,0.9481887857780332,0.9482031640836456,0.9480028989513262,0.9479815447336035,0.9480418393799932,0.948078847566994,0.9482120639061093,0.948253876304103,0.9482682826067361,0.9483467841546747,0.9482682753838454,0.9483683889311798,0.9483888531406598,0.9483845020945879,0.9483860113355362,0.9484156634363651,0.948453895230252,0.9485215812813844,0.9485830737433777,0.9484347001426043,0.9484391700858078,0.9484241052954794,0.9484101774928998,0.9484777954560329,0.9482499601082875,0.9478068507635136,0.9476856885062921,0.9481809632965591,0.9480731935284475,0.9475643257799249,0.9482447659413552,0.9484799780693538,0.9470642605315298
19.2,0.9541927353118843,0.9541325776850976,0.9540618931851308,0.9541937519546718,0.9541717315744798,0.9541734504065121,0.9541967868664769,0.9542006034735746,0.954183652761883,0.9541760360828284,0.9541547561258042,0.9543518259279794,0.9543306429099475,0.9542878971685158,0.9543416604873058,0.9541629352179699,0.954146775935563,0.9541238109409323,0.9540908085574041,0.9541265359550855,0.9540680937672646,0.9540567543842157,0.9540628464152124,0.9540593719649766,0.9540500730904576,0.9540191761166246,0.9539830278429734,0.9539841515584051,0.9540451849436817,0.9540432731765451,0.9540526576906166,0.9540547613163939,0.9540209164274176,0.9541448742472399,0.9545281962940519,0.9546159702054992,0.9541954382213376,0.9542722804605959,0.9544427229605869,0.9541916001088279,0.9540695234866298,0.9564487451637516,0.9565082407807116,0.9565107063729079,0.9564351954527884,0.9564709986533882,0.9564791328478899,0.9564496017793243,0.956443514436851,0.9564675905261573,0.9564864431706581,0.9564984333213905,0.9563342146254074,0.9563158604782915,0.9563650780517593,0.9563945378949213,0.9565054306010692,0.9565394790777986,0.9565512959961943,0.9566153429320235,0.9565512734069168,0.9566331792887671,0.9566498988536434,0.9566462212471536,0.9566474391545468,0.9566714311645373,0.9567020502286925,0.9567570707354544,0.9568062863250473,0.9566868592172242,0.9566904812683007,0.956678262511205,0.9566667499852629,0.9567216904662826,0.9565363687322453,0.9561696998097732,0.956070557228425,0.9564802301433458,0.9563919257804215,0.9559830003801283,0.9565305535262887,0.9567222191141591,0.9555551720917241
19.6,0.9616031144579378,0.9615536275465,0.9614975647393665,0.961604319420185,0.9615855574645378,0.9615863206742743,0.9616059466747253,0.9616087775344703,0.9615945624023722,0.9615879218953963,0.9615703248553017,0.9617349604450111,0.9617167672818077,0.961680824985937,0.9617243667464258,0.9615768959472699,0.9615631540341654,0.9615439673039532,0.961516083184238,0.9615461807706197,0.9614972486306407,0.9614876971520049,0.961492685007866,0.9614897700378334,0.9614816418684916,0.9614552169430809,0.9614225714126174,0.9614198509880857,0.9614773150011707,0.9614757057211105,0.961483793304742,0.9614852682897084,0.9614567669210281,0.9615614878353377,0.9618790221633376,0.9619525956106731,0.9616043467357455,0.9616687420363024,0.9618182458036219,0.9615994179956027,0.9614945698155744,0.9634687064918585,0.9635185325705161,0.9635237562302557,0.9634578541162966,0.9634869689312752,0.9634930077290622,0.9634689008950582,0.963463531449207,0.9634832053359422,0.9634984242309945,0.9635083919088465,0.9633739169466388,0.9633582520561754,0.9633983909361007,0.9634218511027496,0.963513897821239,0.9635416039217097,0.9635512837765062,0.9636034919646335,0.9635512527041394,0.9636181875085369,0.9636318340611761,0.9636287411689338,0.9636297238531901,0.9636491324058108,0.963673663644569,0.9637183682107651,0.9637577808498917,0.9636616319162565,0.9636645659719251,0.9636546591575876,0.9636451634463634,0.9636897774128493,0.9635391337485906,0.9632363832380426,0.9631553539796616,0.9634934874555295,0.9634212165612939,0.9630927901129994,0.9635332137846951,0.963689280523933,0.9627289388822849
20,0.9678479105870874,0.9678072560701385,0.9677627490659855,0.9678491741710058,0.9678332790880338,0.9678334233777304,0.9678498636095831,0.9678519598972776,0.9678400819318496,0.9678343500491801,0.9678198272985794,0.9679569337606585,0.9679414176914413,0.9679113188066906,0.9679465755828132,0.9678251088878453,0.967813489303409,0.9677975107854984,0.967774062910906,0.9677993081455895,0.9677584814365343,0.9677504706425817,0.9677545506360455,0.967752114257167,0.9677450847515268,0.9677226385933079,0.9676936965034268,0.9676887494321574,0.9677413047569178,0.967739955896305,0.9677468703638465,0.9677478936441307,0.9677239929337079,0.9678120455456544,0.9680745041258034,0.9681359542693497,0.9678481854956719,0.9679019534371329,0.9680317845432888,0.9678428299081067,0.9677534070512851,0.9693875574154429,0.9694291332703847,0.9694358033424956,0.9693788621158611,0.9694025218298846,0.9694069973592531,0.9693873356510544,0.9693826561950648,0.9693987180438495,0.9694110040718761,0.9694192686479733,0.9693092705392107,0.9692959798828465,0.9693286927162674,0.9693473870009587,0.9694236057904878,0.9694461397358821,0.9694540604617715,0.9694965910894238,0.969454025582663,0.9695086785864344,0.969519808583441,0.9695172184051625,0.9695180113583085,0.969533712115338,0.9695533770708139,0.9695896903504709,0.9696212765181829,0.9695438378219499,0.9695462142900054,0.9695381832481373,0.9695303650546488,0.9695665806354761,0.9694441774869886,0.9691946625168461,0.969128497093364,0.9694070787476379,0.9693479842000979,0.9690842763915092,0.9694384748507034,0.9695654906493406,0.9687764070114575
20.4,0.9731003681646501,0.9730670062955638,0.9730316326869589,0.9731016078765241,0.9730882063686879,0.973087967360733,0.9731016924688362,0.9731032427059084,0.9730933482443677,0.9730884408490152,0.9730764751985288,0.9731903493326342,0.9731771940107006,0.9731520755586172,0.9731806234926643,0.9730807228861257,0.9730709449910145,0.9730576746217001,0.9730380364035067,0.9730591338779951,0.9730251710019927,0.9730184769407306,0.9730218119039419,0.9730197820426625,0.9730137550403234,0.9729947965848152,0.9729694983888318,0.9729634266673635,0.97301048727368,0.9730093607822422,0.9730152333775232,0.9730159343589162,0.9729959633759711,0.9730697052086879,0.9732862387108049,0.9733374064993688,0.9731000461601321,0.9731448017426322,0.9732566190374933,0.9730946892354723,0.9730188698983669,0.9743688780083045,0.9744034623673905,0.9744107026397091,0.9743619070895303,0.9743811250446636,0.9743844371832528,0.9743684113554107,0.9743643726475769,0.9743774765046774,0.9743873969235924,0.9743942341253543,0.9743043348110032,0.9742931149735498,0.9743197629210912,0.9743346718790639,0.9743976550788371,0.974415976656979,0.9744224524251324,0.9744570839307283,0.9744224168141975,0.97446701242761,0.9744760849512287,0.9744739235207038,0.9744745635271039,0.9744872667802452,0.9745030420194736,0.9745325359010829,0.974557872087226,0.9744954698535853,0.9744973947821847,0.9744908843572663,0.9744844569283351,0.974513849958663,0.9744144171170054,0.9742090932756083,0.9741551017702668,0.9743842731089231,0.974335987006366,0.9741242439345983,0.9744091185034741,0.9745124579052833,0.9738648783313032
20.8,0.977511077187492,0.977483724393134,0.9774555732502925,0.9775122436277986,0.9775009908182861,0.9775005306059287,0.9775119559223475,0.9775131010717568,0.9775048806064912,0.9775007072922629,0.9774908622347939,0.9775852241560156,0.9775741255828327,0.9775532250781304,0.9775763437396836,0.977494280833572,0.9774860861069095,0.9774750905282967,0.9774586991060068,0.9774762752643074,0.977448093616981,0.9774425172466786,0.9774452417263491,0.9774435551460555,0.9774384242306374,0.9774224874427349,0.9774006185030035,0.9773941516227572,0.9774356232138576,0.9774346853209932,0.9774396456315314,0.9774401183638006,0.9774234819350844,0.9774850293500722,0.9776633950318786,0.9777058896547829,0.977510407189087,0.9775475630463112,0.9776432015165104,0.9775053077447974,0.9774413416724915,0.978554722291349,0.978583415274933,0.9785906609431135,0.9785491298487864,0.9785647356806416,0.9785671838117496,0.9785541275814306,0.9785506694541499,0.9785613545975674,0.9785693675682893,0.9785750132320652,0.9785015890059561,0.9784921576623025,0.9785138581949565,0.9785257598733885,0.9785777155132814,0.9785926096625426,0.9785979005589631,0.9786260918213626,0.9785978661493047,0.9786342375981368,0.9786416301197715,0.9786398319312797,0.9786403486769182,0.9786506294521532,0.9786632946966063,0.9786872500671625,0.9787075925643118,0.9786572760442476,0.9786588354859288,0.9786535571252953,0.978648279605292,0.9786721345637586,0.9785913693242132,0.9784226273116364,0.9783785916817318,0.9785668790748643,0.9785274460731621,0.9783573926600709,0.9785865692515686,0.9786706309106288,0.9781397088898217
21.2,0.9812099538759725,0.9811875442555542,0.9811651093600322,0.981211020357356,0.981201604862055,0.9812010326795324,0.9812105200377721,0.9812113651745974,0.9812045508937988,0.9812010216959897,0.9811929308731928,0.9812709710819911,0.9812616470068337,0.9812442997721145,0.9812630260687768,0.9811956843546008,0.9811888401185342,0.9811797474394774,0.9811661057650051,0.9811807093840023,0.9811573752242579,0.9811527422330809,0.9811549670664115,0.9811535689541168,0.9811492265297775,0.9811358832021417,0.9811171456900204,0.9811107483473447,0.9811468423092063,0.9811460634781639,0.9811502338889295,0.9811505463110595,0.9811367238385327,0.9811879449008579,0.9813346776444424,0.9813698902132376,0.9812091043471698,0.9812398818719327,0.9813212062235773,0.9812044068807386,0.9811506688396617,0.9820675792012268,0.9820913312310903,0.9820982364206724,0.9820630890376039,0.9820757600814197,0.9820775676600334,0.9820669341215582,0.9820639924928486,0.9820727021981314,0.9820791772363611,0.9820838315480998,0.982023893386219,0.9820159942803928,0.9820336624888508,0.9820431736824852,0.9820859695296302,0.9820980767769421,0.9821023973943547,0.9821253422150332,0.9821023653203088,0.9821320190694596,0.9821380411309114,0.9821365489922326,0.9821369664027291,0.9821452895863211,0.9821554669602767,0.9821749258292711,0.9821912754170967,0.9821506763941639,0.9821519400676588,0.9821476597055485,0.9821433308140368,0.9821626925980947,0.9820970894717123,0.9819585604069223,0.9819226573544118,0.9820771926276242,0.9820450027544982,0.9819083805808129,0.9820928214990488,0.9821611973767442,0.9817262718778142
21.6,0.9843083924963216,0.9842900436844223,0.9842721380262885,0.9843093475231661,0.9843014930558776,0.9843008805973694,0.9843087419877792,0.9843093652363069,0.9843037275208717,0.9843007570361664,0.9842941143767032,0.9843585481201902,0.984350742863131,0.9843363756674295,0.9843515487991414,0.9842963339659351,0.9842906344357394,0.9842831280423547,0.9842718029917091,0.9842839092206136,0.9842646242581531,0.9842607837596277,0.984262600032789,0.9842614433371339,0.9842577862679199,0.9842466519812735,0.9842307126740572,0.9842246646301135,0.9842557685503025,0.9842551232439054,0.9842586158733881,0.984258816765387,0.9842473579556139,0.9842898799667151,0.9844104565576716,0.9844395788997989,0.9843074745636574,0.9843329200047845,0.9844017304200048,0.9843032470121158,0.9842582643686253,0.9850124560287784,0.9850320805813332,0.9850384503955809,0.9850088477446903,0.9850191358086383,0.985020469191775,0.9850118105028242,0.9850093219084326,0.9850164196491155,0.9850216545019618,0.9850254863266519,0.9849765755182867,0.9849699803550376,0.984984364134521,0.9849919736284508,0.9850271806638049,0.9850370228229239,0.985040549742592,0.9850592231586446,0.9850405205918121,0.9850646917538325,0.9850695966623951,0.9850683611998231,0.9850686985420402,0.9850754396444463,0.9850836254211236,0.9850994344466495,0.9851125884407234,0.9850798068319391,0.9850808311625178,0.9850773591420399,0.9850738113725651,0.9850895287427506,0.9850362361750702,0.9849226120805793,0.9848933464445944,0.9850200698614766,0.984993800591584,0.9848839833560705,0.9850324950726321,0.985088113471509,0.9847320632145322
22,0.9869014265723914,0.9868864100026116,0.9868720978131503,0.9869022684776382,0.9868957332038257,0.9868951258505525,0.9869016280414333,0.9869020873664474,0.9868974308119264,0.9868949405069163,0.9868894912748808,0.9869426147206988,0.9869361009004415,0.9869242236436716,0.9869365222402106,0.98689128199341,0.9868865476211636,0.9868803597119061,0.9868709778366355,0.9868809942326412,0.9868650808626294,0.9868619034625667,0.9868633858886614,0.9868624305381085,0.9868593633807132,0.9868500989680572,0.9868366199036747,0.9868310743342635,0.9868576640857644,0.9868571304280993,0.9868600457515699,0.9868601699182286,0.9868506887982478,0.9868859145313249,0.9869849054765928,0.9870089511885471,0.9869005110286925,0.986921513842973,0.9869794894762732,0.986896771594167,0.9868592342895606,0.9874789451532447,0.9874951332354688,0.9875008745191044,0.9874760429068759,0.9874843968104822,0.9874853795839694,0.9874783297048187,0.9874762340628704,0.9874820173064167,0.9874862517689139,0.9874894028173249,0.9874495013215893,0.9874440096311663,0.9874557193159643,0.9874618144865078,0.9874907478588221,0.9874987495104122,0.9875016277226799,0.9875168249490591,0.9875016017186099,0.9875213011119872,0.9875252958219561,0.987524274796083,0.9875245475783471,0.987530009764394,0.9875365998877013,0.9875494464288616,0.9875600403338329,0.9875335516055093,0.9875343822290886,0.9875315649871607,0.9875286594193133,0.9875414211068075,0.9874981220835746,0.9874049947211181,0.9873811427485572,0.9874849849295039,0.9874635518657218,0.9873752289102044,0.9874948792947981,0.9875401245396066,0.9872488016663823
22.4,0.9890697972739756,0.9890575126224864,0.9890460556414283,0.9890705304567822,0.989065104976246,0.9890645299383929,0.9890698994676901,0.9890702378030495,0.9890663971443691,0.9890643164336627,0.9890598492830027,0.9891035940274431,0.989098172283868,0.9890883688950565,0.9890983414797665,0.9890612952093711,0.9890573710115281,0.989052276286719,0.9890445183275878,0.9890527918160711,0.9890396782614741,0.9890370538357839,0.9890382636074175,0.9890374756943204,0.9890349122915733,0.989027222487598,0.9890158796599035,0.9890109051885906,0.9890334870026402,0.9890330463941912,0.9890354729717193,0.9890355450803124,0.9890277132478091,0.9890568417281157,0.9891380478113365,0.9891578736791836,0.9890689269517768,0.9890862386177417,0.9891349076487733,0.989065662865978,0.9890344219293399,0.9895431871572545,0.989556522108053,0.989561608272038,0.9895408506323228,0.9895476349970728,0.9895483588099483,0.9895426189889543,0.9895408611350854,0.9895455729681284,0.9895490001268283,0.9895515888139984,0.9895190431631795,0.9895144809106481,0.9895240140185702,0.9895289020095356,0.989552658401933,0.9895591647094608,0.9895615130616817,0.9895738819609611,0.9895614901936364,0.989577543921134,0.9895807973079513,0.989579954848098,0.9895801755517075,0.9895846035289401,0.9895899140394104,0.9896003558325679,0.9896088965458708,0.9895874771207215,0.9895881509337138,0.9895858641829614,0.9895834859305156,0.9895938504285855,0.9895586637252053,0.9894823827290754,0.9894629442705173,0.9895479860884099,0.9895305013768337,0.9894594194094387,0.9895558779321616,0.9895926897235987,0.9893544304491313
22.8,0.9908818696546148,0.9908718231037236,0.9908626382660126,0.9908825019891032,0.9908780065666999,0.9908774787270078,0.9908819068777857,0.990882155979794,0.9908789921565029,0.9908772586735438,0.9908735987126678,0.9909095825761531,0.9909050800685081,0.9908969993759205,0.9909050892221639,0.9908747671972203,0.9908715205440045,0.9908673303044202,0.9908609252217078,0.9908677492747799,0.9908569554126992,0.9908547908194343,0.99085577799818,0.9908551289828957,0.9908529929765235,0.9908466234280447,0.9908371173106217,0.9908327278543468,0.9908518016444398,0.9908514383682405,0.9908534532611296,0.990853490664775,0.9908470303989716,0.9908710794330494,0.9909376521267368,0.9909539787259478,0.9908810683373065,0.9908953205093962,0.990936048313247,0.9908782487623924,0.9908523077883684,0.9912696808733705,0.9912806526191551,0.9912850988842185,0.9912677980517037,0.9912733088502249,0.9912738415675859,0.9912691682343464,0.9912676986247946,0.9912715374693429,0.9912743128110547,0.9912764377340929,0.9912498950240799,0.9912461125082754,0.9912538742633507,0.9912577987807495,0.991277289728995,0.9912825811274402,0.9912844969060536,0.9912945648849225,0.9912844770204383,0.991297559503948,0.9913002092438947,0.9912995150714771,0.991299693742609,0.991303285039164,0.9913075683692896,0.9913160578395884,0.9913229500489708,0.9913056174018599,0.9913061642314118,0.9913043073957354,0.9913023616705197,0.9913107816778031,0.9912821806500697,0.9912197305036947,0.9912038890619101,0.9912735001155323,0.9912592376470019,0.9912019913180997,0.9912798048172066,0.9913097602114513,0.991114966839474
23.2,0.9923953672353782,0.9923871531363234,0.9923797793399093,0.9923959083245361,0.99239218979066,0.9923917158539154,0.9923953633768499,0.9923955467075998,0.992392943208073,0.9923915025701077,0.9923885053856547,0.9924180784386862,0.9924143466643308,0.9924076937017084,0.992414259033695,0.9923894504187755,0.992386768605615,0.9923833253935755,0.9923780443998381,0.9923836659909477,0.992374790299884,0.9923730071651438,0.9923738126705071,0.9923732786374295,0.9923715032980777,0.9923662367354376,0.9923582973559231,0.9923544729917304,0.992370510454849,0.9923702112969525,0.992371880882177,0.9923718956853012,0.9923665733108858,0.9923864019640339,0.9924409480234077,0.9924543788100323,0.9923946460069819,0.992406367362348,0.9924403565776234,0.9923922307255088,0.9923707334227898,0.9927129168471428,0.9927219351107462,0.9927257813729873,0.9927113982425788,0.9927158755912426,0.9927162674044151,0.9927124621347214,0.9927112370051074,0.9927143646874312,0.9927166134540802,0.9927183564653024,0.9926967108973285,0.9926935803131238,0.9926999005780218,0.9927030551750136,0.9927190362691407,0.9927233405197927,0.9927249032775374,0.9927330994537243,0.992724886140631,0.9927355475304046,0.9927377057895224,0.9927371344736893,0.9927372792008652,0.9927401932948262,0.9927436512408364,0.9927505553469523,0.9927561224815591,0.99274208713791,0.9927425310981411,0.9927410227873837,0.992739431533844,0.9927462739246312,0.9927230200173559,0.9926719146028447,0.9926590041581407,0.9927159613246681,0.9927043277887641,0.992658190714125,0.9927210059396873,0.992745386677412,0.9925861737870465
23.6,0.9936589153921234,0.9936522008948762,0.9936462729431518,0.9936593754234233,0.9936563040208093,0.9936558854266403,0.9936588868776396,0.9936590217553165,0.9936568813100949,0.9936556865873095,0.9936532331459685,0.9936775185685163,0.9936744308715098,0.9936689588799844,0.9936742892422237,0.9936539980455321,0.993651785852662,0.9936489586882533,0.9936446095787522,0.9936492356562276,0.9936419434910808,0.9936404761497107,0.9936411334065989,0.9936406943887112,0.9936392220407582,0.9936348741372857,0.9936282626267188,0.9936249639274916,0.9936383967049689,0.9936381506025793,0.9936395315879445,0.9936395321495234,0.9936351518805867,0.9936514818093141,0.9936961530757545,0.9937071916248215,0.9936582771106611,0.9936679085642165,0.993696206576643,0.9936562222300158,0.9936384381559196,0.993918827969325,0.9939262341837831,0.9939295333883222,0.9939176020368387,0.9939212406735332,0.9939215286641659,0.9939184299030489,0.99391741108703,0.9939199595050636,0.9939217826183376,0.9939232115003362,0.9939055599856937,0.9939029728968179,0.9939081200865174,0.9939106586542428,0.9939237547959604,0.9939272568447838,0.9939285315799498,0.9939352049795044,0.9939285169201542,0.9939372057302835,0.99393896384852,0.9939384941186251,0.993938611417014,0.993940977109982,0.9939437711439322,0.9939493875330504,0.9939538883767759,0.9939425155030325,0.9939428760935267,0.9939416504327123,0.9939403494759532,0.9939459115639903,0.9939270000512994,0.9938851930853454,0.9938746706860304,0.9939212587058319,0.993911769626162,0.9938745585509859,0.9939253011617774,0.9939451487685977,0.9938150458584732
24,0.9947133967585186,0.9947079089943524,0.9947031371805226,0.9947137857818621,0.994711252131165,0.994710887072295,0.9947133547043718,0.9947134539025302,0.9947116955517054,0.9947107065833168,0.9947086989172017,0.9947286287151808,0.9947260777263263,0.9947215809734621,0.9947259104679776,0.9947093184709492,0.9947074958367461,0.9947051760502384,0.9947015979945244,0.9947054013431527,0.994699414594532,0.9946982082266179,0.9946987445247211,0.9946983839031344,0.9946971651333505,0.9946935803862816,0.9946880883417515,0.994685266020075,0.9946964805336017,0.9946962782574794,0.9946974187676351,0.9946974107899273,0.9946938091676825,0.9947072442030814,0.9947438140069517,0.9947528792820592,0.9947128391674144,0.9947207473436952,0.9947442580286704,0.9947111007359493,0.9946964106079662,0.9949260619864332,0.9949321398310634,0.9949349502770567,0.994925071471622,0.9949280293082119,0.9949282408482303,0.994925717109206,0.9949248716589068,0.9949269482700732,0.9949284270962642,0.9949295978635001,0.9949152033182981,0.9949130681969295,0.9949172606761068,0.9949193057201695,0.9949300327436635,0.9949328827619228,0.9949339225479272,0.9949393569985739,0.9949339100833787,0.9949409918165861,0.9949424241517961,0.9949420382785721,0.9949421333988478,0.9949440547622578,0.994946314224009,0.9949508843571135,0.9949545262186066,0.9949453049120109,0.994945597905956,0.9949446015632225,0.9949435382092773,0.9949480609617605,0.9949326767793842,0.9948984862948068,0.9948899094991159,0.994928005705129,0.9949202656721776,0.9948902315750187,0.9949312497632021,0.9949474105217705,0.994841113527397
24.4,0.9955931294995356,0.9955886449360392,0.9955847990497103,0.995593456996934,0.9955913692807046,0.99559105407999,0.9955930812748389,0.9955931542092392,0.9955917107400771,0.9955908933916575,0.9955892509700154,0.9956055968246548,0.9956034919838136,0.9955997994313639,0.9956033174068109,0.9955897531428624,0.995588253021,0.9955863506514995,0.9955834095213116,0.9955865339642359,0.9955816220652615,0.9955806310431281,0.9955810686552385,0.9955807726337587,0.9955797654090651,0.9955768132408239,0.9955722608153795,0.9955698620391488,0.9955791986112101,0.9955790324845555,0.9955799731357863,0.9955799604491156,0.9955770014123699,0.995588045118559,0.9956179728095387,0.9956254124921876,0.995592647359392,0.9955991363438043,0.9956186339010047,0.9955911835436715,0.9955790650006924,0.9957670870898223,0.9957720716701491,0.9957744520852299,0.9957662861280578,0.9957686912132054,0.9957688464919007,0.9957667907857053,0.9957660904902759,0.9957677828146677,0.9957689829928388,0.9957699418537815,0.995758202957906,0.9957564428832941,0.9957598582801935,0.9957615074478723,0.995770290475845,0.9957726104050941,0.9957734585579688,0.9957778848503031,0.9957734480138681,0.9957792204424895,0.9957803875168677,0.9957800707659005,0.9957801479422322,0.9957817091080008,0.995783537711786,0.9957872575124989,0.9957902066676729,0.9957827254089845,0.9957829635703772,0.9957821533536553,0.9957812843817534,0.9957849631371264,0.9957724449955191,0.9957444900375974,0.9957374984044213,0.9957686436854314,0.9957623300993017,0.9957380710635213,0.9957712506038422,0.9957844121862821,0.995697576787725
24.8,0.9963268834292558,0.9963232190585342,0.9963201158512218,0.9963271580822914,0.9963254394973441,0.9963251695294663,0.9963268337829838,0.996326887390786,0.9963257031246574,0.9963250285466381,0.9963236852403645,0.9963370849030739,0.9963353501514067,0.9963323199476638,0.9963351796230439,0.9963240925351525,0.9963228589684962,0.9963212996819081,0.9963188839333927,0.9963214488791561,0.9963174210689216,0.9963166075127676,0.9963169646126516,0.9963167217635588,0.9963158905379771,0.9963134617254918,0.9963096950565019,0.9963076674354021,0.9963154220328214,0.9963152856860882,0.9963160606010006,0.9963160457267369,0.9963136163067875,0.9963226874509503,0.9963471725826688,0.9963532745758517,0.9963264699515524,0.9963317914226435,0.9963479348602561,0.9963252422395913,0.9963152565633326,0.9964691452044914,0.9964732309587376,0.9964752374960406,0.9964684970161837,0.9964704531930373,0.9964705670919354,0.9964688923728851,0.9964683132387731,0.9964696925456415,0.9964706670615651,0.996471452079191,0.9964618784296928,0.9964604289942413,0.9964632117981788,0.9964645430267395,0.9964717319518595,0.9964736208237588,0.996474312683919,0.9964779184844469,0.9964743038027485,0.9964790094784725,0.9964799605489326,0.9964797007048758,0.9964797633539528,0.9964810323719907,0.9964825133754994,0.9964855418615253,0.9964879318382989,0.9964818588686483,0.9964820525310333,0.996481393446199,0.9964806834367077,0.9964836765875099,0.9964734878513936,0.9964506356639489,0.99644493560095,0.996470393559745,0.9964652432901718,0.9964456348837257,0.9964724911921609,0.9964832124562404,0.9964122827809594
25.2,0.9969387507128911,0.9969357567764658,0.9969332501294078,0.996938980301151,0.9969375667965622,0.9969373370896158,0.9969387025822237,0.9969387419723449,0.9969377708708252,0.9969372147942587,0.9969361163469429,0.9969470960525233,0.996945667739454,0.9969431824799353,0.9969455078985178,0.9969364468894747,0.9969354333095641,0.9969341557813116,0.9969321728743121,0.9969342772451345,0.9969309759705138,0.9969303085009786,0.9969305999153809,0.9969304007905102,0.9969297156499972,0.9969277191295169,0.9969246075036035,0.9969229014704518,0.9969293289376038,0.9969292170970793,0.9969298548328362,0.9969298393852486,0.9969278459888046,0.9969352919902675,0.9969553196026039,0.9969603218690593,0.9969383985011853,0.9969427603874125,0.9969561077339537,0.9969373722607796,0.9969291523209525,0.9970550689753485,0.9970584164223039,0.9970601009694623,0.9970545440344295,0.9970561355313534,0.997056219013097,0.9970548544636481,0.9970543761970143,0.9970555005172151,0.997056292171239,0.9970569346599407,0.9970491264006768,0.9970479338427684,0.997050201593274,0.9970512771727609,0.9970571596447827,0.9970586979006537,0.9970592622944645,0.9970622002157722,0.9970592548413847,0.9970630913188786,0.9970638664737207,0.997063653430695,0.9970637043114323,0.9970647362551873,0.9970659365683451,0.9970684028435671,0.9970703410004582,0.9970654086282783,0.9970655661615758,0.997065029844159,0.9970644497912641,0.9970668858129524,0.99705859089254,0.9970399130247346,0.997035265406795,0.9970560714915614,0.9970518699512602,0.9970360096413632,0.9970577613920873,0.9970664965923346,0.9970085636738377
25.6,0.9974488881458108,0.9974464421409651,0.9974444153432783,0.9974490795293726,0.9974479178265879,0.997447723441195,0.997448843232234,0.9974488721658739,0.9974480762219182,0.9974476183113441,0.9974467202394793,0.9974557136218216,0.9974545386432776,0.9974525013272069,0.9974543929629333,0.9974469886443151,0.997446156390385,0.9974451100966538,0.9974434834136173,0.9974452090078038,0.9974425043350991,0.9974419570057904,0.9974421948296994,0.9974420316299686,0.997441467502445,0.9974398275589422,0.997437260563799,0.9974358306697035,0.9974411486949516,0.9974410570020872,0.9974415813807449,0.9974415663522959,0.9974399315810567,0.9974460400817741,0.9974624183974045,0.9974665173122733,0.9974485897933529,0.9974521636151873,0.9974631853035144,0.9974477344157466,0.997440973938995,0.9975439785155563,0.9975467199716582,0.9975481293362584,0.9975435530932576,0.9975448482451535,0.9975449093810886,0.9975437973842409,0.997543402899858,0.9975443194841181,0.9975449628726771,0.9975454885677504,0.9975391197169516,0.9975381392811223,0.9975399876049237,0.997540857386922,0.9975456696596829,0.9975469226554708,0.9975473830921563,0.9975497772568028,0.9975473768572066,0.9975505050386115,0.9975511369058934,0.9975509623179696,0.997551003659682,0.9975518431264816,0.9975528165800024,0.9975548254968107,0.9975563982524387,0.9975523902955291,0.9975525184825533,0.9975520819313441,0.9975516080954662,0.9975535912337202,0.9975468364551856,0.997531572396509,0.9975277824614207,0.9975447846449378,0.9975413568520795,0.9975285196427338,0.9975461476238205,0.9975532660712048,0.9975059511754888
26,0.9978741473307229,0.9978721490810155,0.997870508756262,0.9978743064841947,0.9978733523633277,0.9978731886191943,0.9978741065076977,0.9978741277530495,0.9978734756325262,0.9978730989050126,0.997872364759401,0.9978797287354281,0.9978787629019972,0.9978770935060856,0.9978786327838295,0.9978725828213334,0.9978718998642141,0.9978710432274452,0.9978697094443556,0.9978711237930222,0.9978689087015972,0.9978684600923438,0.9978686541918588,0.9978685204881949,0.9978680564318396,0.9978667102587861,0.9978645950712512,0.9978634005624636,0.9978677938870146,0.9978677187451493,0.9978681495841607,0.9978681355468417,0.9978667954960242,0.997871804232274,0.9978851959389816,0.9978885533389806,0.997873895781499,0.9978768228416097,0.9978859139625839,0.9978731845693654,0.9978676287277949,0.9979518732533884,0.9979541176478591,0.9979552933122827,0.9979515282595338,0.9979525825224531,0.9979526272521223,0.9979517209266587,0.9979513958966839,0.997952143219586,0.9979526663267352,0.9979530963595915,0.9979479011817828,0.9979470956955099,0.9979486024030902,0.9979493063376431,0.99795324229602,0.9979542631450901,0.9979546387956345,0.9979565901715739,0.9979546335938889,0.9979571845330063,0.9979576996714216,0.9979575566564843,0.9979575902617908,0.9979582733864848,0.9979590633345503,0.9979607000788493,0.9979619770741671,0.9979587188026359,0.9979588231428121,0.9979584676971918,0.9979580806580527,0.9979596955296841,0.9979541936397592,0.9979417207692346,0.9979386298798492,0.9979525222564335,0.9979497255318958,0.9979393285602942,0.9979536227311225,0.9979594247504223,0.9979207833877302
26.4,0.9982286078808618,0.9982269754874534,0.9982256468087122,0.9982287399568311,0.9982279567865343,0.9982278193861163,0.9982285714799353,0.9982285870738302,0.9982280529741112,0.9982277432866145,0.9982271432161277,0.9982331712687142,0.998232377891624,0.9982310104831628,0.9982322634241391,0.9982273204630013,0.9982267603148527,0.9982260591531921,0.9982249660113471,0.9982261247908911,0.9982243112279501,0.9982239436791956,0.9982241021022091,0.9982239926010662,0.9982236111747708,0.9982225067769696,0.9982207656690407,0.9982197706031829,0.9982233951661023,0.9982233336111846,0.9982236873579293,0.9982236746043717,0.9982225765816551,0.9982266817498329,0.9982376298924147,0.9982403789957675,0.9982283966303394,0.9982307932072506,0.998238284500527,0.9982278065381633,0.9982232437904217,0.9982921330425952,0.9982939699533168,0.9982949481852299,0.9982918531027609,0.9982927114950866,0.9982927441870946,0.9982920053823674,0.9982917378310976,0.9982923472235193,0.9982927726998797,0.9982931244085954,0.9982888862860174,0.9982882249360655,0.9982894533519184,0.9982900234957273,0.9982932421456244,0.9982940740240087,0.9982943805209603,0.9982959712566847,0.9982943761914326,0.9982964566380338,0.9982968766686774,0.9982967595589635,0.998296786886445,0.9982973429637787,0.9982979843587866,0.9982993181629004,0.9983003555784191,0.9982977056531849,0.9982977906076091,0.9982975011215155,0.9982971849983465,0.9982985003133159,0.9982940179289262,0.9982838267343379,0.9982813056670911,0.9982926561436808,0.9982903741488456,0.9982819484254056,0.9982935455523752,0.9982982754318618,0.9982667185101942
26.8,0.9985240273306264,0.9985226938507271,0.9985216167639656,0.998524136737722,0.9985234942230974,0.9985233793073418,0.998523995340268,0.998524006781054,0.9985235694759031,0.9985233150788304,0.9985228246461846,0.9985277578937856,0.9985271065707423,0.9985259868863333,0.9985270070490787,0.9985229687813545,0.9985225095705408,0.9985219358059257,0.9985210402338636,0.9985219892931761,0.9985205048792747,0.9985202038488227,0.9985203331602275,0.998520243507391,0.9985199302215767,0.998519024627384,0.9985175927275085,0.9985167658072499,0.998519752646541,0.9985197022386189,0.9985199925160756,0.9985199811576572,0.9985190817665129,0.9985224450738115,0.9985313944383603,0.9985336447961376,0.9985238505200932,0.9985258122082773,0.9985319797683539,0.9985233618190493,0.9985196169022871,0.9985759413208751,0.9985774443436277,0.9985782565155474,0.9985757140406201,0.9985764131195605,0.9985764369854579,0.9985758346507694,0.998575614596799,0.998576111575002,0.9985764577661523,0.9985767453673327,0.9985732877192007,0.9985727450075013,0.9985737466767373,0.9985742087849881,0.9985768404527391,0.9985775184683922,0.9985777685588393,0.9985790655050001,0.998577764962682,0.998579461877995,0.9985798044049561,0.9985797085379018,0.9985797307685409,0.9985801835609883,0.9985807046094309,0.9985817917593581,0.9985826349626211,0.9985804789671855,0.9985805481564345,0.9985803123309257,0.9985800541413692,0.998581125714231,0.9985774731569295,0.9985691468351099,0.9985670903147168,0.9985763633961371,0.9985745012680574,0.9985676691090613,0.9985770828808138,0.9985809393807138,0.9985551685218002
27.2,0.9987702199090814,0.998769130633372,0.998768256870971,0.9987703103950281,0.9987697835175493,0.9987696876780823,0.9987701921112139,0.9987702005008735,0.9987698425439528,0.9987696336963691,0.9987692329032153,0.9987732692984931,0.9987727348787844,0.9987718183013821,0.9987726491555524,0.9987693501600897,0.9987689738505738,0.9987685044354313,0.9987677709731925,0.998768548030154,0.9987673333168916,0.9987670868416523,0.9987671923968329,0.9987671190138284,0.9987668618565284,0.9987661196037739,0.9987649429225438,0.9987642571678411,0.9987667159821224,0.9987666747146231,0.9987669127868861,0.9987669028212787,0.9987661663569938,0.9987689209367563,0.9987762356806199,0.9987780773038779,0.9987700723512811,0.9987716776758904,0.9987767514203643,0.9987696682655081,0.9987665962207013,0.9988126416627578,0.9988138712146302,0.9988145442338934,0.9988124570403247,0.9988130265021629,0.9988130439016824,0.9988125527606436,0.9988123719049541,0.9988127772523199,0.9988130590263048,0.9988132941707336,0.9988104730475503,0.998810027905794,0.9988108447936391,0.998811219583606,0.9988133710366497,0.998813923745287,0.9988141278236615,0.9988151853936053,0.9988141248420236,0.9988155090751049,0.9988157884341345,0.9988157099777065,0.9988157280683273,0.9988160968610135,0.9988165203467011,0.9988174066185127,0.9988180922800591,0.9988163375253517,0.9988163938892325,0.9988162017329649,0.9988159908667075,0.9988168640537572,0.9988138871144221,0.9988070848018687,0.9988054070521639,0.9988129825640488,0.998811462947723,0.9988059199431949,0.998813565083412,0.9988167099640356,0.9987956644919427
27.6,0.9989753748335246,0.9989744850561488,0.9989737757706566,0.9989754495671541,0.9989750176915645,0.998974937956113,0.9989753508958542,0.9989753570446828,0.9989750641072372,0.9989748927479284,0.998974565233297,0.9989778671885408,0.998977428896245,0.9989766787703938,0.9989773556138002,0.9989746606597691,0.9989743523954996,0.9989739684232243,0.9989733679052951,0.9989740039616408,0.9989730101550947,0.998972808402226,0.9989728945701355,0.9989728345182162,0.9989726235496145,0.9989720154101671,0.9989710491223895,0.9989704814620386,0.9989725037927475,0.9989724700168853,0.9989726651837251,0.9989726565408412,0.9989720536527638,0.9989743090085865,0.9989802871736403,0.9989817939637176,0.9989752519956624,0.9989765654147494,0.9989807364015783,0.9989749183394024,0.9989723994487955,0.9990100376702791,0.9990110433158417,0.9990116001000977,0.9990098876272371,0.9990103516031148,0.9990103642691608,0.9990099637421354,0.9990098151989785,0.9990101458462453,0.999010375259949,0.9990105674912607,0.999008265537549,0.9990079005802187,0.9990085668594114,0.9990088710150141,0.9990106296843114,0.999011080318862,0.9990112468615059,0.9990121093548839,0.9990112443932844,0.9990123736736206,0.9990126015409274,0.9990125373482265,0.9990125520745116,0.9990128525266941,0.9990131968695012,0.9990139195039247,0.9990144772908616,0.9990130486382531,0.9990130945648857,0.9990129379577767,0.9990127657448552,0.9990134774171581,0.9990110506827411,0.9990054936865812,0.9990041248091931,0.9990103132655892,0.9990090730788831,0.9990045736739208,0.9990107852623822,0.9990133502062837,0.9989961637378081
28,0.9991463233723897,0.9991455965654594,0.9991450204510902,0.9991463850210326,0.9991460311460139,0.99914596494846,0.9991463029096124,0.9991463074132935,0.9991460677347439,0.9991459272029046,0.9991456595848837,0.9991483602804125,0.9991480009752661,0.9991473872077707,0.9991479387154492,0.9991457372717872,0.9991454848281867,0.9991451707974338,0.9991446792554007,0.9991451997733213,0.9991443868483755,0.9991442217420419,0.9991442920871245,0.9991442429544646,0.9991440699624088,0.9991435718725138,0.9991427788378848,0.9991423096728328,0.9991439717019824,0.9991439440639442,0.9991441039934493,0.9991440965662174,0.9991436031452092,0.9991454492701857,0.999150334715695,0.9991515673084472,0.9991462213342895,0.9991472957264769,0.9991507224272625,0.9991459461674671,0.9991438816866351,0.9991746448311699,0.9991754672081913,0.9991759271651254,0.9991745228368483,0.999174900942239,0.9991749101466507,0.999174583474882,0.999174461541477,0.9991747312829427,0.9991749181191318,0.9991750752518312,0.9991731967857326,0.9991728976826353,0.9991734411860471,0.9991736881576867,0.9991751256144639,0.9991754930824801,0.9991756290019876,0.9991763324924212,0.999175626961623,0.9991765483349029,0.9991767342222111,0.9991766817107717,0.9991766937019178,0.9991769385347355,0.9991772186388125,0.9991778079421579,0.9991782618755636,0.9991770983750159,0.999177135805197,0.9991770081453512,0.9991768675024172,0.999177447643727,0.999175469088061,0.999170929591392,0.9991698126184219,0.9991748678237874,0.9991738556202424,0.999170201576321,0.999175250543102,0.9991773427750087,0.9991633076959977
28.4,0.9992887626416489,0.9992881689615827,0.9992877007600242,0.9992888134419829,0.9992885235736336,0.9992884687162981,0.9992887452549277,0.9992887485512726,0.9992885524844017,0.9992884372837623,0.9992882186192947,0.9992904272133157,0.9992901327702296,0.9992896306705413,0.9992900801472481,0.9992882818841141,0.9992880752106619,0.9992878184179054,0.9992874161686194,0.9992878420468446,0.999287177188271,0.9992870421000267,0.9992870995305653,0.9992870593388911,0.9992869175478731,0.9992865097143603,0.9992858592141196,0.999285471985377,0.9992868369650824,0.9992868143539555,0.9992869453617287,0.9992869390262882,0.9992865352816952,0.9992880460812618,0.9992920382850525,0.9992930464043278,0.9992886780409805,0.9992895567626991,0.9992923704062737,0.9992884513527994,0.9992867599278836,0.9993119017775502,0.9993125741880998,0.9993129536743339,0.999311802548145,0.999312110733081,0.9993121174087096,0.9993118509423452,0.999311750903101,0.999311970979351,0.999312123179839,0.9993122516104387,0.9993107186142246,0.999310473565309,0.9993109169666599,0.9993111176090235,0.9993122924240884,0.9993125921171414,0.9993127030512299,0.9993132769200769,0.9993127013666324,0.9993134531772653,0.9993136048344121,0.9993135618862341,0.9993135716528927,0.9993137712052537,0.9993139991394311,0.9993144797821035,0.999314849326478,0.9993139015079948,0.9993139320196265,0.9993138279374804,0.9993137130781536,0.9993141860795915,0.999312572677246,0.9993088644815039,0.9993079529767341,0.9993120823522683,0.9993112561715499,0.9993082873244165,0.9993123928859889,0.9993140997367507,0.9993026381469495
28.8,0.9994074429497092,0.999406958015539,0.9994065773251849,0.9994074847712302,0.9994072474007705,0.9994072020138669,0.999407428251144,0.9994074306618493,0.9994072702969551,0.9994071758974988,0.9994069972394328,0.9994088031643485,0.9994085619543621,0.9994081512754679,0.9994085176690097,0.9994070487741999,0.9994068796140233,0.9994066696527496,0.9994063405423584,0.9994066889242307,0.9994061452399818,0.9994060347324609,0.999406081621538,0.9994060487489836,0.9994059325754474,0.9994055987311984,0.9994050653964285,0.999404746177027,0.9994058665188291,0.9994058480235174,0.9994059553061501,0.9994059499347321,0.9994056196301533,0.9994068557598369,0.9994101178616769,0.9994109422633226,0.9994073729220817,0.9994080915060141,0.9994104006056252,0.999407186346978,0.999405801017868,0.9994263473090101,0.9994268970319324,0.9994272097770577,0.9994262665662181,0.999426517804331,0.9994265226349075,0.9994263052541899,0.9994262232151854,0.9994264027872465,0.9994265268025536,0.9994266317653751,0.9994253806185229,0.9994251799156596,0.9994255416894,0.999425704770827,0.9994266648637313,0.9994269093144413,0.9994269998614219,0.999427468044252,0.9994269984720777,0.9994276119768691,0.9994277357192498,0.9994277005981613,0.9994277085549865,0.999427871233188,0.9994280567774445,0.9994284488476169,0.9994287497864253,0.9994279774756847,0.9994280023521186,0.9994279174788765,0.999427823676716,0.9994282093862269,0.9994268935545534,0.9994238644964482,0.9994231206028573,0.9994264936428862,0.9994258192587991,0.9994234061090044,0.9994267457587932,0.9994281383729069,0.9994187783313178
29.2,0.9995063244935368,0.9995059283879617,0.9995056187132034,0.9995063588945089,0.9995061645639712,0.9995061270653351,0.9995063121204032,0.99950631388178,0.9995061827365448,0.9995061054084645,0.9995059594425721,0.9995074359435016,0.9995072384008901,0.9995069025473418,0.9995072012689136,0.999506001433059,0.9995058630073057,0.9995056913556363,0.9995054221340538,0.9995057070753359,0.9995052625359799,0.9995051721510837,0.9995052104352149,0.9995051835526763,0.9995050884000871,0.9995048151854511,0.9995043780929168,0.999504115214364,0.9995050342720143,0.9995050191456534,0.9995051069753538,0.9995051024441612,0.9995048322657953,0.9995058434793489,0.9995085088770536,0.9995091829523095,0.9995062666124038,0.999506854167713,0.9995087483391519,0.9995061131793382,0.9995049788805979,0.9995217686025032,0.999522217974555,0.9995224754635595,0.999521702879672,0.9995219077268125,0.9995219112130806,0.9995217338577206,0.9995216666074102,0.9995218131425946,0.9995219142144269,0.9995219999917084,0.9995209788090944,0.9995208144713754,0.9995211096732058,0.9995212422830814,0.9995220268505067,0.9995222262660726,0.999522300176782,0.9995226821766131,0.9995222990320548,0.9995227997137779,0.9995229006887105,0.9995228719721697,0.9995228784560256,0.9995230110976716,0.9995231621825572,0.9995234820415367,0.9995237271817297,0.9995230977367729,0.9995231180221669,0.9995230488021128,0.9995229721967375,0.9995232867701619,0.9995222134819981,0.9995197392254271,0.9995191320757945,0.9995218872693435,0.9995213367618911,0.9995193745289044,0.9995220920705401,0.9995232284189325,0.9995155845290549
29.6,0.9995887083271526,0.9995883847799202,0.9995881327707586,0.999588736603322,0.9995885775451848,0.9995885466021267,0.9995886979492854,0.9995886992348672,0.9995885919987835,0.9995885286738828,0.9995884094215612,0.9995896164676173,0.9995894547297761,0.9995891801046505,0.9995894236933398,0.9995884436434427,0.9995883303899217,0.9995881900714094,0.9995879698755705,0.9995882028955094,0.9995878394610894,0.9995877655452065,0.9995877968047686,0.9995877748234615,0.9995876969112452,0.9995874733612335,0.9995871152740194,0.9995868989917976,0.9995876525728346,0.9995876402034415,0.9995877120898515,0.9995877082835649,0.9995874873189151,0.9995883144081168,0.9995904921635375,0.9995910432598152,0.9995886605465097,0.9995891409118184,0.9995906940811332,0.9995885344605399,0.9995876059428198,0.9996013252114547,0.9996016925168304,0.9996019043289089,0.9996012716977103,0.9996014387450113,0.9996014412533752,0.9996012965398167,0.9996012414322522,0.9996013610181844,0.9996014434078165,0.9996015135021528,0.9996006799652396,0.9996005454361445,0.9996007863378394,0.9996008942128964,0.999601535310496,0.9996016980060883,0.9996017583403305,0.9996020700514817,0.9996017573979669,0.999602166034767,0.9996022484382108,0.9996022249611018,0.9996022302457787,0.9996023384145247,0.9996024614749128,0.9996027224518167,0.9996029221914119,0.999602409077929,0.9996024256221103,0.9996023691604007,0.9996023065989657,0.999602563190546,0.999601687630215,0.9995996665860665,0.9995991710089596,0.9996014215027468,0.9996009720942642,0.9995993759404794,0.9996015879531104,0.9996025152821733,0.9995962728282953
30,0.9996573457625301,0.9996570814829943,0.9996568763258458,0.9996573689891246,0.9996572388278586,0.9996572133221472,0.9996573370852178,0.9996573380223918,0.9996572503463776,0.999657198502699,0.999657101077574,0.9996580877548876,0.9996579553634153,0.9996577308304816,0.9996579294918595,0.9996571289740849,0.9996570363312147,0.9996569216360834,0.9996567415636709,0.9996569320991403,0.9996566350010598,0.99965657456103,0.9996566000858484,0.999656582114146,0.9996565183352996,0.9996563354552729,0.9996560421874381,0.9996558643863377,0.9996564820270085,0.9996564719133039,0.9996565307377328,0.9996565275517804,0.9996563468599847,0.9996570232548472,0.9996588025222322,0.9996592530299054,0.9996573063640639,0.9996576990558567,0.9996589721453502,0.9996572028179651,0.9996564429230099,0.9996676527482136,0.9996679529496859,0.9996681270543532,0.9996676091629833,0.9996677454044605,0.9996677472027572,0.999667629112855,0.9996675839701064,0.9996676815703365,0.9996677487433944,0.9996678060191643,0.9996671256087871,0.9996670155052093,0.999667212111065,0.9996672998970996,0.9996678237362838,0.9996679564872195,0.9996680057412827,0.9996682601194177,0.9996680049661071,0.9996683385022537,0.9996684057551689,0.9996683865635388,0.9996683908716553,0.99966847909608,0.9996685793562644,0.9996687923124269,0.9996689550982832,0.9996685367374828,0.9996685502323293,0.9996685041714923,0.999668453079112,0.9996686624019804,0.9996679480615909,0.9996662972320152,0.9996658926980941,0.9996677309282389,0.9996673640347115,0.9996660652254766,0.9996678662718688,0.9996686230948912,0.9996635250824881
30.4,0.9997145297103163,0.999714313842001,0.9997141467708558,0.9997145487779714,0.9997144422832597,0.9997144212796877,0.9997145224743483,0.9997145231565885,0.9997144514799665,0.9997144090459785,0.9997143294547084,0.999715135931903,0.9997150275849538,0.9997148440261838,0.9997150060690878,0.9997143521994162,0.9997142764278868,0.9997141826841212,0.9997140354423544,0.9997141912217085,0.9997139483726307,0.9997138989571744,0.9997139198000122,0.9997139051079511,0.9997138529108057,0.9997137033259506,0.9997134632126375,0.9997133171504279,0.9997138231863154,0.999713814917829,0.9997138630443897,0.9997138603857716,0.9997137126438465,0.999714265731079,0.9997157193830629,0.9997160876288834,0.999714497255787,0.99971481824784,0.9997158614188086,0.9997144122689015,0.999713790500754,0.9997229495362837,0.999723194875648,0.9997233378887956,0.999722914028179,0.9997230251591105,0.9997230264429029,0.9997229300706318,0.9997228931014761,0.9997229727635836,0.9997230275396578,0.9997230743389521,0.9997225188952258,0.9997224287998264,0.999722589266915,0.999722660728974,0.9997230887394616,0.9997231970674803,0.9997232372780832,0.9997234448853063,0.9997232366408738,0.999723508895869,0.9997235637877656,0.9997235481007815,0.9997235516134184,0.9997236235807322,0.9997237052844317,0.9997238790721527,0.999724011769571,0.9997236706057242,0.9997236816146812,0.9997236440343603,0.9997236023082188,0.9997237730895487,0.9997231902222794,0.9997218418022014,0.9997215115660583,0.9997230130452768,0.9997227135029977,0.9997216563162956,0.9997231231418943,0.999723740858922,0.9997195774291157
30.8,0.9997621709112302,0.9997619945861496,0.9997618584897159,0.9997621865565213,0.9997620994394951,0.9997620821581212,0.9997621648912242,0.9997621653870874,0.9997621067954094,0.9997620720705994,0.9997620070498999,0.9997626661913073,0.9997625775387561,0.9997624274906,0.9997625596815444,0.9997620255974889,0.9997619636332425,0.9997618870187392,0.9997617666353116,0.9997618939858509,0.9997616954951526,0.999761655097356,0.9997616721175399,0.9997616601076587,0.9997616173978982,0.9997614950640623,0.9997612985207481,0.999761178607396,0.9997615930691942,0.9997615863099073,0.9997616256773764,0.9997616234645856,0.9997615026764467,0.999761954884636,0.9997631424801746,0.9997634434611262,0.9997621442003014,0.9997624065637561,0.9997632610845064,0.9997620744815954,0.9997615658251058,0.9997690490000974,0.9997692494909198,0.999769366894358,0.9997690200653412,0.9997691107245587,0.9997691116364537,0.9997690329817843,0.9997690027141125,0.9997690677391605,0.9997691124130273,0.9997691506506263,0.9997686971993116,0.9997686234889714,0.9997687544692014,0.9997688126606026,0.9997691623606652,0.9997692507667156,0.9997692835957469,0.9997694530441708,0.9997692830722718,0.999769505318421,0.9997695501242249,0.999769537302919,0.9997695401674227,0.9997695988806409,0.99976966547674,0.9997698073122981,0.9997699155037267,0.9997696372489226,0.9997696462309652,0.9997696155664911,0.9997695814893268,0.9997697208401018,0.9997692452030489,0.9997681438016081,0.9997678742027289,0.9997691006163127,0.9997688560514165,0.9997679952885409,0.9997691902098925,0.9997696944257568,0.9997662942099155
31.2,0.9998018615363969,0.9998017175109206,0.9998016066164654,0.999801874367652,0.9998018031128472,0.9998017889047955,0.9998018565381697,0.999801856897911,0.9998018090062126,0.9998017805953876,0.9998017274787276,0.9998022661676982,0.9998021936419577,0.9998020709965965,0.9998021788474931,0.9998017426061183,0.9998016919392797,0.9998016293277846,0.9998015309131698,0.9998016350137979,0.9998014727899528,0.9998014397671373,0.9998014536661425,0.9998014438495382,0.9998014089091455,0.9998013088745795,0.9998011480313146,0.9998010496403283,0.9998013890009924,0.9998013834759014,0.9998014156735381,0.9998014138359462,0.9998013150932645,0.9998016847852375,0.9998026549981804,0.9998029009838457,0.9998018395697836,0.9998020539984306,0.9998027537968456,0.9998017824021038,0.9998013663473528,0.999807480119261,0.999807643950998,0.9998077402793873,0.9998074565358197,0.9998075305025323,0.9998075311463672,0.9998074669474867,0.9998074421722305,0.9998074952527742,0.9998075316926743,0.9998075629338294,0.9998071927297537,0.9998071324340279,0.9998072393526289,0.9998072867510378,0.9998075724599796,0.9998076446135741,0.9998076714171773,0.9998078097299655,0.9998076709873739,0.9998078524202978,0.9998078889955152,0.9998078785171264,0.9998078808534324,0.9998079287589747,0.9998079830516569,0.9998080988187192,0.9998081870453835,0.9998079600673847,0.999807967396478,0.9998079423727043,0.9998079145421326,0.9998080282576721,0.999807640089676,0.9998067404589599,0.9998065203522012,0.9998075220884763,0.9998073224029017,0.9998066213814447,0.9998075950227322,0.9998080066198134,0.999805229679288
31.6,0.999834928234979,0.9998348105923447,0.999834720210922,0.9998349387540018,0.9998348804809235,0.9998348688074936,0.9998349240924662,0.9998349243529018,0.9998348852098967,0.99983486196891,0.9998348185774967,0.9998352588013499,0.99983519947781,0.9998350992379413,0.999835187239792,0.9998348309171656,0.9998347894924385,0.9998347383272537,0.9998346578794076,0.9998347429680999,0.9998346103925808,0.9998345834005026,0.9998345947509815,0.9998345867276623,0.9998345581479738,0.9998344763572191,0.9998343447556938,0.9998342640639604,0.9998345418602436,0.9998345373443293,0.999834563674376,0.9998345621513294,0.9998344814371307,0.9998347836431762,0.9998355762489906,0.9998357772756908,0.9998349101825718,0.9998350854236863,0.9998356583751908,0.9998348633252659,0.9998345230630296,0.9998395179008227,0.9998396517700719,0.9998397307691831,0.9998394986751691,0.9998395590289125,0.9998395594801668,0.9998395070768806,0.9998394868015777,0.9998395301340842,0.9998395598614481,0.9998395853855595,0.9998392831328595,0.9998392338173179,0.9998393210996206,0.9998393597167283,0.9998395931380162,0.9998396520313022,0.999839673916206,0.9998397868215207,0.999839673563488,0.9998398216854859,0.9998398515437117,0.9998398429806339,0.9998398448863961,0.9998398839777275,0.9998399282479326,0.9998400227444325,0.9998400947019623,0.9998399095277142,0.9998399155086273,0.9998398950861441,0.999839872356928,0.9998399651612305,0.9998396483514714,0.9998389135302194,0.9998387338217183,0.999839552039985,0.9998393889923219,0.9998388179266191,0.9998396114314746,0.9998399474430906,0.9998376795037955
32,0.9998624763700243,0.9998623802773113,0.9998623065982117,0.9998624849903079,0.9998624373394945,0.9998624277542717,0.9998624729420759,0.9998624731301576,0.9998624411396597,0.9998624221306351,0.9998623866842788,0.9998627464234324,0.9998626979054603,0.9998626159831419,0.9998626877959338,0.9998623967512766,0.9998623628860676,0.9998623210765696,0.9998622553205755,0.9998623248646367,0.9998622165245985,0.9998621944634505,0.9998622037329152,0.9998621971756875,0.999862173802172,0.9998621069347855,0.9998619992778567,0.9998619331303956,0.9998621604787203,0.999862156787897,0.9998621783170458,0.999862177056835,0.9998621110843017,0.9998623581042212,0.9998630056049013,0.9998631698808415,0.9998624615435482,0.9998626047510848,0.9998630737453459,0.9998624231508487,0.9998621449098455,0.9998662255077061,0.9998663348896052,0.9998663996496665,0.9998662098317553,0.9998662590824215,0.9998662593958552,0.9998662166183495,0.9998662000287512,0.999866235405191,0.9998662596593517,0.9998662805120818,0.9998660337285084,0.9998659933986798,0.9998660646548319,0.9998660961248496,0.9998662868232474,0.9998663348964107,0.9998663527658627,0.9998664449362423,0.9998663524765342,0.9998664734089937,0.999866497785053,0.9998664907875734,0.9998664923423258,0.9998665242441788,0.9998665603479397,0.9998666374870214,0.9998666961839574,0.9998665450966555,0.9998665499778154,0.9998665333092103,0.9998665147461087,0.999866590490588,0.9998663319021226,0.999865731698782,0.9998655849677157,0.9998662532880102,0.999866120151681,0.999865654844826,0.9998663016653826,0.9998665759870492,0.9998647237316055
32.4,0.9998854268993843,0.9998853484089876,0.9998852883337117,0.9998854339613332,0.9998853950006594,0.9998853871342971,0.9998854240666376,0.9998854242020812,0.9998853980585851,0.9998853825130175,0.9998853535572634,0.9998856475136053,0.9998856078378743,0.9998855408895924,0.9998855994966714,0.9998853617711367,0.9998853340882999,0.9998852999251798,0.999885246181665,0.9998853030173728,0.9998852144866154,0.9998851964567382,0.9998852040268833,0.9998851986681428,0.9998851795549032,0.9998851248929367,0.9998850368378331,0.9998849826341007,0.9998851686578901,0.9998851656415854,0.9998851832433167,0.9998851822021199,0.9998851282823596,0.9998853301795131,0.9998858591323277,0.999885993369621,0.9998854147291049,0.9998855317531178,0.9998859155762105,0.9998853832819452,0.9998851557834071,0.9998884894156527,0.9998885787861506,0.9998886318537553,0.9998884766318983,0.999888516825481,0.9998885170407328,0.9998884821189701,0.9998884685473418,0.999888497429825,0.9998885172205723,0.9998885342564834,0.9998883327550906,0.999888299777441,0.9998883579528937,0.9998883836040252,0.999888539395912,0.9998885786392722,0.9998885932304984,0.999888668477842,0.9998885929932625,0.9998886917312888,0.9998887116326848,0.999888705914837,0.9998887071833724,0.9998887332202181,0.9998887626683387,0.9998888256419619,0.9998888735282789,0.9998887502401776,0.9998887542241235,0.9998887406183963,0.9998887254576564,0.999888787282839,0.9998885762020316,0.9998880859552605,0.9998879661455213,0.9998885120292285,0.9998884033137044,0.9998880241003549,0.9998885514453794,0.9998887754141853,0.9998872626377336
32.8,0.9999045471198524,0.9999044830073126,0.9999044340153319,0.999904552903469,0.9999045210511507,0.9999045145984936,0.9999045447818032,0.9999045448790169,0.9999045235149107,0.9999045108032886,0.9999044871498518,0.9999047273432198,0.9999046949018396,0.9999046401933402,0.9999046880269553,0.9999044938524423,0.9999044712250706,0.9999044433109315,0.9999043993881492,0.9999044458352337,0.9999043734947904,0.9999043587603641,0.9999043649428335,0.9999043605637428,0.9999043449360672,0.9999043002552465,0.9999042282430526,0.9999041838417221,0.9999043360247931,0.9999043335598643,0.9999043479492509,0.9999043470901144,0.9999043030237419,0.9999044680302511,0.9999049001341392,0.9999050098208028,0.9999045371348423,0.999904632758558,0.9999049468215866,0.9999045113840525,0.9999043253932293,0.9999070487474095,0.999907121765242,0.9999071652369421,0.9999070383206773,0.9999070711252958,0.9999070712709845,0.9999070427608898,0.9999070316598681,0.9999070552414729,0.9999070713917531,0.9999070853091886,0.9999069207756806,0.9999068938126524,0.9999069413107874,0.9999069622230076,0.9999070894956098,0.9999071215327627,0.9999071334475205,0.999907194881946,0.9999071332530685,0.9999072138730535,0.9999072301218941,0.9999072254498688,0.9999072264849833,0.9999072477367206,0.9999072717593784,0.9999073231715605,0.9999073622429479,0.999907261629534,0.9999072648814215,0.999907253775026,0.999907241392935,0.9999072918600639,0.9999071195483535,0.9999067191143086,0.9999066212831309,0.9999070671609235,0.9999069783843307,0.9999066692755725,0.9999070992834368,0.9999072821501006,0.999906046621385
33.2,0.9999204762924118,0.999920423923947,0.9999203839640605,0.9999204810278445,0.9999204549892067,0.9999204496984455,0.999920474364744,0.9999204744342464,0.9999204569765684,0.9999204465833876,0.99992042726147,0.9999206235179769,0.9999205969944912,0.9999205522900441,0.9999205913334845,0.9999204327313719,0.9999204142375006,0.9999203914300455,0.9999203555354087,0.9999203934908636,0.9999203343820934,0.9999203223413834,0.9999203273906371,0.9999203238122595,0.9999203110358242,0.9999202745162462,0.9999202156314549,0.9999201792709242,0.9999203037493071,0.9999203017350579,0.9999203134973519,0.9999203127892434,0.9999202767775237,0.999920411626458,0.9999207646101567,0.9999208542328513,0.9999204681039091,0.9999205462378571,0.9999208031780722,0.9999204470230048,0.9999202949806496,0.9999225197450871,0.9999225794007183,0.9999226150010752,0.9999225112396362,0.9999225380155375,0.9999225381122635,0.9999225148355773,0.9999225057566308,0.9999225250109904,0.9999225381916169,0.9999225495612264,0.9999224152092691,0.9999223931659161,0.999922431947989,0.9999224489997921,0.9999225529722339,0.9999225791277773,0.9999225888572766,0.9999226390165736,0.9999225886979447,0.9999226545267977,0.999922667793971,0.9999226639766242,0.9999226648213481,0.9999226821686126,0.9999227017677745,0.9999227437431311,0.9999227756256555,0.9999226935095739,0.9999226961640959,0.9999226870973652,0.9999226769845693,0.9999227181827464,0.9999225775116262,0.9999222504366023,0.9999221705495897,0.9999225347428836,0.9999224622465039,0.9999222102376608,0.9999225609270409,0.9999227102406132,0.9999217011389561
33.6,0.9999337469986657,0.9999337042229682,0.9999336716252999,0.9999337508749623,0.9999337295905418,0.9999337252541137,0.9999337454108663,0.9999337454603274,0.9999337311953547,0.9999337226985822,0.9999337069150847,0.9999338672667991,0.9999338455836145,0.9999338090553255,0.9999338409260441,0.9999337113793965,0.9999336962648578,0.9999336776303974,0.9999336482979841,0.9999336793129142,0.9999336310172428,0.9999336211782267,0.9999336253020411,0.9999336223780818,0.9999336119336449,0.9999335820865272,0.9999335339414716,0.999933504173682,0.9999336059762881,0.9999336043303868,0.9999336139444863,0.9999336133614374,0.9999335839334886,0.9999336941310787,0.9999339824790876,0.9999340557054675,0.9999337402861,0.999933804127032,0.9999340143032577,0.9999337230321238,0.9999335987518947,0.9999354161840643,0.9999354649215576,0.9999354940680677,0.9999354092450085,0.9999354311015498,0.9999354311640886,0.999935412159348,0.9999354047350512,0.9999354204567789,0.9999354312146589,0.9999354405027248,0.9999353307928077,0.9999353127729818,0.9999353444395928,0.9999353583458461,0.9999354432825909,0.9999354646373029,0.9999354725825361,0.9999355135376768,0.9999354724520195,0.9999355262051627,0.999935537038197,0.9999355339192807,0.9999355346086912,0.9999355487697339,0.9999355647617056,0.9999355990338916,0.9999356250527704,0.9999355580281121,0.9999355601951339,0.9999355527930827,0.9999355445336154,0.9999355781670541,0.9999354633207417,0.999935196165273,0.9999351309292371,0.9999354284029246,0.9999353691998604,0.9999351637098233,0.999935449750705,0.9999355716721453,0.9999347474946515
34,0.9999448029380709,0.9999447679979231,0.9999447414025818,0.999944806110428,0.9999447887133986,0.9999447851603769,0.9999448016313291,0.9999448016663341,0.9999447900105919,0.9999447830647986,0.9999447701718072,0.999944901183806,0.9999448834590371,0.9999448536126008,0.9999448796298829,0.9999447738156864,0.999944761463664,0.999944746239075,0.999944722270246,0.9999447476127963,0.9999447081532971,0.9999447001137055,0.9999447034817441,0.9999447010926064,0.9999446925552256,0.9999446681628538,0.9999446288026889,0.9999446044381556,0.9999446876850392,0.9999446863401759,0.9999446941978779,0.9999446937182229,0.9999446696713953,0.9999447597200232,0.999944995265958,0.9999450550939145,0.9999447974373643,0.9999448495983193,0.9999450214989045,0.9999447833184651,0.9999446817385964,0.999946166399778,0.9999462062164962,0.999946230073483,0.9999461607380056,0.9999461785800495,0.9999461786189552,0.9999461631015361,0.9999461570309894,0.9999461698686414,0.9999461786497393,0.9999461862372486,0.9999460966473573,0.9999460819177558,0.9999461077752729,0.9999461191178919,0.9999461885032349,0.999946205939041,0.9999462124273689,0.9999462458685192,0.9999462123204849,0.9999462562143915,0.9999462650601721,0.9999462625119735,0.9999462630746707,0.9999462746353817,0.9999462876853706,0.9999463156691583,0.9999463369046552,0.9999462821940103,0.9999462839631572,0.9999462779198453,0.9999462711740024,0.9999462986331004,0.9999462048662879,0.9999459866530095,0.9999459333796268,0.9999461763569589,0.9999461280086581,0.9999459604254542,0.9999461937647616,0.9999462933225879,0.9999456201752949
34.4,0.9999540137581066,0.9999539852181876,0.9999539635173919,0.9999540163538656,0.9999540021351271,0.9999539992248746,0.9999540126834872,0.9999540127080965,0.9999540031846301,0.9999539975071461,0.9999539869753632,0.9999540940132999,0.9999540795253614,0.9999540551392895,0.999954076379358,0.9999539899497987,0.9999539798558789,0.9999539674174854,0.9999539478322564,0.9999539685391307,0.9999539362999956,0.9999539297309713,0.9999539324817807,0.9999539305297017,0.9999539235516794,0.9999539036181927,0.999953871442833,0.9999538515050785,0.9999539195706046,0.9999539184717557,0.9999539248935446,0.9999539244992541,0.9999539048503139,0.9999539784311239,0.9999541708426417,0.9999542197224242,0.9999540092519098,0.9999540518686382,0.999954192447111,0.9999539977005421,0.999953914680156,0.9999551274881926,0.9999551600163455,0.9999551795396079,0.9999551228681189,0.9999551374338196,0.9999551374565937,0.9999551247861346,0.9999551198229821,0.9999551303059404,0.9999551374739659,0.999955143672202,0.999955070510731,0.9999550584714088,0.9999550795861325,0.9999550888389538,0.999955145519659,0.9999551597562834,0.9999551650549683,0.9999551923616158,0.9999551649674587,0.9999552008114438,0.9999552080347376,0.9999552059528769,0.9999552064121831,0.9999552158505441,0.9999552265007459,0.9999552493507797,0.9999552666836543,0.9999552220217778,0.9999552234661732,0.9999552185319646,0.9999552130223188,0.9999552354415661,0.9999551588820048,0.9999549806446273,0.9999549371392178,0.9999551356040692,0.9999550961195709,0.9999549594318249,0.999955149801346,0.9999552311000939,0.9999546813026133
34.8,0.9999616874113372,0.9999616640992548,0.9999616463903505,0.9999616895349351,0.999961677914499,0.999961675531388,0.9999616865282049,0.9999616865453652,0.9999616787643238,0.9999616741238783,0.9999616655209141,0.9999617529698853,0.999961741128454,0.9999617212043452,0.9999617385452454,0.9999616679490515,0.9999616597007897,0.9999616495389104,0.9999616335361425,0.9999616504547691,0.9999616241154304,0.9999616187481545,0.9999616209948737,0.9999616193999452,0.9999616136968383,0.9999615974079122,0.999961571107939,0.999961554795789,0.9999616104428064,0.9999616095449959,0.9999616147929836,0.9999616144690874,0.9999615984142585,0.999961658536658,0.9999618157117414,0.9999618556458626,0.9999616837209009,0.9999617185389291,0.9999618334899671,0.9999616742716984,0.9999616064238096,0.9999625971482488,0.9999626237215802,0.9999626396953235,0.9999625933778632,0.9999626052694477,0.9999626052813904,0.9999625949352301,0.9999625908778195,0.9999625994382166,0.9999626052898382,0.9999626103531247,0.9999625506062392,0.9999625407664328,0.9999625580087695,0.9999625655577343,0.9999626118596188,0.9999626234844646,0.9999626278117127,0.9999626501098539,0.999962627740081,0.9999626570111783,0.9999626629097422,0.9999626612089152,0.9999626615838513,0.9999626692898556,0.9999626779822895,0.99996269664099,0.9999627107894693,0.999962674328572,0.9999626755078814,0.9999626714790627,0.9999626669790452,0.9999626852842149,0.9999626227718019,0.9999624771866941,0.9999624416574833,0.9999626037646137,0.9999625715183289,0.9999624600162133,0.9999626153451705,0.9999626817354004,0.9999622326815248
35.2,0.9999680804581276,0.9999680614162616,0.999968046963566,0.9999680821951812,0.9999680726987287,0.9999680707477585,0.9999680797328008,0.9999680797446459,0.9999680733873998,0.9999680695948084,0.9999680625674454,0.9999681340109584,0.9999681243331732,0.9999681080550341,0.9999681222131976,0.9999680645497351,0.9999680578099258,0.9999680495080636,0.9999680364328867,0.9999680502559158,0.9999680287371724,0.999968024351922,0.9999680261869442,0.9999680248838562,0.9999680202230082,0.999968006912843,0.9999679854169224,0.9999679720733592,0.9999680175634272,0.9999680168298943,0.9999680211184218,0.9999680208525138,0.9999680077347824,0.9999680568587839,0.9999681852495081,0.9999682178744467,0.9999680774365514,0.9999681058823824,0.9999681998685237,0.9999680697080868,0.9999680142627682,0.9999688235637051,0.9999688452720111,0.9999688583393456,0.9999688204864815,0.9999688301953268,0.9999688302001559,0.9999688217516748,0.9999688184349804,0.9999688254255822,0.9999688302028136,0.9999688343389304,0.9999687855460407,0.9999687775043586,0.9999687915848459,0.9999687977443824,0.9999688355675831,0.9999688450600915,0.9999688485940621,0.9999688668028343,0.9999688485354393,0.9999688724394754,0.9999688772563791,0.9999688758668754,0.9999688761729572,0.9999688824648362,0.9999688895599161,0.9999689047965347,0.9999689163463954,0.9999688865790306,0.9999688875419434,0.9999688842522623,0.9999688805768382,0.9999688955234458,0.9999688444790662,0.9999687255643732,0.99996869654847,0.9999688289585702,0.9999688026231942,0.9999687116556837,0.9999688384059414,0.999968892622882,0.9999685258503568
35.6,0.9999734066212339,0.9999733910673716,0.9999733792711414,0.9999734080419067,0.9999734002815733,0.9999733986847352,0.9999734060258371,0.9999734060339085,0.9999734008400474,0.9999733977405735,0.9999733920002658,0.9999734503666986,0.9999734424576422,0.9999734291585866,0.9999734407186496,0.9999733936186587,0.9999733881116298,0.9999733813294412,0.9999733706465765,0.9999733819401252,0.9999733643600511,0.9999733607772407,0.9999733622760206,0.9999733612113961,0.9999733574025318,0.9999733465268035,0.9999733289585281,0.9999733180449711,0.99997335522894,0.9999733546296403,0.9999733581339675,0.9999733579157837,0.9999733471981266,0.9999733873345379,0.999973492211824,0.9999735188648924,0.9999734041478635,0.9999734273872509,0.9999735042252128,0.9999733978276116,0.9999733525198082,0.9999740136153122,0.9999740313490462,0.9999740420371644,0.9999740111036246,0.9999740190307084,0.9999740190310092,0.9999740121319517,0.9999740094209443,0.9999740151297475,0.9999740190300449,0.999974022408745,0.9999739825608194,0.9999739759890003,0.9999739874877148,0.9999739925140563,0.9999740234109429,0.9999740311624715,0.9999740340486364,0.9999740489183818,0.9999740340006683,0.9999740535221314,0.999974057455816,0.9999740563206705,0.9999740565705556,0.9999740617080153,0.9999740674996705,0.9999740799421654,0.99997408937124,0.9999740650674429,0.9999740658536957,0.9999740631674578,0.9999740601655077,0.9999740723701874,0.9999740306886917,0.9999739335583913,0.9999739098613407,0.9999740180149012,0.9999739965066174,0.9999739222841784,0.9999740257229505,0.9999740699996817,0.9999737704300352
36,0.9999778439607603,0.9999778312559769,0.9999778216272005,0.9999778451225323,0.9999778387811885,0.9999778374744616,0.999977843472256,0.9999778434776644,0.999977839234375,0.9999778367014754,0.9999778320125142,0.9999778796947427,0.9999778732314694,0.9999778623665107,0.9999778718055941,0.9999778333338754,0.9999778288342823,0.9999778232936697,0.9999778145656275,0.999977823792358,0.9999778094302859,0.9999778065031472,0.9999778077273064,0.999977806857525,0.9999778037450516,0.9999777948587958,0.9999777805013415,0.9999777715764731,0.9999778019687413,0.9999778014791212,0.9999778043425352,0.9999778041635959,0.9999777954071023,0.9999778281994113,0.9999779138691266,0.9999779356430929,0.9999778419365548,0.9999778609221052,0.9999779237355443,0.9999778367685312,0.9999777997462792,0.9999783397735652,0.9999783542602639,0.9999783630011673,0.9999783377233361,0.9999783441958913,0.9999783441934414,0.99997833855951,0.9999783363437239,0.999978341005856,0.9999783441903368,0.999978346950301,0.9999783144069613,0.9999783090365846,0.9999783184271133,0.9999783225291096,0.9999783477678891,0.9999783540979101,0.9999783564550522,0.9999783685983399,0.9999783564158086,0.9999783723584982,0.999978375570976,0.9999783746436411,0.9999783748476573,0.9999783790426559,0.9999783837706274,0.9999783939316381,0.9999784016297513,0.9999783817858712,0.9999783824278963,0.9999783802343423,0.9999783777824458,0.9999783877485097,0.9999783537115228,0.9999782743747391,0.9999782550212429,0.9999783433620212,0.9999783257958215,0.999978265230228,0.9999783496516502,0.9999783858113536,0.9999781411297727
36.4,0.9999815408168444,0.9999815304392542,0.999981522579136,0.999981541766791,0.9999815365851664,0.9999815355160351,0.9999815404162166,0.9999815404197593,0.9999815369531342,0.999981534883335,0.9999815310531749,0.9999815700064237,0.9999815647248719,0.9999815558486634,0.9999815635561767,0.9999815321320665,0.999981528455718,0.9999815239294532,0.9999815167986897,0.9999815243366953,0.9999815126037547,0.9999815102123456,0.9999815112122102,0.9999815105016258,0.9999815079583265,0.9999815006978302,0.9999814889649786,0.9999814816673017,0.9999815065067553,0.99998150610675,0.9999815084463868,0.9999815082996956,0.9999815011456626,0.9999815279370534,0.999981597916663,0.999981615704432,0.9999815391605451,0.9999815546706571,0.9999816060155564,0.999981534935136,0.999981504684378,0.9999819458126048,0.9999819576466777,0.9999819647942466,0.9999819441389477,0.9999819494240459,0.9999819494200505,0.9999819448191475,0.9999819430082267,0.9999819468156597,0.9999819494158021,0.9999819516703246,0.9999819250921521,0.9999819207037524,0.9999819283727586,0.9999819317206722,0.999981952337388,0.9999819575067069,0.99998195943182,0.9999819693487677,0.9999819593997188,0.9999819724199347,0.9999819750434822,0.9999819742859246,0.9999819744524988,0.9999819778780393,0.9999819817378965,0.9999819900359439,0.9999819963211595,0.9999819801181388,0.9999819806424087,0.9999819788511259,0.9999819768484846,0.9999819849867755,0.9999819571915488,0.9999818923885528,0.9999818765822305,0.9999819487398653,0.9999819343930608,0.9999818849671119,0.9999819538725923,0.9999819834038587,0.9999817835525419
36.8,0.9999846207703574,0.9999846122936737,0.9999846058769382,0.9999846215470223,0.9999846173131686,0.9999846164385727,0.9999846204419267,0.9999846204441741,0.9999846176121051,0.9999846159208048,0.9999846127921604,0.9999846446139947,0.9999846402982716,0.999984633046905,0.9999846393406944,0.9999846136731101,0.9999846106694626,0.999984606971888,0.999984601146212,0.9999846073044605,0.9999845977194919,0.9999845957657985,0.9999845965824697,0.9999845960019539,0.9999845939238232,0.9999845879918094,0.9999845784042112,0.9999845724377011,0.9999845927376759,0.9999845924108888,0.9999845943224982,0.9999845942022889,0.9999845883575798,0.9999846102457446,0.9999846674086382,0.9999846819397791,0.9999846194153241,0.9999846320860237,0.9999846740535151,0.99998461596093,0.9999845912439738,0.9999849515835002,0.9999849612505762,0.9999849670946114,0.9999849502171708,0.9999849545327992,0.9999849545280599,0.9999849507706943,0.9999849492907406,0.999984952400218,0.9999849545233239,0.9999849563649581,0.9999849346582419,0.9999849310723962,0.9999849373355871,0.9999849400682477,0.9999849569092678,0.9999849611308079,0.9999849627030959,0.9999849708020309,0.9999849626768407,0.9999849733104692,0.9999849754530893,0.9999849748342339,0.999984974970243,0.9999849777675424,0.9999849809188411,0.9999849876956239,0.9999849928274832,0.9999849795968481,0.9999849800249724,0.9999849785621527,0.9999849769264418,0.9999849835723434,0.999984960873716,0.999984907941973,0.999984895032518,0.9999849539716854,0.9999849422541206,0.999984901915683,0.9999849581606804,0.999984982278965,0.9999848190433821
37.2,0.9999871867756411,0.9999871798516643,0.9999871746129637,0.9999871874105754,0.9999871839512416,0.9999871832358881,0.9999871865064914,0.9999871865078499,0.9999871841942179,0.9999871828122521,0.9999871802566427,0.9999872062523524,0.9999872027259634,0.9999871968020879,0.9999872019416056,0.9999871809759914,0.9999871785220108,0.9999871755014381,0.9999871707420773,0.9999871757730375,0.9999871679429039,0.9999871663468345,0.9999871670138808,0.9999871665396324,0.9999871648416485,0.9999871599951564,0.9999871521608914,0.9999871472832029,0.9999871638724303,0.9999871636054634,0.9999871651673072,0.9999871650688325,0.9999871602939024,0.9999871781758655,0.9999872248692722,0.9999872367398772,0.9999871856672445,0.9999871960182083,0.9999872303188601,0.9999871828434181,0.9999871626485723,0.9999874569938717,0.9999874648906975,0.9999874696684607,0.9999874558783787,0.9999874594024726,0.9999874593975094,0.9999874563289685,0.9999874551195516,0.9999874576590582,0.9999874593927051,0.9999874608970591,0.9999874431686968,0.9999874402387312,0.9999874453538893,0.9999874475845142,0.9999874613412478,0.9999874647888495,0.9999874660729907,0.9999874726873108,0.9999874660515194,0.9999874747361406,0.9999874764860204,0.9999874759804773,0.9999874760915338,0.9999874783758709,0.9999874809487999,0.9999874864833083,0.9999874906736184,0.9999874798697511,0.9999874802193705,0.9999874790247576,0.9999874776887406,0.9999874831160516,0.9999874645791015,0.9999874213438584,0.9999874108002298,0.9999874589424719,0.9999874493722073,0.9999874164480137,0.9999874623615295,0.9999874820593051,0.9999873487303215
37.6,0.9999893246034403,0.999989318947753,0.9999893146705986,0.9999893251224654,0.9999893222960431,0.999989321711014,0.9999893243829414,0.9999893243836981,0.9999893224936243,0.999989321364454,0.9999893192769276,0.9999893405129706,0.9999893376316409,0.9999893327922988,0.9999893369893439,0.999989319864338,0.9999893178594771,0.9999893153919753,0.999989311503819,0.9999893156137846,0.999989309217278,0.999989307913389,0.9999893084582264,0.9999893080707977,0.9999893066834638,0.9999893027239353,0.9999892963225981,0.9999892923353787,0.9999893058915293,0.9999893056734354,0.9999893069494779,0.9999893068688321,0.9999893029679393,0.9999893175767081,0.9999893557180286,0.9999893654151194,0.9999893236969125,0.9999893321527392,0.9999893601856265,0.9999893213887262,0.9999893048890938,0.9999895453257382,0.9999895517764391,0.9999895556821327,0.9999895444149891,0.9999895472928001,0.999989547287938,0.9999895447818995,0.9999895437936077,0.9999895458676494,0.9999895472833217,0.9999895485121605,0.9999895340328424,0.9999895316388637,0.999989535816481,0.9999895376374148,0.9999895488746765,0.9999895516902767,0.9999895527390895,0.999989558141023,0.9999895527215324,0.9999895598144648,0.9999895612436133,0.9999895608306394,0.999989560921324,0.9999895627868089,0.9999895648876056,0.9999895694076387,0.9999895728292668,0.9999895640067944,0.9999895642923109,0.9999895633167094,0.9999895622254715,0.9999895666577261,0.9999895515191363,0.9999895162040572,0.9999895075925945,0.9999895469158261,0.9999895390992869,0.9999895122247813,0.9999895497066638,0.9999895657943563,0.9999894568923056
38,0.9999911057091454,0.9999911010894292,0.9999910975971738,0.9999911061333896,0.9999911038241406,0.9999911033457495,0.9999911055285547,0.9999911055289123,0.9999911039848742,0.9999911030622843,0.9999911013571104,0.9999911187047911,0.9999911163505921,0.9999911123972751,0.9999911158247554,0.9999911018367954,0.9999911001988884,0.9999910981832071,0.9999910950068277,0.9999910983643567,0.9999910931390451,0.9999910920738635,0.9999910925188839,0.9999910922023849,0.9999910910688976,0.9999910878340713,0.9999910826037449,0.9999910793446831,0.99999109042184,0.9999910902436742,0.9999910912861903,0.9999910912201635,0.9999910880333649,0.9999910999678956,0.9999911311234032,0.9999911390448775,0.9999911049678121,0.9999911118754081,0.9999911347846964,0.9999911030812383,0.9999910896010051,0.9999912860015768,0.9999912912709447,0.9999912944634919,0.99999128525796,0.9999912876080657,0.9999912876034961,0.9999912855568147,0.9999912847492499,0.9999912864431634,0.9999912875992137,0.9999912886029928,0.9999912767771488,0.9999912748211609,0.9999912782331203,0.9999912797196926,0.9999912888988768,0.999991291198369,0.9999912920549872,0.9999912964668228,0.999991292040632,0.9999912978336624,0.9999912990008807,0.9999912986635286,0.9999912987375805,0.9999913002610459,0.9999913019764111,0.9999913056679767,0.9999913084620204,0.9999913012573736,0.9999913014905452,0.9999913006937885,0.9999912998024787,0.9999913034221823,0.9999912910587164,0.9999912622128888,0.9999912551794468,0.9999912872992316,0.999991280914999,0.9999912589772247,0.9999912895774287,0.9999913027168293,0.9999912137661732
38.40000000000001,0.999992589622263,0.9999925858487548,0.9999925829972454,0.9999925899690116,0.9999925880823473,0.9999925876911977,0.9999925894743956,0.9999925894744951,0.9999925882131543,0.9999925874593716,0.9999925860665203,0.9999926002376852,0.9999925983142304,0.9999925950847519,0.9999925978838327,0.9999925864582457,0.999992585120151,0.9999925834735706,0.9999925808787029,0.9999925836215163,0.9999925793529931,0.9999925784828282,0.9999925788463201,0.9999925785877681,0.9999925776617027,0.9999925750189846,0.99999257074558,0.9999925680818823,0.9999925771330332,0.9999925769874872,0.999992577839197,0.9999925777851519,0.9999925751817609,0.9999925849314565,0.9999926103805894,0.999992616851523,0.9999925890160887,0.9999925946588777,0.9999926133801633,0.9999925874742113,0.9999925764610746,0.9999927368903171,0.9999927411946685,0.9999927438040984,0.9999927362831387,0.9999927382023461,0.9999927381981708,0.9999927365266229,0.9999927358667591,0.9999927372502302,0.9999927381942947,0.9999927390142305,0.9999927293554938,0.9999927277574036,0.9999927305440647,0.9999927317577327,0.9999927392557472,0.9999927411337632,0.9999927418334121,0.9999927454366672,0.9999927418216762,0.9999927465530837,0.999992747506389,0.9999927472308133,0.999992747291285,0.9999927485354608,0.9999927499361571,0.9999927529511433,0.9999927552327776,0.9999927493491483,0.9999927495395751,0.9999927488888667,0.999992748160853,0.9999927511170196,0.9999927410197953,0.9999927174581105,0.9999927117134724,0.999992737949408,0.999992732734986,0.9999927148260793,0.9999927398092407,0.9999927505407812,0.999992677886079
38.8,0.9999938259370252,0.9999938228547218,0.999993820526311,0.9999938262204172,0.9999938246790374,0.9999938243592503,0.9999938258159795,0.9999938258159184,0.9999938247855261,0.9999938241696786,0.9999938230319461,0.9999938346081552,0.999993833036669,0.9999938303985216,0.9999938326844583,0.9999938233518486,0.9999938222587034,0.9999938209136455,0.9999938187938556,0.9999938210344751,0.999993817547574,0.9999938168367295,0.9999938171336302,0.9999938169224177,0.9999938161658339,0.9999938140068777,0.9999938105154128,0.9999938083384533,0.9999938157339029,0.9999938156150058,0.9999938163108189,0.9999938162665908,0.9999938141398282,0.9999938221045634,0.9999938428924483,0.9999938481784175,0.9999938254414176,0.9999938300509523,0.9999938453492063,0.9999938241813271,0.999993815183946,0.9999939462297609,0.999993949745809,0.9999939518784916,0.9999939457339699,0.9999939473013166,0.9999939472975783,0.9999939459323888,0.9999939453932292,0.9999939465231645,0.9999939472941323,0.9999939479638941,0.9999939400750698,0.9999939387694203,0.9999939410454035,0.9999939420363128,0.9999939481610463,0.9999939496948594,0.999993950266307,0.9999939532092081,0.999993950256713,0.9999939541210863,0.9999939548996901,0.9999939546745797,0.9999939547239627,0.9999939557400679,0.9999939568838536,0.9999939593462919,0.9999939612095373,0.9999939564046061,0.9999939565601266,0.9999939560286876,0.9999939554340505,0.9999939578483528,0.9999939496018446,0.999993930356302,0.9999939256642714,0.9999939470942115,0.9999939428352213,0.9999939282145304,0.9999939486125894,0.9999939573776077,0.9999938980332211
39.2,0.9999948559707146,0.9999948534530055,0.9999948515516701,0.9999948562023137,0.9999948549430502,0.9999948546816284,0.9999948558716462,0.999994855871491,0.9999948550297686,0.9999948545266264,0.9999948535972852,0.9999948630536493,0.9999948617697534,0.9999948596146802,0.9999948614815776,0.9999948538585393,0.9999948529655157,0.9999948518667724,0.9999948501350999,0.9999948519654571,0.9999948491170736,0.9999948485363848,0.9999948487788944,0.9999948486063556,0.9999948479882481,0.9999948462245241,0.9999948433719892,0.999994841592925,0.9999948476353622,0.9999948475382355,0.9999948481066777,0.9999948480704904,0.9999948463331143,0.9999948528396038,0.9999948698199624,0.9999948741379305,0.9999948555655428,0.9999948593309951,0.9999948718316233,0.9999948545357927,0.9999948471853493,0.9999949542292048,0.9999949571013076,0.9999949588442455,0.9999949538243542,0.9999949551043721,0.9999949551010759,0.9999949539860827,0.9999949535455607,0.9999949544684323,0.999994955098054,0.9999949556451453,0.9999949492018554,0.9999949481351534,0.9999949499940627,0.9999949508031322,0.9999949558060919,0.9999949570588028,0.9999949575255435,0.9999949599291365,0.9999949575177011,0.9999949606739524,0.9999949613098763,0.999994961125991,0.9999949611663195,0.999994961996175,0.9999949629301979,0.9999949649413739,0.999994966462987,0.9999949625389111,0.9999949626659257,0.999994962231889,0.9999949617461914,0.9999949637179811,0.9999949569828833,0.999994941262815,0.9999949374304922,0.9999949549348344,0.9999949514561917,0.9999949395194145,0.9999949561745072,0.9999949633334254,0.9999949148607722
39.6,0.9999957141451732,0.99999571208864,0.9999957105359998,0.9999957143344359,0.9999957133056706,0.9999957130919783,0.999995714064107,0.9999957140639024,0.9999957133763093,0.9999957129652546,0.9999957122061359,0.9999957199307944,0.9999957188818787,0.9999957171214366,0.9999957186461337,0.9999957124194975,0.9999957116899684,0.9999957107924384,0.9999957093778358,0.9999957108730376,0.9999957085462623,0.9999957080719017,0.9999957082699853,0.9999957081290398,0.9999957076240726,0.9999957061832454,0.9999957038527679,0.9999957023989456,0.999995707335772,0.9999957072564302,0.9999957077208105,0.9999957076912073,0.9999957062719391,0.999995711587116,0.9999957254573164,0.999995728984529,0.9999957138139621,0.9999957168898768,0.9999957271041408,0.999995712972485,0.9999957069676083,0.9999957944054456,0.9999957967515291,0.999995798175874,0.9999957940748452,0.9999957951202249,0.9999957951173528,0.9999957942066934,0.9999957938467727,0.9999957946005325,0.9999957951147312,0.9999957955616187,0.9999957902989483,0.99999578942748,0.9999957909457572,0.9999957916063812,0.9999957956930157,0.9999957967161534,0.9999957970973751,0.9999957990605107,0.999995797090965,0.9999957996688736,0.9999958001882684,0.9999958000380592,0.9999958000709941,0.9999958007487488,0.9999958015114971,0.9999958031541247,0.9999958043967712,0.9999958011920135,0.9999958012957487,0.999995800941258,0.9999958005445406,0.9999958021549459,0.999995796654183,0.9999957838137661,0.9999957806836093,0.9999957949814692,0.9999957921401799,0.9999957823942143,0.9999957959936392,0.9999958018408053,0.9999957622481104
40,0.9999964291377037,0.9999964274578713,0.9999964261899434,0.9999964292923622,0.9999964284519172,0.9999964282772523,0.9999964290713796,0.9999964290711552,0.9999964285094725,0.9999964281736566,0.9999964275535825,0.9999964338636202,0.9999964330066933,0.9999964315686285,0.999996432813868,0.9999964277278343,0.9999964271318736,0.9999964263987123,0.9999964252431343,0.9999964264645412,0.9999964245638662,0.9999964241763676,0.9999964243381639,0.9999964242230278,0.999996423810498,0.9999964226334662,0.9999964207295383,0.9999964195415515,0.9999964235749667,0.9999964235101536,0.999996423889517,0.9999964238653036,0.9999964227059093,0.9999964270478583,0.9999964383775477,0.9999964412588017,0.9999964288669724,0.9999964313796038,0.9999964397254224,0.9999964281793737,0.999996423273815,0.9999964946965119,0.9999964966129087,0.9999964977768426,0.999996494426537,0.9999964952803024,0.9999964952778235,0.9999964945340445,0.9999964942399847,0.9999964948556264,0.999996495275569,0.9999964956406048,0.9999964913421978,0.9999964906302425,0.9999964918703159,0.9999964924097493,0.9999964957478826,0.9999964965835272,0.9999964968949011,0.999996498498307,0.999996496889662,0.9999964989952169,0.9999964994194391,0.9999964992967394,0.9999964993236368,0.9999964998771756,0.9999965005000709,0.9999965018416986,0.9999965028565424,0.9999965002392044,0.9999965003239278,0.9999965000344013,0.9999964997103621,0.9999965010256321,0.9999964965329401,0.9999964860446614,0.9999964834880037,0.9999964951667615,0.9999964928460382,0.9999964848884835,0.9999964959932124,0.9999965007690174,0.9999964684294385
