time,node_0,node_1,node_2,node_3,node_4,node_5,node_6,node_7,node_8,node_9,node_10,node_11,node_12,node_13,node_14,node_15,node_16,node_17,node_18,node_19,node_20,node_21,node_22,node_23,node_24,node_25,node_26,node_27,node_28,node_29,node_30,node_31,node_32,node_33,node_34,node_35,node_36,node_37,node_38,node_39,node_40,node_41,node_42,node_43,node_44,node_45,node_46,node_47,node_48,node_49,node_50,node_51,node_52,node_53,node_54,node_55,node_56,node_57,node_58,node_59,node_60,node_61,node_62,node_63,node_64,node_65,node_66,node_67,node_68,node_69,node_70,node_71,node_72,node_73,node_74,node_75,node_76,node_77,node_78,node_79,node_80,node_81,node_82
0,0,0,0,0,0,0,0,0,0,0,0,0,0,0,0,0,0,0,0,0,0,0,0,0,0,0,0.1,0,0,0,0,0,0,0,0,0,0,0,0,0,0,0,0,0,0,0,0,0,0,0,0,0,0,0,0,0,0,0,0,0,0,0,0,0,0,0,0,0.1,0,0,0,0,0,0,0,0,0,0,0,0,0,0,0
0.4,3.282274865434835e-09,5.134867696183075e-10,4.081405018588519e-12,4.564678415370645e-10,8.812098108578217e-10,2.744723014646471e-09,3.820453922933368e-09,2.322088244392701e-09,3.039492590983468e-09,8.861846587854005e-09,5.364894301851242e-10,5.147095186576395e-10,4.803487784630145e-10,1.044547121197345e-09,2.349403573220958e-09,3.987692395378201e-09,9.656026305499365e-09,8.029871438746564e-09,3.514519057666744e-07,4.973971439190479e-09,3.405028381653625e-09,8.82204523753118e-09,5.855263868176329e-08,2.271672804916146e-08,1.833593686480962e-05,1.277929022159428e-05,0.1231128579408266,1.379372226122975e-05,1.606998142207231e-05,1.289192755492269e-05,6.163061785847154e-08,2.199848723673563e-05,1.712562421556348e-08,5.167093563568168e-06,4.012481267999099e-09,1.021350539417982e-09,5.465252902508336e-09,1.492376764774323e-09,6.054432900255645e-10,4.163504778326782e-06,3.494104955965161e-06,4.759018363026818e-09,2.01741743103857e-10,8.344399169236972e-11,1.53847996424819e-09,1.807402255004319e-09,6.399587728970434e-09,6.677503014831604e-09,4.498131214802292e-09,5.975131324615216e-09,1.575390207183375e-08,9.308338948659346e-10,1.493052607478586e-09,1.21063610000402e-09,2.092971383508724e-09,4.632522488168014e-09,7.406183413413241e-09,2.647436062714497e-08,1.909288428736664e-08,1.222313923101442e-06,1.03317915666774e-08,9.122037207715227e-09,1.559640123371226e-08,9.870620623926854e-07,4.854936425965988e-08,2.873196164340557e-05,1.55764990533467e-05,0.1230315385042622,2.634732897391158e-05,2.075450729551959e-05,1.746239016592821e-05,7.058580412427815e-06,3.214418701233794e-05,3.569028025984876e-08,8.519190856995431e-06,5.530167646044251e-09,1.658071800156138e-09,2.004960185493899e-06,2.2297144131904e-09,7.068187662009448e-10,5.070318943678343e-06,7.300126648798026e-06,2.590419519238859e-09
0.8,1.251159103168901e-08,1.971584472553424e-09,2.12440098019761e-11,1.761066114043362e-09,3.382119473714412e-09,1.049508936555985e-08,1.453008110032972e-08,8.896230210610048e-09,1.163104966930789e-08,3.36939863783486e-08,1.964474102653375e-09,1.910741922269935e-09,1.792809952962614e-09,3.896899040948861e-09,8.831635843391493e-09,1.415297544604265e-08,3.468406834280133e-08,2.893133194934174e-08,8.860542337088754e-07,1.790324927759957e-08,1.251131030586297e-08,3.192330882165573e-08,2.099695026327191e-07,8.178942785836995e-08,4.593114914009753e-05,3.190184875656029e-05,0.1504735005161734,3.470134747570156e-05,4.034450644452217e-05,3.243689694226051e-05,2.337574087401782e-07,5.519247106540913e-05,6.506611541745475e-08,1.245253752836235e-05,1.487899523124279e-08,3.764766395880848e-09,2.013676734894931e-08,5.518863105662318e-09,2.242104515457071e-09,1.040115325941063e-05,8.733056679212285e-06,1.822264193472001e-08,7.902762231939015e-10,3.285205535588445e-10,5.915933978884535e-09,6.950814854531995e-09,2.452399088701341e-08,2.546801836799117e-08,1.722650164981137e-08,2.292798385911716e-08,6.007771886579412e-08,3.396290662352592e-09,5.540456331329196e-09,4.499732126234034e-09,7.816462363276713e-09,1.74120439879238e-08,2.623681374904235e-08,9.49124697936911e-08,6.834087996693587e-08,2.936202001764608e-06,3.693662970705911e-08,3.245779972868871e-08,5.575307838545662e-08,2.366957147493791e-06,1.739722457753509e-07,7.194482163660263e-05,3.888462437056782e-05,0.1502799792607369,6.624596418264341e-05,5.214507250625854e-05,4.395486426330896e-05,1.78362044084566e-05,8.061674246592837e-05,1.354825917869362e-07,2.051750848219558e-05,2.049369517934235e-08,6.102157049197673e-09,4.904086198839556e-06,8.216481014754684e-09,2.608305386395212e-09,1.267123630168333e-05,1.82345918754045e-05,9.608583306420963e-09
1.2,3.179664472169731e-08,5.048848713728227e-09,6.914158306458537e-11,4.531442078496022e-09,8.656726721448481e-09,2.675622651640023e-08,3.684039451283142e-08,2.272365952111272e-08,2.967470390555122e-08,8.537879984922889e-08,4.794240887361228e-09,4.72490449213354e-09,4.457661250166274e-09,9.6827748898357e-09,2.210636280027704e-08,3.347308130764466e-08,8.302386703319555e-08,6.945944170265602e-08,1.670433122872284e-06,4.294130610343734e-08,3.059161097541753e-08,7.695985424377904e-08,5.018747203601682e-07,1.96240694937917e-07,8.608044986747711e-05,5.957837170907699e-05,0.1823793394866438,6.531925662712999e-05,7.57815701669772e-05,6.106367726232356e-05,5.903950798329089e-07,0.0001036023015030743,1.64618594547066e-07,2.2447261695258e-05,3.674054630937117e-08,9.241889890629879e-09,4.941112901804523e-08,1.359119804544368e-08,5.529082700892234e-09,1.943901160727187e-05,1.632926848239797e-05,4.651806586943922e-08,2.065235288214661e-09,8.624158456641563e-10,1.516809709927289e-08,1.782507548865862e-08,6.265688467099034e-08,6.475593487261534e-08,4.398368695676208e-08,5.865490193659782e-08,1.526988395576774e-07,8.259541121271946e-09,1.369460078727088e-08,1.114155877113726e-08,1.944086373247979e-08,4.35810509630592e-08,6.192506039079927e-08,2.267709400579071e-07,1.630336691924298e-07,5.285337975102353e-06,8.80167803714889e-08,7.699761756911622e-08,1.328555746927634e-07,4.255131068324913e-06,4.155381518410165e-07,0.0001347818073538159,7.262074956027509e-05,0.1820387631451276,0.0001246283032834383,9.802555338448698e-05,8.278388416082353e-05,3.372434318716871e-05,0.000151271449584076,3.424903579820302e-07,3.696070334259465e-05,5.057337704886216e-08,1.495548753331378e-08,8.971914597263954e-06,2.016400356908917e-08,6.409758584035601e-09,2.369117248346721e-05,3.40752181573808e-05,2.37334234016867e-08
1.6,6.734267008357972e-08,1.077894086311182e-08,1.801069660326482e-10,9.720924019023207e-09,1.847092628902327e-08,5.684947167432658e-08,7.783805788996622e-08,4.837347883989228e-08,6.309790623149869e-08,1.802282183050027e-07,9.747141662684819e-09,9.727973341086322e-09,9.229275284839006e-09,2.00290801372105e-08,4.605493646611895e-08,6.593564555384453e-08,1.655272621651778e-07,1.388838232697741e-07,2.790826727346529e-06,8.578002764714086e-08,6.222065615503844e-08,1.544891954639204e-07,9.993256325980122e-07,3.921671237947988e-07,0.0001430281316770917,9.863827437539695e-05,0.2189548512391537,0.0001090188897999971,0.0001262072368217821,0.0001019258598656186,1.241145802378259e-06,0.000172421322820339,3.466680102378894e-07,3.586006267562528e-05,7.551048369367084e-08,1.888517722456593e-08,1.009230860684419e-07,2.785993302116614e-08,1.134861322147091e-08,3.220770981390195e-05,2.706830358186016e-05,9.896003573375888e-08,4.500724200325844e-09,1.887052927288285e-09,3.24138236055599e-08,3.810277476852555e-08,1.334125512326097e-07,1.372073597476144e-07,9.358993566116871e-08,1.250474437926899e-07,3.233430044518583e-07,1.673539443491982e-08,2.818220191040289e-08,2.297120462910365e-08,4.02506809188667e-08,9.079261705147849e-08,1.217059310099644e-07,4.51302705978978e-07,3.239741940817991e-07,8.446648031775138e-06,1.747213777885469e-07,1.521963242536842e-07,2.637538588630309e-07,6.794208266696865e-06,8.268374928699512e-07,0.0002238656312227397,0.0001202376231294413,0.2184304277730322,0.0002078946589145884,0.0001633896524674978,0.0001382476851917171,5.654393548831097e-05,0.0002516675071830461,7.206739231355446e-07,5.900565944263564e-05,1.038776262597713e-07,3.050945164852552e-08,1.454684219680132e-05,4.119058407838451e-08,1.311095397868796e-08,3.927021716313113e-05,5.645237231223345e-05,4.879232479607002e-08
2,1.28372945589296e-07,2.072083008452287e-08,4.107094958970824e-10,1.877709537955701e-08,3.548407509966122e-08,1.087244315206855e-07,1.480144981404211e-07,9.268923448495826e-08,1.207648276101212e-07,3.422948144729169e-07,1.782946251974645e-08,1.800947606711844e-08,1.718432860175929e-08,3.724918500726924e-08,8.624430469857902e-08,1.168150486038125e-07,2.968277174772472e-07,2.497505210585774e-07,4.358024267273884e-06,1.541131662210861e-07,1.136920417589193e-07,2.78863170459748e-07,1.790017155205936e-06,7.048806932909232e-07,0.0002222009746379212,0.0001526748585645188,0.2600922853736088,0.0001701474084262955,0.0001965346668174443,0.0001590892855812439,2.345429853424231e-06,0.0002683089591385044,6.562622831681195e-07,5.353073649654526e-05,1.39495181297925e-07,3.469122633963277e-08,1.853039580904402e-07,5.13353332790182e-08,2.093751546163709e-08,4.989101836739026e-05,4.195021018715803e-05,1.894793379727074e-07,8.833959024117493e-09,3.717180758189007e-09,6.23534165288049e-08,7.332473216598109e-08,2.556882959051612e-07,2.616514606487792e-07,1.792450733980331e-07,2.399460510063378e-07,6.160684689183471e-07,3.051263898957303e-08,5.214758779352107e-08,4.259087229497304e-08,7.492038811193444e-08,1.700277744993546e-07,2.150898199631076e-07,8.078618478273357e-07,5.790962011230356e-07,1.263645197008008e-05,3.120088928688478e-07,2.706820830780219e-07,4.710748101708864e-07,1.015920282840202e-05,1.480041559675071e-06,0.0003476605654258433,0.0001861227561540465,0.2593482683520197,0.0003242914178401623,0.0002546620548729882,0.0002158948093464236,8.86620094523542e-05,0.000391494702297996,1.363238050184769e-06,8.802117218654329e-05,1.917880249198516e-07,5.594831794937719e-08,2.204184086965434e-05,7.563935673945708e-08,2.410656512881829e-08,6.086050864180076e-05,8.744028157426843e-05,9.016403852889537e-08
2.4,2.284269446898363e-07,3.719703484160533e-08,8.567159422289979e-10,3.387039036736716e-08,6.36516977241675e-08,1.941089990866327e-07,2.627101747435238e-07,1.657915537670688e-07,2.15765055030259e-07,6.065889648466633e-07,3.043030434338115e-08,3.109016692783648e-08,2.984019822698598e-08,6.458970171827395e-08,1.505474940826698e-07,1.930153836039866e-07,4.964378071039798e-07,4.188462555687519e-07,6.513576857944683e-06,2.582220672272979e-07,1.935507675799988e-07,4.693605669364394e-07,2.990848031231581e-06,1.181617244806341e-06,0.0003305000465707845,0.0002262255658875415,0.3054093137795649,0.0002542819014738556,0.0002930400298109758,0.0002377693616135898,4.131799750249131e-06,0.0003997589221723523,1.158159986991754e-06,7.644415980149669e-05,2.402057985794922e-07,5.940723571835726e-08,3.171660247084115e-07,8.817551931883136e-08,3.600657284614779e-08,7.398637233809936e-05,6.224107547483922e-05,3.386458539944036e-07,1.619594645613313e-08,6.836503779801303e-09,1.119805113516186e-07,1.31744934353031e-07,4.574348981198999e-07,4.657294759012627e-07,3.204537627656447e-07,4.29772638471861e-07,1.095333809130487e-06,5.191661616428105e-08,8.997504665603183e-08,7.364508957084646e-08,1.300152194453046e-07,2.968234240571448e-07,3.544425995193254e-07,1.34880525721211e-06,9.654976634265334e-07,1.811805632198655e-05,5.197310247166188e-07,4.491439956667736e-07,7.848727837569156e-07,1.456400562857832e-05,2.471272767838227e-06,0.0005169250780999292,0.0002758200974430376,0.3044146350326068,0.0004843889299576156,0.0003800658762691963,0.0003228518166503424,0.0001331408667789748,0.00058310669733034,2.40405525199392e-06,0.0001256100346198502,3.300673784729383e-07,9.564065556014624e-08,3.195694246239689e-05,1.294810801008824e-07,4.131667757007406e-08,9.030161297837067e-05,0.0001296633296619607,1.553057922392635e-07
2.8,3.871867202017926e-07,6.363465331696163e-08,1.676259562839281e-09,5.822302781837325e-08,1.088006136972006e-07,3.301356305263628e-07,4.441381441283428e-07,2.824985392554837e-07,3.672371705765366e-07,1.023550061836606e-06,4.945158301771593e-08,5.107117287250706e-08,4.931378341470469e-08,1.065587825667034e-07,2.499713360932112e-07,3.034984332436397e-07,7.901366883167691e-07,6.684202285562249e-07,9.437723132092227e-06,4.117168289231997e-07,3.132728157094429e-07,7.516243733684545e-07,4.756216597613997e-06,1.884965322248111e-06,0.0004766719056148519,0.0003249998872323021,0.3542373379472666,0.0003685558629256589,0.000423715189879851,0.0003446356890347487,6.924070532601978e-06,0.0005775686201111085,1.94435813584746e-06,0.0001057468606243716,3.9341793287273e-07,9.677338569689196e-08,5.163787596908467e-07,1.440617473835306e-07,5.889611108022452e-08,0.0001063816547427707,8.953847985759235e-05,5.765288775297226e-07,2.830358962787368e-08,1.198013379230307e-08,1.915972455637781e-07,2.255374786012678e-07,7.795810854015146e-07,7.896193592643341e-07,5.457507212314082e-07,7.332624802840422e-07,1.854477809209374e-06,8.412607112028871e-08,1.477157522494086e-07,1.211878069390818e-07,2.146575144529765e-07,4.929114736286623e-07,5.556996720602741e-07,2.143151286504823e-06,1.532001556149594e-06,2.521155829927785e-05,8.239974446576669e-07,7.094461106476889e-07,1.244708591497626e-06,2.026978997682236e-05,3.927382929707255e-06,0.0007452862070435684,0.0003963103568646732,0.3529693048694267,0.0007016932903919721,0.0005500927658345234,0.0004682440744793702,0.0001939311894926505,0.000842199293306984,4.033154295157118e-06,0.0001736348465660694,5.403056235071703e-07,1.555170376282263e-07,4.489439571179574e-05,2.108364647214282e-07,6.735618954827787e-08,0.0001299162705934037,0.0001864308321674752,2.544414508848009e-07
3.2,6.330448223351605e-07,1.050531280125249e-07,3.125404388997172e-09,9.658173268680379e-08,1.794495951959714e-07,5.416392570929522e-07,7.242178580462431e-07,4.643359132881869e-07,6.02946881764805e-07,1.665255053978828e-06,7.748126672151038e-08,8.083189974277474e-08,7.85346456951114e-08,1.693628122988961e-07,3.997588470369578e-07,4.598220158421185e-07,1.211729961082938e-06,1.02773650255822e-06,1.335962290462964e-05,6.3247681727415e-07,4.881328155893401e-07,1.159488977350816e-06,7.288532491684147e-06,2.897217642281172e-06,0.0006717866149054321,0.000456171742153092,0.4056495935843303,0.0005220829058662338,0.0005987236327153633,0.0004882072235282215,1.117659025031989e-05,0.0008154443401508577,3.144282437669532e-06,0.0001427683128639669,6.205538403668964e-07,1.518380802415124e-07,8.097236112481524e-07,2.266870282948862e-07,9.277864897399615e-08,0.0001494540341501091,0.0001258557997970073,9.467370983085032e-07,4.774143911891371e-08,2.025540206425436e-08,3.162602851851013e-07,3.725186387362948e-07,1.281586700826133e-06,1.291268845960868e-06,8.965544414899691e-07,1.206748017569619e-06,3.02755760803221e-06,1.314637546824035e-07,2.336536040596247e-07,1.921725180294671e-07,3.414130608751277e-07,7.884030857764082e-07,8.392518245862948e-07,3.281207409542037e-06,2.342391862075287e-06,3.43068926271607e-05,1.258900290895599e-06,1.080031142100462e-06,1.902276349651096e-06,2.759620432822952e-05,6.014532418677549e-06,0.001049976806966905,0.0005563704692092801,0.4040969083677971,0.0009934371107797513,0.0007781105792814982,0.0006637413550334185,0.0002761242587099214,0.001188682143247163,6.517669179047117e-06,0.0002342510560602475,8.518052076994078e-07,2.435599702179659e-07,6.157774989635517e-05,3.306535198622491e-07,1.057546734255509e-07,0.0001826337128205454,0.0002619103426834176,4.014590695410743e-07
3.6,1.006713572520128e-06,1.687614820853504e-07,5.612333725084307e-09,1.558964403036684e-07,2.87979668547228e-07,8.644025374041206e-07,1.14854281256697e-06,7.423797080667748e-07,9.629296930682291e-07,2.634034680361096e-06,1.180250658704393e-07,1.242929641016608e-07,1.215313082998583e-07,2.61487522914677e-07,6.208557548294837e-07,6.768233376905188e-07,1.805290570943463e-06,1.535052989471205e-06,1.857065798830239e-05,9.43848318946645e-07,7.383132074071968e-07,1.737308832045011e-06,1.085158251748554e-05,4.325910189926336e-06,0.0009298571202190405,0.0006287575262679024,0.4585292634007199,0.0007265095596299929,0.0008309931976526592,0.0006793675903390997,1.752176009485797e-05,0.001130785711710545,4.938555049039104e-06,0.0001890496425783216,9.504851402601318e-07,2.313684385842069e-07,1.233041146261225e-06,3.463924940125621e-07,1.419228972170773e-07,0.0002061982312463145,0.0001737316638261199,1.512120795703578e-06,7.837410274498361e-08,3.331850205478002e-08,5.078388831034383e-07,5.986018098768451e-07,2.049294372998609e-06,2.053744501613122e-06,1.432612954348682e-06,1.931633294969708e-06,4.805863033759227e-06,1.997877288220678e-07,3.590561643221615e-07,2.96107588861445e-07,5.274703224001483e-07,1.224695608812649e-06,1.231054485059898e-06,4.880445191459204e-06,3.479519201947747e-06,4.588140145847874e-05,1.868702188198349e-06,1.597697140798538e-06,2.824734599564456e-06,3.693642747775258e-05,8.949083834962361e-06,0.001452786941871173,0.0007670379866243477,0.4566936849554346,0.001381605990444595,0.001081152735581791,0.0009242685558371507,0.0003862828865084815,0.001647804222722472,1.023011656677049e-05,0.0003099514441601168,1.304039085604921e-06,3.704403589690151e-07,8.287641112454238e-05,5.035864650997569e-07,1.612419005476135e-07,0.0002521497191200018,0.000361352248067245,6.150810646660435e-07
4,1.566296480265677e-06,2.653544669771881e-07,9.779399487621715e-09,2.462938773675687e-07,4.52302112522585e-07,1.349736917926629e-06,1.781934822574466e-06,1.161273689649544e-06,1.5046348787271e-06,4.074425518061192e-06,1.758173242110682e-07,1.867659798333964e-07,1.838162139639956e-07,3.94471697788773e-07,9.418595429072754e-07,9.734939749942259e-07,2.62802226261475e-06,2.24015189770916e-06,2.544173907977741e-05,1.376174469842918e-06,1.090323847453068e-06,2.542932741066046e-06,1.578757672118008e-05,6.310891857656631e-06,0.001268641729477666,0.0008541053693583391,0.5116673515413129,0.0009967364135466334,0.001136986580178113,0.0009320370722163829,2.683394847019751e-05,0.001545701928844345,7.577562321197606e-06,0.0002463825411335237,1.421883728242508e-06,3.443855012981588e-07,1.83401911986588e-06,5.169964703573398e-07,2.120377567118569e-07,0.000280393233396416,0.0002363722886568082,2.362815242608139e-06,1.259488148385031e-07,5.363227405134302e-08,7.979419042696499e-07,9.412945479472362e-07,3.20602333452247e-06,3.195548334640952e-06,2.239694614832257e-06,3.024958853127423e-06,7.460939468460405e-06,2.970205471742997e-07,5.391726586221438e-07,4.45933838117729e-07,7.962098546884016e-07,1.858336758074061e-06,1.764029501673666e-06,7.092982713118922e-06,5.050527933613955e-06,6.052341320925892e-05,2.710622285315065e-06,2.309854745469966e-06,4.098943349678843e-06,4.877733550182962e-05,1.30114718239397e-05,0.001981290316618346,0.001042211408903914,0.5095636186191285,0.001894269139918224,0.001480942866289151,0.001268930993362601,0.0005328756939393334,0.002251604556032011,1.568649228399397e-05,0.0004036263944674615,1.949854851312877e-06,5.503457044030804e-07,0.0001098374081171505,7.491369165035475e-07,2.401189042119922e-07,0.0003431346505856039,0.0004913812042679662,9.203892332381935e-07
4.4,2.394411474369075e-06,4.101349574353529e-07,1.662668818607058e-08,3.824728917725403e-07,6.98234400530962e-07,2.070946046028811e-06,2.716217438048822e-06,1.784903031571773e-06,2.310185193550161e-06,6.189740387070705e-06,2.572393047763277e-07,2.754194186408467e-07,2.729037783118062e-07,5.839376691278379e-07,1.401606939158747e-06,1.374108435526957e-06,3.75392746871594e-06,3.207581953363503e-06,3.444575984438283e-05,1.968753960145071e-06,1.57882018516466e-06,3.65150779759697e-06,2.253892836215203e-05,9.033362483509688e-06,0.001710678795741338,0.001146525606962352,0.5638721574805916,0.001351855059875852,0.00153769846485678,0.001264045415216922,4.031529901700011e-05,0.002088321265544078,1.140644909326754e-05,0.0003168609825883865,2.086286546668488e-06,5.028627386180984e-07,2.67581412690822e-06,7.568746544839765e-07,3.107205572719161e-07,0.00037681827732789,0.000317835992106497,3.627579338887648e-06,1.989743389226918e-07,8.484174437665619e-08,1.232077695937623e-06,1.454676158767606e-06,4.928232729937969e-06,4.885093748763049e-06,3.440442355345851e-06,4.65432277429946e-06,1.137666204949521e-05,4.338674079490898e-07,7.945619820431007e-07,6.592013412022568e-07,1.179293405137696e-06,2.766154476868487e-06,2.479850556967096e-06,1.01151334076676e-05,7.193525917948461e-06,7.896349674696107e-05,3.858391894833844e-06,3.277401734195417e-06,5.836862693770264e-06,6.372618492188079e-05,1.856388775534722e-05,0.002670415558887937,0.001399422748905867,0.5615262218618415,0.00256729433730975,0.002005218234061597,0.001722213568549113,0.0007268452630385167,0.003040769848193515,2.35974925770943e-05,0.0005186439092511452,2.859649771309905e-06,8.020592666953657e-07,0.0001437262122889334,1.093136017266737e-06,3.507404255553498e-07,0.0004615029658049806,0.0006603729765962596,1.350810869658052e-06
4.800000000000001,3.608191354480615e-06,6.25143696568369e-07,2.769723783819765e-08,5.857023986815859e-07,1.062882336283903e-06,3.132439612174582e-06,4.081091115003349e-06,2.704400975320928e-06,3.49661569055591e-06,9.265026786036856e-06,3.708830920887282e-07,3.998995901397556e-07,3.990079861349626e-07,8.509640025153089e-07,2.052604514927259e-06,1.909687949504732e-06,5.278510811315961e-06,4.520816065253845e-06,4.618658231220631e-05,2.772351161759504e-06,2.2489316282567e-06,5.160345310003788e-06,3.167609460171263e-05,1.272743174741719e-05,0.002284610713303654,0.001524097509235499,0.6140699596875194,0.001816357774862455,0.002059937028776381,0.001698258460090248,5.961070172830386e-05,0.002794464923384545,1.689869522007164e-05,0.0004029480225604013,3.012087934460345e-06,7.226382093722323e-07,3.841755265141769e-06,1.09036686933555e-06,4.480409030174804e-07,0.0005015310946756321,0.0004232710856041156,5.489768344589858e-06,3.100008234636529e-07,1.323203058682958e-07,1.875561586997e-06,2.216476825228169e-06,7.467619085392285e-06,7.361006734054137e-06,5.209681679727173e-06,7.058935928149003e-06,1.709388456250293e-05,6.247933787316731e-07,1.152861559947776e-06,9.596492020285205e-07,1.719444618573497e-06,4.052056295536259e-06,3.431231055638313e-06,1.419959806612075e-05,1.008610087164006e-05,0.0001021152613660416,5.406795605844403e-06,4.578385864110189e-06,8.182432164944263e-06,8.254539219107596e-05,2.607282646750858e-05,0.003564440483580087,0.00186082446676215,0.6115159754509015,0.003446539158719493,0.002689425992838532,0.002315524095749267,0.0009823478871359927,0.004066989576656078,3.493722785701284e-05,0.0006589527302711217,4.126806235190387e-06,1.150367588421685e-06,0.0001860785528892956,1.569668870284023e-06,5.04142207418789e-07,0.0006147604554134644,0.0008789388116396742,1.950702432295018e-06
5.2,5.373316032597411e-06,9.420537813885143e-07,4.535351814790858e-08,8.866795672270816e-07,1.599451162175287e-06,4.682576222929595e-06,6.059340907761186e-06,4.049438769679773e-06,5.230303822596888e-06,1.369885272603135e-05,5.283128777509179e-07,5.731588979983817e-07,5.759821576574888e-07,1.223913823016184e-06,2.965570279933903e-06,2.619906801057754e-06,7.324809531608477e-06,6.28758104216074e-06,6.143624425410899e-05,3.852412334409695e-06,3.159240317215671e-06,7.195139260078819e-06,4.393313100835969e-05,1.769488920034652e-05,0.003026863412847004,0.002009693484775825,0.6613804849552074,0.002421688181879926,0.002737957884221745,0.002264022228510128,8.696149763511211e-05,0.00370976636777547,2.47011210178624e-05,0.0005075597497586249,4.289734212621221e-06,1.024605930526711e-06,5.441448791792506e-06,1.549607564467389e-06,6.373005907048461e-07,0.0006622242450607427,0.0005592208376860549,8.209818187133381e-06,4.774806041532938e-07,2.03962845729934e-07,2.821898753958566e-06,3.338137044313148e-06,1.118226502607219e-05,1.09605791057937e-05,7.795993509815521e-06,1.057930685891583e-05,2.537253952614455e-05,8.893558007017575e-07,1.651145174022005e-06,1.379328109703166e-06,2.474149274734276e-06,5.856024947101455e-06,4.684868833892721e-06,1.967101611196651e-05,1.395618522334279e-05,0.0001311278582778547,7.477466316423717e-06,6.312667084578572e-06,1.132032386375733e-05,0.000106197231553252,3.613778490679322e-05,0.004719494899632906,0.002454439833185744,0.6586572239130101,0.004590621713801456,0.00357887781964052,0.003089163507819735,0.001317711655299745,0.00539590585389768,5.103517483859393e-05,0.0008292114673886697,5.874758853986103e-06,1.627897296346206e-06,0.0002387653470438757,2.223571276989889e-06,7.148563538815469e-07,0.0008124489496734649,0.001160544001892389,2.778705082537641e-06
5.600000000000001,7.923690938525664e-06,1.406295533471513e-06,7.318862698104399e-08,1.329614975933334e-06,2.384084658026688e-06,6.931749282647477e-06,8.908092356646948e-06,6.004132542346732e-06,7.747291843591971e-06,2.004728030235637e-05,7.450937475833449e-07,8.125610871977623e-07,8.225853714197119e-07,1.740869496299563e-06,4.235436163216637e-06,3.555582401336289e-06,1.005111543363536e-05,8.646680500785186e-06,8.118246868625011e-05,5.293181772020937e-06,4.385585159114676e-06,9.917897586731813e-06,6.025300026130592e-05,2.432404055966369e-05,0.00398375750410427,0.002632269613674608,0.7051587127659269,0.003208214349358138,0.003615530236815978,0.002999000617305899,0.0001254104702160282,0.004892327230319253,3.56940679237326e-05,0.0006341685570243294,6.038472399074543e-06,1.436271774007813e-06,7.618692033513683e-06,2.176904826854199e-06,8.960217183072358e-07,0.0008686791131663,0.0007340125099422936,1.215687270966409e-05,7.284696481169437e-07,3.113358091293597e-07,4.204670736678329e-06,4.979090181231058e-06,1.658050982541518e-05,1.61596221070681e-05,1.15520926091746e-05,1.569905615706372e-05,3.727793303160938e-05,1.254023680122958e-06,2.339067812046389e-06,1.961454270349084e-06,3.520577052747462e-06,8.365995121742931e-06,6.325248276761788e-06,2.694575528393393e-05,1.909588637420605e-05,0.0001674527460371515,1.022626455646769e-05,8.607836682777976e-06,1.548704704689356e-05,0.0001359006120024113,4.952768011043758e-05,0.006206662339996855,0.003215734007120579,0.7023060795153462,0.006074382797020466,0.004731459937888462,0.004094819019147699,0.001756670837251171,0.007110757132630691,7.369889299992948e-05,0.001034946625983666,8.266167413208349e-06,2.277512761349028e-06,0.0003040732082841984,3.113664951365976e-06,1.001970500419058e-06,0.001066712861159113,0.00152229316434246,3.912093770091077e-06
6,1.158902837158504e-05,2.082931010297548e-06,1.16635833451117e-07,1.978066516095341e-06,3.525580658905921e-06,1.017784032022638e-05,1.298850680332364e-05,8.829437965801236e-06,1.138188759079842e-05,2.908465387847056e-05,1.042182993050742e-06,1.141356785092935e-06,1.164189631361978e-06,2.452873952237729e-06,5.989267554564639e-06,4.781935475956814e-06,1.366084153732486e-05,1.177671017473256e-05,0.0001066890371802973,7.202959535836006e-06,6.025907415234024e-06,1.353702905458755e-05,8.18451281301793e-05,3.311366008438937e-05,0.005214136710358848,0.003428480302415975,0.7450031530994463,0.004227720072179818,0.004748526996137384,0.003951496630947441,0.000179074522288918,0.006416007992683556,5.107166696694111e-05,0.0007869283737704551,8.415102710729431e-06,1.993784942517082e-06,1.056171758899907e-05,3.027827730269843e-06,1.24723004074258e-06,0.001133342014493534,0.0009582517844392193,1.785324039979233e-05,1.102543973837868e-06,4.713426000794267e-07,6.214378038932862e-06,7.367024928498538e-06,2.438268696905003e-05,2.362825352400733e-05,1.697757425045269e-05,2.310376595407162e-05,5.430055274564922e-05,1.754664968034329e-06,3.283062769284016e-06,2.764249428839469e-06,4.96212490587496e-06,1.183349896959617e-05,8.45956132355865e-06,3.655700549684987e-05,2.587903149131975e-05,0.0002129278132421021,1.385264410874772e-05,1.162670363468902e-05,2.098497600352403e-05,0.0001732025281089027,6.72268616559091e-05,0.008115769106494359,0.004189572148090411,0.7420593043177953,0.007993152409836812,0.006221004456425058,0.005398688697292833,0.002329948085483118,0.009316805412901521,0.0001053773158596598,0.001282742969876864,1.15147992525125e-05,3.155446273898199e-06,0.00038480355030426,4.316942932260412e-06,1.390502671854435e-06,0.001393017823131238,0.001985922110557133,5.452400437048975e-06
6.4,1.68334860267508e-05,3.065015344731197e-06,1.838694667824899e-07,2.923264099631478e-06,5.179184315931072e-06,1.484201998966243e-05,1.88072485010728e-05,1.289465616028632e-05,1.660688953687664e-05,4.188757078533965e-05,1.447812784984344e-06,1.590654392707745e-06,1.635082012212363e-06,3.428244974756405e-06,8.396693570188637e-06,6.382867201252732e-06,1.841509200660512e-05,1.590715774483162e-05,0.0001395721563247182,9.720799917452941e-06,8.20640274096785e-06,1.832012355502959e-05,0.0001102582131362655,4.470333295576412e-05,0.00679260519670832,0.004444684246687147,0.780737146887682,0.005546523249167092,0.006208140069205088,0.005183360233347766,0.0002535063586868556,0.008374450808699663,7.244861101748011e-05,0.0009708253263965684,1.162530777904802e-05,2.744589637747077e-06,1.451643063868916e-05,4.175206265523745e-06,1.721119780568585e-06,0.00147205294358655,0.001245449348892934,2.603684351339641e-05,1.657470146671895e-06,7.086322627687901e-07,9.122289720316489e-06,1.082660987416437e-05,3.56079366936939e-05,3.430894226851969e-05,2.47790226329854e-05,3.376373662363082e-05,7.852225486371252e-05,2.439950181908441e-06,4.571946761928146e-06,3.86611151233749e-06,6.937112069315821e-06,1.659422662474292e-05,1.122408941340835e-05,4.918644773348141e-05,3.478332233932396e-05,0.0002698825644786505,1.861148599714731e-05,1.557671571524669e-05,2.819997195767244e-05,0.0002200672684656426,9.049291474566885e-05,0.01055993247253229,0.005432639249592213,0.7777364763531314,0.01046791772390595,0.008141428955379877,0.007085353050999412,0.003077271435594468,0.01214660513523844,0.0001493773350939303,0.001580470696386337,1.590088618699805e-05,4.335384870982038e-06,0.0004843940730753704,5.933974002097452e-06,1.913184495066584e-06,0.001811058938991114,0.002579044952159229,7.532664549818972e-06
6.800000000000001,2.43097702669465e-05,4.48549119688738e-06,2.871328353697078e-07,4.295980041988607e-06,7.566159582309947e-06,2.151907624661214e-05,2.707436663897968e-05,1.872172808806123e-05,2.409012611119804e-05,5.995079382121878e-05,2.000038942542624e-06,2.202054189718063e-06,2.281570521342009e-06,4.758316787735672e-06,1.168361902730994e-05,8.466581102086802e-06,2.464861568713607e-05,2.133248683623526e-05,0.0001818965746026057,1.302501742042517e-05,1.108929972561231e-05,2.461006874635603e-05,0.0001474718479471935,5.991170847772791e-05,0.008813462362578035,0.005739417002917208,0.8123727740702363,0.007249338006852905,0.008084824090715852,0.006773594731937035,0.0003561727299470476,0.01088591411064881,0.0001020017701144709,0.001191858374135409,1.593828594462493e-05,3.750885289588597e-06,1.980347896164897e-05,5.714304031340809e-06,2.357210604222148e-06,0.001904964822806209,0.001612813046917466,3.774888707345688e-05,2.477405579773949e-06,1.059079210777976e-06,1.331419502951252e-05,1.582018569039636e-05,5.169618450801428e-05,4.952562885298747e-05,3.595447665778081e-05,4.905027112387107e-05,0.0001128465756231496,3.376013756578567e-06,6.324411019700214e-06,5.37258257562009e-06,9.630328785369863e-06,2.309497592519425e-05,1.479249502866205e-05,6.570397838198405e-05,4.641814717624359e-05,0.0003412686792477605,2.482796713042418e-05,2.072174040458766e-05,3.762336280827598e-05,0.0002789869265634569,0.0001209287478043251,0.01368089634213195,0.007016401284928153,0.8093447988877117,0.01365144153618076,0.01061173522335512,0.009262503668993711,0.004049929263769176,0.01576610137412806,0.0002101500556248275,0.001937555260730875,2.179092100795278e-05,5.913806678353031e-06,0.0006070673925757043,8.095865874618067e-06,2.612772201968543e-06,0.002345904680055235,0.003336714862130018,1.032675263641823e-05
7.2,3.493486125925799e-05,6.534100848982125e-06,4.446908150692906e-07,6.283444012819973e-06,1.100154517443289e-05,3.104812894470653e-05,3.878406008623937e-05,2.704746943023266e-05,3.477388041376176e-05,8.534714576044531e-05,2.750192763116131e-06,3.031171283362727e-06,3.166176463597414e-06,6.565080556912119e-06,1.615021690517405e-05,1.117298585531443e-05,3.278995818261759e-05,2.842992396267775e-05,0.0002362958406627888,1.734394393322632e-05,1.48826443383996e-05,3.284525390876317e-05,0.000196011048564859,7.978443713265708e-05,0.01139540287526387,0.007386409349386401,0.8400669347534303,0.009443992128210997,0.01049305809622592,0.008822771708998253,0.0004970845844640936,0.01409895025085161,0.0001426574267301642,0.001457255694768242,2.170560780248312e-05,5.09414068846728e-06,2.684021323259416e-05,7.769493770773095e-06,3.207138725986613e-06,0.00245769957438286,0.002082246834533219,5.4456860103537e-05,3.684743941807281e-06,1.574804969225241e-06,1.933814226768581e-05,2.300537310385074e-05,7.467940165042579e-05,7.113621171440842e-05,5.191204776541896e-05,7.089894434255797e-05,0.0001613176118372063,4.6528422681164e-06,8.69904146823667e-06,7.425746985479495e-06,1.328836847253128e-05,3.192887786486359e-05,1.938661221405168e-05,8.721715570273653e-05,6.155923517120911e-05,0.0004308207027208281,3.291610929898303e-05,2.739667973908474e-05,4.987911201851519e-05,0.0003531170591478425,0.0001605716650350781,0.01765509376582149,0.009030684101415245,0.83703596205468,0.0177352771192719,0.01378191052166564,0.01206660834170631,0.005313980769628784,0.02038141080814709,0.0002936676442712333,0.002365297159524419,2.96631031025281e-05,8.01694958481902e-06,0.0007580127359987714,1.097321417275185e-05,3.545039255165733e-06,0.003029431962767911,0.004303366868711764,1.406129447596402e-05
7.600000000000001,4.999595776002187e-05,9.481421597654927e-06,6.836945521211493e-07,9.153431407690692e-06,1.593349871337422e-05,4.46119412536866e-05,5.532733119903996e-05,3.891096025517107e-05,4.998640210668561e-05,0.0001209479206493672,3.767557172086582e-06,4.152351053823486e-06,4.373296753035574e-06,9.011351720063219e-06,2.219449131304303e-05,1.468345980719446e-05,4.338676604888099e-05,3.768179033735612e-05,0.0003061216352480584,2.296946367292922e-05,1.985252807785468e-05,4.358470860651352e-05,0.0002590882127285846,0.0001056537872849701,0.01468699777926398,0.009478225508864433,0.8640772269947063,0.01226708137725791,0.01357697207837346,0.01145834139077194,0.0006896240393665882,0.01819885797981818,0.0001983379616120339,0.001775733865348357,2.938545074568594e-05,6.880981417924553e-06,3.616886006813814e-05,1.050285235642355e-05,4.33826379686304e-06,0.003162796667315089,0.002681606696946982,7.822700858565634e-05,5.457207884743076e-06,2.331418174501434e-06,2.79719271323213e-05,3.33165772516072e-05,0.0001074218745974722,0.0001017455149694473,7.463639372728852e-05,0.0001020386640181382,0.0002295610856033596,6.393034115802407e-06,1.190773448054813e-05,1.021691922286352e-05,1.823997393701263e-05,4.388129807356431e-05,2.529051065682093e-05,0.000115132150523745,8.119143272957707e-05,0.0005432517035629088,4.340171303157375e-05,3.602541931102645e-05,6.575701698248215e-05,0.0004464412775210957,0.0002120021269986213,0.02270021626178253,0.01158792810024661,0.8610626048957194,0.02295743474486501,0.01783967412041459,0.01566951746085683,0.006954247612748033,0.02624590901740684,0.0004079172415320675,0.002877250364316508,4.013993739400793e-05,1.080991269720348e-05,0.0009436079603776051,1.478757018054536e-05,4.782648502957801e-06,0.003902117774262656,0.005535219690692237,1.903090783171105e-05
8,7.129864137497546e-05,1.371301005374305e-05,1.044375744531219e-06,1.328854730006138e-05,2.299904174609498e-05,6.387632653880375e-05,7.864906375392859e-05,5.577618529688687e-05,7.159838358316751e-05,0.0001707264916609868,5.145702499448112e-06,5.664986215085131e-06,6.016856510365303e-06,1.231430026060644e-05,3.034307129720969e-05,1.92337508246906e-05,5.713732285717955e-05,4.970333293724715e-05,0.0003956273930303058,3.027393452981955e-05,2.633824545987165e-05,5.753908425101854e-05,0.0003407771718608463,0.0001392120694278885,0.01887286999303437,0.01213057379522577,0.8847225960794726,0.01589056876585691,0.01751679443811664,0.01484086457938374,0.0009516245280762423,0.02341466297341797,0.0002742855936747423,0.002157808099063467,3.957365164442627e-05,9.25086605031321e-06,4.849254648913449e-05,1.412519768955801e-05,5.838323400757174e-06,0.004061519374497632,0.003446273335322143,0.0001119660340441623,8.05248892925419e-06,3.438443157321417e-06,4.031845448667884e-05,4.808023015869186e-05,0.0001539570191745669,0.0001450025506971784,0.0001069222042838873,0.0001463127741142759,0.0003253937170828915,8.763815848689373e-06,1.623367704323645e-05,1.400378925261301e-05,2.492302550916992e-05,5.998944812983455e-05,3.286885106987321e-05,0.0001512279545351647,0.000106560882134897,0.0006844881229384541,5.695039423841228e-05,4.714259174724785e-05,8.625267729616677e-05,0.0005639678501612489,0.0002784745279803604,0.02908180848086287,0.01482813228195121,0.8817393417465683,0.0296101357743878,0.023017827925343,0.02028587010618831,0.009079206104389314,0.03366688479913799,0.0005635450365467886,0.003489669186437373,5.40298397903936e-05,1.450854475259941e-05,0.001171690659442137,1.982608727818161e-05,6.420158046966759e-06,0.005015261696899217,0.007103218331320835,2.561752542111564e-05
8.4,0.0001013739971460903,1.977788703741486e-05,1.586175978822215e-06,1.92349941678369e-05,3.31030075169058e-05,9.118574325222898e-05,0.0001114669597526761,7.970404240718225e-05,0.0001022424059921749,0.0002401761747031145,7.011071351264154e-06,7.701987285486751e-06,8.250658539555904e-06,1.676345728135273e-05,4.129136369799293e-05,2.513104159008984e-05,7.492948349090327e-05,6.527708629556514e-05,0.0005101911968584264,3.973117336327763e-05,3.477088779181358e-05,7.560837059169863e-05,0.0004462235915581027,0.000182600938433284,0.02418029803400993,0.01548729317831255,0.902351249087289,0.02052919225124686,0.02253590953342742,0.01917106953296299,0.001306773714194812,0.03002608685574739,0.0003774853618961826,0.002616162842507849,5.30433578347104e-05,1.238609093223935e-05,6.472118381059968e-05,1.891021784355359e-05,7.821429992326771e-06,0.005206092616062057,0.004421111082199476,0.0001597595856330921,1.184373303595841e-05,5.054328447683124e-06,5.794042068586323e-05,6.917763712466766e-05,0.0002199591156629585,0.0002060151651627624,0.0001527014444570031,0.0002091287874958186,0.0004596640067677229,1.199352972792469e-05,2.205546977592747e-05,1.913361405838232e-05,3.392032322673816e-05,8.161951334904041e-05,4.259086841612915e-05,0.0001977453248243022,0.00013923772416167,0.0008619463090347059,7.44013745576534e-05,6.14195366081028e-05,0.0001126146935575624,0.0007119596460403753,0.0003640713236679171,0.03711901053123844,0.01892441514453496,0.8994108745728007,0.03804659779165751,0.02960166451823689,0.02618090278618282,0.01182686578866813,0.04301049422303757,0.0007746913324123948,0.004222033929471843,7.238000759035847e-05,1.939497455305156e-05,0.001451888796191395,2.646015602512584e-05,8.580486559844377e-06,0.006433719654676995,0.009096595601379893,3.431479436076987e-05
8.800000000000001,0.0001437680136551446,2.845735835192502e-05,2.39668816207174e-06,2.777190474297411e-05,4.752979961770457e-05,0.0001298375793815977,0.0001575765627895993,0.000113593442099916,0.0001456205052814495,0.0003368847928404941,9.53461029543402e-06,1.044115141115203e-05,1.128238976667649e-05,2.2744680205102e-05,5.595578025520523e-05,3.27765509877528e-05,9.788818062839806e-05,8.539480076604264e-05,0.0006565817914124082,5.194221907787202e-05,4.569585050532691e-05,9.892708614780023e-05,0.0005818946155864876,0.000238518249147128,0.0308856932916852,0.01972592663989507,0.9173164494030931,0.02644829160702666,0.02890803654305625,0.02469741895346844,0.001786423275948485,0.03836952194010319,0.0005172150015506173,0.003166092739035988,7.07954538295216e-05,1.652482408044917e-05,8.602963969157091e-05,2.521249512519405e-05,1.043578368115394e-05,0.006662451784091631,0.005662890682515307,0.0002273459637839793,1.737059880136662e-05,7.408028848812886e-06,8.305043494259665e-05,9.927494618958594e-05,0.0003134033454282661,0.0002919279702566242,0.0002175016417804971,0.0002980876411325072,0.0006474104146161535,1.639425712079133e-05,2.987952639692817e-05,2.607461747622682e-05,4.600700681939892e-05,0.0001105660372301728,5.506173756152019e-05,0.000257491298683603,0.0001811900476751995,0.001084849845725872,9.680748539914961e-05,7.969462008799728e-05,0.0001463990079883725,0.0008981954645020309,0.0004738799166922224,0.04718801800748561,0.02408897117599191,0.9144278490043445,0.04868509896432921,0.03793541825935998,0.03367785523996795,0.01537163901113329,0.05470304970653535,0.001060066165541347,0.005097665465469984,9.654327429676742e-05,2.583790124549169e-05,0.00179602312283977,3.516901363748106e-05,1.142325430906228e-05,0.008239228504944763,0.01162711200422442,4.575868440241991e-05
9.200000000000001,0.0002034457252786236,4.086266115238853e-05,3.604678884074894e-06,4.000985918435841e-05,6.810152507347517e-05,0.0001844665521750002,0.000222275993660517,0.0001615190192022857,0.0002069349399208123,0.0004713237824792565,1.29475273593056e-05,1.412043612304671e-05,1.539258977462182e-05,3.077204961871984e-05,7.554148496191515e-05,4.269549348921467e-05,0.0001274325557481825,0.0001113078537145769,0.0008432690072333642,6.766656305484408e-05,5.979961637638032e-05,0.000128917308830562,0.0007558677974034538,0.0003103432040680029,0.03931996691203957,0.02506363466486676,0.9299596184992123,0.03397125999011202,0.03696361334474286,0.03172351739534356,0.002431904284800926,0.04884141330251177,0.0007057557416913919,0.003826024078158029,9.412239489714919e-05,2.19780760530431e-05,0.0001139310937340734,3.349040694659199e-05,1.387357138113348e-05,0.008513580620267421,0.00724325765904982,0.000322778471678544,2.541265622528183e-05,1.083001575226348e-05,0.000118779255793899,0.0001421476910179265,0.0004454881874472453,0.0004127270871511399,0.0003090870924968358,0.0004238630848461847,0.0009094534788567852,2.239285531497749e-05,4.038363592730755e-05,3.545854237912438e-05,6.221337015464943e-05,0.0001491794226345427,7.106362533747026e-05,0.0003339589785827316,0.0002348690966093771,0.001364581179229047,0.0001254814873903998,0.0001030076941594895,0.0001895293842599022,0.001132255460444396,0.0006141885184676452,0.05972113870877135,0.03057896472027691,0.9271299237405165,0.06200769326902886,0.04842608877052108,0.04316356660473447,0.01993204751014303,0.06922587779575855,0.0014443245761852,0.006144437510867813,0.0001282621832060284,3.431910672443658e-05,0.002218595595372757,4.656951960747495e-05,1.515552996063628e-05,0.01053438780323507,0.01483398887850997,6.076560991477282e-05
9.600000000000001,0.0002873552064729012,5.857345087659483e-05,5.399025154814353e-06,5.753079431056924e-05,9.740163407674831e-05,0.000261583042672414,0.0003129569877655404,0.0002292037991331269,0.0002934910061042295,0.0006579303599830418,1.75626344127138e-05,1.905849918178042e-05,2.096035623530434e-05,4.153032272778901e-05,0.0001016300103954312,5.557681527631229e-05,0.0001653434649575661,0.0001445867584069681,0.001080775293215769,8.785941667681236e-05,7.79409338984641e-05,0.0001673492197784594,0.0009781543735630867,0.0004022788043048012,0.04987121673313596,0.03176295429585324,0.9405995728783569,0.0434852276324033,0.0470938646624301,0.04061415752749529,0.003297459381016268,0.06189668605634742,0.0009593053231531637,0.004618126050159375,0.0001246885846981974,2.915178305955935e-05,0.0001503689783473736,4.433509451284024e-05,1.838364164151384e-05,0.01086350202247678,0.009252323542616835,0.0004573505455093278,3.709480698624005e-05,1.579680020927777e-05,0.0001695540073134619,0.0002031384629968656,0.0006319225592467483,0.0005823593435861381,0.0004383549595345244,0.0006014288286889357,0.001274578650013315,3.057351708495493e-05,5.447559447720003e-05,4.81383647650367e-05,8.390803321322974e-05,0.0002005287520263968,9.160945796423676e-05,0.0004314606069088817,0.0003033046921646484,0.001715052837682243,0.0001620482578018973,0.0001326378924185925,0.0002443616785336898,0.001425815623237294,0.0007926925099128477,0.07519859567164232,0.0387015522251953,0.9378349145047573,0.07855002610111884,0.06154214316817002,0.05509005401377223,0.02577883658903762,0.08710026988495576,0.001959810613659885,0.007395592505168456,0.0001697740838629272,4.546810567475291e-05,0.002737380010124555,6.14535348964791e-05,2.004565533677043e-05,0.01344733005611048,0.01888946399427629,8.037953547895951e-05
10,0.0004052139615656848,8.383412045498203e-05,8.056211650897577e-06,8.258658092990697e-05,0.0001390910261377892,0.0003703263340151124,0.0004399266326836424,0.0003246801268486623,0.0004155397424898571,0.0009165887743437764,2.380324756224167e-05,2.568234630675001e-05,2.849820115008918e-05,5.593143356343481e-05,0.0001362921986656641,7.232591374000998e-05,0.0002138415992197046,0.0001871898510039426,0.001382057847349894,0.0001137153344610529,0.0001011860944629936,0.000216407720384356,0.001261044182607242,0.000519507846898484,0.06298245374470862,0.0401365464155049,0.9495265400083516,0.05544278424914386,0.05975026582739823,0.05179807653675627,0.004453909458841829,0.07803906654893134,0.001299142667177732,0.005569019031411329,0.0001646309866330227,3.857552270859988e-05,0.0001978314542598539,5.850693477840376e-05,2.428768807641217e-05,0.01384194930016234,0.01180293721493578,0.0006468861304474536,5.403855894852532e-05,2.299480822443756e-05,0.0002416310824151234,0.0002898017768421237,0.0008947185537265521,0.0008202862962822946,0.0006205857391977873,0.0008517677678962762,0.001782518507451512,4.173608468056815e-05,7.33721965604826e-05,6.526662974088674e-05,0.0001129080316103059,0.0002686087515148536,0.0001180133942722033,0.000555269829577241,0.0003902085285250311,0.002153072891748439,0.0002085016902821697,0.0001701431848807853,0.000313747800618548,0.001792926251649242,0.001018696675577946,0.09412970014953982,0.0488167450624364,0.946832678239716,0.0988780632613914,0.07780374197470444,0.06996893930250157,0.03324262924490371,0.1088588228112492,0.002648749128286459,0.008890662307466539,0.0002239416914512925,6.010744805214313e-05,0.003374133127392156,8.083464696976603e-05,2.644099627572262e-05,0.01713704073262736,0.0240047512129063,0.0001059296957516426
10.4,0.000570604152995806,0.0001198319594266033,1.19802028951799e-05,0.0001183806926279017,0.0001983545616198729,0.0005235173299182107,0.0006175485250807115,0.0004592127637197427,0.0005874544295347676,0.00127465276137572,3.224231458404232e-05,3.456458010648542e-05,3.869934095165453e-05,7.518967648480561e-05,0.0001822332719327192,9.413458504409957e-05,0.0002756757776860309,0.0002415404622179012,0.001762900766237701,0.0001467181074811916,0.0001308473947400094,0.000278762095915801,0.001619448724204396,0.0006683547592282065,0.07914137743572701,0.0505495852303141,0.9569996625241564,0.07035661408953787,0.07543628757211039,0.06576461766948111,0.00599316705002765,0.09779961886186211,0.00175310259207943,0.00671058340546369,0.0002166842549297904,5.093982936235082e-05,0.0002594929870107025,7.698124223199754e-05,3.200084562847982e-05,0.01760967332376901,0.01503564723218382,0.0009135362125765443,7.857889484951413e-05,3.341194911459063e-05,0.0003438463272607672,0.0004128117669872525,0.00126468219029174,0.001153637358443601,0.0008771848563619956,0.001204246821416125,0.002488007842410402,5.697585225424004e-05,9.870574824733325e-05,8.840184027927728e-05,0.000151624500588345,0.0003586017221951459,0.0001519832746691383,0.0007117668824572591,0.0005000817553478527,0.002698667462406876,0.0002672644185725154,0.0002173992324113183,0.000401093307920549,0.002250238243885169,0.00130329174356013,0.1170201230298659,0.06133623754817807,0.9543824587988168,0.123547781536975,0.09776054190614983,0.08835477055946039,0.04271961295471209,0.1350003153137262,0.003565973704861592,0.01067648834782212,0.0002944142844232934,7.931198497290345e-05,0.004155446543678887,0.0001060063827892216,3.479068373572643e-05,0.02179916601053872,0.03043595120935078,0.0001391007304478599
10.8,0.0008024956167703195,0.0001710910320156169,1.776018194453572e-05,0.000169467447823708,0.0002825312717011448,0.0007391275874967181,0.0008658249999308577,0.0006485862134783246,0.0008293702458526403,0.001769697706848914,4.365538031625583e-05,4.647362630961557e-05,5.250188422694882e-05,0.0001009217256006081,0.0002429784769918962,0.0001225738083667573,0.0003542202891391949,0.0003106109598843022,0.002242284283887671,0.0001886963058001492,0.0001685230682891278,0.0003576337080994724,0.002071205532441234,0.0008564405739075549,0.09885877982096149,0.063417855076491,0.9632468877963094,0.08878308004352209,0.09468768893639876,0.08305064322747766,0.008033681935896771,0.1217000499349563,0.00235742882838202,0.008080866957077984,0.0002843353219748468,6.714465612443222e-05,0.0003393883612448005,0.0001010052871620569,4.205780557472887e-05,0.02236421470475888,0.01912427781021222,0.001288273870838972,0.0001140748613173318,4.84687779532528e-05,0.0004886698880421075,0.0005872381883159664,0.001784862375327681,0.001620184195163924,0.001238101985547614,0.001699905688396992,0.003466261872212433,7.779257776725779e-05,0.0001326677938686726,0.0001196529998367955,0.0002032554359931001,0.0004772077893240409,0.0001957420140922876,0.0009085790069333807,0.0006383226472252589,0.003375312868377224,0.0003412479990852325,0.0002766343006391482,0.0005104008925781787,0.002817131477193344,0.001659477504735715,0.1443233116131836,0.07671571681421319,0.9607125972859589,0.1530457608271091,0.1219533483888079,0.1108130406636414,0.0546729090094285,0.165927852655929,0.004782286618356951,0.01280832771204401,0.0003858256137992078,0.0001044864694756138,0.005113761465301687,0.0001386146038376614,4.567467199968801e-05,0.02767194690171834,0.03848911349278204,0.0001820172513060988
11.2,0.001127359320239984,0.0002440295050988573,2.625405096296448e-05,0.0002423174222655321,0.0004020029422629063,0.001042325105883011,0.001212586134350947,0.0009148964515444635,0.001169464090071462,0.00245324881152264,5.909227162338089e-05,6.244150835076634e-05,7.117598203971873e-05,0.000135279642427422,0.0003231097415940438,0.0001597167590257218,0.0004535798250710916,0.0003980112435107634,0.002842685570285922,0.0002418832795899955,0.0002161360869856068,0.0004568545989621946,0.002637293282565508,0.001092813022176223,0.1226324767902556,0.07919902975982879,0.9684663670100412,0.1112905129080063,0.118037695956374,0.1042136083075297,0.01072684358083481,0.1501989852994372,0.003159084420486844,0.009725081969354749,0.000372013117303932,8.836228709423871e-05,0.0004426255717349401,0.0001321691848206071,5.514578982535104e-05,0.02834576658190739,0.02428189046642626,0.001814347685733157,0.0001653538746515944,7.020621100134092e-05,0.0006936872055931051,0.0008343371051702706,0.002515304612025012,0.002272432818593857,0.001745179931681643,0.002395990559783595,0.004820310361667237,0.000106239005647348,0.0001782031529541704,0.0001618760109984222,0.0002720407192460618,0.0006330600892855194,0.0002521871286010425,0.001154708832697807,0.0008113309961580221,0.004210025899301017,0.000433911390174233,0.0003504566527526512,0.0006462913880012608,0.0035156959461068,0.002102202007680776,0.1763771719729635,0.09543774436768801,0.9660217365423885,0.1877128432365467,0.1508576447000387,0.1378697458301659,0.06962631824843271,0.2018746822884803,0.006388550009610337,0.01535102261818323,0.0005040357495533945,0.0001374672728542846,0.006288570198553859,0.0001807475573706753,5.984075776774004e-05,0.03504161853359014,0.04852317695549459,0.0002373451835887674
11.6,0.00158209168907207,0.0003477475210700587,3.870902778218092e-05,0.0003461173596586694,0.0005714453476238456,0.001468315332134981,0.001696509068989427,0.00128903808783679,0.001647114431457662,0.003395799915842882,7.997408239498574e-05,8.385535591431837e-05,9.644217161203555e-05,0.0001811276518481817,0.0004285662135613122,0.000208301753607776,0.000578701116352222,0.0005080790578144104,0.003590256665993989,0.0003089800367074631,0.0002759684983823914,0.0005809082908117715,0.003341897061932554,0.001388029533755758,0.1508953298823637,0.09837423475178518,0.9728287076005282,0.138408951486725,0.1459648310426499,0.1297873058914459,0.01426425124738326,0.1836230486073928,0.004218610281009946,0.0116966757016369,0.000485319986440062,0.0001161189928803875,0.0005756457634401771,0.000172493842159926,7.214599625247867e-05,0.03584244842846555,0.03076666523000943,0.002552039034391846,0.0002393464740922294,0.0001015539214173544,0.0009836740781130361,0.001184058024530342,0.003539560426622093,0.003183221025976843,0.002456767546654364,0.003372164442744756,0.006690691416160027,0.0001451224569266054,0.0002392719218429191,0.0002189404546883017,0.0003635994395215822,0.0008372457812190336,0.0003251003931901484,0.001460646896831914,0.001026608968094884,0.005233267912997343,0.0005493169170164567,0.0004418713475644676,0.0008139952610702472,0.004370523902570036,0.002648290095135611,0.2133320444569681,0.1179824004776097,0.9704808735528737,0.2276595304425037,0.1848109400123495,0.169942430956734,0.0881463268443516,0.2428282792305031,0.008500601006499716,0.01838020169182138,0.000656425584959543,0.0001806558514408167,0.007727829275534644,0.0002350481454760784,7.825158412948817e-05,0.04424619460719968,0.06094893525580464,0.0003084127444196172
12,0.002218044625350656,0.0004951396353251817,5.693558020379839e-05,0.0004939003336429275,0.0008115870345396043,0.00206627119541823,0.002371265014867736,0.001814144399327962,0.002317261643183341,0.004693511322994059,0.0001082242694371268,0.0001125810077346686,0.0001306320618167659,0.0002422769005011555,0.0005670245441556747,0.0002719477717314076,0.0007354924705769357,0.000645970517503589,0.004514825584424782,0.0003932195191894077,0.0003506877373310405,0.0007349438892155648,0.004212263230683255,0.001754170120015356,0.1839494141158746,0.1214171931380434,0.9764796142471984,0.1705611323060955,0.1788245722885585,0.1602191937300639,0.0188855705726878,0.222090160875614,0.005613633929084909,0.01405845129337149,0.0006313125111007899,0.0001524010138522684,0.0007465411637861934,0.0002245400128928644,9.418544120332944e-05,0.0451938872937128,0.03888688526726661,0.003585172019399425,0.0003459917134619813,0.0001467136694937483,0.001393495961978995,0.001678542712696477,0.004973518280833608,0.00445331255313735,0.00345403032266029,0.00473893775290736,0.00926802975723677,0.0001982769634265255,0.0003212031418697769,0.0002960916640463008,0.0004853757808153,0.001103959270141602,0.0004194229532312761,0.001838471431253547,0.0012928639027959,0.006478640660030221,0.0006921856997153988,0.0005542850239210601,0.001019311557484011,0.005408293936670391,0.00331624732481033,0.2550818209394696,0.1447839780210596,0.9742358129867378,0.2726890620483589,0.2239319228134302,0.2072581974598356,0.1108080939599287,0.2884690765539673,0.01126505556078782,0.02198347258423496,0.0008522545895737854,0.0002371939914099085,0.0094896088696803,0.0003048544190312678,0.0001021441092529584,0.05567602357850287,0.07622156955457474,0.0003993547162193825
12.4,0.003106547910258143,0.0007044629868797329,8.355792290770028e-05,0.0007041397304213038,0.001151675608168462,0.002904740137357384,0.003311181304956589,0.002550321492614881,0.00325638792937947,0.006477039490359794,0.0001464455077044564,0.0001511299834856892,0.0001769064159232103,0.000323796862383963,0.000748378473467224,0.000355438823291035,0.0009309563929473678,0.0008177521163963619,0.005649682138156738,0.0004984317541858506,0.000443362033007131,0.000924756830341671,0.005278299929402725,0.002204762172039037,0.2218936120727832,0.1487494994260928,0.9795426108412364,0.2079800426095963,0.2167715256059356,0.1957929298856438,0.02488639108403069,0.2654387849678364,0.007443137215849085,0.01688371154997098,0.0008188408771988217,0.0001997921277618629,0.0009654461749528763,0.0002915436641721023,0.0001227014965595761,0.05679146708072878,0.04900373354422188,0.005029937587523681,0.0004995260144918841,0.000211706065985451,0.001972143179139621,0.00237698550785148,0.00697722351191262,0.006221580013617136,0.004849499981513942,0.006648965555868074,0.01280891932212366,0.0002709277742815592,0.0004311717531144746,0.00040044133884289,0.000647227556569953,0.001451320886222432,0.0005416146925837438,0.002301948267257443,0.001620126287999962,0.007982387995180662,0.0008679585668953285,0.0006914999988653827,0.001268537812397282,0.006657165205231261,0.004125946987318723,0.3012146020425559,0.1761745368363012,0.977409740000254,0.3222489703759401,0.2680462208405133,0.2497713233377389,0.1381423725724372,0.3381424882600775,0.01486599495131817,0.02626155544899466,0.001103094553143753,0.0003111938546051479,0.0116439998584893,0.0003943760928416573,0.0001331045698562183,0.06976890995568658,0.09482385959292283,0.0005152847933530524
12.8,0.004346416181589931,0.001001543049634059,0.0001223741993894392,0.001002992155375497,0.001632924664528519,0.004079026267047599,0.00461890697325378,0.003581117863814904,0.004570647200824631,0.008922974824283962,0.0001981573833604195,0.0002028849752324423,0.0002395508714724574,0.0004324277523895389,0.0009853418505824149,0.0004650976407314592,0.001173346090864538,0.001030500435534679,0.007031143258453665,0.0006291113674186246,0.0005574638868452571,0.001156734828700522,0.006571916212869142,0.002754611655093912,0.2645576759969059,0.1806832569384058,0.9821216601426306,0.2506255928569275,0.2596853259191146,0.2365464000743195,0.03262504230765086,0.3131812617436613,0.009832584665470026,0.0202573954532887,0.001058957689519412,0.000261652189174939,0.001245022707837499,0.0003775843144056214,0.0001595218724642377,0.07107301908866484,0.06153002952552469,0.007046692214968519,0.0007203131910932578,0.0003051491833256647,0.002788316458207649,0.003362340696134965,0.00977038914204118,0.008678428369088297,0.006798497295004596,0.009311902474712506,0.01765516171096627,0.0003701741657585141,0.0005788406077916884,0.0005416305513224287,0.0008622009074101422,0.001902402407239416,0.0007001194041345798,0.002866653773416346,0.002019904045140781,0.00978276028780716,0.001082872926793745,0.0008577022485840347,0.001568382173992725,0.008146044325364733,0.005098234329897388,0.3509996768393849,0.2123191694003407,0.9801057568133603,0.3754305695137619,0.3166382595879823,0.2970995082366213,0.170563713050536,0.3908788279460665,0.01953238148099789,0.03132929207221791,0.001423354255874672,0.0004080394378058322,0.01427529069096679,0.0005089169077383569,0.0001731626433013535,0.08699708715347024,0.1172372629343747,0.0006625022140506283
13.2,0.006074037280893582,0.001422866794774044,0.0001788734271995413,0.001427443375802569,0.002313308989484835,0.005721159092349597,0.006435666092150874,0.005022278042978202,0.006406780675533019,0.01226828287389443,0.0002681138115550975,0.0002724041012100763,0.0003243763232201162,0.0005771254600481235,0.001294204848917179,0.0006092735517724367,0.001472362674069701,0.001292422136692285,0.008697939336925852,0.0007904918648474839,0.0006968634937770625,0.00143777528725761,0.008126146345556454,0.003419554038372051,0.3114596744897858,0.2173564673485787,0.9843035920331156,0.2981195014178807,0.3071185162426598,0.2822022186578458,0.04252668176980164,0.3644987265941027,0.01293997532128071,0.02427717399364717,0.001365409065472411,0.0003423486779632639,0.001601068263052122,0.0004877947112303933,0.0002069633770025259,0.08850924118153126,0.07692243518468452,0.009855421934251592,0.00103743410048556,0.0004393650467333411,0.003938098752645814,0.004750491949018006,0.01365215526571598,0.0120830495820421,0.009514087396165077,0.0130133922606,0.02425555566244875,0.0005056188503898975,0.0007772219397508296,0.0007327219993577309,0.001147545446972343,0.002486509917707448,0.0009059575556817728,0.003550150605591757,0.002505399538081993,0.01191933417528915,0.001344069482133162,0.00105745052018325,0.001925875475571984,0.009903824998300908,0.006254505351512407,0.4034217917423705,0.2531527113482521,0.9824093141139593,0.4310263454202793,0.3688477870589346,0.3484996067152658,0.2082861596650896,0.4454649567243128,0.02554578031268605,0.03731644084124509,0.001830911904544946,0.0005347800884383231,0.01748440683103021,0.0006551547446128329,0.0002249093515973117,0.1078431840182177,0.1438991006953981,0.0008487405765157498
13.6,0.008476706205742469,0.002019901968566622,0.0002609758262213887,0.002029701369300286,0.003274191827185363,0.008013143003166745,0.00895473405563554,0.007033419058040579,0.008966509147003327,0.01682784511414371,0.000362722661797949,0.0003658307345394886,0.0004392596947737976,0.0007697792362468653,0.001695779952258655,0.000798972892530773,0.001839414143963727,0.001613012971120616,0.01069051092789186,0.0009886342415620633,0.0008658172487270919,0.001775188733668818,0.00997416264934905,0.004216159107358021,0.3618028636310751,0.2586713931438119,0.9861603171426355,0.3497195682363681,0.3582848600404128,0.3321310864360528,0.05508213891984252,0.4182875010836768,0.01696278294848787,0.0290544624673128,0.001755222723886799,0.0004475564765551406,0.002053283437439533,0.0006286220679413574,0.0002679535563111071,0.109579031728436,0.09566424126711118,0.01375541390276341,0.001492334629399481,0.0006319478938716994,0.005555376177315964,0.006702617494986577,0.01902512754819954,0.01678476615372332,0.01328607707225911,0.01813830910974836,0.03318776774491448,0.0006901701255818887,0.001043827610317492,0.000991393382978248,0.001526035388800497,0.003240783978032102,0.001173463183521385,0.00437224608619089,0.003091815422073295,0.01443239568288023,0.001659743405905548,0.001295674846685058,0.002348303643618777,0.01195871633149392,0.007616328980743852,0.4572623053341505,0.2983316923203256,0.9843905168749824,0.4876396711270918,0.4235211510159949,0.4028979740629368,0.2512400351566196,0.5005572535810507,0.03324752178810016,0.04436812820470982,0.00234787348777735,0.0007006407752655504,0.02139157029900005,0.0008414932563976072,0.0002916443052485692,0.1327629579946113,0.1751465446911723,0.001083468601882589
14,0.01180982201428988,0.002865092673559434,0.0003800902544662902,0.002883292848701295,0.004629399006917573,0.01120415999933791,0.01243869649189326,0.009833285205895975,0.0125250050652223,0.0230144911933038,0.0004905922156932776,0.000491443961545871,0.0005948716242969379,0.001026152523216212,0.002216582322624673,0.001048660871151228,0.002287957374738036,0.002003278055289649,0.01305033624780179,0.001230539756970323,0.001068959042054154,0.002176608851086899,0.01214832029209498,0.005161439478437975,0.4145208132648606,0.3042498700130941,0.9877508412409046,0.4043489473840133,0.4120996731861421,0.3853651144077385,0.07083808836944612,0.4732537245464045,0.02214555427612201,0.03471528345175043,0.002249409394423973,0.0005846447231503568,0.002626243111521563,0.0008081529200572044,0.0003461803663066078,0.134731621373336,0.1182359491103609,0.01914914681648727,0.002143932875822813,0.0009079791481301925,0.007825766761238521,0.009441534091999484,0.0264224760833761,0.0232478570894002,0.01850404423416423,0.02519724791948109,0.04517498626107096,0.0009410316688789109,0.001402193657206185,0.00134151939603954,0.002027672113635073,0.004212185988924457,0.001521166132144214,0.005355353501339652,0.003796767188262548,0.01736248235059377,0.002039351241976714,0.001577691571906758,0.002843178238461488,0.01433776172591055,0.009205175832376457,0.5112137786841892,0.3472162571341393,0.9861063012746553,0.5438257507808769,0.4793130890356607,0.4589773199946955,0.2990096555516831,0.5548135938093981,0.04304378294696522,0.05264477043485568,0.003001475739207264,0.0009176770266204079,0.02613907883945356,0.001078500058950458,0.0003775591858006337,0.1621344350964876,0.2111520751399538,0.001378254600101972
14.4,0.01641825602475195,0.004060111654387744,0.0005526195867517065,0.004091449652046255,0.006537477100519255,0.01563212779563222,0.01724069539397691,0.01371906835782642,0.01745364222057118,0.0313595341777853,0.0006632274933087779,0.0006603946195575504,0.000805650322565885,0.001367108285380662,0.002890298248565138,0.001377257705690008,0.002833938204420492,0.002476034165655476,0.01581940909917012,0.001524296898866525,0.001311302865283758,0.002649930743085942,0.01467938230844112,0.006272616394644252,0.4683674599428361,0.3534199348900371,0.9891231095908924,0.46068277340722,0.4672707559143074,0.4406672690197364,0.09037442904569926,0.528039161564276,0.0287875977941954,0.04140087220255098,0.002873795141834332,0.0007631733670720044,0.003350620732435151,0.001036515348927561,0.0004462764319005793,0.1643353294106863,0.1450719523807364,0.02656916217590913,0.003075708737955745,0.001303141330691478,0.01100479947548877,0.01327266137969696,0.03653442218893894,0.03207747248621182,0.02568318278556759,0.03485302476921035,0.06108791834035696,0.001280868224076298,0.001883879573944828,0.001815242811753799,0.002691849104207487,0.005459946436775983,0.001972789759041419,0.006524955825163191,0.004640802295503011,0.02075014278951013,0.00249387642863233,0.001909239015769651,0.003418255723916407,0.0170666093983733,0.0110422950883174,0.5640052360254778,0.3988927650467269,0.987602476297043,0.5982340671319002,0.5348200590501162,0.5153056999577275,0.3508131000150559,0.6070175707689761,0.05540620092055138,0.06232120753813083,0.003825152017448398,0.001201603273805217,0.03189401582199704,0.001379446675473642,0.0004879658646708034,0.1961964696117889,0.2518599402813665,0.001747208520380267
14.8,0.02276137200281511,0.005747081568824797,0.0008020947811228261,0.005798500522705156,0.009217929688390424,0.0217492410244961,0.02382897230101242,0.01908972549463025,0.02424620106721759,0.04252945074768176,0.000895890439895795,0.0008876829139071732,0.001091094604742077,0.001820190486150746,0.003759604977482995,0.001809333367691083,0.003496331248055945,0.003046306592985376,0.01903995006569604,0.001879269698128625,0.00159826388558466,0.003203294301780915,0.01759603693768541,0.007566985424790416,0.5220360816775463,0.4052435123925821,0.9903157052773508,0.5172779665537254,0.5224240044951731,0.4966475615828484,0.1142648279727338,0.5813525069678669,0.0372496727036474,0.04926785254114897,0.003660003260437094,0.00099552530291365,0.004264715560940711,0.001326373653693811,0.0005740462434280471,0.1986161992873828,0.1765041311598147,0.03670423454838102,0.004405430218950609,0.001868068840361266,0.01544079747801991,0.0186096885079887,0.05022627682131975,0.04404105694332368,0.03548940762531122,0.04794009344785929,0.08191783939878393,0.001739086562968232,0.002531051263079489,0.002455639591420395,0.003570056572798846,0.007058552756772865,0.002558282456016622,0.007910138693415697,0.005647996995844021,0.02463592147167684,0.003036142512620644,0.002296534251298436,0.004081606647849242,0.02016954183350832,0.01314875008602052,0.61451361368621,0.4522388823990411,0.9889156131796134,0.6497243621428628,0.5887174124691648,0.5704809264121662,0.4055385180229439,0.6561726236484481,0.07086465452845046,0.0735847118050325,0.004859777829863726,0.001572819413280934,0.03885057579063169,0.001760963736185208,0.0006295790238459941,0.234984309964854,0.2969372805340177,0.002207517762481075
15.2,0.03143943946829263,0.008123566524400388,0.001162183844764052,0.008205064645858458,0.01297209813417776,0.03014944390695131,0.03281219636832892,0.02647195427858539,0.03354563347238956,0.05733080899758048,0.001208616163631494,0.001193444427060802,0.001477461556944653,0.002421640187473903,0.004878414178944654,0.002376466674181119,0.004297759483083505,0.003731817402925035,0.0227543715561379,0.002306328152432826,0.001935702043017946,0.003845120425190889,0.02092475300533826,0.0090619021243043,0.5742833349128064,0.4585856588854687,0.9913594104518491,0.5727193075352658,0.5762379773863585,0.5519028266277211,0.143018051536651,0.6320806289800543,0.04795785459401993,0.05848773079657634,0.004646605370183096,0.001297701373614773,0.005416325470335117,0.001693531191790417,0.0007367467235369451,0.2375943262524257,0.2126971899121791,0.05041702520388622,0.006298279027603428,0.002674377195255198,0.02160207338349794,0.02600366689122884,0.0685342261085063,0.06007481382054536,0.04875624556507976,0.0654641321045359,0.1087030860569582,0.002353097031511084,0.003399750427837767,0.003320069827536251,0.004729185018371313,0.009101347394474695,0.003314729967867498,0.009544116611039185,0.006846562911164137,0.02906052661435397,0.003681144135815217,0.002746348392727432,0.004841727206499429,0.02366972187433315,0.01554559186424287,0.6618429237681082,0.5060218975507983,0.9900747585752599,0.6974385447870128,0.6398735500631714,0.623260640860126,0.4618373834254776,0.7015542362864563,0.08998803990888202,0.08663146108910809,0.006155109356451195,0.002057648865514469,0.0472315227179456,0.002243820706182799,0.0008108640658932388,0.2782743087951198,0.3457546851042007,0.002780095411724898
15.6,0.04321604056589756,0.01146208442270037,0.001680904793184456,0.01158777414945239,0.0182088169801349,0.04159268002226893,0.0449598574710872,0.03654504885987628,0.04616485292974989,0.0766912143479067,0.001627336895560251,0.00160461911466672,0.001999961073560453,0.003218923818771039,0.006314617298109049,0.003118668267761923,0.005265143832803522,0.004553538672210991,0.02700544992479666,0.002818111412371753,0.002329988468353796,0.0045841975408981,0.0246899456163529,0.0107748812350359,0.6240346168673897,0.5122149206858299,0.992278624300071,0.6257515261469332,0.6275606957521921,0.6051509715565643,0.1770017100520523,0.6793622194926309,0.061401843353173,0.06924536805475646,0.005880461880108325,0.001690302991582404,0.006864988703862538,0.002157656444992795,0.0009434336320604108,0.2810301131810144,0.2535854390301787,0.06873949914317821,0.008984154258298974,0.003822927376627528,0.03010619215232698,0.0361715535552166,0.09261857607497664,0.08125868099628454,0.0664804949481326,0.08856262822880082,0.1423941693024259,0.003169330064072745,0.004563921204253925,0.004484264701475746,0.006255450179151178,0.01170478311680789,0.004286919851026885,0.01146463137379565,0.008269351546352043,0.03406510085267609,0.004446343991587524,0.003266096096483218,0.005707679790992052,0.02758958054971586,0.01825412563396104,0.7053630752434144,0.5590120005946184,0.9911029481065293,0.7408245185102701,0.6874233470450134,0.672655159000258,0.5182585320067414,0.742720045971342,0.1133487489036744,0.1016610251538416,0.007771422453509073,0.002689780161074715,0.05728809456123461,0.002853832672451427,0.001042460668229403,0.3255523637991034,0.3974071474473154,0.003490362167506453
16,0.05902618521638477,0.01613451263744306,0.002426471286365946,0.016323839000918,0.02547365206751997,0.05701582485192147,0.06120714795273514,0.05015680824992975,0.06308956604194751,0.1016005735486088,0.002185002616376852,0.002157078093108467,0.002705533630970551,0.004273837069498076,0.008153410148120628,0.004085671723290225,0.00643029621530707,0.005536254114364992,0.0318366060360982,0.003429300719980937,0.00278809177854414,0.005429807704884042,0.02891436751088662,0.01272378108753801,0.6704543707655493,0.5649160100992834,0.9930926234206359,0.6753739473956927,0.6754894617179895,0.6553345650920563,0.2163564705041861,0.7226180402100992,0.07812404129031239,0.08173601168143473,0.007418270774739634,0.002199717903841624,0.008684581843920283,0.002743144625691196,0.001205387606980676,0.3283948959624204,0.298824783162594,0.09282600560562321,0.01277972298057611,0.005454989484656293,0.04174562344124765,0.05001562267589723,0.1236512532497129,0.1087385695579635,0.08977771508044073,0.1184036569149621,0.1836574614525517,0.004243702568393575,0.006120196545674168,0.006047121228846147,0.008258906502167755,0.01501333190352084,0.005527286317559657,0.01371407289558262,0.009954110685837445,0.03969149403459244,0.005351865277995816,0.003863934698062119,0.006689246834222768,0.03195126052125673,0.02129621210682565,0.7447106322712819,0.6100890194806906,0.9920185054491542,0.7796192715493148,0.7307958016151826,0.7179729187900078,0.5733949201469973,0.779486401328097,0.1414679064036679,0.1188684392784709,0.00978135089481481,0.00351187434822792,0.06929745491643638,0.003622889229412081,0.001337689731648277,0.3760188702954903,0.4507776578805406,0.004369185696144415
16.4,0.07995366665262045,0.02264072816418231,0.003495309740233075,0.02291967544588416,0.03547787809094803,0.0775137547288776,0.08262785003504766,0.06831701215958864,0.08544471250586676,0.1329979928656937,0.002922507613330941,0.002898269856698823,0.003656270435410024,0.005666215862948613,0.01050125979482291,0.005337787697079599,0.007830331909401042,0.006709038605312061,0.0372921714824704,0.004156862965799838,0.003317679301174558,0.006391877358376568,0.03361961480463488,0.01492703306397657,0.7129757320216727,0.6155935909112744,0.9938166514311499,0.7208871169764672,0.7194063833050038,0.7016798098074144,0.2609162837186645,0.7615425317857951,0.09869511869905305,0.09616041670633593,0.009328338440410368,0.002859506469945745,0.01096620410354608,0.003480121898482761,0.001536633379629994,0.3788782907103865,0.3477746336915863,0.1238411225277908,0.01811511456564432,0.007767028049465541,0.05749865091428417,0.06861856500787318,0.1626225241925185,0.1435768246942276,0.1197760800109585,0.1560061485790211,0.2326466921943775,0.005641210282058071,0.008193339736079108,0.008136064433303643,0.0108784485398015,0.01920495055875692,0.007095006218932369,0.01633918716104497,0.01194334585574582,0.04598243692995548,0.006420504562779258,0.004548869046222897,0.007797083257783818,0.03677703624737787,0.02469454523809529,0.7797607771893811,0.6583245446456194,0.9928361244997765,0.8138046946011472,0.7697018720317222,0.7588211437311594,0.626012981740377,0.8118838794782459,0.1747420238848136,0.1384335830065898,0.01227191130457238,0.004577270014546084,0.08355662764905614,0.004590096402018282,0.001713146613816773,0.4286360618079707,0.5046345916483902,0.005454002905230283
16.8,0.1071561167201351,0.03163864372020297,0.005022890739367475,0.03204055119072031,0.04911879245981586,0.1042683084465529,0.1103543805392351,0.09214909053384733,0.1144018221348512,0.1716002800938054,0.003889157611538488,0.003890416299793427,0.004933479573564165,0.007498235055086902,0.01349053942965219,0.006945935655776924,0.009507753540467909,0.008105536152604518,0.04341752247832523,0.005020210767682245,0.003927227606084252,0.00748113771562728,0.03882663974308546,0.01740387532567555,0.7512937276796081,0.663350061222846,0.9944628327343943,0.761893882693214,0.7589735146159168,0.7437098818314483,0.310155591679553,0.7960679525231162,0.1236721119610764,0.1127175973370566,0.01169257437509122,0.003711959326160311,0.01382120123743307,0.00440559248821331,0.001954563150647564,0.4314375233025504,0.3995204686392392,0.1627675641908777,0.02556364588020766,0.01102975584663163,0.07850736541025373,0.0931920233956223,0.210079029061401,0.1865287056035384,0.1574347929851502,0.2019887774328107,0.2888067899626162,0.007434416693930899,0.01094210518565783,0.01091271368697767,0.01428712815804491,0.02449685044381392,0.00905418464610004,0.01939031545392072,0.01428369648025774,0.05298153330104496,0.00767751185641928,0.005330859030982304,0.009042856265275923,0.04208965091894661,0.02847285978358805,0.8105823671790566,0.7030294688176332,0.9935677444069276,0.8435504409640875,0.8040947808176693,0.7950729270056174,0.6751423338392754,0.8401040324122618,0.2133578312712196,0.1605078943218799,0.0153466880420495,0.005951701838159844,0.100371825083389,0.005803027261799027,0.002189378157084741,0.4822131821401691,0.557744889691878,0.006790150849534762
17.2,0.1417177962653775,0.04396887877100979,0.007198079630356682,0.04453418103021462,0.06747637056110151,0.1384034935626593,0.1454268960609829,0.1227784998830768,0.151009085669852,0.2176916890800464,0.005142384834190544,0.005214240780241839,0.00664231997918435,0.009899211694512676,0.01728478297513309,0.008990486522869805,0.01151007348083429,0.009763909227654282,0.05025899082409027,0.00604121879794327,0.004626137044682486,0.00870928249000355,0.04455618781626139,0.02017455798442895,0.7853322797011856,0.7075285381432835,0.9950409160417065,0.7982662433414287,0.79409862922702,0.7812215080856039,0.3631838882114626,0.8263139122196684,0.1535371675623711,0.1315948634461104,0.0146086911223476,0.004809769074118142,0.01738409763411233,0.005564723740303213,0.002480670584251608,0.4848836044591009,0.4529388908653192,0.2101463726494434,0.03587009937688732,0.0156117346422553,0.1059986141457003,0.1249534721064875,0.2658503069385988,0.2377781137985749,0.2032981220074249,0.2562970115466828,0.3507934160328042,0.009700836266055946,0.01456516040618722,0.01457849558796776,0.01869753912473286,0.03115107662839805,0.01147134047919972,0.02292024538811863,0.01702485406408097,0.06073302190964759,0.009150138620599343,0.006220927638521551,0.01043936624989783,0.04791253387192293,0.03265604362900026,0.8373870546200464,0.7437661401179353,0.9942232365147704,0.8691554853121753,0.8341163794748817,0.8268150473977547,0.720116874816188,0.8644468611040154,0.2572095907925713,0.185198951338369,0.01912813046867295,0.007714965351757678,0.1200423073024185,0.007319093491051656,0.002791639236490815,0.5355147269943057,0.6089815035065949,0.008432429501080984
17.6,0.1844262951810343,0.06066128960096025,0.0102816590173041,0.06143515213859425,0.09176407931346402,0.1807605268199732,0.1885706779274388,0.1611450001779887,0.1959473368114376,0.2709264886469856,0.006746489359093187,0.00697315807448158,0.008916835591990057,0.0130307638847573,0.02208438276649003,0.01155873489899709,0.01388891657581007,0.01172636655663645,0.0578635023967104,0.007244049251878721,0.005424845874526947,0.01008911462202988,0.05082910910702795,0.02326049953745701,0.81519698300699,0.7477212120342137,0.9955588624122667,0.8300925121225493,0.8248848436204268,0.8142383183416322,0.4187990565051636,0.8525334169887842,0.188619513566012,0.1529550686180659,0.01819256032033908,0.006217742756234916,0.02181513558675448,0.007012265453359932,0.003141397605289423,0.5379892879324285,0.506795948615684,0.2658061451495123,0.04996833513015154,0.0220068566162879,0.1411252377470157,0.1649162151903218,0.3288633078595533,0.296709770738659,0.2572372315416614,0.3180015793706455,0.4165695460268999,0.01251952189389532,0.01930662729919447,0.01937980564403973,0.02436691356979933,0.03947905021177033,0.01441267251288215,0.02698289610001966,0.0202181960938531,0.06928130122536102,0.01086702936464153,0.007231268009455206,0.01200064811091447,0.0542698847732562,0.03727015544107325,0.860480589516314,0.7803314418810083,0.9948109277005096,0.8909959904204706,0.860040984583521,0.8542895466040245,0.7605711190732032,0.8852749408316124,0.3058393245962701,0.2125540954990523,0.02375987800367548,0.009962517323308245,0.1428384875051631,0.009207074593265968,0.003550731495759068,0.5873711360894081,0.6574067738125006,0.01044691305275458
18,0.2355046152247447,0.08290324851527625,0.01462936810131137,0.083929880352938,0.1232084756606862,0.2316218162826333,0.2399362869455204,0.20775237856448,0.2492557565319784,0.3302188803375005,0.008770382260476318,0.009297822752570186,0.01192515904984236,0.01709211413482503,0.0281323487557314,0.01474117500579818,0.01669868022013973,0.01403826402637507,0.06627794002618878,0.008654779434927417,0.006334940671323894,0.0116346775413957,0.05766652343698533,0.02668438796401685,0.8411241242995311,0.7837499077403851,0.99602329810804,0.8576180756018326,0.8515757635614882,0.8429544147240364,0.4755953164105289,0.875063157758084,0.2290099717992644,0.1769214598279351,0.02258063305877882,0.008014495582776584,0.02730209071069368,0.008814110956036354,0.003969096272086277,0.589598299458021,0.5598604761280526,0.3286796825803596,0.06897238372353928,0.03086306640523608,0.1847229787323212,0.2136083025350243,0.397147130316246,0.3618187871884153,0.3182709634773807,0.3852717938959773,0.4836761750196363,0.01596745070587334,0.02546073667797655,0.02561229694133743,0.03160137959706837,0.04984375574246743,0.01794171024210029,0.03163213226139305,0.02391542059869798,0.0786702453185144,0.0128575988897781,0.008375348477267666,0.01374205688001378,0.06118662830383413,0.04234236912736295,0.8802211207207499,0.8127206939583719,0.9953379866581171,0.9094832293259943,0.8822243893730957,0.8778385071224326,0.7964038297624972,0.9029769136681598,0.3584211542457354,0.242544911695146,0.02940896150200618,0.01280707886383658,0.1689749601456312,0.01154886069545762,0.00450394481224271,0.6367720030525521,0.70232139812546,0.0129130140274791
18.4,0.2943752890160286,0.1119443023400856,0.02071897623486678,0.1132570769058261,0.162841461425657,0.2904606064990245,0.2988795889743894,0.2624113026432499,0.3101162274109779,0.3937857900244344,0.01128459574356776,0.0123509362058039,0.01587464322678919,0.02232524938010045,0.0357194423300571,0.01862716963401791,0.01999498173160421,0.01674689968610966,0.07554827095533613,0.01030088672224564,0.007369260962204853,0.01336136952895924,0.06508984000418969,0.03047023138271223,0.8634333246820445,0.8156288184342352,0.9964398544015578,0.8811893811992497,0.874504416735151,0.8676785989951336,0.5321053732538933,0.8942822537268938,0.2744846528922493,0.2035611488748988,0.02793227213263904,0.01029411716455048,0.03406104539896145,0.01104902553602455,0.005003116208717179,0.6387163562645606,0.6110109348494194,0.3968089513939723,0.09411827739183237,0.04300609481380726,0.237018459705146,0.2707859901858226,0.4680699693941528,0.4308305906826039,0.3845606980701772,0.4555768646594398,0.5496008147952107,0.0201164267531072,0.03337494627129758,0.03362373862027647,0.04075847384636514,0.06265768779319439,0.02211784506291938,0.03692095611354971,0.02816748131150886,0.08894235799759957,0.01515155987914889,0.009668014922520982,0.01568034376402881,0.06868825306499751,0.04790087462817501,0.8969864944236906,0.8410825203735129,0.9958106994091894,0.9250324143271992,0.9010620636769827,0.897857434987075,0.8277236214137924,0.9179407444864401,0.4138035035906634,0.2750548166741851,0.03626762174439084,0.0163803594541035,0.1985803989718885,0.01444146129006885,0.005696146052180825,0.6829282582438084,0.7432778527360895,0.01592578387636418
18.8,0.3595594751476665,0.1489159460300565,0.02917911775403642,0.1505238056309379,0.2112194330184088,0.3558235522071278,0.3638802146608743,0.3240689751906667,0.3768013743190496,0.4593585516974608,0.01435810185648361,0.01633223586862778,0.0210166928861415,0.02901950267018468,0.04518757385314799,0.02330087746051079,0.02383321982116731,0.01990024153409078,0.08571850961185193,0.01221070817635338,0.00854199725801391,0.01528604167298902,0.07312064376801618,0.03464337010235709,0.8824879155860472,0.8435193159844178,0.9968134157192413,0.9012066697670235,0.8940505686310575,0.8887857459665576,0.5869466757416698,0.9105808474770825,0.3244590637417024,0.2328689025510112,0.03443175615462095,0.01316787151834606,0.04233582054629043,0.0138105806609129,0.006291043834833752,0.6845710267215104,0.6593176586043136,0.467579707758295,0.1266316807058712,0.05944635049775871,0.2973747066037941,0.3352512925356465,0.5387504310017611,0.5010234126368199,0.4536215592279628,0.5260729469219841,0.6121304848290134,0.02503110381234124,0.0434505074898579,0.04381448171170849,0.05224644572860343,0.07837410221718917,0.02699594227245445,0.04290118109034156,0.0330240246537058,0.1001378098676234,0.01777872579166778,0.01112558988642183,0.01783372781661638,0.07680055100573796,0.05397475712658324,0.9111505841240849,0.8656729088881912,0.9962346586349454,0.9380415088111501,0.9169576962083977,0.9147592997528098,0.8547895203213004,0.9305357544248406,0.4706081320519749,0.3098720449224183,0.04455433647270803,0.02083499071325636,0.2316676422906339,0.01799929277097607,0.007181078479868303,0.7252987708455704,0.7800643806453119,0.0195984016502595
19.2,0.428788307087797,0.1945682148531939,0.04081426049697427,0.1964412713883711,0.268133360177686,0.4254310215867692,0.4326674165198396,0.390819570103294,0.4468485592049584,0.5245111086438037,0.01805560775975233,0.02148356058334719,0.02765100010858399,0.03751482092058952,0.056929815791966,0.02883827298969322,0.02826755659675554,0.02354587435363502,0.09682959526446974,0.01441302115579103,0.009868782741501561,0.01742708075219266,0.08178046488487048,0.03923046254459048,0.8986645001301595,0.8676846900308961,0.9971482954684334,0.918087546119649,0.9106080376148646,0.9066782539764316,0.6389426028180278,0.924338104328378,0.3779919073341682,0.2647534685482373,0.04228959266935135,0.01676603541447368,0.05239572049822445,0.01720932150353451,0.007890135717358927,0.7266363877541681,0.7040904982250172,0.5381286781318345,0.1675076747805914,0.08135002490371396,0.364189215819833,0.4048803575416329,0.6065087490307587,0.569656230745231,0.5227016297807777,0.5940513679719126,0.669595159384363,0.03076840316018812,0.05613880869302238,0.05663383782750309,0.06651818494140409,0.09746875789498213,0.03262689660042992,0.04962351740214676,0.03853335884529872,0.1122933865891333,0.0207691254353517,0.01276596761580541,0.02022196516776685,0.08554927104189367,0.06059385924419378,0.9230675647745716,0.8868139142153713,0.9966148889228886,0.9488782560067852,0.9303014173146381,0.9289490222403509,0.8779556536124101,0.9411018135665602,0.5273682178008767,0.3466898668115774,0.05451346968338035,0.02634662412532775,0.2681084183027548,0.02235668093088117,0.009022937063650647,0.7635849519908279,0.8126693841307697,0.02406475420760312
19.6,0.4993228847399883,0.2489699825804993,0.05661476929626819,0.2510298389592276,0.3324190502081615,0.4964977093632902,0.5025423203758099,0.4601321066033955,0.5174297166157283,0.5870058312981045,0.02243588571466124,0.02809369850437913,0.03612858727139263,0.04820246636148364,0.07138479307749264,0.03530574387959495,0.03335048756107848,0.02773039263777033,0.1089182491390747,0.01693686465341281,0.01136677952033563,0.01980447829061785,0.09109044724488101,0.04425945191663339,0.9123313816728936,0.8884499023066263,0.9974483564894526,0.9322411703540757,0.9245616475544183,0.9217579443261641,0.6871995100252337,0.9359082002660593,0.4338476192366876,0.2990288033462508,0.05174261979132513,0.021239944827234,0.06453108845384696,0.02137514536279959,0.009868994128751529,0.7646263508646519,0.7448910419885069,0.605790584766057,0.2172222072560691,0.1099499373159941,0.4350278301207759,0.4768977838584385,0.6692190886195808,0.6343650600714341,0.5892079763064293,0.6573075775832833,0.7209635786733549,0.0373781934181703,0.07193098914686899,0.0725697776854663,0.0840569544806458,0.1204095335895583,0.03905875879892487,0.05713787573414481,0.0447428181350212,0.1254413593043733,0.02415336759840692,0.01460870354307672,0.02286641381181252,0.09495969612299758,0.06778861301442092,0.933062573357586,0.9048598020461091,0.9969559270287323,0.9578734531522304,0.94145612826238,0.9408069689253942,0.8976251369152525,0.9499439442189057,0.5826763461768688,0.3851149748707007,0.06641277778639788,0.03311592810036724,0.3076176502992027,0.02767040976420697,0.01129826469324515,0.7977020130703062,0.8412364184317206,0.02948194184687639
20,0.5683869666234352,0.3112712471636554,0.07773394051796786,0.3133922717693644,0.4019764459729548,0.5661778686204422,0.5707994092876346,0.5292402202406388,0.5857996712810229,0.6450604491268297,0.0275513800777663,0.03650230200297931,0.04685244556873327,0.06152119295192997,0.08902272698939258,0.04276024657957912,0.03913297330123113,0.03249931936857777,0.1220158452986108,0.01981164516520984,0.01305476036040351,0.02243988625465638,0.1010709304848338,0.04975951115669616,0.9238345897122863,0.9061688718063439,0.9977170906874701,0.9440515968322353,0.9362724046717896,0.9344072813808653,0.7311344958519326,0.9456125495560684,0.4906106578764298,0.3354122221797002,0.06305219944201081,0.0267641847725141,0.07904593275303372,0.02645977648600423,0.01230952100325036,0.79846535873514,0.7815157168276421,0.6684478238482259,0.2754461386112657,0.1463745445718863,0.5069841969403752,0.5483231860590305,0.7254854844116103,0.6934207931752838,0.6510493112251446,0.7143431571361158,0.7658090568801771,0.04490478162248135,0.09133765499894521,0.09212868317299916,0.1053508884337857,0.1476125141405519,0.04633799155341607,0.06549365561394149,0.05169928558268402,0.1396082807604732,0.02796312721888577,0.01667509578133149,0.02579008901842872,0.105056149714741,0.07558981823565775,0.9414271494140172,0.9201713956162366,0.9972618729558596,0.9653186555507214,0.9507500873118198,0.9506795473941461,0.9142149144218141,0.9573307398558238,0.6353121808037573,0.424683802373832,0.08053786760126999,0.04136996640195734,0.349751733833365,0.03412202576150523,0.01409817466870338,0.8277370918544816,0.8660181169789004,0.0360324470672235
20.4,0.6335726944441546,0.3796449332952789,0.1054077852022664,0.3816696385692519,0.4740370171017144,0.6319895056922236,0.6351132858607352,0.5955684657566506,0.6496804208622157,0.6974833136701372,0.03344895129378659,0.04710150211624211,0.06027369912725785,0.0779462138822155,0.1103203214743565,0.05125057207672483,0.04566494395175266,0.03789746183696516,0.1361472997932341,0.02306747981240595,0.01495318614591073,0.02535665866880069,0.1117409585456677,0.05576095460158612,0.933489886803317,0.9211998741258717,0.9979576700930454,0.953868316356744,0.9460691134324204,0.944978127779361,0.7704607237013775,0.9537365755367487,0.5468291407579547,0.3735306722496702,0.07649964555981799,0.03353864678458501,0.09624669910324281,0.03263909776320208,0.01530915600431083,0.8282465395537973,0.8139596679877383,0.7247059427241166,0.3408754042612835,0.1913942631442493,0.5771522359566871,0.6164408094924282,0.7746429839896944,0.7458130279031571,0.7068177920104889,0.7643912957526433,0.8041935533179648,0.05338864275367716,0.1148555693157078,0.1158019850221076,0.130853912188959,0.17938575251904,0.05451048286760832,0.0747398182474218,0.05944962654317543,0.1548137163220992,0.03223160749369884,0.01898825527957044,0.02901770313413309,0.115861436867506,0.08402834337615052,0.9484180278426948,0.9330980880653889,0.9975364242169754,0.9714668111328625,0.9584740025370435,0.9588750095337504,0.9281311224827983,0.9634952853856925,0.684328385789595,0.4648853363985229,0.09718265892432217,0.05136220025617277,0.3939234137993424,0.04191947272767459,0.01753085212290369,0.8539033384080966,0.8873346129221115,0.04392557876745001
20.8,0.6931082882809749,0.4514778640161134,0.1407946372576255,0.4532433263934911,0.5456088730524689,0.6920985116829338,0.6937880356120723,0.6570662324136277,0.7074850714728206,0.743678191229263,0.04017133216668628,0.06033306906988368,0.07688037302292131,0.09796786160347831,0.1357224153839866,0.06081907160148416,0.05299591107183774,0.04396949750919209,0.1513299669994212,0.02673566284645003,0.01708427815335869,0.02857987707615894,0.1231177275629575,0.06229509947313436,0.9415791686423682,0.9338884292753276,0.9981729793319221,0.962002072513742,0.9542446906632907,0.9537861456700417,0.8051438401915308,0.9605295709798068,0.6011574555707173,0.4129351936054512,0.09237794431446041,0.04178993814989351,0.1164263068373813,0.04011495511482168,0.01898335712529494,0.8541862085110816,0.842371572341483,0.7738960298195174,0.4112825116768698,0.2451270651953142,0.6430559391756956,0.6791487733717078,0.8166382301553631,0.7911893973512532,0.7558051567590364,0.8073134262733545,0.8365211942464353,0.06286788466516521,0.1429195367605446,0.1440179647297541,0.1609328489479934,0.2158659422820169,0.06362208220430739,0.08492461412646336,0.06804084063253751,0.1710689343392479,0.0369938578921432,0.02157316057261717,0.03257568355294642,0.127396226630016,0.09313473202692674,0.9542581265590154,0.943966320420219,0.9977829022552541,0.9765346772109315,0.9648811584284875,0.9656628237428138,0.9397533994893881,0.9686375731931055,0.7290871091285728,0.5051880075277475,0.1166350370113657,0.06337016362186122,0.4394331116982985,0.05129748707049188,0.02172422598362932,0.8764965547812757,0.9055393485672557,0.05339765287541769
21.2,0.7459488632805635,0.5237760199042579,0.1847297591405409,0.5251427115157876,0.6139508013661956,0.7454187094865075,0.745836281789637,0.7123767958976798,0.7583628412525668,0.7835564134295973,0.04775877525226173,0.076678227843286,0.0971753815681853,0.1220571955498283,0.1655903306081208,0.07150322996094967,0.06117543415547845,0.0507605495411106,0.1675725353422517,0.03084912037177021,0.01947208286975282,0.03213635648148593,0.1352159865644648,0.06939405985371966,0.9483498877528183,0.9445564520726163,0.9983656372474855,0.9687242852438381,0.9610556877711163,0.9611091523823169,0.8353442321861893,0.9662065002568929,0.652470114769056,0.4531224084963532,0.1109788872975671,0.05177139899836162,0.1398429885845566,0.0491158959591613,0.02346821790952386,0.8765811100478668,0.8670076250405292,0.8159573244026803,0.4838161503283954,0.3067963731338458,0.7029193843028105,0.7351166231394729,0.8518569489486003,0.8297111943367581,0.7978998952857523,0.8434334409801892,0.8633987691237042,0.07337912374510183,0.1758408146290577,0.1770801979160996,0.1958042023497072,0.2569579278869958,0.07371856266384801,0.09609491053999314,0.07751982394154852,0.1883755992010229,0.04228687553134249,0.02445669271633528,0.03649216323468032,0.1396783857332768,0.1029387079785339,0.9591388515022309,0.9530731138422698,0.9980042768715233,0.980706191286585,0.9701894304914003,0.9712753171814282,0.9494261681053127,0.972927692403747,0.7692520412763637,0.5450676844088324,0.1391572771648987,0.07768974443000691,0.4855134013945918,0.06251603312026735,0.02682863326665051,0.8958582391839776,0.9209931000186969,0.06471020672192038
21.6,0.7917188051594763,0.593651576230825,0.2374306424532965,0.5945250021959977,0.6769292491214874,0.7915555857441648,0.7909177707981527,0.7608419248136333,0.8021078592163021,0.817404785405406,0.05625044560739322,0.09663683664290568,0.1216407597806419,0.1506174325417245,0.2001403433701833,0.08333666196805566,0.07025325743037258,0.05831655080963979,0.1848739323529602,0.03544273760961202,0.02214252578890185,0.03605462733911339,0.1480474057911154,0.07709045938049947,0.9540164148309641,0.9534962654744977,0.9985380132768767,0.9742687625791806,0.966723848742609,0.9671880588409686,0.8613573039145712,0.9709508928391803,0.6999301478021157,0.4935608191575361,0.1325750434116769,0.0637607939089509,0.1666943421285269,0.05989614683612477,0.02892303160596339,0.8957720970661053,0.8881901659855752,0.851266699981317,0.5554643798970026,0.3746571961121256,0.7557429233129601,0.7837633570545116,0.8809516022127948,0.8618843948776838,0.8334278782271972,0.8733650683162889,0.8855230313331874,0.08495763991714292,0.2137381883308672,0.2150989509082627,0.2354689990666738,0.3022906495067227,0.08484501564973017,0.108295125368671,0.08793271371571501,0.2067245277211257,0.04814946708488645,0.02766764601650368,0.04079693875745847,0.1527222773630669,0.1134685821741144,0.9632230896010562,0.9606833068336886,0.9982031918226101,0.9841362303815652,0.9745843496189889,0.9759106238753684,0.9574549750061271,0.9765093023329096,0.8047488414906634,0.5840337773260451,0.1649615590584819,0.094625009707173,0.5313807036796994,0.07585592367060048,0.03301921333106326,0.9123465865733591,0.9340457173913878,0.07814539779601851
22,0.8305671934481065,0.658733589249357,0.2982406778638661,0.6590731625401238,0.7331834235624595,0.8306576515747134,0.8291969988461829,0.8023916758366728,0.8389977374967017,0.8457491699424355,0.06568527775847688,0.1206929906706088,0.1506869425822791,0.1839232938559703,0.2393802998788676,0.09634933338259537,0.08027901731131952,0.06668427047041849,0.2032222728169114,0.04055348453239926,0.02512344952542408,0.04036488835861526,0.1616199291822403,0.08541705459616923,0.9587625294013595,0.96096815700447,0.9986922422413325,0.9788347233270603,0.9714388383132033,0.9722293542317552,0.8835598346743154,0.9749182330710701,0.7430091178339082,0.5337190136608396,0.1573966240774826,0.07805462157747403,0.1970882751867536,0.07273199345598791,0.0355325073284356,0.912115702275793,0.9062737558931441,0.8804678349176298,0.6235259212726773,0.4461651551348743,0.8012238639899972,0.8251186463109438,0.9046991463143113,0.8884062064353877,0.8629879550593558,0.8978655567047236,0.9036004500269325,0.0976368292765674,0.2564733294745702,0.2579272629950063,0.2796587080148862,0.3512035510972233,0.09704474644677079,0.1215658171058635,0.09932384878244654,0.2260945820586583,0.0546218884914779,0.03123671038194361,0.04552139124003483,0.1665380428065118,0.1247505733606666,0.9666484611969527,0.9670293449006651,0.9983819926675863,0.9869543941312066,0.9782226354432892,0.9797362619799589,0.9641062558593191,0.9795030799061374,0.835708833663708,0.6216509357955969,0.1941819724740585,0.1144727129643168,0.5762869671846119,0.09161069821499288,0.04049766378447809,0.9263154048989583,0.9450243948058596,0.09399765865690567
22.4,0.8629967654179449,0.7173990740233551,0.3655279352654829,0.7172145103765247,0.782108302105278,0.8632391618856016,0.8611773077199476,0.8373821497401159,0.8696196968418328,0.8692378489642775,0.07610218520503456,0.1492657291649521,0.1845893881295162,0.2220549951056116,0.2830567721673948,0.1105669958615679,0.09130149546371806,0.07591095363485328,0.2225939059559209,0.04622031075298398,0.02844463072580085,0.0450989244044511,0.1759371294866984,0.09440626715930475,0.9627444694882936,0.9672003603610494,0.9988302395799734,0.9825904463397056,0.9753615347776007,0.976408397372739,0.9023664702710884,0.9782394540399856,0.7814669757899418,0.5730927143498279,0.1856042838770153,0.09495797877304167,0.231014000066953,0.08791463614936128,0.04350821632538709,0.9259635143958207,0.9216194721383237,0.9043299031954918,0.6859478854156678,0.5183631843735501,0.8395917777688703,0.8596383957353407,0.9238988184429063,0.9100460516745457,0.8873130182373177,0.9177281847040774,0.9182966024958249,0.1114470626922822,0.3036060848428001,0.3051173337629515,0.3278073674107148,0.4027730669844379,0.1103577694156844,0.1359420097227094,0.1117344177558866,0.2464517784483501,0.06174530554859556,0.03519642129619013,0.05069836552698643,0.1811308873070648,0.1368080605778025,0.9695305561791535,0.9723127101796425,0.9985427565095979,0.989268592425636,0.9812358178249353,0.9828928905487541,0.9696092468899429,0.9820099597690173,0.8624088187763721,0.6575546677747883,0.2268457332744558,0.1375011104980783,0.6195644832529964,0.1100738931028044,0.04949285826863269,0.9380999961628937,0.9542270577043703,0.1125607435678787
22.8,0.8897078007290404,0.7688090162893635,0.4368233023592373,0.7681486011247143,0.8237177233210112,0.8900180134811373,0.8875503242730673,0.86643152034447,0.8947201546430129,0.8885542165568222,0.08753963678645815,0.1826467869669605,0.2234198209464599,0.2648385635324473,0.3306271975776243,0.1260099487825737,0.1033674473138017,0.08604358409308734,0.2429526332982453,0.05248381816891504,0.03213776960026325,0.05028998352672443,0.1909975864062318,0.1040896289725085,0.9660941583120221,0.9723905826096965,0.9989537178062522,0.9856770927806991,0.9786274855950174,0.979873014433293,0.9181973607752787,0.9810242951167339,0.815305664996601,0.611227965654224,0.2172601717582967,0.114769102131758,0.268317542518782,0.1057386194688626,0.05308870089445279,0.9376483973051696,0.9345768911610101,0.9236457930090571,0.7414658137389651,0.5883615265425139,0.8714234153674768,0.8880276153525988,0.9393074993273739,0.9275643114324569,0.9071679629488417,0.9337127025609662,0.9302088125844503,0.1264140992458848,0.3543852945750824,0.3559126042091194,0.3790624927509191,0.4558798784585207,0.1248190127737639,0.1514513485669039,0.1252008866236617,0.2677486897035188,0.06956112937597952,0.03958107324558741,0.05636200287420472,0.1965003941992939,0.1496607896186358,0.9719659886664832,0.9767063094669889,0.998687322488684,0.9911683192423552,0.9837337126172868,0.985497965072077,0.9741591038938068,0.9841140738835809,0.8852158540419511,0.6914602004323535,0.2628475944769157,0.1639235650295724,0.660658822273973,0.1315211268565491,0.06025967551264676,0.948008667217165,0.9619195082325922,0.1341096012856708
23.2,0.9114766313863955,0.8128002943025693,0.5091867592108359,0.8117363260371088,0.8584594450016151,0.9117897312881854,0.9090790548669972,0.8902832546948738,0.9150924369242919,0.9043586531734681,0.1000346866733175,0.2209321190840172,0.2669846349878787,0.3118074046750711,0.3812691237776637,0.1426913059536946,0.1165200722517662,0.09712781793123153,0.2642491757567312,0.05938574588861566,0.03623644540545362,0.05597260712556731,0.2067943099027639,0.1144971492161216,0.9689223666575153,0.9767084237428025,0.9990642041179727,0.9882124191070181,0.9813502746589395,0.9827470832745164,0.9314560729178288,0.9833643903848184,0.8447108450166952,0.6477385330207062,0.25230087329472,0.1377581896796297,0.3086868664471713,0.1264851650674068,0.06453752535704646,0.9474762270473047,0.9454725564258554,0.9391675551575822,0.789565568619262,0.6537543404665085,0.8974792795945907,0.9110983801251651,0.9516047567973916,0.9416636920660386,0.92328361181577,0.9465064807735325,0.9398551371069227,0.1425572125067276,0.4077849138459932,0.4092849610980057,0.4323395245863256,0.5093069785322236,0.1404563445831939,0.1681121923261434,0.1397533022934616,0.2899242105158061,0.07811027817685075,0.04442659183877134,0.06254752212549577,0.2126398930506816,0.1633240575702129,0.9740351817500507,0.9803573364457471,0.9988173216241142,0.9927275612537064,0.9858076210272423,0.9876491308459486,0.9779205765400856,0.9858853544927693,0.9045417235723298,0.7231648311124075,0.3019322187642234,0.1938686294661204,0.6991475135596755,0.1561870298732424,0.07307524084031872,0.9563184933962827,0.9683351625609986,0.1588771296339896
23.6,0.9290724496341802,0.8497071880386924,0.5796865216019765,0.8483226065595982,0.8870362796079649,0.9293414514142098,0.9265178644619623,0.9097066883267887,0.931502941557769,0.9172546004447785,0.1136215752588886,0.2639591684393754,0.3147863123664998,0.3621992082718516,0.4339313831582504,0.1606149705113833,0.1307972144099205,0.1092066557340688,0.2864209656326852,0.066968315674884,0.04077603084481055,0.06218240737532824,0.223314231973411,0.1256566159856087,0.9713216699021054,0.9802982274926004,0.9991630586139862,0.9902942196740852,0.983624656677232,0.9851339144948608,0.9425159969241288,0.9853360276303111,0.8699931933001751,0.6823165702854866,0.2905168646935649,0.1641409519618967,0.3516512096774924,0.1504002652733272,0.07813841455491102,0.9557217898573362,0.9546035166967949,0.9515713308771399,0.8303339012058888,0.7128646977862232,0.9185801055627707,0.9296704360994681,0.9613787045396528,0.9529650909917834,0.9363198254193658,0.9567076153731113,0.9476737938716689,0.159887180807523,0.4625844199270254,0.4640156949691896,0.4864135223372607,0.5618503423023276,0.1572885288141662,0.1859317476122944,0.1554135637351248,0.3129037385391372,0.08743240401809972,0.04977035889874495,0.06929094418554263,0.2295359080180091,0.1778079001202893,0.9758048447873632,0.9833902803913582,0.9989342047319552,0.9940073321604083,0.9875331913023454,0.9894272745763342,0.981031809782086,0.9873817992639677,0.9208085729474916,0.7525447245176835,0.343689111384888,0.2273497346882,0.734744724861158,0.1842380137035287,0.08823167936045533,0.9632741034089379,0.9736764539586222,0.1870268492670603
24,0.9432073293376716,0.8801746117797256,0.6458327433736317,0.8785528247512792,0.9102620253878989,0.9434005375639848,0.9405643737229961,0.9254332755762731,0.9446490066596746,0.9277724594978642,0.1283300239359723,0.3112654214620946,0.3660225672390816,0.4149961055818571,0.4874215618584947,0.179773523084288,0.1462293956262732,0.1223189279797213,0.3093923269312558,0.07527348808910472,0.04579355811158995,0.06895578630140477,0.2405377904501213,0.1375928476341261,0.9733691273836059,0.9832820537184306,0.9992514923935324,0.9920034199221158,0.9855293864263892,0.9871193286190065,0.9517132298861741,0.9870025635825859,0.8915366018734519,0.7147365864828533,0.331543259380058,0.194048562203702,0.3965973642576723,0.1776682797502376,0.09418656035972801,0.9626276326526169,0.9622345798994298,0.9614430014756925,0.8642693863819007,0.7647955089458499,0.9355248917704702,0.9445102347341297,0.9691250318926078,0.9619999972410738,0.9468495801716202,0.9648221915057452,0.9540285800507603,0.1784042798116815,0.5174803905836829,0.5188068943671067,0.5400316430681078,0.6124214673125843,0.175323215855343,0.2049043486139906,0.1721937423729519,0.3365998024817483,0.09756510558910959,0.05565098380070654,0.07662875464506422,0.2471677119941135,0.1931163063324178,0.9773301380846453,0.9859098712923339,0.9990392674905106,0.9950578489264276,0.988972926078705,0.9908992074270102,0.9836080091290201,0.9886514173119985,0.9344250892589671,0.7795475246285485,0.3875633075571136,0.2642389210872526,0.7672942090382191,0.2157431377274235,0.1060244929847669,0.9690884767791311,0.9781172085620504,0.2186238058687168
24.4,0.9545112374791715,0.9050000687159659,0.7058476991975111,0.903218359611794,0.9289602979938295,0.9546091689963452,0.951835391033568,0.9381214298954874,0.9551397657764261,0.9363654142572639,0.1441833413942754,0.3620831875468479,0.4196310446239374,0.4690055863892492,0.5405143430029081,0.200146216531908,0.1628377873088775,0.1364976669474611,0.3330750865962812,0.08434217145056182,0.05132752919195518,0.07632959134658519,0.2584386274163394,0.1503269102545838,0.9751286568668873,0.98576257571211,0.9993305848485962,0.9934067941711195,0.9871297176378682,0.9887743877967599,0.9593440645808606,0.9884165082557914,0.9097567397715289,0.7448535258562347,0.3748656017126722,0.227497122072196,0.4428026700839263,0.2083829859025928,0.112975256280959,0.968404879067455,0.968598124376942,0.9692769837372541,0.8921051608576172,0.8093324281927043,0.9490436621654162,0.9562994674271462,0.9752534730538072,0.9692129747775691,0.9553566421799644,0.971269733353234,0.9592172148607981,0.1980964020351194,0.5712076554994295,0.5724017166459294,0.592024808395557,0.6601248614693086,0.1945550672592152,0.2250099768125344,0.1900945230868168,0.3609131429410207,0.1085431309594358,0.06210801364327629,0.08459749987450682,0.265507010491364,0.2092464857763679,0.9786565391430131,0.988003836213683,0.9991336721485964,0.9959203797511063,0.9901783458199832,0.9921199851893467,0.9857448223069989,0.9897338849458196,0.94577154371421,0.8041822741001337,0.4328824631102585,0.3042497702880074,0.7967538848160455,0.2506466664266905,0.1267358913133893,0.9739449787393926,0.9818055014695392,0.2536073398147363
24.8,0.9635239354871126,0.9250181459410003,0.7587392862395715,0.9231441312907466,0.9439022521879019,0.9635163948393002,0.960859135779957,0.9483417156490959,0.9634920213354327,0.9434125029399988,0.1611964509247416,0.4153792887731138,0.4743761654264279,0.5229686621611814,0.5920601399427616,0.2216972501548077,0.1806322271656459,0.1517684331482413,0.3573696321802592,0.09421341110218355,0.05741766311205156,0.0843407029724198,0.2769834224985081,0.1638753185749246,0.9766531049896607,0.9878257864734566,0.9994012996163513,0.9945593145312257,0.9884795752408092,0.9901577773715973,0.9656655322666949,0.9896213055838661,0.9250706233940359,0.7725962690438852,0.4198422143955113,0.2643611006729164,0.4894811595129909,0.242519381303152,0.1347773380056976,0.9732352543308436,0.9738955500245232,0.9754824762074318,0.9146692100953876,0.8467708834331631,0.9597755713414862,0.9656237757111416,0.9800978153039094,0.9749695652401151,0.9622411384224417,0.9763927078704585,0.9634806508388696,0.2189374157613717,0.6226469777281153,0.623690750814381,0.6413987019531476,0.7043015712904956,0.214964110780479,0.2462131070313733,0.209103830002869,0.3857342247625791,0.120397563129275,0.06918157479121809,0.0932333129121021,0.2845177766274141,0.226188213584572,0.9798214351968075,0.9897454008609697,0.9992184657649518,0.9966287997397555,0.9911918339315219,0.9931348897420749,0.9875213675596251,0.990661944074935,0.9551916786688261,0.826508031409157,0.4788978734424429,0.3469343208242839,0.8231756386842695,0.2887469261560859,0.1506129231698729,0.9780000672708283,0.9848666608056931,0.2917703518315807
25.2,0.9706971988354502,0.941026389208103,0.8042178667486102,0.9391166794405127,0.955774267900293,0.9705807815871466,0.9680774623863185,0.9565751418207989,0.9701349415607018,0.9492255791763073,0.1793739411707534,0.4699375135101407,0.5289631255418923,0.5756745675256993,0.6410747639385618,0.2443744697619187,0.19960938228941,0.1681476586830452,0.3821664010840315,0.1049235701889148,0.06410457312010616,0.09302555093689152,0.2961318776011913,0.1782492385956414,0.9779860309335472,0.9895434534917638,0.9994644988627093,0.9955061558119956,0.9896234212454391,0.9913178544127621,0.9708978080689339,0.9906528436136631,0.9378761385785058,0.7979580567578912,0.4657415651445544,0.3043559488303726,0.5358365810228802,0.2799106662614926,0.1598215505035818,0.9772737678186637,0.9782996840699956,0.9803932721511278,0.932788132796456,0.8777302827297663,0.9682636131328396,0.9729738876569736,0.9839270026370115,0.9795665180188824,0.9678290364138106,0.9804674515812789,0.967012203332057,0.2408858649741057,0.670901866106829,0.671787431867844,0.6873915182118874,0.7445386104031516,0.2365144186545201,0.2684619568403607,0.2291956982412323,0.4109451334945192,0.1331549780857127,0.07691193907961198,0.1025713671132687,0.3041562549814795,0.2439232799836456,0.9808554715727159,0.9911955100516399,0.9992945951722996,0.9972108916436326,0.9920481964130428,0.9939811051771971,0.9890028885959223,0.9914625766864391,0.962989518174784,0.846622331532063,0.5248341253782756,0.3916970270468715,0.8466835123477098,0.3296862874852594,0.1778411307182712,0.9813862793556978,0.9874062080264581,0.3327498648542392
25.6,0.9764026086527918,0.9537444379987269,0.8425280395038401,0.9518446978989851,0.965166187747361,0.9761787130743612,0.9738535232838768,0.9632190219977832,0.9754192442058193,0.9540579297698811,0.1987082380184122,0.5244700267185076,0.5821568759476008,0.6260607432578821,0.6867975786691662,0.2681086092066488,0.2197511541228981,0.1856410668570955,0.4073477562607752,0.1165055001531939,0.07142936743355381,0.1024195574979562,0.3158368647633413,0.1934537120768505,0.9791632290575168,0.9909752983732955,0.9995209557657727,0.9962843903807093,0.9905978428749864,0.9922943917932728,0.9752276180793802,0.9915407285838231,0.9485396803940173,0.8209852813367884,0.5117901016565858,0.3470347377140447,0.5811147790068215,0.3202352752508946,0.1882649646766159,0.9806516702164475,0.9819576553612107,0.9842787002200046,0.9472291841051482,0.9029942115361429,0.9749590928696515,0.9787535214995534,0.986955932597379,0.983242455428608,0.9723829631044059,0.9837149823867278,0.9699658918971641,0.2638841009823388,0.7153368208764833,0.7160651247979744,0.7294952704746588,0.7806507713003449,0.2591531978622683,0.2916882055965368,0.2503294524212648,0.4364217850430976,0.1468365697791668,0.08533900954296604,0.1126452578263973,0.3243711473568521,0.262425071503884,0.9817836865581671,0.9924047663822338,0.9993629190564655,0.997689427656927,0.9927759711930096,0.9946891252520551,0.9902430462393514,0.9921579871989827,0.9694294835307523,0.8646503308456647,0.5699404296779528,0.4378259284255464,0.8674526747166115,0.3729561357101459,0.2085156498922623,0.9842152368273559,0.9895126095781908,0.3760326653648677
26,0.9809417724663204,0.9637967235778391,0.87426105355267,0.961942512748642,0.9725722477495713,0.9806150913094854,0.9784818293806953,0.9685965582211568,0.9796280750545391,0.958113168665874,0.2191779924298656,0.5777361819053777,0.6328839383723823,0.6732826257304437,0.7287145129355211,0.2928131553870338,0.2410234146859546,0.2042422279938515,0.432790176403298,0.1289876928047566,0.07943316825894824,0.112556508009418,0.3360447429585183,0.2094869255418084,0.9802140196529938,0.9921709011302182,0.9995713652286617,0.9969244100896862,0.9914328946408618,0.9931200512736228,0.9788120594635163,0.9923093555091141,0.957389915377973,0.8417658696877022,0.5572239224789404,0.3918019481147204,0.6246484425105636,0.3630181535786035,0.2201638497608076,0.9834794318175409,0.9849939092862399,0.9873542897332428,0.9586712346033907,0.9233920816156757,0.980231070602339,0.9832902953068853,0.9893552336285245,0.9861879196599633,0.9761128469290531,0.9863108923068257,0.9724637331864021,0.2878579229438929,0.7555789895033014,0.7561580358043859,0.7674454746730685,0.8126445022822026,0.2828103731263877,0.3158072351372715,0.2724492518154211,0.4620363586768323,0.1614572465574681,0.09450172286252571,0.1234863152948823,0.3451039875580383,0.2816583106296535,0.9826264624255566,0.9934151018332795,0.999424217636415,0.9980830653595625,0.9933985215454822,0.995283928516858,0.9912858734953234,0.9927664217668491,0.9747385566392706,0.8807351739569671,0.6135366636946711,0.4845378217720987,0.8856907296576709,0.4179184883770034,0.2426130275021749,0.986580510680598,0.991259774986634,0.4209775617789703
26.4,0.9845570509258512,0.9717101829571874,0.900190006721591,0.9699281574972263,0.9783989457037666,0.984134465833431,0.9821988284380169,0.9729676843010646,0.9829879259277098,0.9615536244057964,0.2407467764471709,0.628646422544791,0.6803015228346311,0.7167469189614006,0.7665500983885923,0.3183848830539607,0.2633751567458932,0.2239313148844021,0.4583666676686191,0.1423934070417028,0.08815654541820318,0.1234678522461985,0.3566958431331387,0.2263395493899204,0.9811623372950908,0.9931713431466139,0.9996163529626441,0.9974511120207372,0.9921532259955037,0.9938216198699947,0.9817824535462092,0.9929788048656896,0.9647158531434521,0.8604181793008482,0.6013371274297511,0.4379446243171187,0.6658892640623054,0.4076485393238495,0.2554467283262125,0.9858495840343866,0.9875131545224204,0.9897914447761371,0.9676952302563774,0.9397221369092352,0.9843776987653619,0.9868473449014601,0.9912597374139912,0.9885542960065525,0.9791855889426909,0.9883939780338783,0.9746019310936728,0.3127167861804244,0.7914918458153348,0.7919345929051878,0.8011886512739957,0.8406735920506152,0.3073987289236823,0.3407189244638266,0.2954840571470831,0.4876598505362836,0.1770247160615451,0.1044373687244464,0.1351228555020596,0.366289705266942,0.3015789784635033,0.9834003199804844,0.9942612054349868,0.9994792004463915,0.9984070873048476,0.9939349455537244,0.9957859551318555,0.9921674286693127,0.9933028503413189,0.9791095742460908,0.8950298584290987,0.6550486765552238,0.5310313561962551,0.9016221541344909,0.4638428807203539,0.27996816156467,0.9885602526852001,0.9927092761306247,0.4668527486130025
26.8,0.9874417153244203,0.9779205173069578,0.9211458308185364,0.9762297369504978,0.9829760120372134,0.9869315040583474,0.9851929362393781,0.9765397131098742,0.9856787079238692,0.9645078332573774,0.2633621750775074,0.6763349404712156,0.723828258521776,0.7561108399208993,0.8002373644165878,0.3447050684273881,0.2867381314329652,0.2446741252815165,0.4839492905911077,0.156739770766658,0.09763886318451889,0.1351819433054385,0.3777251139017607,0.2439941752883834,0.9820276447962591,0.9940106106989208,0.9996564831447808,0.9978848824495803,0.9927790243881329,0.994421042276984,0.984248003443037,0.9935655915123994,0.9707677433075793,0.8770810168461008,0.643520801429191,0.4846776946449328,0.7044253335668115,0.4534136060136305,0.2938942905247183,0.9878393340994067,0.9896031184515762,0.9917258378892199,0.9747864843524211,0.9527082105970544,0.987637641760969,0.9896343732507051,0.9927756073322365,0.9904614420558622,0.9817334308280884,0.9900735364042084,0.9764560229223609,0.3383546126447022,0.823132113548985,0.8234544361441894,0.8308381378393137,0.8649944685904374,0.3328146543501038,0.3663090050140071,0.3193480626918029,0.513164638836544,0.1935385876625003,0.1151808298778251,0.1475793796861597,0.3878573712790075,0.3221344406599781,0.9841185811245847,0.9949717337217902,0.9995285126824046,0.9986740099832101,0.9944008303218418,0.9962119160532455,0.9929171836008193,0.9937795338839964,0.9827050204900203,0.9076906708019423,0.6940298892190206,0.5765404885775393,0.9154760801680996,0.5099540770586483,0.3202612258387744,0.9902195510973723,0.9939122874623887,0.5128837317233389
27.2,0.9897490118049885,0.9827825728201128,0.9379353743064363,0.9811957715333299,0.9865681337889078,0.9891602857946237,0.9876134914564223,0.9794770195395207,0.9878425850861662,0.9670769970480253,0.2869553528984734,0.7201943628013292,0.7631399844727924,0.7912556997349858,0.8298756639655394,0.3716413520801375,0.3110270326842943,0.266421440257998,0.5094116907391278,0.1720368696810176,0.1079175419126484,0.1477232250010246,0.3990629134625491,0.2624248814594955,0.9828256983757511,0.9947167845168211,0.9996922648778022,0.9982424101212662,0.9933268008819448,0.9949362794032597,0.9862991329734044,0.9940832885689445,0.9757596691920174,0.8919051120729014,0.6832888657113039,0.5311973465251834,0.7399842951414476,0.4995441831205574,0.3351309441862855,0.9895129095371725,0.9913370472098779,0.9932644808381346,0.9803432810233061,0.96298067765875,0.990200618344122,0.9918175152327843,0.993986213835828,0.9920040424916509,0.9838609616405823,0.9914353970413872,0.9780850941772196,0.3646512072693311,0.8507004342016885,0.8509193874961302,0.8566271943078252,0.8859262323166828,0.358939504465386,0.3924509523924073,0.3439416187649482,0.5384269534720089,0.2109895313194182,0.1267637508154848,0.1608757376263411,0.4097311082125287,0.3432637903998404,0.9847919208564017,0.9955703312407442,0.999572740506036,0.9988940842501915,0.9948088760950188,0.9965754615741355,0.9935591832585519,0.9942064958246924,0.9856609053434874,0.9188721263222783,0.7301688745728097,0.6203810565435475,0.9274772447860183,0.5554840018408703,0.3630187859941111,0.9916124988620156,0.9949112617105819,0.5583051677010303
27.6,0.9915999451864153,0.9865820703223991,0.9512944832032084,0.9851068201836617,0.9893861219230955,0.9909422503096562,0.9895784385378009,0.9819094311113989,0.9895914648600254,0.9693404093651329,0.3114411590601698,0.7598750245692308,0.7981398593876309,0.8222453521939267,0.8556852194223337,0.3990501831364518,0.3361402670516468,0.2891087833844069,0.5346315248002503,0.1882868467010585,0.1190272397654905,0.1611113831618181,0.4206359268572045,0.2815969551562462,0.9835691868748556,0.9953130417019905,0.9997241576748149,0.998537356268713,0.9938100425034401,0.9953820198608443,0.988010453371186,0.9945430458300859,0.9798730297131193,0.9050461610910072,0.7202897184290532,0.5767348309419963,0.7724247932921495,0.5452663292372689,0.3786316702335343,0.9909236198096188,0.9927759255077211,0.9944915599640273,0.9846881665161081,0.9710730032233502,0.9922166445669767,0.9935278010113326,0.994956905516068,0.993256805322009,0.9856508524163666,0.9925468320074999,0.9795351929769598,0.391474248919651,0.8744936810404859,0.8746261743404502,0.8788656762101046,0.9038180099181945,0.3856415557988089,0.419008357325669,0.3691526447745665,0.56332915151922,0.2293585382292044,0.1392136476020255,0.1750262743544154,0.4318311429225427,0.3648984137931698,0.9854288271291253,0.9960764870930314,0.9996124156177814,0.999075705952657,0.9951694119614711,0.9968877325387285,0.9941130103410497,0.9945919138298255,0.9880904776238231,0.9287232584557229,0.7632847582711839,0.6619851244811951,0.937839711262049,0.5997206698526591,0.4076313967644686,0.9927839825210429,0.9957413634802447,0.6024094293614669
28,0.9930897879200529,0.989547091659813,0.9618665072669653,0.9881868319259199,0.9915968868257879,0.9923728180529976,0.9911807374905719,0.9839392625402105,0.9910132016325139,0.9713599309847403,0.3367188120152764,0.7952575688143901,0.8289139301126079,0.8492792224157527,0.8779646520601461,0.4267797409548514,0.361961319564752,0.3126566348559307,0.5594926843419955,0.2054830465078666,0.1309989642603021,0.1753604809521549,0.4423681820870576,0.301466799117887,0.9842682649924358,0.995818495420696,0.999752576168618,0.998780905163124,0.9942397524892232,0.9957702679327445,0.9894433483747302,0.9949540195054771,0.9832603611521262,0.9166593978302754,0.7543049490089342,0.6206033800236909,0.8017197660560323,0.589851531429666,0.4237455269105998,0.9921156419956139,0.9939704160899553,0.9954731819160968,0.9880797424551042,0.9774272900286888,0.9938038701489643,0.9948682249830985,0.9957388410992805,0.9942786542767714,0.9871684746311775,0.9934605045387438,0.9808420737604638,0.4186817883126482,0.894863724319639,0.8949256136290845,0.897903755874826,0.9190242888488981,0.4127784954155764,0.4458376866977703,0.3948585040607348,0.5877617152290864,0.2486163314008797,0.1525529763317088,0.1900389844333792,0.4540749698579243,0.3869627733452274,0.9860359841861871,0.9965062512516774,0.9996480193329164,0.9992257524968923,0.9954908215606085,0.9971578141153284,0.9945945850841474,0.9949424452866871,0.9900876337439269,0.9373850613183972,0.7933135763771145,0.7009205288419684,0.9467628720761271,0.6420479391482657,0.4533870760364047,0.9937712115981525,0.9964316865544953,0.6445858117272131
28.4,0.9942934194743048,0.9918585121532875,0.9701973911044083,0.9906134384904612,0.9933319959286356,0.9935268068358721,0.9924936028590429,0.9856470759342369,0.9921766471277881,0.9731836300744935,0.3626731762420334,0.8264098866828451,0.8556821405445004,0.8726471633526526,0.8970550712042619,0.4546732002922743,0.3883606929968554,0.336971136547085,0.5838872361035616,0.2236092477727285,0.1438591283814177,0.1904781029837739,0.4641821341955167,0.3219820439853226,0.9849309977696902,0.9962488958857486,0.9997778942138463,0.9989822155567876,0.9946248967340426,0.9961108283540366,0.9906481943877269,0.9953237276403841,0.9860491482542521,0.9268955547873756,0.7852379819621005,0.6622328313556135,0.8279352744887313,0.6326589879654068,0.4697340605347017,0.9931255488574082,0.9949625333728795,0.9962611923140021,0.9907237661331172,0.982404271217868,0.9950550710720593,0.9959195399065177,0.9963720419183741,0.9951160783898452,0.988465577826113,0.9942176165389528,0.9820333888305253,0.4461251512943879,0.9121847532678488,0.9121903021654018,0.9141039185967401,0.9318876714772246,0.4402003464358809,0.4727913185327253,0.4209282818299659,0.6116249089314727,0.2687229732362751,0.1667981828342579,0.205914702053014,0.4763785890709376,0.4093753946961447,0.9866185924775812,0.9968728317861024,0.9996799863228638,0.9993498584959639,0.9957798943031733,0.9973931089189342,0.9950168267692211,0.9952634976431168,0.9917299585385224,0.9449888766006763,0.8202891283493167,0.736895837679329,0.9544292371973745,0.6819721672657538,0.4995169125488422,0.9946050141236785,0.9970062812892798,0.6843465764176502
28.8,0.995269644300168,0.9936590505264498,0.9767404681632916,0.9925268711278461,0.9946948174624598,0.9944628019302588,0.9935747203267453,0.9870963172156603,0.9931357097979117,0.9748487120150408,0.3891766092696332,0.853538530896197,0.8787520284257809,0.8926905167944196,0.9133120873847662,0.4825721846981769,0.4151983619896639,0.3619452994251718,0.6077170185105812,0.2426390301127931,0.15762857144961,0.2064645372434615,0.4859997835539536,0.343081881656394,0.9855637310153578,0.996617213748805,0.9998004485164557,0.9991487902645687,0.994972772106404,0.9964117052927073,0.9916662464225586,0.9956583434635082,0.9883454166811674,0.9358980229547655,0.8130961615953698,0.7011893490569058,0.8512080550871294,0.6731654689049269,0.5158198749182565,0.993983603687756,0.9957870736673932,0.996896224322133,0.9927829970495942,0.9862948643696391,0.9960429413731545,0.9967449419995994,0.9968878082102206,0.995805789093854,0.989583195341555,0.99485040009645,0.983130431211392,0.4736521180829576,0.9268293375739186,0.9267909684784404,0.9278209542229405,0.942727869464275,0.4677527022738388,0.4997207159417782,0.4472253799807845,0.6348300538674891,0.2896277124352732,0.1819587612977603,0.2226463585605327,0.4986577789790843,0.4320500315591077,0.9871806360486775,0.9971870914807679,0.9997087081278035,0.9994526413991294,0.9960421150520843,0.9975996435529987,0.9953901997908253,0.9955594528531676,0.993081382415452,0.9516555255292687,0.844321571671368,0.769753074993612,0.9610035549837865,0.7191345591897836,0.5452466083196525,0.9953109260940379,0.9974850174196661,0.7213387322544723
29.2,0.9960646462808213,0.9950608847603962,0.9818661560061054,0.9940374553472896,0.9957663706915756,0.9952266462982714,0.9944696012244536,0.98833700177175,0.9939325862708444,0.9763838588806159,0.4160913214139912,0.8769421324541766,0.898479330573515,0.9097712740066206,0.9270856037686344,0.5103202430433194,0.4423266488698588,0.3874606958109182,0.6308948571187496,0.2625353235022267,0.1723215705299961,0.223312027330217,0.507743793453256,0.364697625725117,0.9861714000802769,0.9969341244707304,0.9998205418933972,0.9992867783692962,0.995289309920928,0.9966794302601001,0.9925312267186615,0.9959629370826979,0.9902369970614073,0.9438010036502088,0.8379696735486196,0.7371804495297793,0.8717241597072791,0.7109809226767452,0.5612385982800473,0.9947148487477703,0.9964728278435202,0.9974101179875554,0.9943856080403649,0.98933161264948,0.9968243548630624,0.997393821602517,0.9973106226341927,0.996376817005042,0.9905539286168454,0.9953840791846772,0.9841495165057322,0.5011102306707171,0.9391522807017733,0.9390805344514963,0.9393888428196744,0.9518355675523228,0.4952801205835898,0.5264795965119411,0.4736103206032583,0.6573004032155914,0.3112691042988465,0.1980363540981433,0.2402183412747669,0.5208293625776144,0.45489697445505,0.9877251063888535,0.9974579598434073,0.9997345365025045,0.9995378861135347,0.9962819030136517,0.9977823202897438,0.9957231637615142,0.9958338536206129,0.9941944678712487,0.9574950072159528,0.8655763076021513,0.7994517293827686,0.9666328808112166,0.7533104055313433,0.5898467345123101,0.9959101023973098,0.9978843056247781,0.7553428273603413
29.6,0.9967147294989529,0.9961519274590755,0.9858734830677408,0.9952317788763815,0.996610051007475,0.9958542067047699,0.9952142280560642,0.9894086185782054,0.9946003148899313,0.9778110868076805,0.4432721563849219,0.8969713354837781,0.9152371807962498,0.9242494698317597,0.9387063926424316,0.5377661868046719,0.4695933985796666,0.413389588388113,0.6533453848291119,0.2832501846415096,0.1879448735405469,0.2410041297606172,0.5293385727811399,0.3867534950212547,0.986757787379889,0.9972084097364782,0.9998384462380135,0.9994012221319384,0.9955793257515938,0.9969193313329355,0.9932706542433157,0.9962416743655232,0.9917964155890867,0.9507284504181066,0.8600100897445015,0.7700476987700514,0.8897001698393119,0.7458505284353528,0.6052870654433663,0.9953400141937458,0.9970436029639617,0.9978278313259621,0.9956321889737735,0.9916991458455044,0.9974437667114781,0.9979047435016788,0.9976596443100613,0.9968521603671584,0.991403737842566,0.9958384078765627,0.9851030765222888,0.5283500736097988,0.9494808144829285,0.9493844452524959,0.9491131205520416,0.9594698517380303,0.522629518286672,0.5529269562301402,0.4999436358431504,0.6789716215318652,0.3335754271736315,0.2150239288961466,0.2586059881320744,0.542812426699349,0.4778244612342757,0.988254190113047,0.9976927742360119,0.9997577866260268,0.9996086960403814,0.996502808724153,0.9979451236056759,0.9960225440915225,0.9960895578462249,0.9951123542493538,0.9626066109625763,0.8842548764335117,0.8260478017595437,0.9714472829409309,0.7843980357178252,0.6326751420641953,0.996420075051882,0.9982176988215598,0.7862616127840839
30,0.9972484787196094,0.9970009191629273,0.9890016462895443,0.9961776911288378,0.997275407707333,0.9963735532605785,0.9958371276636298,0.9903424051377601,0.9951647824256914,0.9791472148950866,0.4705696720307603,0.913997173575135,0.9293938348429357,0.9364679099769522,0.9484781193796272,0.5647671405938884,0.4968453093777389,0.4395974187511522,0.6750054741430535,0.304724837817355,0.2044967899523059,0.2595152117492694,0.5507112919844522,0.4091676055404312,0.9873257373222728,0.9974472896533781,0.9998544052445947,0.9994962586234237,0.9958467249344264,0.9971357540256259,0.9939069517478364,0.9964979804627724,0.9930834066492072,0.9567936179853852,0.8794105058022936,0.7997506298757437,0.9053677076843821,0.77764572422177,0.6473617453176344,0.9958762730570929,0.9975190784356043,0.9981689442456991,0.9966014743903899,0.9935432960931342,0.9979359100539376,0.9983078019249401,0.9979498781997601,0.9972500776848172,0.9921533441549676,0.996228872832063,0.9860005240991521,0.555228378529694,0.9581095983382012,0.9579957457405615,0.9572673203303281,0.9658580889263439,0.5496534119904911,0.5789298202849393,0.5260887170968452,0.6997918918951791,0.3564654039777836,0.2329050715235705,0.2777752515331313,0.5645294570084189,0.5007401421048514,0.9887694265001864,0.9978975618479315,0.9997787401851169,0.9996676166245937,0.9967076764530354,0.9980912895998744,0.9962938368100901,0.996328866617076,0.9958703969943968,0.9670793174041409,0.9005788068762228,0.8496712006588992,0.9755609457230903,0.8124010124105733,0.6732069915370437,0.9968553821734095,0.998496391682979,0.8141021021081688
30.4,0.9976884537520488,0.997661516810472,0.991440652469052,0.9969283103570989,0.9978011417204091,0.9968066693981978,0.9963609887446765,0.991163123525453,0.9956462946859559,0.9804050243157766,0.4978333801619202,0.9283879836796581,0.9412978654167127,0.9467428714965105,0.9566734559157054,0.5911911835545143,0.5239312662221998,0.4659455537124238,0.6958243069996966,0.3268900074081924,0.2219663785542367,0.2788101235438903,0.5717928044671253,0.4318531455156715,0.9878773358128742,0.9976566973780009,0.9998686369286424,0.9995752843435269,0.9960946715296445,0.9973322423970701,0.9944583639964576,0.9967346742301719,0.994147066692662,0.9620990605483846,0.8963884327406442,0.8263456670824504,0.918961391940905,0.8063476509260165,0.6869837928062505,0.9963378657069883,0.9979155203382699,0.9984488382804981,0.9973549668879131,0.9949787943189408,0.9983279224511173,0.9986264735798489,0.9981930885196734,0.9975850997091071,0.9928193280857001,0.9965676313690709,0.986848936992754,0.5816108191338852,0.9652991330258143,0.9651735289242793,0.9640922582633967,0.9711973773396827,0.5762128629635789,0.6043656152257285,0.5519145014655789,0.719721689149188,0.3798492223174049,0.2516534338673894,0.2976825614492949,0.5859073564074596,0.5235525493671322,0.9892718397991181,0.9980772724568167,0.9997976483285919,0.9997167364205344,0.9968987780441344,0.9982234449096965,0.9965414590888835,0.9965536301824217,0.996497539719957,0.9709923891265695,0.9147767496481735,0.8705039858937785,0.979073491795992,0.837407006005599,0.711050536379413,0.9972280883565504,0.9987296344843642,0.838954439325171
30.8,0.9980525128726906,0.9981755487403939,0.9933406311484037,0.9975252085619836,0.9982174710452851,0.997170789291278,0.9968039204708156,0.9918904451754217,0.9960608023701181,0.9815941722553125,0.5249149948844154,0.9404938909350293,0.9512693602545791,0.9553593385642104,0.9635330800006648,0.6169194916851444,0.5507055260234305,0.4922941701876406,0.7157631219233457,0.3496665559727005,0.2403327736747412,0.2988440758377504,0.5925184507365416,0.4547196988366601,0.9884140602533237,0.9978415059765378,0.9998813359671349,0.9996410896203602,0.9963257271725761,0.9975116874870458,0.994939717056214,0.9969540787563794,0.995027681090104,0.9667369487554165,0.9111719357260748,0.8499633915547691,0.9307100106998244,0.8320265248603615,0.7238098133623471,0.9967366147086562,0.9982463752639388,0.9986796194402976,0.9979406334389809,0.9960956280535612,0.9986410157791259,0.9988790710921597,0.9983985112156455,0.9978688210784439,0.9934149914112,0.9968642423547354,0.9876535989381354,0.607374388988021,0.9712764455828083,0.9711436270495347,0.9697971767452176,0.975656910040537,0.6021800106288433,0.6291240853621276,0.5772978872509065,0.7387332682245279,0.4036298307081287,0.2712323744618884,0.3182749122967513,0.606878321002818,0.5461725224505271,0.9897620503045741,0.998235970371837,0.9998147344836382,0.9997577697714233,0.9970779231432456,0.9983437205642547,0.9967689549634632,0.9967653356086846,0.9970174563131743,0.9744160741883151,0.9270747995052341,0.8887610690555644,0.9820713956374196,0.859566189034947,0.74594933079869,0.9975482144153678,0.9989250751665726,0.8609703770300466
31.2,0.9983548432459661,0.9985755902037483,0.9948197197466309,0.998000926822831,0.9985479894863354,0.9974794416859292,0.9971804306697614,0.9925400311390647,0.9964208562142904,0.9827219127511909,0.5516715411149331,0.9506374342538005,0.9595956217620272,0.9625694715077727,0.9692665810113905,0.6418479273090586,0.5770306177702442,0.518505151045333,0.7347946878872378,0.3729664266178725,0.2595646910246224,0.3195627468980773,0.6128287285863375,0.477674674225383,0.9889369049050623,0.9980057157318695,0.9998926758746755,0.9996959683569533,0.9965419651161969,0.997676448926348,0.9953630446551357,0.9971581122992744,0.995758260953218,0.9707896007204936,0.92398903007086,0.8707866681368257,0.9408304783086536,0.8548199443159251,0.7576297683998119,0.9970823483658123,0.9985227625325204,0.9988708383609181,0.9983958393993106,0.9969642121684743,0.9988917832570716,0.999079880296924,0.9985734092282588,0.9981105195512312,0.9939510349976161,0.9971262354012606,0.9884184279057043,0.6324092861340825,0.9762371671896005,0.9761006781304978,0.9745619960181952,0.9793807848382622,0.6274401102930268,0.6531087078687068,0.6021257912764348,0.7568099225699129,0.4277044730586256,0.2915948255174622,0.3394901903730461,0.6273805551876629,0.5685145420713569,0.9902403674728445,0.9983769926055794,0.9998301970228892,0.9997921244556622,0.997246549879338,0.9984538452450228,0.9969791640942196,0.9969651791732357,0.9974494974774251,0.9774123652515513,0.9376896567580297,0.9046741861536364,0.9846294008032869,0.8790711696986035,0.7777733743646248,0.9978240918341973,0.9990890415058626,0.8803433460765726
31.6,0.9986067613316819,0.9988869917478955,0.9959705896619888,0.9983809522568864,0.9988111227306875,0.9977432635462936,0.9975021861612104,0.9931243764157999,0.9967363506439305,0.9837936657391694,0.577968188459444,0.9591088338707072,0.9665300349172644,0.9685932356945621,0.9740545246950528,0.6658880582000039,0.6027798440698822,0.5444448656077719,0.7529025595295117,0.3966938721267053,0.2796201515622449,0.3409026359373236,0.6326698189613215,0.5006247921449971,0.9894464856222653,0.9981526087487785,0.9999028110259943,0.9997418076751866,0.9967450638301548,0.997828454522839,0.99573810388714,0.997348363157191,0.9963658277057135,0.9743301456655242,0.9350600432056017,0.88903125151062,0.9495240638022897,0.8749123436602038,0.7883549728346064,0.9973832486779409,0.9987538812199224,0.9990300511209468,0.9987496648587706,0.9976395465454622,0.9990932198013742,0.9992400485741229,0.998723505064148,0.9983176406670919,0.99443609348993,0.9973595542134767,0.9891463150261944,0.6566202630128403,0.9803483658687177,0.9802109379723194,0.9785401374062784,0.982490945595609,0.6518930260514962,0.6762375927207699,0.626296786581141,0.7739450695928978,0.4519664100764713,0.3126834135262976,0.3612577490613205,0.6473588152129552,0.5904979330478375,0.9907068677607974,0.99850307915821,0.9998442117718627,0.9998209570422578,0.9974057993461221,0.9985552216231323,0.9971743600279614,0.9971541260270138,0.9978094724854132,0.9800357727709809,0.9468241614274425,0.9184793515148142,0.9868118836168959,0.8961396660605111,0.8065026270868466,0.9980626549232352,0.9992267735049338,0.8972912864514431
32,0.9988173336785259,0.99912947105046,0.9968657607906666,0.9986852662172147,0.9990212664358962,0.9979706338875411,0.9977786045455724,0.9936534718667567,0.9970151027872604,0.9848134666501819,0.6036806986412038,0.9661645519586726,0.9722930201271218,0.9736203629981777,0.9780511354339206,0.6889676221139246,0.627839301077763,0.569986719157962,0.7700801695708447,0.4207469373481208,0.3004464562492994,0.3627916692363024,0.6519939634683419,0.5234775787719342,0.9899431272468796,0.9982848765529189,0.9999118785320811,0.9997801611702094,0.9969363837455576,0.9979692817636437,0.9960727991274873,0.9975261513475061,0.9968724813950746,0.9774232586584338,0.9445924976533036,0.9049296901393998,0.9569743821633323,0.8925169757197526,0.815999737666868,0.9976461370569422,0.99894734614365,0.9991632552774183,0.9990247258746765,0.9981645310308025,0.9992555169907698,0.9993682778331414,0.9988533177742505,0.9984961775348158,0.9948771583883281,0.9975689021505575,0.9898393924444008,0.679927433995994,0.9837516936352769,0.9836154028541446,0.9818615520181742,0.9850900542033385,0.6754541649840067,0.6984438825983489,0.6497222868659401,0.7901412183658235,0.4763067657342754,0.3344308514908976,0.383499228042656,0.6667647782865783,0.6120479029932664,0.9911614594067159,0.9986164803028554,0.9998569343486891,0.9998452181969025,0.9975565766428284,0.9986489887859988,0.9973563632790535,0.9973329592167423,0.9981102930513094,0.9823340831804929,0.9546647089659547,0.9304075988970704,0.9886741285153122,0.9110004405948522,0.8322064108544255,0.9982696815835808,0.9993426145587944,0.9120427362199591
32.4,0.9989938580977072,0.9993183587908807,0.9975618786062029,0.9989295535031916,0.9991896743604249,0.9981681674962011,0.9980173158940022,0.994135325023663,0.9972633036088604,0.9857843216440015,0.6286974044125991,0.9720280400135605,0.9770742463584582,0.9778130423320633,0.9813872229684236,0.7110304802587518,0.6521093677671469,0.5950133744406846,0.7863298121659349,0.4450191468851471,0.321980436252168,0.3851500541457097,0.6707596953993963,0.5461428166744249,0.9904269363774109,0.99840472540387,0.9999199999755771,0.9998123088017572,0.9971170300967405,0.9981002244644736,0.9963735299946964,0.9976925794217795,0.9972962855935797,0.9801259212889184,0.9527780223238188,0.9187187356032782,0.9633466905906267,0.9078610833695425,0.8406600500455105,0.997876708991405,0.9991094648561551,0.9992752285238076,0.9992386019467414,0.9985725917845959,0.9993866815277094,0.9994713646174257,0.9989664255298931,0.9986509689530292,0.9952799137935208,0.9977580118535084,0.9904992442963031,0.7022665631592971,0.986566560176476,0.986432958453204,0.9846357185852413,0.9872641747869857,0.6980548708189442,0.7196756921829923,0.6723272713827743,0.8054088704998503,0.5006164302532593,0.3567606095776655,0.4061296011032007,0.6855572413047931,0.6330963931050603,0.9916039360039688,0.9987190449179826,0.9998685023311927,0.9998656897706083,0.9976996007539918,0.9987360732273617,0.9975266336095886,0.997502319797014,0.9983625024689603,0.984349082686759,0.9613800893054252,0.9406785894252263,0.9902634963210365,0.9238825204639152,0.8550217113073221,0.9984499917686882,0.999440168587742,0.9248261899125115
32.8,0.9991422367222904,0.9994655717458729,0.9981031263568482,0.9991261450622302,0.9993251506918851,0.9983410996350193,0.9982245240983268,0.9945763714640263,0.9974858698152994,0.9867084878357594,0.6529206711068442,0.9768918245419507,0.9810355098724721,0.9813089206211234,0.9841731098693487,0.7320361240840761,0.6755056496017808,0.619418572556948,0.8016615662864777,0.4694013383568531,0.3441489922991919,0.407891364076661,0.6889319313169069,0.5685339050292939,0.9908978617508432,0.9985139632238195,0.9999272830104331,0.99983930588727,0.9972879042880529,0.9982223472155928,0.9966454765698398,0.9978485743028943,0.9976519980259111,0.982488176231025,0.9597908189297149,0.930630059299935,0.9687881042486908,0.9211743828096192,0.8624920450547703,0.9980797269462025,0.9992454658224165,0.9993697916029398,0.9994049521922852,0.9988897521206012,0.9994930159298916,0.9995546208055349,0.9990656703149075,0.9987859339325657,0.9956490035035099,0.9979298558875479,0.9911270718852885,0.7235888796845633,0.9888931569412575,0.9887633808942551,0.9869544684356837,0.9890852086451825,0.7196423218785493,0.739895644555551,0.6940505685131284,0.8197653988789787,0.524787948741272,0.3795878582172432,0.4290584255997161,0.7037021594120497,0.6535827268642811,0.9920340204286597,0.9988122932040712,0.9998790372497168,0.999883015167833,0.9978354451575007,0.9988172304337595,0.9976863451189943,0.997662739469535,0.9985747096864694,0.9861172345919363,0.967121352960278,0.9494965729710544,0.9916204778426168,0.9350074183071195,0.87513260442625,0.9986076111704593,0.9995224291510303,0.9358624343353144
33.2,0.9992672656049842,0.9995803716422735,0.9985239295063244,0.9992847520677516,0.9994345893833845,0.9984935859818255,0.9984052907833494,0.99498180093713,0.9976867187579719,0.9875876934499708,0.6762678253684596,0.9809203151442336,0.9843138710367181,0.9842241387684521,0.9865014108384008,0.7519588131552095,0.6979593929275311,0.6431085082109133,0.8160922019148645,0.4937835734353632,0.3668699240570335,0.4309238258025053,0.7064819345022303,0.5905690879447404,0.9913557440948223,0.9986140713592797,0.9999338228308293,0.9998620232036569,0.9974497457854427,0.9983365297983309,0.9968928328459079,0.9979949216726021,0.9979516722563145,0.9845538538763967,0.9657872662877215,0.9408838512808826,0.9734284228224458,0.9326806304568046,0.8816921932198862,0.9982591791442458,0.9993596863122984,0.9994500124681744,0.9995343865093148,0.9991362593971456,0.999579491969346,0.9996222011908561,0.999153317581796,0.9989042566521976,0.995988243865596,0.9980868115131045,0.9917238217730241,0.7438604862767749,0.9908152340456979,0.9906900933052977,0.9888945613566794,0.990613056221149,0.7401789979304011,0.7590800742054634,0.7148447364610437,0.8332339416751822,0.5487173267716717,0.4028206641909058,0.4521912561293561,0.7211725394591761,0.6734540519658854,0.9924514004530366,0.9988974765313933,0.9998886464072482,0.9998977242173482,0.997964570731276,0.9988930787393829,0.9978364471254504,0.9978146669502794,0.9987539448801397,0.9876703034739788,0.972022379965458,0.9570481854826522,0.9927796326477608,0.9445839084679932,0.8927521987408347,0.9987459063374259,0.9995918855421363,0.9453594150744868
33.6,0.9993728600256212,0.9996699562334947,0.9988510886507619,0.999413037218486,0.9995233941651989,0.998628936654028,0.9985637593390582,0.9953558166929731,0.9978689835182533,0.9884233094921164,0.6986715662228039,0.9842529100868341,0.9870247848498809,0.9866562326902505,0.9884495815653519,0.7707864280751386,0.7194174125124561,0.6660027422819293,0.8296441045960848,0.5180570551196521,0.390053036328975,0.4541517697403553,0.7233871647679966,0.6121725172120445,0.9918003569987228,0.9987062638243185,0.999939703514675,0.9998811798315123,0.9976031661822151,0.9984435033574232,0.997118997494662,0.9981322941541401,0.9982051521425721,0.986361257034146,0.9709063160912019,0.9496847831798962,0.9773813309153521,0.9425918544628161,0.8984803200702552,0.9984184104852567,0.999455727114043,0.9995183649756875,0.9996351445526979,0.9993278595842278,0.9996500407880053,0.9996773585125636,0.9992311808524538,0.9990085327247854,0.9963007935377001,0.9982307897203289,0.9922902837291788,0.7630614369111559,0.9924025853070002,0.9922826335101667,0.9905199800774452,0.99189750633707,0.7596417930835889,0.7772179717069519,0.7346755943389964,0.8458423414236504,0.5723056905023424,0.4263614070456825,0.4754311762740414,0.7379482069633219,0.6926655796051165,0.9928557571934865,0.9989756266769999,0.9998974245311678,0.9999102535455275,0.9980873522677661,0.9989641268255549,0.9979777133089149,0.9979584890747325,0.9989059503770094,0.9890359234530179,0.9762008979213304,0.9635016122467012,0.9937704175892982,0.9528048623235799,0.9081077622339881,0.9988676963246584,0.9996506100037785,0.9535091388954441
34,0.9994622303333467,0.9997399192811328,0.9991054553887618,0.9995170593321522,0.9995958056062734,0.9987497989471912,0.9987033325034151,0.9957018421243806,0.9980351814412047,0.9892164820363135,0.7200798992787666,0.987007121600014,0.9892650651575207,0.9886868040162978,0.9900821998880071,0.7885191223306123,0.7398415942398061,0.6880346607431184,0.8423442464042457,0.5421159805424777,0.4136014945965869,0.4774771952175307,0.7396310312534032,0.6332751249214983,0.992231440103618,0.9987915362028688,0.9999449992474559,0.9998973700721067,0.9977486768014862,0.9985438797969577,0.9973267294644893,0.9982612743110229,0.998420477457272,0.9879437955255813,0.9752704057553541,0.9572198137777599,0.9807457972257068,0.9511047592647659,0.9130859118749274,0.998560230693204,0.9995365799586622,0.9995768524408385,0.9997136243486852,0.9994767936840835,0.9997077783763895,0.9997226420048831,0.9993007190125879,0.9991008851982991,0.9965892888521761,0.9983633363613784,0.992827164155814,0.7811845645077595,0.9937132307889189,0.9935988221702545,0.9918839391957918,0.9929798671262449,0.7780208573976166,0.7943097451600402,0.7535214661762338,0.857622151470113,0.5954607487373347,0.450108371311958,0.4986803961626464,0.7540154673568227,0.7111806328703224,0.9932467873940082,0.9990475963067601,0.9999054552632349,0.999920963269143,0.9982040996906775,0.9990307959987645,0.9981107811665845,0.9980945474972834,0.9990354184439972,0.9902381105060235,0.9797597581835241,0.9690067187484818,0.9946179124709241,0.9598456642600001,0.9214291621291301,0.99897534505398,0.9997003294720577,0.9604861367799417
34.4,0.9995380197319944,0.9997946082775231,0.9993032453201518,0.9996016194727894,0.9996551558280319,0.9988583001305424,0.9988268137644017,0.9960226855687568,0.9981873463569843,0.9899682323876623,0.7404556541334286,0.9892815510211043,0.9911155954450745,0.9903839155987902,0.9914529710943959,0.805167851841551,0.7592080474849155,0.7091515111424211,0.8542232241405147,0.5658592638247188,0.4374133890263753,0.5008013967636245,0.7552025659070148,0.6538152911264377,0.9926487257108767,0.9988707059996342,0.9999497754326511,0.9999110855207317,0.9978867109627075,0.9986381756081114,0.9975182746169469,0.9983823733075105,0.998604216147046,0.9893305667556461,0.9789866795520007,0.963657364117176,0.9836075480444632,0.9583988165649634,0.9257376889038744,0.9986870038242427,0.9996047325170456,0.9996271040622086,0.9997747935031783,0.9995925754348075,0.9997551809587167,0.9997600519920714,0.9993631123176189,0.9991830568172475,0.9968559516108348,0.9984857114447532,0.9933351395975696,0.7982341377223694,0.9947953069701465,0.9946866412121053,0.9930306212636136,0.9938943607067887,0.795318249325151,0.8103658691222657,0.7713722043195026,0.8686077252063398,0.6180980166803786,0.4739574604372835,0.5218418605084231,0.7693666832325249,0.7289705221118997,0.9936242204242534,0.9991140922285254,0.9999128124961643,0.9999301506756497,0.9983150748908982,0.9990934381823687,0.9982361834880219,0.9982231517150183,0.9991461854832181,0.9912977206388347,0.9827883317620294,0.9736958286452909,0.9953434517017494,0.9658637854886396,0.9329403929182657,0.9990708378029846,0.9997424846486263,0.9664470685864635
34.8,0.9996024127535454,0.9998374025052944,0.9994570644990165,0.9996705306313034,0.9997040669309114,0.9989561590960664,0.9989365204413594,0.9963206716727638,0.9983271324018459,0.9906795310183353,0.75977565745449,0.9911586197019202,0.9926437479763909,0.9918041997883479,0.992606466988378,0.8207528523172299,0.7775059874487785,0.7293140649804453,0.8653143789539794,0.5891920725051841,0.4613834546405728,0.5240265946813655,0.770096035521838,0.6737393014198357,0.9930519597474646,0.9989444459106159,0.9999540896953223,0.9999227331794049,0.9980176418465702,0.9987268311243508,0.9976954685305963,0.9984960459379131,0.9987617361563024,0.9905468813635114,0.9821483650389362,0.9691474616301754,0.9860405303149539,0.9646356052990858,0.936656135888095,0.9988007224832036,0.9996622549709139,0.9996704503901597,0.9998225088751475,0.9996825975468849,0.9997942215721772,0.9997911602850486,0.9994193217867703,0.9992564836045197,0.997102674721594,0.99859895129715,0.993814894174669,0.8142244202040013,0.9956886862434116,0.9955858438879858,0.9939966620067269,0.9946693069254871,0.8115464757525114,0.8254054842003655,0.788228058035145,0.8788353974395836,0.6401417749201698,0.4978039719045936,0.5448208119582392,0.7839997891070458,0.746014269606095,0.9939878307687957,0.9991757026727988,0.9999195615664088,0.9999380614371466,0.9984205049511518,0.9991523503937219,0.9983543732740909,0.9983445890419694,0.9992413905090723,0.9922328569084152,0.9853639284871105,0.9776849018357324,0.9959651713401535,0.9709991641513439,0.942853775271602,0.9991558446178994,0.9997782786923821,0.9715311215053042
35.2,0.9996572211040152,0.9998709290976225,0.9995767105358407,0.9997268280780416,0.9997446056353544,0.9990447736894281,0.9990343744782467,0.9965977458946932,0.998455895566415,0.9913513501595301,0.7780296400001468,0.9927070127111156,0.9939055043493787,0.99299468761955,0.9935796183455192,0.8353021236690923,0.7947364275239639,0.7484959658315411,0.8756530057919392,0.6120271329840911,0.4854048868692176,0.5470575137325407,0.7843105095708993,0.6930015982780175,0.9934409178950554,0.9990133112237294,0.999957992785755,0.999932650328891,0.9981417967337343,0.9988102260255204,0.9978598197108884,0.9986027026218335,0.998897427564491,0.9916147351295248,0.9848361969297325,0.9738225313306923,0.9881083095749925,0.969959032252941,0.9460485338892936,0.9989030694617818,0.9997108714434756,0.9997079825938288,0.9998597649687584,0.9997526038243034,0.9998264765829705,0.9998172039711524,0.9994701356240088,0.999322353695022,0.9973310900000867,0.9987039172556262,0.9942671441628753,0.8291781967641089,0.9964263530086283,0.9963293233572614,0.9948124108850644,0.9953281220641003,0.8267269876406439,0.8394550009432935,0.8040984488203212,0.8883427621290734,0.6615257512984309,0.5215443702052373,0.5675262579655583,0.797917764132738,0.7622982085941234,0.9943374466962278,0.9992329196369343,0.9999257603135501,0.9999448988047299,0.9985205924057851,0.9992077863440598,0.9984657432892725,0.9984591320720878,0.9993236043927597,0.9930592289845643,0.987553175360207,0.9810749294653671,0.9964984808832941,0.975375112963311,0.951366334607143,0.9992317729362883,0.9998087174032494,0.9758609268593992
35.6,0.9997039519830561,0.9998972308817626,0.9996697970244037,0.9997729336679239,0.9997784038597731,0.9991252890308197,0.9991219755979868,0.9968555573453017,0.9985747577324431,0.9919846991514744,0.795218955809175,0.9939838253139833,0.9949472894415037,0.9939943785254098,0.9944029852199485,0.8488499689377377,0.8109107568376208,0.7666828290491667,0.8852756562513715,0.6342857741313392,0.5093711868740888,0.5698028576195352,0.7978493998682163,0.7115648378326911,0.9938154175832539,0.999077762347325,0.9999615293901735,0.9999411167474103,0.998259468261853,0.998888691769091,0.9980125767115059,0.9987027188735004,0.9990148839419671,0.9925532296772769,0.9871198156823283,0.9777985861692355,0.9898653701945024,0.9744961382636715,0.9541059962134423,0.9989954690002627,0.9997520189846757,0.9997405991788264,0.9998888868660716,0.9998070565701567,0.9998532089005038,0.9998391585012754,0.9995162055008109,0.9993816544842042,0.997542621617541,0.9988013337518125,0.9946926524435852,0.8431253202313032,0.9970355653355931,0.9969442684125418,0.9955029942441905,0.995890157343725,0.8408886884714128,0.8525467512607996,0.8190007070459592,0.897168046602325,0.6821935267138738,0.54507799538507,0.5898722956235636,0.8111280814156672,0.7778154829578647,0.994672955719459,0.9992861571487979,0.9999314600170967,0.9999508311486835,0.9986155230787208,0.9992599656876359,0.9985706412414436,0.9985670440939264,0.9993949352047935,0.9937904692852559,0.9894133141600561,0.9839534151776913,0.9969564687432142,0.9790995421393547,0.9586578723169058,0.999299811291267,0.9998346424266644,0.9795437857349866
36,0.9997438627694597,0.9999178967450332,0.9997422397826914,0.9998107843866465,0.9998067527926218,0.9991986509597038,0.999200660420024,0.9970955241266728,0.9986846569119066,0.9925806460338834,0.8113551871214995,0.9950364222897383,0.9958075411567072,0.9948355758719316,0.9951018310835529,0.8614356234619497,0.8260492698041096,0.7838711599456414,0.8942195345374039,0.65589869257135,0.5331779702448471,0.5921766336555633,0.8107199864243657,0.7293997700191742,0.9941753264593177,0.999138183291063,0.9999647388555846,0.9999483647555486,0.9983709232371051,0.9989625215090011,0.9981547820678086,0.9987964426799978,0.9991170502803673,0.993378945342469,0.9890590945375273,0.9811766329250219,0.9913583010578089,0.9783582632905604,0.9610020345870648,0.9990791294643245,0.9997868963198213,0.9997690429594839,0.9999116800400368,0.9998494223421802,0.999875433114335,0.9998577946652731,0.9995580749128602,0.9994352104864226,0.9977385280157623,0.9988918180328801,0.9950922351248921,0.8561013214541799,0.9975388305574853,0.9974531344025129,0.9960892074385538,0.996371400121699,0.8540665010713818,0.8647177201684041,0.8329588161092432,0.9053495791987862,0.702098677764846,0.5683086496184698,0.6117792573906404,0.8236421503616423,0.7925654735907964,0.9949943073897203,0.9993357661584028,0.9999367062215592,0.9999559981435383,0.9987054719554112,0.9993090813550793,0.998669381419349,0.9986685828544623,0.9994571140299661,0.9944384098170127,0.990993395863231,0.9863958532265596,0.9973502497205452,0.982266341972153,0.9648902914077317,0.9993609656322429,0.9998567587262024,0.9826730499693991
36.4,0.999778005045514,0.9999341628821612,0.9997986352073437,0.9998419331025634,0.9998306763313772,0.9992656478295437,0.9992715503494575,0.9973188845296934,0.9987863865976633,0.9931403283465917,0.826458700583918,0.9959040313982435,0.9965180432444389,0.9955450155451496,0.9956970262765099,0.8731019990863366,0.8401797041509442,0.800067154329099,0.902521983290268,0.6768064370741986,0.5567246759177075,0.6140992909746426,0.822932941943186,0.7464849646416174,0.9945205678735062,0.9991948967822617,0.9999676558357208,0.9999545874790884,0.9984764094467791,0.9990319779653275,0.998287315443554,0.9988842001613992,0.9992063435597064,0.9941062700285925,0.9907053680574556,0.984044162766453,0.9926268606828781,0.9816424026620147,0.966892240217416,0.9991550788996844,0.9998165041717689,0.9997939304387927,0.9999295466596991,0.9998823941089939,0.9998939665896281,0.999873723025119,0.999596201339252,0.9994837137832284,0.9979199345849447,0.9989759032868075,0.9954667622693211,0.8681461138549462,0.9979547212347308,0.9978744555295882,0.9965882603727393,0.9967850583278187,0.8663000268830791,0.8760083808868846,0.8460022011716611,0.9129253449929524,0.7212046788300646,0.5911460122056117,0.6331746506720808,0.8354747659789783,0.8065531761913896,0.9953015139046251,0.9993820466450881,0.9999415394604794,0.9999605158427514,0.9987906074708131,0.9993553053302359,0.9987622534800076,0.9987640030117304,0.9995115648401522,0.9950133237794707,0.9923353617135545,0.9884671454587624,0.9976892620494691,0.9849568152906026,0.9702078072702562,0.9994160895237338,0.9998756573426256,0.9853295503557244
36.8,0.9998072602365664,0.999946991424994,0.9998425545138433,0.9998676276886498,0.9998509884524951,0.9993269431752176,0.9993355904422778,0.9975267368279507,0.9988806265143314,0.9936649556700069,0.840557210246332,0.9966190977114318,0.9971050497836631,0.9961448144764097,0.9962058045949572,0.8838945585502083,0.8533358326288167,0.8152854392593755,0.9102200539291235,0.6969596220352812,0.5799161190905934,0.6354986460615795,0.8345018653629351,0.7628064087723877,0.9948511238572186,0.9992481765854685,0.9999703108648764,0.9999599456499798,0.9985761608449876,0.9990972996276879,0.9984109279787127,0.9989662998327019,0.9992847509389656,0.9947476880439777,0.9921025488969177,0.9864766371008779,0.9937049229510618,0.9844326351088166,0.9719147363977162,0.9992241946637873,0.9998416786406742,0.9998157752516255,0.9999435758675317,0.9999080639065475,0.9999094696391324,0.9998874285813949,0.9996309735566556,0.9995277485439151,0.9980878589770763,0.9990540565687085,0.9958171543430493,0.8793028137670666,0.9982985553644258,0.9982235221828107,0.9970143984643612,0.9971420462316597,0.8776323210857413,0.8864616476380492,0.8581645905291856,0.9199326227106025,0.7394845933931683,0.6135068437868213,0.6539938749823109,0.8466435764908685,0.8197885530253876,0.9955946489540963,0.9994252574282729,0.9999459958897002,0.9999644808433746,0.9988710945327385,0.9993987931670157,0.9988495289616652,0.9988535575647046,0.9995594613606409,0.995524135809826,0.9934750090905626,0.9902229222915079,0.9979815208142457,0.9872410857391438,0.9747377475765613,0.9994659092615282,0.99989183427123,0.9875829991920101
37.2,0.9998323686151868,0.9999571315075971,0.999876772465794,0.9998888732869917,0.9998683380601567,0.9993831012294949,0.9993935809894552,0.9977200699118745,0.9989679665771047,0.9941558060466844,0.8536843919056553,0.9972084271981319,0.9975902291175065,0.9966532643337582,0.9966423946109171,0.8938603270784903,0.8655561424277534,0.8295478039047399,0.9173501547652088,0.7163188905267753,0.6026638418231341,0.6563105804473279,0.8454428328030377,0.7783570021660754,0.9951670360177781,0.9992982574985667,0.9999727308661795,0.9999645732073946,0.9986704014215915,0.9991587056087575,0.9985262694833471,0.9990430357410731,0.9993539096660453,0.9953140328996538,0.9932881289089444,0.9885389108338437,0.9946213091302482,0.98680154112937,0.9761911317379369,0.9992872281219453,0.9998631188586735,0.99983500694704,0.9999546138454068,0.9999280569918763,0.9999224771821489,0.9998992978318548,0.9996627251676456,0.9995678107922532,0.9982432305831088,0.9991266926352673,0.9961443757173502,0.8896166889126369,0.9985829619226428,0.9985129442205198,0.9973794184307468,0.9974513872491297,0.8881087975865249,0.896121953118889,0.8694829692416578,0.9264076950455062,0.7569205890464138,0.6353159525130765,0.6741807111091805,0.8571685780935693,0.8322858784505718,0.9958738451763208,0.999465624087636,0.9999501078396276,0.9999679737047872,0.9989470965466335,0.9994396874907389,0.9989314659991125,0.9989374985032966,0.9996017733316848,0.9959786044910159,0.9944428457133176,0.991710749315424,0.9982338337741552,0.9891794347184176,0.9785917137517348,0.999511044764423,0.9999057061378805,0.989493320845847
37.6,0.9998539530207797,0.9999651666925485,0.9999034451232519,0.999906481413152,0.9998832440727017,0.9994346068393922,0.9994462032071072,0.9978997866083137,0.9990489254913003,0.9946142180771113,0.8658785824366519,0.9976941473604494,0.9979914530314791,0.9970854932813576,0.9970185448762573,0.9030470416811994,0.8768826258943335,0.8428819614053255,0.9239477693351016,0.7348546554352794,0.6248872270071549,0.676479506308221,0.8557739723306066,0.7931359772162209,0.995468404727014,0.9993453434211508,0.9999749396005317,0.9999685819132798,0.998759348012666,0.9992163994091063,0.9986339098375242,0.9991146897109887,0.9994151720669336,0.9958147079057434,0.9942940668392535,0.9902865583279601,0.9954005144817328,0.9888115590193282,0.9798277686254536,0.9993448252245033,0.9998814099189944,0.9998519860957443,0.999963318189647,0.9999436360619531,0.9999334237558436,0.9999096399015345,0.9996917451732654,0.9996043243531494,0.9983869054187733,0.9991941845666464,0.9964494263016289,0.8991342399879383,0.9988183500682608,0.9987531183944912,0.9976930957514327,0.9977205472827402,0.8977762700443332,0.9050344516851294,0.8799966371913062,0.9323856241852202,0.7735033127886526,0.6565069074350736,0.6936875866341511,0.867071643344958,0.8440630949275242,0.9961392905486431,0.9995033453304619,0.9999539042956027,0.9999710617558736,0.9990187766624836,0.9994781206852427,0.9990083126344302,0.9990160768808924,0.9996393041286555,0.9963834804583029,0.9952648389869653,0.9929712125582763,0.9984519849082739,0.9908235394769322,0.9818669356165441,0.9995520269519792,0.9999176232310244,0.9911118833803346
38,0.999872538343708,0.9999715518075063,0.999924247941677,0.9999211087678158,0.9998961228931819,0.9994818810007475,0.9994940401440818,0.9980667212040282,0.9991239651313536,0.9950415801690311,0.8771815875477508,0.9980945108522085,0.9983234544046535,0.9974540161251229,0.9973439597289766,0.9115024337052122,0.8873596969340208,0.8553203734807419,0.9300472370765175,0.7525466526062309,0.6465143544531002,0.6959586057239238,0.8655150671763073,0.807148268671518,0.995755386939153,0.999389613826848,0.9999769580620953,0.9999720651580363,0.9988432122675194,0.9992705718087233,0.9987343557198839,0.999181532893535,0.9994696583671443,0.9962578781823791,0.9951475686809452,0.991767083876661,0.9960633390298643,0.9905162470747808,0.9829171169533756,0.9993975436431285,0.9998970419009233,0.999867016487636,0.9999702001067886,0.9999557822070406,0.9999426633243809,0.9999187030514823,0.9997182862404516,0.999637653724936,0.9985196774296281,0.9992568718752816,0.9967333321664306,0.9079024144674049,0.9990132977498253,0.9989526155498292,0.9979635382776112,0.9979557100936878,0.9066821288138467,0.9132443446968477,0.8897463774358384,0.9379000843468441,0.7892311632506108,0.6770224965527898,0.7124756307736202,0.8763760875532541,0.8551411930711874,0.9963912239951067,0.9995385980872665,0.9999574113148132,0.9999738014007385,0.9990862984259521,0.9995142169310987,0.9990803090452768,0.9990895424760975,0.999672721344823,0.9967446431344434,0.9959630690812603,0.9940388830235632,0.9986408903199482,0.9922175987619755,0.9846476992379684,0.9995893121977011,0.9999278803468653,0.9924826180021911
38.40000000000001,0.9998885675938297,0.9999766415596599,0.9999404830486438,0.999933287982404,0.9999073099348998,0.999525292968824,0.9995375937023515,0.998221652420503,0.9991935016058694,0.9954393181380107,0.8876376123659848,0.9984245655109318,0.9985983738155345,0.9977691905724588,0.997626660123928,0.9192736366278467,0.8970332397304264,0.8668991607735949,0.9356815885022437,0.7693833427728275,0.6674825909432351,0.7147098579406829,0.8746871904491587,0.8204038561412001,0.996028192935776,0.9994312289180987,0.9999788048258296,0.9999751011002728,0.9989222019509215,0.9993214030624691,0.9988280635895597,0.9992438267839371,0.9995182995990389,0.9966506374333289,0.995871768920204,0.9930210099108268,0.9966274324754191,0.9919614355891527,0.985539207830718,0.9994458670313993,0.9999104256664254,0.9998803550152228,0.9999756571570956,0.9999652577867933,0.9999504850077934,0.9999266875837545,0.9997425711741661,0.9996681144749802,0.9986422870315125,0.9993150666580102,0.9969971358226183,0.9159679473312194,0.9991748731125314,0.9991185009144532,0.9981974783061587,0.9981620044397697,0.9148736489432026,0.920796321157815,0.8987737356294332,0.9429832434031235,0.8041094947271739,0.6968149380143518,0.7305145384184625,0.8851062756994036,0.8655436262062092,0.9966299304529034,0.9995715415695704,0.9999606523874521,0.9999762400131605,0.999149825983064,0.9995480937304173,0.9991476889528481,0.9991581431790042,0.9997025816463798,0.9970672188191232,0.9965562950920872,0.9949431659009194,0.9988047305307206,0.9933993419685281,0.9870067660853796,0.9996232943475833,0.9999367258233947,0.9936430224765092
38.8,0.9999024151986472,0.9999807127662373,0.9999531625685562,0.9999434520304747,0.9999170765033564,0.9995651696980659,0.9995772984950733,0.9983653128606574,0.9992579137310612,0.9958088821066371,0.8972923216322284,0.9986967115129196,0.9988262128848574,0.9980395948818899,0.9978732818168032,0.9264067087442939,0.9059497901921573,0.8776571140215315,0.9408824273240129,0.7853611996110808,0.6877389183427568,0.7327038757915534,0.8833123730456303,0.8329170996387443,0.996287082260913,0.9994703336975107,0.999980496352182,0.9999777552586888,0.9989965217286034,0.9993690645449571,0.9989154496809657,0.9993018238429154,0.9995618724381347,0.9969991525408941,0.9964863219190339,0.9940828437213357,0.9971077630619584,0.9931862626982141,0.9877630366400232,0.9994902168822153,0.9999219059849994,0.9998922197090814,0.9999799986630118,0.9999726552631278,0.9999571256029898,0.9999337559352883,0.9997647979934905,0.9996959816391254,0.9987554275412051,0.9993690582338657,0.9972418866581103,0.92337682032057,0.9993089000272276,0.9992565987358591,0.9984005135304307,0.998343691177308,0.9223974209788066,0.9277341045547923,0.9071204073682307,0.9476656861575161,0.8181497848100934,0.7158458622709887,0.7477822682672094,0.8932872708853505,0.8752957670048587,0.9968557356040717,0.9996023204841817,0.999963648749117,0.9999784174937087,0.9992095239599451,0.9995798630288911,0.9992106804210934,0.9992221242100364,0.9997293509683389,0.9973556825640603,0.99706044372326,0.9957090426345594,0.9989470626469255,0.9944009239855892,0.9890067304844599,0.9996543147119583,0.9999443690725288,0.9946250508109645
39.2,0.9999143980423646,0.999983981628066,0.9999630733389928,0.9999519536541933,0.9999256430488983,0.999601803202946,0.9996135331313316,0.9984983957573497,0.9993175494878745,0.9961517334304212,0.9061920301579239,0.9989211636634002,0.9990152096162109,0.998272339939911,0.9980893213661941,0.9329462590704013,0.9141558457989215,0.8876348143570926,0.9456798524545197,0.8004839199394974,0.707240014592456,0.749919577322447,0.8914133053266551,0.844706085309712,0.9965323590771827,0.9995070611526276,0.999982047253643,0.9999800826529688,0.9990663735582935,0.999413719963923,0.9989968976331346,0.9993557678324945,0.9996010274744408,0.9973087887461494,0.9970079129307956,0.9949819282438195,0.9975170196817587,0.9942240950556763,0.9896478908150725,0.9995309623780398,0.9999317724456489,0.9999027962917634,0.9999834654259492,0.9999784351252338,0.9999627795766559,0.9999400405782447,0.9997851439239596,0.9997214965122017,0.9988597500184029,0.9994191166184723,0.9974686318945248,0.9301738293400894,0.9994201772570772,0.9993717107314614,0.9985773056207218,0.9985043172028331,0.929298894134863,0.9341000954924109,0.9148277274766764,0.951976372431288,0.8313687934507356,0.7340860902731168,0.7642646030929547,0.900944524053199,0.8844244112018151,0.9970690004461884,0.9996310675652287,0.9999664196507357,0.9999803675501173,0.9992655571156144,0.9996096320250907,0.9992695062163632,0.9992817272559753,0.9997534209227653,0.9976139459876238,0.99748902958448,0.996357715440881,0.9990709153978592,0.9952497118234369,0.9907012836258559,0.9996826703707146,0.9999509868653328,0.9954558953275394
39.6,0.9999247846538813,0.9999866171539356,0.9999708271728306,0.9999590808590886,0.9999331895810556,0.999635456304678,0.9996466294074663,0.9986215596930293,0.9993727309202178,0.9964693321892937,0.9143830194702461,0.9991063343005105,0.9991721487161445,0.9984733268088248,0.9982793387862016,0.938935164237263,0.9216972960967839,0.8968738653868465,0.9501024134001171,0.8147615890701861,0.7259521104364324,0.76634372124649,0.8990130722165366,0.8557919951987228,0.9967643671436377,0.999541534719449,0.9999834705274767,0.999982129573238,0.9991319567867202,0.9994555262391112,0.9990727642603082,0.9994058939551502,0.9996363121483789,0.9975842178906709,0.9974506980025241,0.9957431852197693,0.9978659557891993,0.9951033386868959,0.9912445766432265,0.9995684285663877,0.9999402685346858,0.9999122435394925,0.9999862450268454,0.9999829553429412,0.9999676070608503,0.9999456502082075,0.9998037685499926,0.9997448721421911,0.9989558669297738,0.999465495112548,0.9976784083108134,0.9364022485430966,0.9995126592247349,0.9994677962775662,0.9987317437594907,0.9986468419811265,0.9356220201495342,0.9399350991296945,0.9219362533236746,0.9559426237958104,0.8437877367055399,0.7515152373502134,0.7799546012271311,0.9081036037332976,0.8929573311146203,0.9972701158461825,0.9996579055573788,0.999968982591634,0.9999821187505906,0.9993180898460068,0.9996375037398908,0.9993243838612593,0.9993371895878187,0.9997751221295876,0.9978454329257558,0.9978535156070372,0.9969071643383287,0.9991788696189006,0.9959689713044482,0.992136367565985,0.9997086210756168,0.9999567285808962,0.9961586693946731
40,0.999933802871551,0.9999887515956777,0.9999768998943651,0.9999650693008633,0.9999398638617876,0.9996663671281906,0.9996768797967251,0.9987354318253679,0.9994237578371197,0.9967631256242689,0.9219109732784063,0.99925914999361,0.999302617861021,0.9986474590452117,0.9984471242705903,0.9444143642456124,0.9286189639155006,0.9054162354423706,0.9541770932107557,0.8282098309437671,0.7438506523039887,0.7819703367442206,0.9061349207210669,0.8661985119342689,0.9969834845882111,0.9995738701633943,0.9999847777585572,0.9999839350434392,0.9991934680346339,0.9994946341253945,0.9991433838748699,0.9994524288665274,0.9996681893542758,0.9978295119221101,0.9978266814789931,0.9963877604321824,0.9981636828800537,0.9958481479054805,0.9925965327601252,0.9996029031399046,0.9999475991922214,0.9999206976811937,0.9999884837002362,0.9999864942409994,0.9999717402667264,0.9999506745956032,0.999820816317472,0.9997662977806686,0.9990443549554165,0.9995084322230612,0.9978722348876765,0.9421035793065593,0.9995896050205261,0.9995481209485034,0.9988670792391642,0.9987737414486548,0.9414089857229143,0.9452781264241352,0.928485433175926,0.959590133484566,0.8554314940764505,0.7681211761933798,0.7948519687669726,0.9147899638865544,0.9009228798868592,0.9974594971950954,0.9996829487603546,0.9999713535207282,0.9999836953907677,0.9993672856008333,0.9996635774047187,0.9993755254871338,0.9993887432084227,0.9997947350484949,0.9980531445813475,0.9981636213522359,0.9973726266195726,0.9992731263816688,0.9965784631361487,0.9933512131458467,0.9997323949865853,0.999961720593013,0.9967530001020872
40.40000000000001,0.9999416462497688,0.9999904885615083,0.9999816616573952,0.9999701122099057,0.9999457878595395,0.9996947526343775,0.9997045435571607,0.9988406100408683,0.99947091060529,0.9970345377661157,0.928820522036067,0.9993853131799858,0.9994112191261272,0.9987988175823852,0.9985958351997211,0.9494227254130765,0.9349642460181641,0.9133037049317895,0.9579293138054773,0.8408489675577515,0.7609198037069086,0.7968000764997336,0.9128020582852858,0.8759512660164548,0.997190118620918,0.9996041769936268,0.9999859792958685,0.9999855320323582,0.9992511009362186,0.9995311886435698,0.9992090714941207,0.9994955906160305,0.9996970525288257,0.9980482236105528,0.9981460391220277,0.9969335811666772,0.9984179204642196,0.9964790414445481,0.993740827114694,0.9996346420557422,0.9999539371060229,0.9999282760177322,0.9999902955498203,0.9999892682642499,0.9999752886422848,0.9999551883931082,0.9998364185342112,0.9997859424936908,0.9991257571842276,0.9995481530880581,0.9980511064522118,0.9473173724416677,0.9996537011740425,0.9996153789061083,0.9989860361997557,0.9988870932732149,0.9467000215105525,0.9501662585436403,0.9345133500199057,0.9629429946993134,0.8663278634810323,0.7838993916542651,0.8089623795219155,0.9210287473519786,0.9083496457704311,0.9976375792575395,0.9997063042252305,0.9999735470102362,0.9999851182077454,0.9994133062609827,0.999687948715549,0.9994231375654775,0.9994366140639805,0.9998124987827973,0.9982397156223098,0.9984275862095433,0.99776700819111,0.999355564651088,0.997094957943181,0.9943792627213082,0.9997541934396363,0.999966069938893,0.997255540404105
40.8,0.9999484794229657,0.9999919093258667,0.9999854004932763,0.9999743683606291,0.9999510628405665,0.9997208114099814,0.9997298517190869,0.9989376643651379,0.999514452257225,0.9972849603962565,0.9351548856782942,0.999489518109879,0.9995017432875469,0.9989308046825551,0.9987281086127942,0.9539969596664399,0.9407748414480188,0.9205774115963266,0.961382959152029,0.8527032080391441,0.7771518205541761,0.8108395209967448,0.9190374800954284,0.8850773309385379,0.9973847003096992,0.9996325595073056,0.9999870844058759,0.9999869484564895,0.999305045786104,0.9995653293696229,0.9992701251966225,0.9995355885562851,0.9997232378900927,0.9982434561881853,0.9984173940860032,0.9973958358991665,0.9986352086510963,0.9970134353652906,0.9947090401367785,0.999663874191391,0.9999594279567922,0.9999350799076636,0.9999917697013824,0.9999914457753247,0.9999783430304358,0.9999592541274563,0.9998506949828614,0.999803958098145,0.999200584885174,0.9995848705380981,0.998215988345165,0.9520811125786337,0.9997071627715675,0.9996717937048611,0.9990909027162034,0.9989886467717232,0.9515332762155922,0.9546345644964174,0.9400565313096398,0.9660237431866663,0.8765068740342778,0.7988522602090946,0.8222967679624307,0.9268446221218024,0.9152661546627059,0.997804811288609,0.9997280726765606,0.9999755764057622,0.999986404968549,0.9994563115127076,0.9997107099898875,0.9994674205787109,0.9994810213421199,0.9998286182382816,0.9984074624891255,0.9986523937047707,0.998101235491074,0.9994277900709476,0.9975326795937138,0.9952489829940685,0.9997741949114808,0.99996986738951,0.9976804100098943
41.2,0.9999544426032578,0.9999930777380993,0.9999883406017885,0.9999779684848378,0.9999557733917681,0.9997447258879949,0.9997530111653365,0.9990271378815681,0.9995546300905824,0.9975157453958554,0.9409556030296782,0.9995756289434099,0.9995773134260213,0.9990462623720369,0.9988461534577782,0.9581715902856059,0.9460905558701828,0.9272774849772871,0.9645604123944632,0.8637998828727471,0.792546334822264,0.8241004590507939,0.9248638231795876,0.8936047689931116,0.9975676795181027,0.9996591175437847,0.9999881014056472,0.9999882080111098,0.9993554891360429,0.9995971906227776,0.9993268278395006,0.9995726232514311,0.9997470343684728,0.99841792341207,0.9986480522066734,0.9977873856918354,0.9988210887071552,0.9974661021606075,0.9955280405034268,0.9996908052023794,0.9999641947921402,0.9999411972369784,0.9999929758553693,0.9999931577714185,0.9999809790293965,0.9999629245538884,0.9998637552347869,0.9998204815567809,0.9992693189938145,0.9996187858966795,0.9983678120903863,0.9564301544609985,0.9997518167149292,0.9997192012950448,0.9991836057186341,0.9990798802195558,0.955944745117152,0.9587160628566135,0.9451498153938646,0.9688534105689298,0.8860001629964719,0.8129882841556012,0.8348706169907071,0.9322616474778814,0.921700618222439,0.9979616524722892,0.9997483492206107,0.9999774539561189,0.9999875709555172,0.9994964582453766,0.9997319502560107,0.9995085686749057,0.9995221768703488,0.9998432699484072,0.9985584250044848,0.9988439623957526,0.998384555882686,0.9994911762400939,0.9979036856127335,0.9959845757911248,0.9997925583183804,0.9999731900208814,0.9980395737551431
41.6,0.9999596553565172,0.9999940440423921,0.9999906565595915,0.9999810204440506,0.9999599906051299,0.9997666641324719,0.9997742079780825,0.9991095473475116,0.999591676894904,0.997728198474803,0.9462623364195168,0.9996468265422356,0.9996405031789006,0.9991475698518542,0.9989518261988591,0.9619789552613732,0.9509491706898803,0.9334427606635456,0.9674826035970479,0.8741687345085571,0.8071095791886351,0.8365991663342275,0.930303245040569,0.9015622287033206,0.997739520083275,0.999683947014667,0.9999890377782928,0.9999893308595009,0.9994026133739445,0.9996269015839876,0.9993794483034892,0.9996068864052292,0.9997686916696051,0.9985740013587096,0.9988442023031237,0.9981191160528091,0.9989802562482986,0.9978495649852797,0.9962206619459595,0.9997156207203741,0.9999683416761601,0.9999467044674922,0.9999939685977816,0.9999945062085639,0.9999832597150617,0.9999662445123527,0.9998756997331087,0.9998356369393406,0.9993324114157035,0.9996500895976635,0.9985074720155187,0.9603977018447875,0.9997891702611109,0.9997591183529233,0.9992657726222385,0.9991620478102141,0.9599682433485834,0.9624417193956708,0.9498262659403034,0.9714515854689253,0.8948404201004589,0.8263213074206365,0.8467032589252945,0.9373031669724091,0.9276807243009272,0.9981085677191007,0.9997672238884654,0.9999791909258121,0.9999886293670288,0.9995338999918542,0.9997517552971997,0.9995467693381578,0.9995602846214653,0.9998566068187371,0.9986944022293014,0.9990073081427057,0.9986247935813619,0.9995468996360273,0.9982181927667481,0.9966065959233427,0.9998094257639077,0.9999761033688039,0.9983431654842445
42,0.9999642197762484,0.9999948478515406,0.9999924843584564,0.9999836134097897,0.9999637746037899,0.9997867812909861,0.9997936101935363,0.9991853836465906,0.9996258119100386,0.9979235742251423,0.9511127404854838,0.999705729398367,0.999693434075744,0.9992367236034111,0.9990466927468751,0.9654492405021682,0.9553863664868772,0.9391105646788012,0.9701690652941222,0.8838412716878068,0.8208535821373365,0.8483557000565599,0.9353773245144668,0.9089785932645439,0.9979006952939757,0.9997071402635997,0.9999899002730103,0.9999903342049884,0.9994465963101123,0.9996545863694204,0.9994282423960393,0.9996385608227615,0.9997884268264273,0.9987137730887198,0.9990110864839195,0.9984002371916729,0.9991166911012677,0.9981744352656927,0.9968062904725739,0.9997384890074641,0.9999719567364217,0.9999516683403815,0.9999947907476257,0.9999955704679708,0.9999852378518032,0.9999692523940472,0.9998866206972631,0.9998495370362313,0.9993902862188504,0.9996789616783381,0.9986358227523388,0.9640148207218096,0.9998204674360883,0.9997927985232921,0.9993387820388142,0.999236218128823,0.9636354152901339,0.9658404733886886,0.9541171263856092,0.9738364799656423,0.9030608998655076,0.8388697360015609,0.8578172045124565,0.9419917252753264,0.9332334660602003,0.9982460238466265,0.9997847820531971,0.9999807976927143,0.9999895916486887,0.9995687864243382,0.9997702076683876,0.9995822030961899,0.9995955403270992,0.9998687619958625,0.9988169833793397,0.9991466819120244,0.9988285673542048,0.9995959691670377,0.9984848551243414,0.9971324856755474,0.9998249248310078,0.9999786632356936,0.9985997646963389
42.40000000000001,0.999968223154064,0.9999955204629585,0.999993929981548,0.9999858212491521,0.9999671765506396,0.9998052207939353,0.9998113700791758,0.9992551121756604,0.9996572415953767,0.9981030724106444,0.9555423848727931,0.9997544932169842,0.9997378556309825,0.9993154032632809,0.999132079164553,0.9686105361700791,0.9594356912335127,0.9443165585574749,0.9726379935013615,0.8928501914743837,0.8337953591844012,0.8593932243059509,0.9401069825734217,0.9158826781760657,0.9980516837115863,0.9997287862995009,0.9999906949917576,0.9999912327661229,0.9994876107890071,0.9996803640776696,0.9994734535131929,0.9996678204138573,0.9998064295300523,0.998839067169077,0.9991531448000341,0.998638539755564,0.9992337673092809,0.9984497011731824,0.9973013715721705,0.9997595631631314,0.9999751147094647,0.9999561472968522,0.9999954759567892,0.9999964123795104,0.9999869576921107,0.9999719813030645,0.9998966028891059,0.9998622846941558,0.9994433407646894,0.9997055721914908,0.9987536775325834,0.9673104796173949,0.9998467354633747,0.9998212787084177,0.9994038055232882,0.9993033056745195,0.9669757725049927,0.9689392863083863,0.9580518072309763,0.9760249993559139,0.9106950004431626,0.8506557819506307,0.8682375112982516,0.9463490060187593,0.9383850059722776,0.9983744861545727,0.9998011047523438,0.9999822838331071,0.9999904677673741,0.9996012629135035,0.9997873866983239,0.9996150432788452,0.9996281311964909,0.9998798520272916,0.9989275745031506,0.999265686708772,0.9990014754591657,0.9996392511841331,0.9987110011055164,0.9975770353433491,0.9998391704976333,0.9999809172066862,0.9988166324223602
42.8,0.9999717402287492,0.9999960866632592,0.9999950760676889,0.9999877052723671,0.999970240249799,0.9998221153611121,0.9998276260262708,0.9993191732335384,0.9996861602690278,0.9982678353831196,0.9595847214330958,0.9997948928950293,0.99977521123137,0.9993850258034699,0.9992091131701009,0.9714889104119415,0.9631285647753948,0.94909463613093,0.9749063122543261,0.9012288701917509,0.8459561216125755,0.8697373770332464,0.9445124208641419,0.9223029753525782,0.9981929653623559,0.9997489709382807,0.9999914274643406,0.9999920391717654,0.9995258243394705,0.999704348824706,0.9995153131370242,0.9996948302420235,0.999822866474131,0.9989514909075623,0.9992741380034367,0.9988406123048571,0.9993343462646375,0.9986829736528784,0.9977198466825939,0.9997789829641179,0.9999778790687049,0.999960192666296,0.9999960507298,0.9999970801246461,0.9999884564449969,0.9999744599793174,0.9999057242710666,0.9998739739293013,0.9994919468097984,0.9997300815678933,0.998861807188795,0.9703116107089682,0.999868822972506,0.9998454171634067,0.9994618419618316,0.9993640966943947,0.9700167536802798,0.9717632075155211,0.9616578998223279,0.9780328135788917,0.9177759059837348,0.8617047457068842,0.877991199464179,0.9503957879250858,0.9431605708641436,0.9984944153959677,0.9998162689403807,0.999983658195961,0.9999912664383174,0.9996314701548843,0.9998033684868943,0.9996454558350418,0.9996582357347049,0.9998899794472056,0.9990274215233091,0.9993673767336387,0.9991482525824499,0.9996774906563891,0.9989028352680537,0.997952778750777,0.9998522667417102,0.9999829059226234,0.9989999120410962
43.2,0.999974835082128,0.9999965661350868,0.9999959870906017,0.9999893164670619,0.999973003427415,0.9998375878613479,0.9998425041325522,0.9993779824544172,0.9997127506603897,0.9984189465042986,0.9632710875114945,0.9998283899906935,0.9998066923271978,0.9994467901069636,0.9992787581064744,0.9741084956570948,0.9664943120853902,0.9534768637044738,0.9769897400973583,0.9090109222395129,0.8573605197587242,0.8794156864103699,0.9486130758811048,0.9282674403923659,0.9983250183163952,0.9997677768808756,0.9999921027134818,0.9999927642899024,0.9995613988719486,0.9997266497767698,0.9995540412262983,0.9997197466194132,0.999837884902589,0.9990524590375983,0.9993772516513312,0.9990120260109142,0.9994208555207229,0.9988806959271762,0.9980735276401997,0.9997968764036301,0.9999803038044525,0.9999638496629232,0.9999965359933841,0.9999976112690777,0.9999897654769319,0.9999767135344049,0.9999140565795043,0.9998846908624981,0.9995364515977943,0.9997526409513315,0.9989609397682092,0.9730431864452781,0.9998874314423175,0.999865924848615,0.9995137459216946,0.9994192703661655,0.972783801004902,0.9743354523841172,0.9649612110616048,0.9798744289884425,0.9243362884049573,0.8720443476901226,0.8871067203435699,0.9541519166931279,0.9475843742573339,0.9986062651378615,0.9998303476904881,0.9999849289680515,0.9999919953135723,0.9996595438634015,0.9998182259044621,0.9996735992111757,0.9996860236525117,0.9998992348973229,0.9991176301574308,0.9994543414213588,0.9992729028932371,0.9997113291048485,0.9990656098636178,0.998270332007716,0.9998643078898859,0.9999846641496327,0.9991548000322559
43.6,0.9999775627385927,0.999996974554519,0.999996713384675,0.999990697318718,0.9999754987595406,0.9998517520597292,0.9998561195352239,0.9994319313106261,0.9997371844073495,0.9985574294476385,0.9666307379175137,0.9998561882409104,0.999833282997458,0.9995017136583672,0.9993418407479633,0.9764915834694076,0.9695602188071555,0.9574934560725646,0.9789028572533889,0.9162298240637144,0.8680359337063944,0.8884570414123704,0.9524275868035943,0.9338033193004569,0.9984483156581314,0.9997852837493558,0.9999927253112476,0.9999934175015999,0.9995944904277058,0.9997473711883574,0.9995898465427913,0.9997427172460098,0.9998516155142262,0.9991432184900408,0.9994651843391763,0.9991574913456632,0.9994953554622259,0.9990483216652706,0.998372417108819,0.9998133609847337,0.9999824349139592,0.9999671582243022,0.9999969483166071,0.9999980351194326,0.9999909112963027,0.9999787640407508,0.9999216658307847,0.9998945145117233,0.9995771789515351,0.9997733925212011,0.9990517606697322,0.9755283072001426,0.9999031410774299,0.9998833912340326,0.9995602510465479,0.9994694161804007,0.9753004483059062,0.9766774890516008,0.9679858142653316,0.9815632594381521,0.9304080637231366,0.881704116540465,0.8956134803508642,0.9576362903231154,0.9516795624185402,0.9987104794982928,0.9998434103605288,0.9999861037312725,0.9999926611387147,0.9996856145346538,0.9998320285979085,0.9996996242905872,0.9997116558589584,0.9999076988712583,0.9991991831615863,0.9995287766348574,0.9993788127653926,0.9997413197980021,0.9992037705418128,0.9985386829993099,0.9998753797550592,0.9999862216784348,0.9992856910151207
44,0.9999799705157787,0.999997324447676,0.9999972942746961,0.9999918832968395,0.999977754700233,0.9998647132781771,0.999868577542593,0.9994813876959545,0.9997596225199589,0.9986842482553979,0.9696908991609139,0.9998792792374137,0.9998557965956673,0.9995506627634988,0.9993990740708019,0.9786587246637726,0.972351603553249,0.961172781634835,0.9806591724673329,0.9229185993273431,0.8780118203766746,0.8968912190067295,0.9559737751697713,0.9389370107789798,0.9985633228439911,0.9998015680978525,0.9999932994280289,0.9999940069295159,0.9996252489822051,0.9997666124500539,0.9996229269437491,0.9997638813895934,0.9998641748481056,0.9992248698000783,0.9995402224463936,0.9992809908901331,0.9995595956896229,0.9991904663413759,0.9986249822032954,0.9998285448130571,0.9999843116496537,0.9999701537191186,0.9999973008597923,0.9999983745549076,0.9999919163622718,0.9999806310055074,0.9999286127732961,0.9999035174700421,0.9996144303692045,0.9997924698123201,0.9991349132185746,0.9777882962609178,0.9999164321047244,0.9998983055395042,0.9996019893864361,0.9995150482193712,0.9775884170645648,0.9788091306533967,0.9707541121011665,0.9831116958793032,0.9360221977060643,0.8907148383028177,0.9035414209913029,0.9608668557750398,0.9554681807627323,0.9988074912411902,0.9998555227345823,0.9999871895133058,0.9999932698833968,0.9997098072699201,0.9998448430063417,0.9997236743913204,0.9997352845270329,0.9999154431538438,0.9992729552750961,0.9995925449574602,0.9994688462140681,0.9997679406338061,0.9993210799913937,0.9987654383085017,0.9998855605998132,0.999987604081035,0.9993963008370123
44.40000000000001,0.9999820991660868,0.9999976258598799,0.9999977605094639,0.9999929040705301,0.9999797961515661,0.9998765689885221,0.9998799746029082,0.9995266965911536,0.9997802158252794,0.9988003080312849,0.9724768404648555,0.9998984800019426,0.9998749058824308,0.9995943774592372,0.9994510759119787,0.9806288320278559,0.9748919022956876,0.9645413906944558,0.9822711887371481,0.9291095605086735,0.8873191225965601,0.9047484682993614,0.959268634711804,0.9436939601639576,0.9986704954358481,0.9998167034109198,0.9999938288751199,0.999994539628751,0.9996538183026404,0.9997844681490781,0.9996534696616548,0.9997833701020113,0.999875667249682,0.9992983856207113,0.9996043034319322,0.9993858918172698,0.9996150626963409,0.9993110357003451,0.9988383877336041,0.9998425275257767,0.9999859675656108,0.9999728675465048,0.9999976041128764,0.9999986474510486,0.9999927997508725,0.999982331753806,0.9999349532953541,0.9999117664912326,0.9996484861234307,0.9998099980376183,0.9992109995992765,0.9798427991283587,0.9999277023020375,0.999911074220568,0.9996395073912886,0.999556616902926,0.9796677171400833,0.9807486304888612,0.9732869081828425,0.9845311738690022,0.9412085554625085,0.8991080682595607,0.9109206539670348,0.963860615068915,0.9589711575117809,0.9988977202070988,0.9998667471485287,0.9999881928326239,0.9999938268503687,0.9997322416606498,0.999856732388126,0.9997458853177846,0.9997570532226646,0.9999225320131521,0.9993397261909948,0.9996472267389424,0.9995454256564544,0.9997916050670808,0.9994207227843751,0.9989570335006955,0.9998949219563015,0.9999888333479041,0.9994897709564592
44.8,0.9999839838422888,0.9999978868788342,0.9999981361545287,0.9999937845046099,0.999981645008296,0.9998874093521525,0.9998903991411742,0.9995681808066614,0.9997991054027475,0.9989064561566438,0.9750119569277399,0.9999144638951309,0.9998911678024865,0.9996334920667527,0.9994983842732446,0.9824192835330615,0.9772027609735559,0.9676240618115434,0.9837504673320119,0.9348341016779302,0.8959897428156139,0.9120591503723526,0.9623283298283125,0.9480985811721075,0.9987702771931355,0.9998307600985942,0.9999943171417973,0.999995021746464,0.9996803358579412,0.9998010281439665,0.999681651585322,0.9998013064667012,0.9998861864981993,0.9993646267479486,0.9996590694171561,0.9994750411007353,0.9996630201789797,0.9994133347112377,0.9990186947362368,0.9998554010870673,0.9999874313955859,0.9999753276452601,0.9999978664702693,0.9999988677866745,0.9999935777047816,0.9999838817405579,0.9999407387964825,0.9999193230006627,0.9996796063597835,0.999826094416466,0.9992805820750139,0.9817098846932133,0.9999372814274579,0.9999220353662038,0.9996732791653233,0.9995945186676021,0.9815567496443257,0.982512778073921,0.9756034844845647,0.9858322385484488,0.945995789636904,0.9069157050107207,0.9177811491305014,0.9666336391434869,0.9622083017924763,0.9989815720550167,0.9998771426058926,0.9999891197386562,0.9999943367667511,0.9997530317274497,0.9998677568598903,0.9997663854609217,0.9997770970874851,0.9999290231918458,0.9994001918295254,0.9996941633047294,0.9996106002249496,0.9998126713852,0.9995053942279926,0.9991189119719543,0.9999035293276944,0.9999899284249528,0.9995687569087491
45.2,0.9999856549150641,0.9999981140440686,0.9999984400646297,0.9999945454773961,0.9999833206029014,0.9998973177165068,0.9998999322884016,0.9996061417933743,0.9998164230154806,0.9990034839275198,0.9773178609805817,0.9999277860407497,0.9999050438590281,0.9996685521698925,0.9995414698895547,0.9840460243810403,0.9793041331394265,0.9704438618267888,0.9851076896509816,0.9401225370015481,0.9040560817553945,0.9188534313235894,0.9651682013200287,0.9521742017916842,0.9988630985023034,0.9998438054947062,0.9999947674276805,0.999995458655568,0.9997049327783541,0.9998163776537399,0.9997076395509272,0.9998178058721736,0.9998958171601743,0.9994243560055983,0.9997059125355083,0.9995508460613537,0.9997045431174884,0.9995001599146949,0.9991710292510723,0.9998672504745617,0.9999887277903579,0.9999775589279972,0.9999980946787365,0.9999990465046196,0.9999942640881055,0.9999852948057991,0.9999460165277136,0.9999262435452611,0.9997080321893871,0.9998408685093596,0.9993441844287021,0.9834061463606808,0.9999454430991078,0.99993147055659,0.9997037174716414,0.9996291039595916,0.9832724099401707,0.9841169944708004,0.9777216822473414,0.9870246067847583,0.9504112620783741,0.9141696247654666,0.9241524721179811,0.9692010879880576,0.9651983136449592,0.9990594372890198,0.99988676488836,0.9999899758478142,0.9999948038606643,0.9997722859081366,0.9998779734474367,0.9997852959409343,0.9997955430661998,0.99993496873548,0.9994549741518316,0.9997344935262475,0.9996661035317619,0.9998314505877079,0.9995773756269286,0.9992556768931623,0.9999114427917631,0.9999909056664457,0.9996355032420812
45.6,0.9999871386658217,0.9999983126677298,0.9999986870294737,0.9999952045532933,0.9999848400712303,0.9999063710758465,0.999908648522704,0.9996408605098439,0.999832291540133,0.9990921285202435,0.9794144789751442,0.9999389042382597,0.9999169168691284,0.9997000286595951,0.9995807465678412,0.9855236666213076,0.9812143800750863,0.9730222158515706,0.9863527166022101,0.9450039795371112,0.9115506403957941,0.9251610251409675,0.9678027781587889,0.9559430308815036,0.9989493751193493,0.9998559038628513,0.999995182671045,0.9999958550668963,0.9997277338608562,0.9998305973610968,0.9997315906475798,0.9998329763061924,0.9999046357210922,0.9994782502881959,0.9997460133070009,0.999615342480824,0.999740546588642,0.9995738776545878,0.9992997256551146,0.9998781542767086,0.9999898779374846,0.9999795836525813,0.9999982941866389,0.9999991921811908,0.9999948707634347,0.999986583385298,0.9999508299051714,0.9999325801934646,0.9997339867696627,0.9998544225582975,0.9994022935691222,0.9849468016233947,0.9999524145777331,0.9999396146316519,0.9997311828877015,0.9996606838519929,0.9848301891857728,0.9855754256532447,0.9796579844944159,0.9881172262779973,0.9544809941564331,0.9209013726001333,0.9300635678793789,0.9715772357476169,0.9679588036959571,0.9991316905426049,0.9998956666639847,0.999990766375961,0.9999952319257658,0.9997901070892383,0.9998874361479496,0.9998027307864457,0.9998125101700179,0.9999404156881061,0.9995046297166358,0.9997691847696942,0.9997134025006482,0.9998482130855592,0.9996385980086432,0.9993712201782844,0.9999187175234517,0.999991779217354,0.9996919069655786
46,0.9999884578744057,0.9999984870862264,0.9999988886655974,0.999995776536956,0.9999862186546776,0.999914640501653,0.9999166162376165,0.9996725983331692,0.9998468253959583,0.9991730752037842,0.9813201503400859,0.9999481961645009,0.999927104744859,0.9997283293694791,0.9996165797089152,0.9868655853997212,0.9829503713317096,0.9753789841340895,0.9874946452861757,0.9495062550565407,0.9185056822892579,0.9310109824658706,0.9702457941967928,0.9594261423101701,0.9990295071992834,0.9998671164127456,0.9999955655736671,0.999996215123475,0.9997488576161069,0.9998437635286255,0.9997536525391219,0.9998469186655936,0.9999127115371985,0.9995269110181775,0.9997803731061033,0.9996702521823069,0.9997718101284317,0.9996364903232074,0.999408448283248,0.9998881852170767,0.9999909000827235,0.99998142174104,0.9999984694165206,0.9999993115469719,0.9999954079051486,0.9999877586855832,0.9999552188001899,0.999938380893691,0.9997576763671077,0.9998668518312964,0.9994553612528131,0.9863457889443616,0.9999583848241173,0.9999466637410903,0.999755991439745,0.999689535539277,0.9862442732248432,0.9869010329737131,0.9814275986552171,0.989118331521984,0.958229641265237,0.9271419066036719,0.9355425859564365,0.9737754996728525,0.9705063205236575,0.9991986900936336,0.9999038975950184,0.9999914961678182,0.9999956243757863,0.9998065926753311,0.9998961960025441,0.9998187971440219,0.9998281097682906,0.9999454066796545,0.9995496571533172,0.9997990590862658,0.9997537386384965,0.99986319440197,0.9996906960625677,0.9994688318661936,0.9999254042502042,0.9999925613364495,0.9997395712505266
46.40000000000001,0.9999896323181403,0.9999986408579146,0.9999990541108192,0.9999962739306812,0.9999874699514466,0.9999221915464717,0.999923898249806,0.9997015980006825,0.9998601309724399,0.9992469597276241,0.9830517272620032,0.9999559735234833,0.9999358718300526,0.9997538087327839,0.999649293348941,0.9880840111647252,0.9845275840964457,0.9775325432547026,0.9885418628499739,0.9536558459236144,0.9249529521950383,0.9364315209723701,0.9725102088512213,0.9626434737556456,0.9991038785854479,0.999877501328394,0.9999959186226924,0.9999965424799099,0.9997684163523441,0.9998559481266464,0.9997739638018127,0.9998597270770258,0.9999201076410233,0.9995708732369538,0.9998098416298045,0.9997170316936121,0.9997989983334392,0.9996896924367875,0.9995002945501256,0.9998974106185211,0.9999918099691626,0.9999830910543437,0.9999986239781088,0.9999994098920951,0.9999958842603299,0.99998883083056,0.999959219808473,0.9999436897980452,0.9997792913963308,0.9998782449689954,0.9995038058795974,0.9876158611110746,0.9999635111372638,0.9999527819806839,0.9997784209847789,0.999715906914875,0.9875276379371395,0.9881056800541852,0.9830445381223706,0.9900354965763145,0.9616804874648167,0.9329213903142949,0.9406167432032373,0.9758084719430775,0.9728563839976028,0.9992607775832835,0.9999115044464947,0.9999921697237217,0.999995984290784,0.9998218346907635,0.9999043011779648,0.9998335955122462,0.9998424459012678,0.9999499804248291,0.999590503699726,0.9998248153754841,0.9997881629116518,0.9998766000284218,0.9997350537838956,0.9995512928302566,0.9999315496512815,0.9999932626695968,0.9997798508679987
46.8,0.9999906791960408,0.9999987769186401,0.9999991905651828,0.9999967073125824,0.999988606126802,0.9999290846239353,0.9999305522558088,0.9997280845700346,0.9998723070540603,0.9993143708239547,0.9846246732914508,0.9999624936863841,0.999943438228301,0.9997767758129618,0.9996791759944029,0.9891901173760463,0.9859602001637103,0.979499869579067,0.9895020974465928,0.9574778604155425,0.9309234463814955,0.9414498929620533,0.9746082309180882,0.9656138375799733,0.9991728563314417,0.9998871138085248,0.9999962441099544,0.9999968403693742,0.999786516291522,0.9998672189710776,0.9997926542761848,0.999871489224305,0.9999268814276409,0.999610613518262,0.9998351401347176,0.9997569133653279,0.9998226782847141,0.9997349180889382,0.9995778823334244,0.9999058928175641,0.9999926212074448,0.9999846076299974,0.9999987608349716,0.999999491381707,0.9999963073665294,0.9999898089853267,0.9999628665002607,0.999948547556535,0.9997990074301492,0.9998886843310628,0.9995480143262211,0.988768674468479,0.9999679246249346,0.9999581068654582,0.9997987165600443,0.9997400203993787,0.9886921404216283,0.9892002156313656,0.9845217018401045,0.9908756846609683,0.9648554566285887,0.9382690285939618,0.9453122196461337,0.9776879535315476,0.9750235231145489,0.9993182779133841,0.9999185311960891,0.9999927912240697,0.9999963144565285,0.9998359199085747,0.9999117970561237,0.9998472199949047,0.9998556156076687,0.9999541721494267,0.9996275709316808,0.9998470481414885,0.9998175652145735,0.999888609565363,0.9997728430896007,0.9996209533138575,0.999937196710231,0.9999938924811691,0.9998138906244367
47.2,0.9999916134898136,0.9999988977043457,0.9999993037125045,0.9999970856498023,0.9999896380901484,0.9999353753669347,0.9999366312454342,0.9997522663862172,0.9998834452403442,0.9993758527723987,0.9860531596478372,0.999967969267646,0.9999499874801541,0.9997975009964135,0.9997064854733516,0.9901941034360171,0.9872611996030388,0.9812966233085038,0.9903824662859677,0.960996023285686,0.9364472295938466,0.9460922858050895,0.9765513447782908,0.9683549414849035,0.9992367904288395,0.9998960061190324,0.9999965441490999,0.9999971116602633,0.9998032577130291,0.9998776398695997,0.9998098454305077,0.9998822866785432,0.9999330852433314,0.9996465568653597,0.9998568810947391,0.9997909401081599,0.9998433342873533,0.999773381098412,0.9996434239824001,0.9999136895372716,0.9999933455882485,0.9999859858881904,0.9999988824351173,0.9999995593016131,0.9999966837339201,0.9999907014615925,0.9999661896530755,0.999952991585948,0.9998169861762793,0.9998982463400935,0.9995883437886088,0.9898148736388586,0.9999717347134238,0.9999627538457404,0.9998170948800922,0.9997620761555119,0.9897486055948305,0.9901945520565648,0.9858709512507254,0.9916452946262936,0.9677751368844777,0.9432129420361929,0.9496540833055945,0.9794249894093653,0.977021317068095,0.9993714992978235,0.999925019145351,0.9999933645517531,0.9999966173981734,0.9998489300017555,0.9999187263301124,0.9998597585683028,0.9998677092615313,0.999958013956916,0.9996612197928564,0.9998662633671943,0.9998426992673993,0.9998993802569308,0.9998050564834023,0.9996797994282066,0.9999423850279692,0.9999944588502266,0.9998426578670657
47.6,0.9999924482714218,0.9999990052479097,0.9999993980490339,0.9999974165583632,0.9999905756451419,0.9999411149653787,0.9999421838779062,0.9997743360452563,0.999893630359148,0.9994319079840907,0.9873501583090116,0.9999725760038755,0.9999556728836485,0.9998162215836033,0.9997314529839832,0.9911052727033374,0.9884424504738573,0.9829372318180681,0.9911895208058461,0.9642326837909572,0.9415532935689781,0.9503837510066434,0.9783503383582232,0.9708834169338811,0.9992960137148281,0.9999042276566648,0.999996820690831,0.9999973589042226,0.9998187351204826,0.9998872707743746,0.9998256507328297,0.9998921952276791,0.9999387668940424,0.9996790827306584,0.9998755848310231,0.9998199947362569,0.9998613803424863,0.9998061089696912,0.9996987889716705,0.9999208542252319,0.9999939933463436,0.9999872388112737,0.999998990813517,0.9999996162496345,0.999997018997999,0.9999915158081543,0.9999692174683464,0.9999570563166765,0.9998333764169685,0.9999070018207844,0.9996251236086433,0.9907641714977117,0.9999750328666867,0.9999668200354764,0.9998337481290245,0.9997822548005031,0.990706907955664,0.9910977392862587,0.9871031841144463,0.9923502043823652,0.9704588155398505,0.9477800751085943,0.9536662400158146,0.9810299044968179,0.9788624384854642,0.9994207334452591,0.9999310070321015,0.9999938933128093,0.9999968954091704,0.9998609417123815,0.9999251291053403,0.9998712933582268,0.999878810913556,0.9999615351456363,0.9996917750182231,0.9998828919506119,0.9998642036505996,0.9999090500119611,0.9998325346833866,0.9997295094356738,0.9999471511025614,0.9999949688370207,0.9998669699690195
48,0.9999931949654419,0.9999991012558096,0.9999994771398334,0.9999977065191066,0.9999914276177616,0.9999463504846338,0.999947254825598,0.9997944713456426,0.9999029408711849,0.9994829995697195,0.9885275312288837,0.9999764592370876,0.9999606226998115,0.9998331464720219,0.9997542864875612,0.9919321055586029,0.9895147941483153,0.9844349712697757,0.9919292890220821,0.967208837834345,0.9462694520442018,0.9543481579100306,0.9800153322972405,0.9732148535892378,0.9993508419351744,0.9999118250228592,0.999997075536521,0.9999975843769664,0.9998330374273335,0.999896167939609,0.999840176028386,0.9999012852025205,0.9999439700876169,0.9997085302767263,0.9998916935813483,0.9998448247521922,0.9998771707036364,0.9998339716157975,0.9997455569229665,0.9999274363619056,0.9999945733840064,0.999988378100533,0.9999990876727528,0.9999996642847382,0.9999973180478805,0.9999922588891563,0.9999719757730053,0.9999607734201096,0.9998483149087158,0.999915016332372,0.9996586570661551,0.9916254243023698,0.9999778956547086,0.9999703872920586,0.9998488471688511,0.9998007197057163,0.9915760484020012,0.9919180343065339,0.9882284048720907,0.9929958113945342,0.9729245220597327,0.9519961334517819,0.9573714045505395,0.9825123398704123,0.9805586979392914,0.9994662558520727,0.9999365311435973,0.9999943808555002,0.9999971505762093,0.9998720270345604,0.999931043004494,0.9998819009225779,0.9998889986328598,0.9999647624849863,0.9997195290309451,0.9998973010792689,0.9998826195758725,0.9999177399891801,0.9998559899870607,0.9997715013720648,0.9999515285806534,0.9999954286244935,0.9998875175659222
48.40000000000001,0.9999938635731407,0.9999991871689651,0.9999995438188906,0.9999979610574421,0.999992201966268,0.9999511251655117,0.999951885089258,0.9998128362199237,0.9999114492639178,0.9995295538630546,0.9895961152367365,0.9999797392502353,0.9999649444416499,0.9998484600894766,0.9997751735649849,0.9926823275753636,0.9904881259732223,0.9858020457371617,0.9926073151416617,0.9699441612867772,0.9506222674057779,0.9580081683357683,0.981555809855078,0.9753638382572398,0.9994015739394908,0.9999188421064273,0.9999973103504288,0.9999977901130636,0.9998462481573113,0.9999043840823419,0.9998535199191831,0.9999096217968549,0.9999487348210169,0.9997352029807672,0.9999055834041154,0.9998660632808225,0.9998910088146885,0.999857705648536,0.9997850624618149,0.9999334817435396,0.9999950934602946,0.9999894143135657,0.9999991744466062,0.9999997050433226,0.999997585134321,0.9999929369522832,0.999974488207013,0.999964172018694,0.9998619272400264,0.9999223504925594,0.9996892231209891,0.9924067019698342,0.9999803872861518,0.9999735247621534,0.9998625442631643,0.9998176189565158,0.9923642260887798,0.9926629660179718,0.9892557913450235,0.993587070368022,0.9751890770181653,0.9558855460550214,0.9607910896720148,0.9838812888210161,0.9821210889964352,0.9995083261863055,0.9999416254299449,0.9999948302879869,0.999997384800829,0.9998822534075487,0.9999365032751014,0.999891652536215,0.9998983448457126,0.9999677204573705,0.9997447453813529,0.9999098038607501,0.9998984058999522,0.9999255568123657,0.9998760260303846,0.9998069733295158,0.9999555484846009,0.9999958436386891,0.9999048841980916
48.8,0.9999944628641054,0.9999992642111646,0.9999996003454195,0.9999981848932179,0.9999929058761832,0.9999554787065386,0.999956112287896,0.9998295816402252,0.9999192224331689,0.9995719628775354,0.9905658023416886,0.9999825156588841,0.9999687284096902,0.9998623257075719,0.9997942838337802,0.9933629729142018,0.9913714711373398,0.987049663283643,0.9932286965389719,0.9724570519437838,0.9546370044152682,0.9613852287758522,0.9829806471645337,0.9773439970561237,0.9994484919874893,0.9999253201736868,0.9999975266706959,0.9999979779356643,0.9998584456560695,0.9999119685449488,0.9998657741427319,0.999917265379618,0.9999530977215798,0.9997593726702783,0.9999175742513268,0.9998842467502089,0.9999031548804245,0.9998779349186492,0.9998184331566863,0.9999390327429933,0.9999955603516208,0.9999903569850291,0.9999992523503293,0.9999997398299433,0.9999978239608734,0.9999935556885897,0.9999767763976698,0.9999672788803777,0.9998743286458573,0.9999290602914288,0.9997170780936219,0.9931153535768011,0.9999825616998789,0.9999762909876654,0.9998749753975597,0.9998330870316362,0.9930789053977938,0.9933393956710662,0.9901937576664959,0.9941285282549935,0.9772681452612133,0.95947144837628,0.9639456100456768,0.9851451324344166,0.9835598332008266,0.9995471887451289,0.9999463216171913,0.9999952444947413,0.9999975998182306,0.9998916839158128,0.9999415428985778,0.9999006144750336,0.99990691666842,0.9999704314713938,0.999767661786976,0.9999206674783093,0.9999119518096291,0.9999325944710545,0.9998931544968351,0.9998369375232048,0.9999592394186049,0.9999962186513621,0.9999195629125492
49.2,0.99999500054035,0.9999993334277284,0.9999996485260328,0.9999983820658841,0.9999935458428055,0.9999594475291632,0.9999599709259237,0.9998448464927212,0.9999263220510528,0.9996105866787585,0.9914456153011391,0.9999848710266325,0.9999720506080111,0.9998748882418523,0.9998117710039838,0.9939804431040998,0.9921730557163407,0.9881881086065678,0.9937981182078017,0.97476467793515,0.9583376068039305,0.9644995770970838,0.9842981434988489,0.9791680397227726,0.9994918621467324,0.9999312979646167,0.9999977259192857,0.99999814948198,0.9998697033107443,0.9999189674579929,0.9998770239471538,0.9999242717974988,0.999957092349599,0.9997812830652765,0.9999279384933196,0.9998998298253166,0.9999138322814984,0.9998951878839825,0.9998466216003715,0.9999441285511548,0.9999959799881719,0.9999912147330804,0.9999993224205086,0.9999997696881463,0.9999980377609768,0.9999941202853259,0.9999788601214967,0.9999701185988463,0.9998856247780745,0.9999351973941163,0.9997424572758827,0.9937580682121882,0.9999844642931597,0.999978735649248,0.9998862622637136,0.9998472462502118,0.9937268781495232,0.9939535729895305,0.9910500134174185,0.9946243567237744,0.9791762918060578,0.9627756828469376,0.9668540982918737,0.9863116744313067,0.984884424504613,0.9995830729702231,0.9999506493195068,0.9999956261518181,0.9999977972137307,0.9999003774932068,0.9999461926997441,0.9999088482967665,0.9999147762320568,0.9999729160507602,0.9997884928244053,0.9999301200989817,0.9999235875399214,0.9999389359537735,0.9999078092472353,0.9998622490954679,0.9999626277565669,0.9999965578675478,0.9999319702941145
49.6,0.999995483377044,0.9999993957164839,0.9999996898103193,0.999998556039193,0.9999941277432843,0.9999630650265301,0.9999634926397083,0.9998587584172363,0.9999328049191207,0.9996457556601939,0.9922437784184305,0.9999868738420784,0.9999749751507928,0.99988627662595,0.9998277746365615,0.9945405614083923,0.9929003729495076,0.9892268119965095,0.9943198848093168,0.9768830307365627,0.9617466929106369,0.9673702610422328,0.9855160512798651,0.9808478051524608,0.9995319347642406,0.9999368117936389,0.9999979094110008,0.9999983062251898,0.9998800897744922,0.999925423902201,0.9998873484601923,0.9999306926667179,0.9999607494681227,0.9998011528919425,0.9999369081343575,0.9999131980218768,0.9999232330127152,0.9999099122951399,0.9998704325330176,0.9999488054010954,0.9999963575699814,0.9999919953534608,0.9999993855467847,0.9999997954558121,0.9999982293632921,0.9999946354728406,0.9999807574544176,0.999972713760737,0.9998959124318066,0.9999408094312924,0.9997655764659326,0.9943409313541708,0.9999861333505564,0.9999809010110274,0.9998965139621624,0.9998602080256173,0.9943143212312092,0.9945111881528178,0.9918316190008315,0.995078382232678,0.9809270392541467,0.9658188135809419,0.9695345307669379,0.9873881750602225,0.9861036727628673,0.9996161940071844,0.999954636149893,0.9999959777410876,0.9999979784372185,0.9999083891288202,0.9999504814559224,0.9999164111164218,0.9999219809972315,0.9999751930025071,0.9998074323167526,0.9999383567264845,0.9999335934311709,0.9999446546535238,0.9999203582687092,0.9998836304662566,0.999965737813899,0.9999968650004127,0.9999424583228008
50,0.999995917343371,0.9999994518526758,0.9999997253656849,0.9999987097889248,0.9999946568998893,0.9999663617964324,0.9999667064253588,0.9998714346091963,0.9999387233058716,0.9996777727132629,0.992967783617185,0.9999885809706178,0.9999775562497573,0.9998966058314529,0.999842421655975,0.9950486229945831,0.9935602448639448,0.9901744144719899,0.9947979504406451,0.9788269812298066,0.9648855669363333,0.9700151661430818,0.9866416056027946,0.9823943074239215,0.9995689449961578,0.9999418956537071,0.9999980783616886,0.9999984494933334,0.9998896691934253,0.9999313780684898,0.9998968210499937,0.999936575653031,0.9999640972847559,0.9998191786235137,0.9999446809212305,0.9999246783614792,0.9999315222956047,0.9999224876128964,0.9998905457695931,0.9999530967767075,0.9999966976658433,0.9999927059028728,0.9999994424971855,0.9999998178084354,0.999998401247196,0.9999951055664392,0.9999824849109347,0.9999750851008414,0.9999052802280735,0.9999459402767469,0.9997866334238228,0.9948694769727781,0.9999876012261325,0.9999828231189087,0.9999058284691245,0.9998720739579803,0.9948468498459691,0.9950174198324232,0.992545037336046,0.9954941138510492,0.9825329257188369,0.9686201524811531,0.9720037609718143,0.9883813838852658,0.9872257459934924,0.99964675329677,0.9999583078288895,0.9999963015635189,0.999998144815914,0.9999157700724071,0.9999544360048296,0.999923355874662,0.9999285840574835,0.9999772795675435,0.9998246554544831,0.9999455441614673,0.9999422075833442,0.999949815579135,0.9999311137797665,0.999901691915683,0.9999685920051393,0.999997143335337,0.9999513243936287
50.40000000000001,0.9999963077064715,0.9999995025090805,0.999999756136021,0.9999988458765106,0.9999951381358066,0.9999693658590666,0.9999696388493,0.9998829825820608,0.9999441252680533,0.9997069152860959,0.9936244519020021,0.9999900396742198,0.9999798398567404,0.9999059785924298,0.9998558276587826,0.9955094411404966,0.9941588794073539,0.9910388290375759,0.9952359462504404,0.9806103375224499,0.9677742427822035,0.972451050967858,0.9876815530969153,0.9838177817000698,0.999603113381455,0.9999465813224737,0.9999982338957354,0.9999985804856585,0.9998985014337015,0.9999368674151208,0.9999055096758613,0.9999419647392888,0.9999671616693624,0.9998355368965421,0.9999514255157501,0.999934548372855,0.999938842492761,0.9999332355078688,0.999907535578241,0.9999570336072443,0.999997004297742,0.9999933527730449,0.9999994939384469,0.9999998372930049,0.999998555590019,0.9999955345039004,0.9999840575729573,0.9999772516461759,0.9999138092534733,0.999950630311607,0.999805809245744,0.9953487355779705,0.9999888953222977,0.9999845327955506,0.9999142939047829,0.9998829367913302,0.9953295666077046,0.9954769794911787,0.9931961819881701,0.9958747689682143,0.984005562461264,0.971197794292365,0.9742775587721939,0.9892975713514868,0.9882582111772152,0.9996749391873609,0.9999616882908066,0.9999965997515892,0.9999982975656773,0.9999225680376339,0.9999580813506012,0.9999297315977741,0.9999346344302822,0.9999791915559308,0.999840320682287,0.9999518252065439,0.9999496323256571,0.999954476400954,0.9999403407765491,0.9999169489796432,0.9999712109889144,0.9999973957848719,0.9999588197831902
50.8,0.9999966591209759,0.9999995482723208,0.9999997828877466,0.9999989665109187,0.9999955758245475,0.9999721028602205,0.9999723142429908,0.9998935008891564,0.9999490549554138,0.9997334373279121,0.9942199903610363,0.999991289275758,0.9999818650223872,0.9999144868831029,0.9998680980522952,0.9959273897155264,0.9947019232823645,0.9918272980818893,0.995637206027449,0.9822459034703565,0.9704314778181394,0.9746935879125561,0.9886421799792712,0.985127729514516,0.9996346464473648,0.9999508984694285,0.9999983770529276,0.9999987002868118,0.999906642306848,0.9999419268212019,0.9999134772275178,0.9999469004801252,0.9999699663508622,0.9998503866440225,0.9999572858755909,0.9999430436968749,0.9999453164315649,0.9999424287389229,0.9999218870570974,0.9999606444489432,0.9999972810130376,0.9999939417566727,0.9999995404523864,0.999999854354554,0.9999986943073408,0.9999959258792326,0.9999854892089163,0.9999792308496969,0.9999215736580486,0.9999549166749266,0.9998232696565258,0.995783278443958,0.999990038900931,0.999986056467465,0.999921989633954,0.9998928812565778,0.9957671067180918,0.9958941521626123,0.9937904618736975,0.9962232970275792,0.9853556905946198,0.9735686584845161,0.9763706538766984,0.9901425590454133,0.9892080734342243,0.9997009275595004,0.9999647997870714,0.9999968742808839,0.999998437801074,0.9999288274016843,0.9999614407673855,0.9999355836481957,0.9999401773349103,0.9999809434689163,0.9998545713802794,0.9999573222322786,0.9999560396857088,0.9999586883549899,0.999948264261264,0.9999298371505118,0.9999736138015418,0.9999976249359542,0.9999651568034392
51.2,0.9999969757062418,0.9999995896561601,0.9999998062459924,0.9999990736007621,0.9999959739338643,0.9999745962605414,0.9999747548829803,0.9999030798045028,0.9999535528987776,0.9997575711181022,0.9947600448984755,0.9999923625308633,0.9999836650210802,0.99992221318862,0.9998793290509554,0.9963064421766858,0.9951945106966383,0.9925464469847292,0.9960047898861683,0.9837455370486133,0.9728748142851673,0.9767574080085186,0.9895293391910902,0.9863329630570873,0.999663737335835,0.9999548747630171,0.9999985087947522,0.9999988098791992,0.9999141437916925,0.999946588735891,0.9999207818517204,0.9999514202435535,0.9999725330957523,0.9998638709812344,0.9999623849655697,0.9999503645126873,0.999951050228155,0.9999502986610322,0.9999340099731999,0.9999639556547185,0.9999975309462926,0.9999944781062458,0.9999995825491644,0.9999998693569948,0.9999988190874376,0.9999962829731419,0.9999867923837713,0.9999810387143611,0.9999286412127104,0.9999588335005618,0.9998391662211107,0.9961772582450367,0.9999910517561155,0.9999874168534286,0.9999289872247592,0.9999019848176696,0.9961636794668693,0.9962728339299831,0.994332822699911,0.9965424014185426,0.9865932363590899,0.975748536156984,0.9782967822576946,0.9909217485972061,0.9900818134654827,0.9997248824547114,0.9999676629863425,0.9999971269809473,0.9999985665443697,0.9999345894000279,0.9999645359000479,0.9999409539648291,0.9999452544567869,0.9999825486093846,0.9998675373640693,0.9999621402023429,0.9999615760136367,0.999962497025968,0.9999550753565791,0.9999407242993654,0.9999758179803697,0.9999978330905418,0.999970514846045
51.6,0.9999972611130885,0.9999996271123912,0.9999998267230783,0.9999991687982418,0.9999963360649138,0.9999768675115412,0.9999769811573725,0.9999118019627758,0.9999576562815125,0.9997795289808128,0.9952497489067204,0.9999932867590741,0.9999852682832804,0.9999292316018893,0.9998896085529758,0.9966502073160306,0.9956413082556751,0.9932023340420059,0.9963415061705394,0.9851202078908633,0.9751206263652834,0.9786561484561673,0.9903484765346567,0.9874416481595999,0.9996905664417872,0.9999585359768789,0.9999986300101935,0.9999989101537856,0.9999210542515582,0.9999508833227837,0.9999274772653659,0.9999555584394234,0.9999748818705336,0.9998761188752922,0.9999668279025644,0.9999566809685457,0.9999561356883808,0.9999570415745788,0.9999442504558629,0.9999669915327687,0.999997756872318,0.9999949665866302,0.9999996206780827,0.9999998825994912,0.9999989314207939,0.9999966087806098,0.9999879785604942,0.9999826899081675,0.9999350738278032,0.9999624121404053,0.9998536374766394,0.9965344463378834,0.999991950772634,0.9999886335382371,0.999935351286568,0.999910318335145,0.996523106296489,0.9966165663230743,0.9948277853065856,0.9968345596535092,0.9877273645899461,0.977752140433595,0.9800687344124723,0.9916401491950031,0.9908854231893313,0.999746956702032,0.9999702970711091,0.9999973595454328,0.9999986847335955,0.9999398923154007,0.9999673868616155,0.9999458812926135,0.9999499041980088,0.9999840191821219,0.999879336225027,0.9999663692408712,0.9999663658925918,0.9999659430266536,0.9999609364782476,0.9999499211721414,0.9999778396777873,0.9999980223006537,0.9999750454892233
52,0.9999975185815497,0.9999996610398012,0.9999998447409635,0.9999992535362672,0.9999966654872826,0.999978936219004,0.9999790117196707,0.9999197429590152,0.9999613991946055,0.9997995048871797,0.9956937681012884,0.9999940847768573,0.999986699169123,0.9999356087737271,0.9998990169156332,0.9969619619898553,0.9960465562312548,0.9938004968459264,0.996649931692585,0.9863800534661034,0.9771841712521432,0.9804025018069148,0.9911046557522825,0.9884613457576813,0.9997153020553273,0.9999619060944612,0.9999987415210794,0.9999990019195645,0.9999274186456211,0.9999548385990782,0.9999336130544766,0.9999593467348377,0.9999770309898678,0.9998872466252292,0.9999707046212969,0.9999621377722646,0.9999606523505462,0.9999628240953076,0.9999529008765012,0.9999697744948315,0.9999979612517711,0.9999954115221487,0.9999996552364274,0.999999894329346,0.9999990326254372,0.9999969060359083,0.999989058193589,0.9999841978707701,0.9999409280345375,0.9999656813741791,0.9998668099874831,0.9968582669212166,0.9999927503901086,0.9999897234515963,0.9999411402049095,0.9999179466588092,0.9968488556681739,0.9969285678462089,0.9952794810841922,0.9971020419513894,0.9887665301021731,0.9795931590675784,0.9816984045513972,0.9923024037018355,0.9916244395388959,0.9997672925368095,0.999972719830555,0.9999975735415999,0.9999987932298061,0.9999447716602601,0.9999700123271773,0.9999504014010281,0.9999541619140776,0.9999853663850591,0.9998900745293214,0.999970086812216,0.9999705154463788,0.9999690625881945,0.9999659857115714,0.9999576902578377,0.9999796937667143,0.9999981943986436,0.999978876812364
52.40000000000001,0.9999977509909315,0.9999996917915929,0.9999998606489767,0.9999993290598636,0.9999969651703936,0.9999808202944637,0.999980863630887,0.9999269719090396,0.999964812875707,0.999817675948397,0.9960963417479654,0.9999947756675153,0.9999879786110892,0.999941404738881,0.9999076276442816,0.9972446810516999,0.9964141064392735,0.9943459952778659,0.9969324304182413,0.9875344334883301,0.9790796428253212,0.9820082659027572,0.9918025825092855,0.9893990516670952,0.9997381010013058,0.9999650074113897,0.9999988440870188,0.9999990859118858,0.9999332787335603,0.9999584805692185,0.9999392349586939,0.9999628142567452,0.9999789972519981,0.999897359175874,0.9999740921347081,0.9999668580720765,0.9999646692246905,0.9999677876964268,0.9999602081957056,0.9999723251947357,0.999998146270424,0.9999958168388026,0.9999996865767574,0.9999999047521643,0.9999991238687348,0.9999971772353339,0.9999900408151844,0.9999855749122087,0.9999462554311165,0.9999686676060929,0.9998787993260816,0.9971518282969755,0.9999934629891628,0.9999907012684626,0.9999464067881262,0.9999249291591988,0.9971440749595629,0.9972117628440811,0.9956916846445812,0.9973469283427382,0.9897185267989123,0.9812843081966955,0.9831968399653707,0.9929128133816446,0.9923039764140874,0.9997860222072927,0.9999749477495292,0.9999977704191999,0.9999988928236306,0.9999492603521599,0.999972429624028,0.9999545472913677,0.9999580601369401,0.9999866004924847,0.9998998488919242,0.9999733595724554,0.9999741151378433,0.9999718880740196,0.9999703405147764,0.9999642532808799,0.9999813939382729,0.9999983510234064,0.9999821170412846
52.8,0.9999979609032719,0.9999997196815633,0.9999998747378492,0.9999993964527896,0.9999972378117277,0.9999825360954185,0.9999825524907385,0.999933551971825,0.9999679259326021,0.9998342038035873,0.9964613205129915,0.9999953754167744,0.9999891246486289,0.9999466736366592,0.9999155080074468,0.9975010647013066,0.9967474569575976,0.9948434512843315,0.9971911707075503,0.9885919822605403,0.9808202267697673,0.9834843938471561,0.9924466272599292,0.9902612345652224,0.999759109270741,0.9999678606350779,0.9999989384099697,0.9999991627998046,0.9999386732728273,0.9999618333528051,0.9999443851411026,0.9999659877820231,0.9999807960627426,0.9999065512857003,0.9999770564512502,0.9999709467382705,0.9999682462746664,0.9999720525508969,0.9999663810150269,0.9999746626578343,0.9999983138730455,0.999996186102192,0.9999997150129464,0.9999999140398859,0.9999992061861838,0.9999974246578988,0.999990935114212,0.9999868323042722,0.9999511030954386,0.9999713950487593,0.9998897109828165,0.9974179514484584,0.9999940992130991,0.9999915797442772,0.9999511988381296,0.9999313202058735,0.9974116196152023,0.9974688079035134,0.9960678439188619,0.9975711244053037,0.9905905343801352,0.9828373863825089,0.9845742899690592,0.9934753612539154,0.9929287548046015,0.9998032685654332,0.9999769960935112,0.999997951518786,0.9999989842412027,0.9999533888816563,0.999974654817908,0.9999583493927788,0.9999616287845864,0.9999877309310689,0.9999087469397384,0.9999762449428473,0.9999772421370091,0.9999744484279723,0.9999741008533169,0.999969797530839,0.9999829527922618,0.9999984936431111,0.9999848576279187
53.2,0.999998150601133,0.9999997449892774,0.9999998872508449,0.9999994566601335,0.9999974858622332,0.9999840985549409,0.9999840925586918,0.9999395408353097,0.9999707645516567,0.9998492359069956,0.9967922011643476,0.9999958974377429,0.9999901528735484,0.9999514643417468,0.9999227195881968,0.9977335634507912,0.9970497839084852,0.9952970856137966,0.9974281412110299,0.9895606587429724,0.9824181561918488,0.9848410434231927,0.9930408469894783,0.991053872111452,0.9997784626396222,0.9999704849811675,0.9999990251384695,0.999999233192584,0.9999436382080373,0.9999649193066451,0.9999491024433842,0.9999688919154346,0.9999824415491753,0.9999149085661972,0.9999796542017778,0.9999744931387705,0.9999714356821112,0.9999757207821305,0.9999715955342371,0.999976804401852,0.9999984657926922,0.9999965225516161,0.9999997408252259,0.9999999223371476,0.9999992804976432,0.9999976503841858,0.9999917490091565,0.9999879803649752,0.999955513966283,0.9999738858948219,0.9998996412084004,0.9976591961408143,0.9999946682362129,0.9999923699961852,0.9999555596556421,0.9999371695992317,0.9976540797608375,0.9977021159796928,0.9964111078536293,0.9977763757323415,0.9913891625843206,0.9842633282359897,0.9858402539406228,0.9939937341067263,0.9935031311181436,0.999819145639082,0.9999788789895162,0.9999981180794846,0.9999990681495406,0.9999571854724923,0.9999767027952534,0.9999618357471599,0.9999648953575559,0.9999887663494239,0.9999168481762466,0.999978792447679,0.9999799623256669,0.9999767695657732,0.9999773518530191,0.9999744812097279,0.9999843819209819,0.9999986235749594,0.9999871758521627
53.6,0.9999983221205179,0.9999997679644244,0.9999998983926114,0.9999995105075264,0.9999977115492404,0.9999855213013291,0.9999854968655646,0.9999449911672443,0.9999733526918487,0.9998629067194037,0.9970921583464938,0.9999963530047238,0.9999910768016449,0.9999558210182049,0.9999293187802285,0.9979444008978395,0.9973239705219206,0.9957107516951557,0.9976451655185747,0.9904477942083871,0.9838847669657901,0.9860876254974639,0.9935890058372676,0.9917824851754639,0.9997962872714939,0.9999728982664766,0.9999991048715569,0.9999992976454679,0.9999482068521431,0.9999677591408853,0.999953422626439,0.9999715492559068,0.9999839466639666,0.9999225084080273,0.9999819340205802,0.9999775734872822,0.9999742829253658,0.9999788792145636,0.999976000583784,0.9999787665496419,0.9999986035760819,0.9999968291307759,0.9999997642644231,0.9999999297663369,0.9999993476213856,0.9999978563135445,0.9999924897148438,0.9999890285366075,0.999959527194881,0.9999761604768043,0.9999086777924066,0.9978778847383895,0.9999951779879123,0.9999930817393905,0.9999595284886683,0.9999425229614691,0.9978738044812552,0.9979138784252148,0.9967243518714203,0.997964281229707,0.9921204929413543,0.985572257076489,0.9870035280849536,0.9944713432060012,0.9940311237618582,0.9998337591834381,0.9999806095029217,0.9999982712462582,0.9999991451614415,0.999960676233928,0.9999785873414148,0.9999650321831277,0.9999678851227766,0.9999897146818271,0.9999242247585509,0.9999810448524163,0.9999823319947257,0.9999788747175727,0.9999801660463594,0.9999784379492229,0.9999856919869101,0.9999987420023964,0.9999891370200122
54,0.9999984772795881,0.9999997888305081,0.9999999083362378,0.9999995587175079,0.999997916897154,0.9999868167684337,0.9999867773163524,0.9999499510328115,0.9999757122650388,0.999875338808894,0.9973640736430349,0.9999967516119159,0.9999919081833251,0.999959783607525,0.9999353572356898,0.9981355944840453,0.997572633686521,0.9960879668381032,0.9978439156517374,0.9912601374067317,0.9852305522015358,0.9872328510527022,0.9940945946152487,0.9924521701708555,0.9998127003009984,0.9999751169982192,0.9999991781624106,0.9999993566648195,0.9999524100591782,0.9999703720292281,0.9999573785967406,0.999973980551613,0.9999853232812276,0.9999294208072828,0.999983937718214,0.9999802528303722,0.9999768277012917,0.9999816017013972,0.9999797218758879,0.9999805639343147,0.9999987286056147,0.9999971085154478,0.9999997855555421,0.9999999364316171,0.9999994082862838,0.9999980441797883,0.9999931638037031,0.9999899854577868,0.9999631784687469,0.9999782374157172,0.9999169007816353,0.9980761239220803,0.9999956353402071,0.9999937234862032,0.9999631409315889,0.9999474220914175,0.9980729239497483,0.9981060850897066,0.9970102012547871,0.9981363053315389,0.9927901180510071,0.9867735361947138,0.9880722506375934,0.9949113437447995,0.9945164380353003,0.9998472072101872,0.9999821997102367,0.9999984120766916,0.9999992158399399,0.9999638853051817,0.9999803212148486,0.9999679624793273,0.9999706212852164,0.9999905832066528,0.9999309421963619,0.9999830391325317,0.9999843992818774,0.9999807847282257,0.9999826052746713,0.9999817806265724,0.999986892794666,0.9999988499901323,0.9999907963206239
54.40000000000001,0.9999986177037578,0.9999998077879904,0.999999917228899,0.9999996019234876,0.9999981037461625,0.9999879962972683,0.9999879447849025,0.9999544642807938,0.9999778633031646,0.9998866438661923,0.9976105621323941,0.9999971012701941,0.9999926572637018,0.9999633882598571,0.9999408822706132,0.9983089744048268,0.9977981481840434,0.9964319409326922,0.9980259244847991,0.992003897209618,0.9864652153594037,0.9882847765805507,0.9945608492441899,0.9930676295142592,0.9998278103962343,0.9999771564593282,0.9999992455217274,0.9999994107127071,0.9999562763884756,0.9999727757132845,0.9999610006187799,0.999976204844374,0.9999865822845999,0.9999357091034594,0.9999857012779817,0.9999825867294949,0.9999791047136346,0.9999839510948306,0.9999828655955153,0.9999822101971763,0.9999988421185249,0.9999973631384504,0.9999998049008144,0.9999999424221451,0.9999994631424018,0.9999982155655271,0.9999937772619191,0.9999908590299224,0.9999665003096002,0.9999801337589891,0.9999243831420077,0.9982558244783344,0.9999960462648065,0.9999943027140246,0.9999664292811535,0.9999519052872876,0.998253369585424,0.9982805426471555,0.9972710526060516,0.9982937892183407,0.9934031784296363,0.9878758183949836,0.9890539453023549,0.9953166530808866,0.994962489400808,0.9998595804932666,0.9999836607678673,0.9999985415473276,0.9999992807023789,0.9999668349920321,0.9999819162173195,0.9999706485174226,0.9999731251478741,0.9999913785999944,0.9999370599813495,0.9999848072987114,0.9999862053897212,0.9999825183209553,0.9999847222993454,0.9999846045880043,0.9999879933576811,0.999998948497282,0.9999922003952262
54.8,0.9999987448476563,0.9999998250169827,0.9999999251963853,0.9999996406816783,0.9999982737691703,0.9999890702294973,0.999989009201022,0.9999585709001014,0.999979824113061,0.9998969236398371,0.9978339966311885,0.9999974087528287,0.9999933330008092,0.9999666677160888,0.9999459372329041,0.9984662008258675,0.998002668792324,0.9967456028203334,0.9981925971747089,0.9926847827433722,0.98759772165071,0.9892508476401666,0.9949907681357988,0.9936332002478999,0.9998417182983679,0.9999790307897812,0.9999993074208587,0.9999994602110081,0.9999598322603596,0.9999749866011609,0.9999643165140345,0.999978239603908,0.9999877336482558,0.9999414306393051,0.999987255702989,0.9999846226852512,0.9999811443479464,0.9999859809139978,0.9999855214336756,0.9999837178788896,0.99999894522357,0.9999975952121911,0.9999998224823091,0.9999999478146511,0.9999995127702184,0.9999983719152632,0.9999943355408631,0.9999916564784779,0.9999695223471493,0.9999818651082895,0.9999311913676326,0.998418719319992,0.9999964159649812,0.9999948260074307,0.9999694228547146,0.9999560076407528,0.998416892402785,0.9984388912975363,0.9975090935269575,0.9984379611155083,0.9939643969894481,0.9888870935798681,0.9899555627789534,0.9956899678138768,0.9953724252023136,0.9998709630506136,0.9999850029769553,0.9999986605595801,0.9999993402241312,0.9999695458956983,0.9999833832601814,0.9999731104251515,0.9999754162606551,0.9999921069849009,0.9999426321542783,0.9999863771001974,0.9999877856182535,0.9999840923292648,0.9999865621668798,0.999986990371587,0.9999890019599431,0.999999038388881,0.9999933886625944
55.2,0.999998860014383,0.9999998406795649,0.9999999323467487,0.9999996754813109,0.9999984284871339,0.9999900479933637,0.9999899796305702,0.9999623073484604,0.9999816114196105,0.9999062707963522,0.9980365298090395,0.9999976797990802,0.9999939432490608,0.9999696516472583,0.9999505618370738,0.9986087795498817,0.9981881504300752,0.9970316245021005,0.9983452216747959,0.9933080410494832,0.9886363474591696,0.990137940450101,0.995387128553751,0.994152880877223,0.9998545173374405,0.9999807530638786,0.9999993642947252,0.9999995055450888,0.9999631021033907,0.9999770198604089,0.9999673518469582,0.9999801008524691,0.9999887865113942,0.9999466373514357,0.9999886277365614,0.9999864013437918,0.9999829732500084,0.9999877367572612,0.9999877651496075,0.9999850985042565,0.9999990389156028,0.9999978067490409,0.9999998384641836,0.9999999526755164,0.9999995576886712,0.9999985145473571,0.999994843604169,0.9999923844093987,0.9999722715704404,0.9999834457378238,0.9999373860406022,0.9985663798879603,0.9999967489864433,0.9999952991786282,0.999972148275272,0.999959761305329,0.9985650797064776,0.9985826199790417,0.9977263206543091,0.9985699457448381,0.9944781112308698,0.989814734213377,0.990783520289271,0.9960337797551539,0.9957491449068854,0.9998814326016106,0.9999862358443933,0.9999987699452486,0.9999993948420057,0.9999720370341676,0.9999847324268293,0.9999753667098591,0.9999775125587022,0.9999927739766064,0.999947707816486,0.9999877726246783,0.9999891702403587,0.9999855219012614,0.9999881633656886,0.9999890060072365,0.999989926213162,0.9999991204460018,0.9999943944388681
55.6,0.9999989643724114,0.9999998549217911,0.9999999387732519,0.999999706753394,0.9999985692829642,0.999990938182597,0.9999908643490522,0.999965706855042,0.9999832404979263,0.9999147697104839,0.9982201143473186,0.9999979192830296,0.9999944949138253,0.999972366956795,0.9999547924692856,0.9987380762667882,0.998356366505554,0.9972924433428324,0.9984849784021815,0.9938784923344245,0.9895887275975039,0.9909524014318296,0.9957525019901411,0.9946303564854458,0.9998662939237329,0.9999823353634709,0.9999994165445232,0.9999995470671131,0.9999661084933075,0.9999788895054971,0.9999701300985276,0.9999818032804129,0.9999897492467673,0.9999513762995178,0.9999898404752943,0.9999879575190647,0.9999846148221084,0.9999892574982983,0.9999896607349965,0.9999863626609959,0.9999991240883197,0.9999979995797622,0.9999998529946329,0.9999999570624537,0.9999995983621903,0.9999986446649646,0.9999953059707957,0.9999930488610475,0.9999747725583965,0.9999848887036693,0.9999430223449497,0.9987002310718615,0.9999970493107654,0.9999957273698205,0.9999746297272525,0.999963195741614,0.9986993702729248,0.9987130802172972,0.9979245561794695,0.9986907729963334,0.9949483032402449,0.9906655385591057,0.9915437390536999,0.9963503908447574,0.9960953189449834,0.9998910610002349,0.9999873681401328,0.9999988704716587,0.9999994449573693,0.9999743259561872,0.9999859730314327,0.9999774343829473,0.99997943049075,0.9999933847240911,0.9999523315915113,0.9999890148103219,0.9999903852444844,0.9999868206799701,0.9999895588067185,0.9999907089595172,0.9999907731096748,0.9999991953746566,0.9999952458836269
56,0.9999990589704558,0.9999998678754343,0.9999999445567606,0.9999997348782398,0.9999986974141327,0.999991748628816,0.9999916709091965,0.9999687996987678,0.9999847252952567,0.9999224971903905,0.9983865213031008,0.999998131353704,0.9999949940819695,0.9999748380502609,0.9999586624657869,0.9988553295101658,0.9985089256199124,0.9975302824215292,0.9986129491240474,0.9944005628881887,0.9904619002793895,0.9917000846648698,0.9960892685964078,0.9950690221942454,0.9998771280144105,0.9999837888471736,0.9999994645402399,0.9999995850990225,0.9999688722838628,0.9999806084799865,0.999972672827914,0.9999833603532226,0.9999906295237154,0.9999556901408652,0.9999909138910433,0.9999893210593568,0.9999860896493319,0.9999905762993095,0.9999912622420174,0.9999875200728824,0.9999992015454365,0.9999981753701851,0.9999998662075879,0.9999999610258711,0.9999996352068546,0.999998763366033,0.9999957267543975,0.9999936553519738,0.9999770476910916,0.9999862059447112,0.9999481505380676,0.9988215647774072,0.9999973204342478,0.999996115140419,0.9999768891864032,0.9999663379416148,0.9988210681498643,0.9988314987284327,0.998105462971431,0.9988013858826806,0.9953786275930073,0.9914457716388859,0.9922416797036737,0.9966419270696383,0.9964134062258466,0.9998999146441648,0.9999884079509177,0.9999989628464495,0.9999994909390096,0.9999764288481681,0.9999871136740764,0.9999793290756903,0.9999811851380762,0.9999939439482809,0.9999565440420177,0.9999901218831562,0.9999914529649345,0.9999880009627141,0.9999907766549583,0.9999921477686958,0.9999915490713893,0.9999992638136503,0.9999959667991886
56.40000000000001,0.9999991447505636,0.9999998796595101,0.999999949767694,0.9999997601919386,0.9999988140241126,0.9999924864679077,0.9999924062029732,0.9999716134639678,0.9999860785432835,0.999929523142482,0.9985373568285217,0.9999983195514885,0.9999954461323719,0.9999770870765816,0.9999622023673747,0.9989616624331977,0.9986472867651649,0.9977471691701774,0.9987301251233753,0.994878315763459,0.9912623497405466,0.9923863872469375,0.9963996307094776,0.9954720050447805,0.9998870935554632,0.9999851238156343,0.9999995086229904,0.9999996199352246,0.999971412729794,0.9999821887336054,0.9999749998228644,0.9999847844105197,0.9999914343661488,0.9999596175564736,0.9999918652756589,0.9999905175821561,0.9999874158661796,0.9999917214695188,0.9999926153274077,0.9999885796675899,0.9999992720105046,0.9999983356363082,0.9999998782242027,0.9999999646099863,0.9999996685957938,0.9999988716524389,0.9999961096992989,0.9999942089248252,0.9999791173432222,0.9999874083757264,0.999952816382727,0.9989315522583608,0.9999975654346432,0.9999964665415326,0.9999789466267259,0.9999692126341269,0.9989313551946275,0.9989389888838658,0.9982705584151778,0.9989026478341223,0.9957724372674102,0.9921612038971275,0.9928823756441963,0.9969103514373032,0.9967056704038596,0.9999080548602847,0.9999893627305853,0.9999990477220313,0.999999533125764,0.9999783606342734,0.9999881622924469,0.9999810651468721,0.9999827903246093,0.9999944559771592,0.9999603820465872,0.9999911097309887,0.999992392617042,0.9999890738422142,0.9999918410347485,0.9999933634369048,0.9999922599950407,0.9999993263415194,0.9999965773059094
56.8,0.9999992225596641,0.9999998903816135,0.9999999544676222,0.9999997829919408,0.9999989201527623,0.999993158200843,0.9999930765184752,0.9999741732750024,0.9999873118614625,0.9999359111803828,0.9986740773849917,0.9999984869049408,0.9999958558297195,0.9999791341441882,0.9999654401522088,0.999058093508214,0.9987727731462592,0.9979449524346471,0.9988374147004713,0.9953154793160003,0.9919960464861061,0.9930162825792745,0.9966856255148578,0.9958421843762988,0.9998962588992029,0.9999863497729481,0.9999995491071867,0.9999996518450238,0.999973747602198,0.9999836412944351,0.9999771292393878,0.9999860867575674,0.9999921702058743,0.9999631936337974,0.9999927096201465,0.9999915690976225,0.9999886094722585,0.9999927171927788,0.9999937585566749,0.9999895496395721,0.9999993361355481,0.9999984817579805,0.9999998891541623,0.9999999678537405,0.9999996988639339,0.9999989704383403,0.9999964582133507,0.9999947141866846,0.9999810000611493,0.9999885059731393,0.9999570615426746,0.9990312553216093,0.9999977870277342,0.9999967851797602,0.9999808202069914,0.9999718424728903,0.9990313024623838,0.9990365611361216,0.9984212270693152,0.9989953493870833,0.9961328076763545,0.9928171475875854,0.9934704644019646,0.9971574760579751,0.9969741949703963,0.9999155382671948,0.9999902393470829,0.9999991256997315,0.9999995718289331,0.9999801350699811,0.9999891262102066,0.999982655782701,0.999984258718746,0.999994924778043,0.9999638791404506,0.9999919922233449,0.999993220751806,0.999990049331694,0.9999927726282505,0.9999943905989988,0.9999929112940208,0.9999993834826774,0.9999970944127302
57.2,0.9999992931597692,0.9999999001390959,0.9999999587105798,0.9999998035418768,0.9999990167457543,0.9999937697493566,0.99999368759206,0.9999765020113869,0.9999884358520326,0.999941719182261,0.9987980035813652,0.9999986360113937,0.9999962274043241,0.9999809975150091,0.9999684014489978,0.9991455462454149,0.9988865847467828,0.9981253180828262,0.9989356500625177,0.9957154737123128,0.9926684851759399,0.9935943516181535,0.9969491368888143,0.9961822107810596,0.9999046871977721,0.9999874754843343,0.9999995862825539,0.9999996810748227,0.9999758932966075,0.9999849763364203,0.9999790777313394,0.999987277749756,0.9999928429316327,0.9999664502109488,0.9999934599381485,0.999992494537806,0.9999896846044722,0.9999935841444133,0.9999947245056948,0.9999904375082949,0.9999993945086797,0.9999986149913018,0.9999998990968375,0.9999999707915521,0.9999997263121754,0.9999990605578096,0.9999967753979259,0.9999951753461063,0.999982712724805,0.9999895078539569,0.9999609239446176,0.9991216365050855,0.9999979876154187,0.9999970742719672,0.9999825264390497,0.9999742482090637,0.9991218805465351,0.9991251324970133,0.9985587322395001,0.9990802143158278,0.996462558925403,0.9934184909239874,0.9940102170114938,0.9973849733871385,0.9972208972436869,0.9999224171154455,0.9999910441263554,0.9999991973336498,0.9999996073344996,0.9999817648294241,0.9999900121822093,0.9999841130894505,0.9999856019274077,0.9999953539872523,0.9999670658237773,0.9999927814854661,0.9999939516423249,0.9999909364759676,0.9999935891834513,0.9999952585115405,0.9999935079370211,0.9999994357128658,0.9999975324992254
57.6,0.9999993572369978,0.9999999090201048,0.9999999625441527,0.9999998220757256,0.99999910466314,0.9999943265068956,0.9999942446561229,0.9999786205048746,0.9999894601872859,0.9999469998005247,0.9989103327553028,0.9999987691041462,0.9999965646202291,0.9999826937788547,0.9999711097323435,0.9992248580184093,0.9989898097484137,0.998289803276826,0.999025593649571,0.9960814355134769,0.9932847201867433,0.9941248121495714,0.9971919064616888,0.9964945237145212,0.9999124367732791,0.9999885090302042,0.9999996204160003,0.999999707850117,0.9999778649340791,0.999986203242431,0.9999808605704936,0.999988366870546,0.9999934579341822,0.9999694161864527,0.9999941275421241,0.9999933102060893,0.9999906537720142,0.9999943400143133,0.9999955406911704,0.9999912501721233,0.9999994476608266,0.9999987364798699,0.9999999081423092,0.9999999734539424,0.9999997512110754,0.9999991427718107,0.9999970640752915,0.9999955962471003,0.9999842706956681,0.9999904223483648,0.9999644381092356,0.999203568320066,0.9999981693266758,0.9999973366924499,0.9999840803398746,0.9999764488493851,0.9992039689649965,0.9992055351520195,0.9986842265571093,0.9991579052526078,0.996764276404068,0.993969730054909,0.9945055655042987,0.997594386678778,0.9974475413268467,0.9999287396063096,0.9999917828932573,0.9999992631342401,0.9999996399051679,0.9999832615868147,0.9999908264367072,0.999985448179269,0.9999868305828541,0.9999957469373805,0.9999699698407587,0.9999934881331849,0.9999945976124435,0.9999917434502236,0.9999943059455495,0.9999959918881659,0.9999940544837161,0.9999994834640001,0.9999979037228891
58,0.9999994154095695,0.9999999171045059,0.9999999660103812,0.9999998388014274,0.9999991846871293,0.999994833385211,0.9999947524828454,0.9999805477198784,0.9999903936896672,0.9999518009276458,0.99901215040771,0.9999988881085433,0.9999968708334853,0.9999842380103944,0.9999735865018341,0.9992967880768057,0.9990834349053594,0.998439809518005,0.9991079439418261,0.9964162404449435,0.9938493989105133,0.9946115461560798,0.9974155439439469,0.996781367838965,0.9999195614652884,0.9999894578567614,0.9999996517533535,0.9999997323773074,0.9999796764556171,0.9999873306630951,0.9999824917576799,0.9999893628033152,0.9999940201477364,0.9999721177982148,0.9999947222793288,0.9999940301590866,0.999991528059528,0.999994999950678,0.9999962303565393,0.9999919939581502,0.9999994960716829,0.9999988472649823,0.9999999163722785,0.9999999758680567,0.999999773804101,0.9999992177745733,0.999997326813578,0.9999959804003032,0.9999856879519375,0.9999912570664428,0.9999676354536899,0.9992778416417136,0.9999983340525536,0.9999975750136557,0.9999854955690445,0.9999784618012524,0.9992783646782258,0.9992785242877165,0.9987987616458612,0.9992290288382146,0.9970403298152968,0.9944749989374434,0.9949601285753645,0.9977871396978373,0.9976557501014777,0.9999345501899719,0.9999924610096467,0.9999993235716361,0.9999996697822401,0.9999846360922621,0.999991574714705,0.9999866712495845,0.9999879544227429,0.9999961066823582,0.9999726164323726,0.9999941214744611,0.9999951693164268,0.9999924776479879,0.9999949360234348,0.9999966116051869,0.9999945551176967,0.9999995271284848,0.9999982183632597
58.40000000000001,0.9999994682348951,0.9999999244647022,0.9999999691465142,0.9999998539040192,0.9999992575291602,0.9999952948569446,0.9999952154242412,0.9999823009185261,0.9999912444052378,0.9999561661216299,0.9991044405913299,0.9999989946888501,0.9999971490421589,0.9999856439106447,0.9999758514463007,0.9993620248192404,0.999168354966722,0.9985766145657685,0.9991833407896042,0.9967225244612361,0.9943667928647058,0.9950581253532588,0.9976215367557623,0.9970448081771753,0.9999261109564958,0.9999903288232856,0.9999996805209711,0.9999997548453462,0.9999813407102607,0.9999883665716265,0.9999839841255466,0.9999902734975418,0.9999945340880433,0.999974578874941,0.9999952527336057,0.9999946665313373,0.9999923173029885,0.9999955769365677,0.9999968131357835,0.9999926746682382,0.9999995401749847,0.9999989482948962,0.9999999238608791,0.9999999780581021,0.9999997943105042,0.9999992861994185,0.9999975659495485,0.9999963310115527,0.9999869772119498,0.9999920189594339,0.999970544567935,0.9993451733246219,0.9999984834761262,0.9999977915414362,0.9999867845531579,0.9999803030058315,0.9993457898175512,0.9993447852026438,0.9989032969527547,0.9992941404415425,0.9972928907450175,0.9949380971943993,0.9953772355074686,0.9979645457384952,0.9978470163212989,0.9999398898440589,0.999993083409816,0.9999993790787378,0.9999996971873406,0.9999858982422926,0.9999922623066128,0.9999877916565183,0.9999889823639073,0.9999964360204854,0.9999750285654119,0.9999946896824898,0.9999956759771117,0.9999931457595553,0.9999954907011674,0.9999971352975898,0.999995013676853,0.9999995670630615,0.9999984851126851
58.8,0.9999995162158746,0.9999999311663654,0.9999999719856426,0.9999998675483609,0.9999993238363225,0.9999957149945362,0.9999956374487953,0.9999838958115649,0.9999920196710073,0.9999601349944142,0.9991880953463168,0.9999990902874883,0.9999974019293679,0.9999869239346397,0.99997792259451,0.9994211923938962,0.9992453812319798,0.9987013833236681,0.999252370304375,0.9970027032124895,0.9948408267006741,0.9954678349791272,0.9978112589999136,0.9972867441506434,0.9999321310774747,0.9999911282462537,0.9999997069272345,0.9999997754272351,0.9999828695371636,0.9999893183148697,0.999985349433492,0.9999911062297275,0.9999950038873657,0.9999768210628832,0.9999957263980912,0.9999952298115294,0.9999930302421884,0.9999960821095589,0.9999973056141103,0.9999932976215342,0.9999995803631943,0.9999990404332337,0.9999999306754039,0.9999999800457177,0.9999998129278707,0.9999993486240792,0.999997783609356,0.9999966510080729,0.9999881500468129,0.9999927143759766,0.9999731914669798,0.9994062131135343,0.9999986190982116,0.9999979883456513,0.9999879585985113,0.9999819870601983,0.9994068986955833,0.9994049397659811,0.9989987078137342,0.9993537484837071,0.9975239488698942,0.995362516046687,0.9957599484378997,0.9981278159928131,0.998022712867165,0.9999447963334561,0.9999936546334109,0.9999994300540745,0.9999997223240041,0.9999870571453744,0.9999928940863493,0.9999888179827058,0.9999899225702966,0.9999967375155936,0.9999772271400935,0.9999951999445494,0.9999961255888383,0.9999937538420122,0.9999959797028399,0.9999975778624528,0.9999954336813902,0.999999603592248,0.9999987113220064
59.2,0.9999995598064987,0.9999999372690879,0.9999999745572337,0.9999998798815093,0.9999993841971969,0.9999960975057538,0.9999960221749759,0.9999853466962502,0.9999927261766091,0.9999637435662478,0.9992639232679068,0.9999991761579329,0.9999976319004283,0.999988089406751,0.9999798164534391,0.9994748566877126,0.9993152493175776,0.9988151777792691,0.9993155693461871,0.9972589900167574,0.9952751052047598,0.9958436959233036,0.9979859798165566,0.9975089225741761,0.999937664091429,0.9999918619404559,0.999999731163933,0.9999997942813902,0.9999842738419951,0.9999901926607748,0.999986598455289,0.9999918676594459,0.9999954333266087,0.9999788640304624,0.9999961498231592,0.9999957290776429,0.9999936746531307,0.9999965250332042,0.9999977218015266,0.9999938676937022,0.9999996169916652,0.999999124466616,0.9999999368769567,0.9999999818502868,0.9999998298343785,0.9999994055755614,0.9999979817274609,0.9999969430624596,0.999989216983158,0.9999933491136829,0.9999755998210896,0.9994615499133265,0.9999987422595069,0.9999981672868099,0.9999890279932112,0.9999835273294224,0.9994622841642454,0.9994595522828654,0.9990857928189124,0.9994083183994225,0.9977353268972713,0.9957514624168208,0.9961110830542197,0.998278067312207,0.9981841022216671,0.9999493044523743,0.9999941788559873,0.9999994768644581,0.9999997453791359,0.9999881211827437,0.9999934745430429,0.999989758099903,0.9999907825155018,0.9999970135164867,0.999979231178321,0.999995658590131,0.9999965250904965,0.9999943073818283,0.999996411417913,0.999997951884165,0.9999958183596527,0.9999996370114164,0.9999989032081577
59.6,0.9999995994168355,0.9999999428269669,0.9999999768875848,0.99999989103479,0.9999994391471616,0.9999964457661279,0.9999963729018719,0.9999866665822766,0.9999933700207614,0.9999670245888891,0.9993326572841363,0.9999992533923391,0.9999978411150092,0.999989150624946,0.9999815481351698,0.9995235307601195,0.9993786262059413,0.9989189660775949,0.9993734296401551,0.9974934124383334,0.995672938391284,0.9961884852844191,0.9981468711570626,0.997712949675887,0.9999427489599121,0.9999925352572664,0.999999753407547,0.9999998115528854,0.9999855636679807,0.9999909958425151,0.9999877410598969,0.9999925638808752,0.9999958258648164,0.9999807256530397,0.9999965287432707,0.9999961721972567,0.9999942574631482,0.9999969139276601,0.9999980735328398,0.9999943893531036,0.9999996503823527,0.9999992011115967,0.9999999425210361,0.999999983489206,0.9999998451908058,0.9999994575345834,0.9999981620638665,0.9999972096146413,0.9999901875968422,0.9999939284664237,0.9999777911657735,0.9995117174767323,0.999998854159692,0.9999983300393208,0.9999900020997664,0.9999849360494255,0.9995124833801976,0.9995091348200678,0.9991652805369768,0.9994582762657112,0.997928694326811,0.9961078813015897,0.9964332278062854,0.9984163294020704,0.9983323452183216,0.9999534462496226,0.9999946599173493,0.9999995198474412,0.9999997665243558,0.9999890980648197,0.999994007810474,0.99999061922674,0.9999915690402641,0.9999972661747972,0.9999810579944646,0.9999960712013611,0.9999968805131978,0.9999948113508713,0.9999967930930285,0.9999982679935946,0.999996170671914,0.9999996675895506,0.9999990660295878
60,0.9999996354174768,0.9999999478891293,0.99999997900021,0.9999999011256077,0.9999994891732165,0.9999967628485485,0.9999966926371955,0.9999878673067352,0.9999939567629299,0.9999700078402423,0.9993949617149132,0.9999993229447863,0.9999980315150505,0.9999901169551213,0.9999831314733438,0.9995676797721735,0.9994361166420664,0.9990136308016969,0.9994264015521035,0.9977078275681417,0.9960373647892273,0.9965047554445146,0.9982950150126582,0.9979003022084297,0.9999474215904838,0.9999931531202255,0.9999997738204356,0.9999998273745869,0.9999867482619028,0.9999917335994494,0.9999887862859402,0.9999932004701566,0.9999961846662474,0.9999824221798563,0.9999968681858447,0.9999965659983057,0.9999947848511519,0.9999972558657103,0.9999983708055155,0.9999948666941444,0.9999996808271231,0.9999992710209631,0.9999999476580631,0.999999984978114,0.999999859142315,0.9999995049396296,0.9999983262198201,0.9999974528919821,0.9999910705983687,0.9999944572676575,0.9999797850932644,0.9995571995631347,0.9999989558739608,0.9999984781118413,0.9999908894390906,0.9999862244213678,0.9995579830321364,0.9995541520410397,0.9992378356535717,0.9995040121255879,0.9981055801186777,0.9964344765123646,0.9967287617211239,0.9985435514877424,0.9984685091171928,0.9999572512380359,0.9999951013478094,0.9999995593135935,0.9999997859172348,0.9999899948834866,0.9999944976943971,0.9999914079819646,0.9999922884053409,0.9999974974613841,0.9999827233503329,0.9999964427082777,0.9999971971063958,0.9999952702565919,0.9999971309953811,0.9999985351714658,0.9999964933322883,0.9999996955717235,0.9999992042344975
60.40000000000001,0.9999996681435063,0.999999952500202,0.9999999809161717,0.9999999102590302,0.9999995347183682,0.9999970515502643,0.9999969841228665,0.9999889596390069,0.9999944914705762,0.9999727203928617,0.9994514386775976,0.9999993856508712,0.999998204849071,0.9999909969165176,0.9999845791300375,0.9996077254574502,0.9994882689371419,0.9990999765280445,0.999474897551117,0.9979039360977382,0.9963711730250672,0.9967948517482308,0.9984314101320606,0.9980723377140918,0.9999517150672752,0.9999937200580865,0.9999997925519371,0.9999998418681881,0.9999878361353604,0.9999924112151272,0.9999897424103028,0.9999937825288938,0.9999965126252196,0.9999839683849444,0.9999971725647919,0.9999969164147562,0.9999952623350622,0.9999975569394554,0.9999986220650474,0.999995303467994,0.9999997085907099,0.9999993347894617,0.9999999523338546,0.9999999863310901,0.9999998718200435,0.9999995481906524,0.9999984756521122,0.999997674927675,0.9999918739107355,0.9999949399301153,0.9999815994270653,0.9995984346170076,0.9999990483673648,0.9999986128651289,0.9999916977667457,0.9999874026982571,0.9995992240795921,0.9995950255950198,0.9993040645739503,0.9995458830321168,0.9982673843484019,0.9967337298805776,0.9969998709056876,0.9986606084879156,0.9985935750556852,0.9999607465889859,0.9999955063925035,0.999999595548609,0.9999998037024327,0.9999908181605082,0.9999949476978773,0.9999921304334981,0.9999929463400792,0.9999977091813884,0.9999842415958418,0.9999967774711364,0.9999974794456904,0.9999956881870319,0.9999974305519505,0.9999987610046117,0.9999967888289003,0.9999997211813221,0.9999993215861087
60.8,0.9999996978980447,0.9999999567007358,0.9999999826543655,0.9999999185291784,0.9999995761856172,0.9999973144175047,0.9999972498583826,0.9999899533764389,0.999994978762352,0.9999751868585569,0.999502633898578,0.9999994422442562,0.9999983626933945,0.9999917982591078,0.9999859026938385,0.9996440501768824,0.9995355802334337,0.9991787367189611,0.9995192953845551,0.9980832952737537,0.9966769218034465,0.9970609288727785,0.998556978260733,0.9982303040030575,0.9999556598654201,0.999994240235481,0.9999998097393867,0.999999855145156,0.9999888351215879,0.9999930335525223,0.9999906170112624,0.9999943147240919,0.999996812388902,0.9999853777036167,0.9999974457609584,0.9999972286109842,0.999995694848178,0.9999978224021286,0.9999988344459946,0.9999957031108679,0.9999997339133584,0.9999993929590031,0.999999956590052,0.9999999875608261,0.9999998833425197,0.9999995876524514,0.9999986116860965,0.9999978775775691,0.999992604740363,0.9999953804821347,0.9999832503810125,0.9996358200102475,0.9999991325072912,0.9999987355277433,0.9999924341421698,0.9999884802644136,0.9996366060483878,0.9996321381009196,0.9993645205360343,0.9995842158361649,0.9984153889238335,0.9970079190239359,0.9972485638202356,0.9987683067295091,0.9987084449202238,0.9999639573128792,0.9999958780338877,0.9999996288152539,0.9999998200127449,0.9999915738923318,0.9999953610447676,0.9999927921436107,0.999993548087025,0.9999979029880541,0.9999856257967363,0.9999970793516044,0.9999977315250566,0.9999960688512332,0.999997696468237,0.9999989519024246,0.9999970594424467,0.9999997446220505,0.9999994212685275
61.2,0.9999997249554208,0.9999999605275871,0.9999999842317673,0.9999999260204456,0.9999996139415817,0.9999975537679283,0.999997492122159,0.9999908574315809,0.9999954228475714,0.9999774296111615,0.9995490419851047,0.9999994933706761,0.9999985064707371,0.9999925280337515,0.9999871127698418,0.9996770005959391,0.9995785012798457,0.9992505800092515,0.9995599409890649,0.9982473308148051,0.9969569583854234,0.997304965972185,0.9986725699327883,0.9983753479008417,0.9999592840502938,0.9999947174813474,0.9999998255090584,0.9999998673075945,0.9999897524281139,0.9999936050866783,0.999991417026569,0.9999948013248111,0.9999970863782188,0.9999866623559733,0.9999976911913853,0.99999750708806,0.999996086805985,0.9999980567888145,0.9999990139755729,0.9999960687700546,0.9999997570131944,0.9999994460233947,0.9999999604645076,0.9999999886787762,0.999999893816929,0.9999996236577583,0.9999987355275438,0.9999980625355569,0.9999932696416997,0.9999957826009118,0.9999847527041916,0.9996697158886576,0.9999992090743485,0.9999988472098901,0.9999931049915577,0.9999894657083696,0.9996704909238477,0.9996658367630783,0.9994197082761724,0.9996193097392698,0.9985507674349426,0.9972591337661714,0.9974766854022707,0.9988673892360292,0.9988139476816132,0.9999669064265161,0.9999962190125422,0.9999996593551697,0.9999998349700662,0.9999922675915234,0.9999957407014504,0.9999933982105005,0.9999940984428756,0.9999980803954125,0.9999868878505881,0.9999973517744212,0.9999979568358209,0.9999964156155486,0.9999979328295884,0.9999991132796848,0.9999973072632713,0.9999997660797361,0.999999505976212
61.6,0.9999997495640105,0.9999999640142621,0.9999999856636472,0.9999999328085714,0.9999996483197932,0.9999977717110844,0.9999977129910128,0.9999916799117023,0.9999958275622688,0.9999794689893593,0.9995911112068444,0.9999995395998195,0.9999986374665275,0.999993192655825,0.9999882190622205,0.9997068910190609,0.9996174407631614,0.9993161159394472,0.9995971511592515,0.9983973478680984,0.9972134356612576,0.9975287806763117,0.9987789698449828,0.9985085233176142,0.9999626134624729,0.9999951553152649,0.9999998399770349,0.9999998784490347,0.9999905946855311,0.9999941299349342,0.9999921488068431,0.9999952462357932,0.9999973368070152,0.9999878334587096,0.9999979118690088,0.9999977557746508,0.9999964421646905,0.9999982640192636,0.99999916574562,0.9999964033278562,0.9999997780883484,0.9999994944326442,0.9999999639916338,0.9999999896952877,0.9999999033402442,0.9999996565100523,0.9999988482734323,0.999998231347644,0.9999938745760573,0.9999961496429255,0.9999861198129322,0.9997004486592066,0.9999992787718851,0.9999989489156544,0.9999937161649921,0.9999903668897412,0.9997012066791143,0.9996964366526461,0.9994700882863384,0.999651438631275,0.9986745942026869,0.9974892912997834,0.9976859301177657,0.9989585406194919,0.9989108452340666,0.9999696151081505,0.9999965318463949,0.9999996873905369,0.9999998486862761,0.9999929043250635,0.9999960893969588,0.9999939533065463,0.9999946017960589,0.9999982427899221,0.9999880385921683,0.9999975977808724,0.9999981584343555,0.9999967315363033,0.9999981431877308,0.9999992497109936,0.9999975342070672,0.9999997857239573,0.9999995779895864
62,0.999999771948781,0.9999999671912277,0.9999999869637567,0.999999938961586,0.9999996796236925,0.9999979701670592,0.9999979143579448,0.9999924281912522,0.999996196402128,0.9999813234813084,0.9996292478322129,0.9999995814354292,0.9999987568432761,0.9999937979629565,0.9999892304499747,0.9997340064130927,0.9996527692359302,0.9993759001837272,0.9996312159939323,0.9985345410781981,0.9974483279112597,0.9977340420217918,0.998876901840665,0.9986307986889266,0.999965671889303,0.9999955569718288,0.9999998532500126,0.9999998886551568,0.9999913679926364,0.9999946118848956,0.9999928181646455,0.9999956530283013,0.9999975656996269,0.999988901126377,0.9999981104541794,0.99999797810484,0.9999967644725878,0.9999984474855143,0.9999992940578463,0.9999967094235996,0.9999997973188623,0.9999995385968738,0.9999999672027206,0.9999999906197167,0.9999999120002367,0.99999968648613,0.9999989509217678,0.9999983854248093,0.9999944249651792,0.9999964846717623,0.9999873639110084,0.9997283141513611,0.9999993422343364,0.9999990415538368,0.9999942729883653,0.9999911910005587,0.9997290504725245,0.9997242236853158,0.9995160806982376,0.9996808532307677,0.9987878525887712,0.9977001501774776,0.9978778540129524,0.9990423916041129,0.9989998377752063,0.999972102841057,0.9999968188484758,0.9999997131256152,0.9999998612640546,0.999993488749725,0.9999964096415888,0.9999944617134854,0.9999950621612073,0.9999983914411482,0.9999890878891925,0.9999978200752292,0.9999983390001586,0.9999970193891954,0.9999983306347219,0.9999993650612189,0.9999977420293111,0.9999998037095157,0.9999996392389492
62.40000000000001,0.9999997923135727,0.9999999700861929,0.9999999881444918,0.999999944540645,0.9999997081293537,0.9999981508834646,0.9999980979483687,0.9999931089778706,0.9999965325525444,0.9999830098926609,0.9996638200605066,0.9999996193239111,0.9999988656532571,0.9999943492674351,0.9999901550564118,0.9997586051485634,0.9996848226782639,0.9994304393165379,0.9996624011382979,0.9986600038358003,0.997663445344349,0.9979222823884492,0.9989670335300009,0.9987430638342372,0.9999684812239233,0.9999959254231965,0.9999998654260451,0.9999998980044509,0.999992077958187,0.9999950544203045,0.9999934304195525,0.9999960249683932,0.9999977749069819,0.9999898745631287,0.9999982892991754,0.9999981770848112,0.9999970569151959,0.9999986101266096,0.9999994025465233,0.9999969894738668,0.9999998148684043,0.9999995788898811,0.999999970126221,0.9999999914605292,0.9999999198763826,0.9999997138384503,0.9999990443805213,0.9999985260547585,0.9999949257400053,0.9999967904835599,0.9999884960990779,0.9997535804827533,0.9999994000345606,0.9999991259475693,0.9999947803105774,0.9999919446215085,0.9997542915448933,0.9997494573233463,0.9995580688267806,0.9997077830448637,0.9988914426239093,0.9978933232139808,0.9980538858363285,0.9991195232081803,0.9990815687617923,0.9999743875463695,0.9999970821433057,0.9999997367481628,0.999999872797631,0.9999940251447366,0.9999967037441047,0.9999949273547508,0.9999954832107697,0.9999985275115585,0.9999900447293336,0.9999980210651317,0.9999985008857405,0.9999972816957852,0.9999984978662033,0.9999994625956814,0.9999979323385301,0.9999998201777657,0.9999996913584909
62.8,0.9999998108431484,0.999999972724362,0.9999999892170369,0.9999999496007658,0.9999997340879604,0.9999983154509143,0.999998265334918,0.9999937283725121,0.9999968389160637,0.9999845434994402,0.9996951615871595,0.9999996536616867,0.9999989648497303,0.9999948514037987,0.9999910003128658,0.999780921485016,0.9997139057274307,0.9994801951582091,0.9996909498388281,0.9987747367698597,0.9978604474997824,0.9980949085110367,0.9990499805712929,0.998846136276621,0.9999710616125665,0.9999962633999282,0.9999998765952295,0.9999999065688215,0.9999927297395032,0.999995460744953,0.9999939904395421,0.999996365042836,0.9999979661213533,0.9999907621458753,0.9999984504867119,0.9999983553500468,0.9999973223549916,0.9999987544923555,0.9999994942821142,0.9999972456910803,0.9999998308858105,0.9999996156523786,0.9999999727880116,0.9999999922253909,0.999999927040674,0.9999997387972738,0.9999991294757612,0.9999986544126627,0.9999953813850562,0.9999970696302662,0.9999895264743058,0.9997764906566792,0.9999994526903025,0.9999992028428688,0.9999952425464484,0.9999926337734997,0.9997771738447142,0.9997723730272824,0.9995964024026126,0.9997324381635112,0.9989861880081661,0.9980702893757252,0.998215337296843,0.9991904706088087,0.9991566294735098,0.9999764857059248,0.9999973236820172,0.9999997584307486,0.9999998833734741,0.9999945174419254,0.9999969738276386,0.9999953538251863,0.9999958683039946,0.999998652065508,0.9999909172993156,0.9999982028967573,0.9999986461595165,0.9999975207473784,0.9999986472355482,0.999999545073228,0.9999981066084889,0.9999998352578188,0.9999997357319543
63.2,0.9999998277050338,0.9999999751286652,0.9999999901914916,0.9999999541914795,0.9999997577280584,0.9999984653171193,0.9999984179509533,0.9999942919241946,0.9999971181374188,0.999985938187118,0.9997235748360723,0.9999996848014917,0.9999990552968929,0.999995308772059,0.9999917730171248,0.9998011678241909,0.9997402946060477,0.9995255887364349,0.9997170848264448,0.9988796555420997,0.9980408555931526,0.9982532116323513,0.9991263106367461,0.9989407670641707,0.9999734315909086,0.9999965734102402,0.9999998868403398,0.999999914414141,0.9999933280781405,0.9999958338047804,0.9999945026789802,0.9999966759828502,0.9999981408898734,0.9999915714996809,0.9999985958632962,0.9999985152144439,0.9999975633664311,0.9999988827977623,0.9999995718588079,0.9999974801005713,0.9999998455064748,0.9999996491949419,0.9999999752116274,0.9999999929212475,0.9999999335583479,0.9999997615726149,0.9999992069590524,0.9999987715709702,0.999995795978825,0.9999973244408955,0.9999904642210394,0.9997972649163978,0.999999500669903,0.9999992729162575,0.9999956637157414,0.9999932639649369,0.9997979184067094,0.9997931844804661,0.9996314005208424,0.9997550109022261,0.9990728425331358,0.9982324047316438,0.9983634125205048,0.9992557267126518,0.9992255632148653,0.9999784124757978,0.999997545256299,0.9999997783319621,0.9999998930709254,0.9999949692535242,0.9999972218443751,0.9999957444183439,0.9999962205134914,0.9999987660774774,0.9999917130568207,0.9999983674854898,0.9999987766427292,0.999997738626575,0.9999987808002525,0.9999996148248508,0.9999982661893856,0.9999998490676338,0.999999773531232
63.6,0.9999998430511731,0.9999999773199666,0.9999999910769819,0.9999999583574086,0.9999997792576029,0.9999986017997239,0.9999985571028838,0.9999948046798445,0.9999973726263713,0.9999872065771154,0.9997493338898769,0.999999713057782,0.9999991377787265,0.9999957253769727,0.9999924793869959,0.999819536752672,0.9997642397768599,0.9995670038973288,0.9997410100421256,0.9989755979988156,0.9982060638833115,0.9983983768599957,0.9991965470846332,0.9990276461308435,0.9999756082102115,0.9999968577577804,0.9999998962374123,0.9999999216007559,0.9999938773328356,0.9999961763082794,0.9999949712134729,0.9999969602858637,0.9999983006269119,0.9999923095661476,0.9999987270681594,0.999998658712535,0.9999977822668671,0.9999989969695668,0.9999996374684573,0.9999976945562512,0.9999998588536011,0.9999996798006924,0.9999999774184759,0.999999993554395,0.9999999394885405,0.9999997823560234,0.9999992775141886,0.9999988785083674,0.9999961732305311,0.9999975570409524,0.9999913176933275,0.9998161028789049,0.9999995443973504,0.9999993367815658,0.999996047478654,0.9999938402350509,0.999816725506809,0.9998120856073253,0.9996633543307823,0.9997756773060115,0.9991520959720868,0.998380912534065,0.9984992167639838,0.9993157454541031,0.9992888691830865,0.9999801817911831,0.9999977485112501,0.9999997965975292,0.9999999019627824,0.9999953838978105,0.999997449589108,0.9999961021515522,0.9999965426495693,0.9999988704396274,0.999992438795875,0.9999985165427032,0.9999988939412681,0.9999979372267261,0.9999989003617196,0.9999996738200965,0.9999984123181314,0.9999998617150061,0.9999998057489957
64,0.9999998570194184,0.9999999793172529,0.99999999188176,0.99999996213878,0.9999997988658205,0.999998726097994,0.9999986839814022,0.9999952712296695,0.9999976045785463,0.9999883601418504,0.9997726871461833,0.9999997387113889,0.9999992130068762,0.9999961048637286,0.9999931251094046,0.9998362028936116,0.9997859683495257,0.9996047905968649,0.9997629122180456,0.9990633307309579,0.9983573501324198,0.9985314917853247,0.9992611723584525,0.9991074072318959,0.9999776071539574,0.9999971185580323,0.9999999048562844,0.9999999281839507,0.9999943815099225,0.9999964907453368,0.9999953997718346,0.9999972202354329,0.9999984466254098,0.9999929826654598,0.9999988455583824,0.9999987876358223,0.9999979811438825,0.9999990986860182,0.9999996929630331,0.9999978907549932,0.9999998710393332,0.9999997077277396,0.9999999794280305,0.9999999941305434,0.9999999448848742,0.999999801322208,0.999999341763316,0.9999989761179642,0.9999965165135589,0.9999977693701766,0.9999920944900074,0.9998331854687621,0.9999995842567636,0.9999993949960151,0.9999963971681017,0.9999943671936075,0.9998337766145036,0.9998292524045059,0.999692529489368,0.9997945985261525,0.999224579480795,0.9985169524944975,0.998623764440168,0.9993709448410538,0.9993470060278947,0.9999818064632374,0.999997934957224,0.9999998133613425,0.9999999101158341,0.9999957644227399,0.9999976587117518,0.9999964297889314,0.9999968372825337,0.9999989659687233,0.999993100706312,0.9999986515991885,0.9999989994731251,0.9999981182695113,0.9999990074994113,0.9999997237231635,0.9999985461277883,0.9999998732984645,0.9999998332262826
64.40000000000001,0.9999998697348715,0.9999999811378047,0.9999999926132919,0.9999999655718791,0.9999998167249022,0.9999988393034586,0.9999987996717324,0.9999956957484549,0.9999978159944309,0.9999894093093559,0.9997938597252888,0.999999762013536,0.9999992816276835,0.9999964505503854,0.9999937153853927,0.9998513245853395,0.9998056862624951,0.9996392679008542,0.9997829623262464,0.9991435550897715,0.9984958852269306,0.998653554419463,0.9993206311323807,0.9991806324865747,0.9999794428456379,0.9999973577534453,0.9999999127610927,0.9999999342143724,0.9999948442914003,0.9999967794046191,0.9999957917654002,0.9999974579194861,0.9999985800672558,0.9999935965526917,0.9999989526307473,0.9999989035640841,0.9999981618794885,0.9999991894109286,0.9999997399073793,0.9999980702498293,0.9999998821657752,0.9999997332114038,0.9999999812580065,0.9999999946548735,0.9999999497959873,0.9999998186305192,0.9999994002725042,0.999999065214767,0.9999968288958784,0.9999979631987512,0.9999928015230232,0.9998486766706582,0.9999996205963755,0.9999994480656649,0.9999967158190874,0.9999948490572941,0.9998492361615675,0.9998448446021653,0.9997191683989651,0.9998119220805989,0.9992908705485802,0.998641569314997,0.9987379865071396,0.9994217097669016,0.9994003951271265,0.99998329826846,0.9999981059807388,0.9999998287464089,0.9999999175913533,0.9999961136277218,0.9999978507288844,0.9999967298625181,0.9999971067631066,0.9999990534124822,0.9999937044278588,0.9999987740256702,0.9999990944921137,0.9999982833208297,0.999999103600192,0.9999997659402881,0.9999986686562314,0.999999883908086,0.9999998566758187
64.8,0.9999998813110926,0.9999999827973515,0.9999999932783359,0.9999999686894561,0.9999998329915433,0.999998942409597,0.9999989051629712,0.9999960820331437,0.9999980086967002,0.9999903635584015,0.9998130556524886,0.9999997831893154,0.9999993442284745,0.9999967654573599,0.9999942549713499,0.9998650454030092,0.9998235802609362,0.9996707267191602,0.9998013169058485,0.999216912701773,0.9986227420230136,0.9987654804977434,0.9993753332210917,0.9992478565583978,0.9999811285483211,0.999997577127384,0.9999999200107308,0.9999999397384198,0.9999952690608259,0.9999970443896115,0.9999961503148966,0.9999976752470249,0.9999987020327852,0.9999941564689246,0.999999049440768,0.9999990078923814,0.9999983261715789,0.9999992704228413,0.9999997796237746,0.999998234462055,0.9999998923259142,0.99999975646624,0.999999982924521,0.9999999951320876,0.9999999542660094,0.9999998344263007,0.9999994535568143,0.999999146542504,0.9999971131677172,0.9999981401421064,0.9999934450795783,0.999862725117651,0.9999996537320806,0.9999994964502988,0.9999970061954219,0.9999952896830561,0.9998632531443841,0.9998590071711538,0.9997434922484746,0.9998277830077528,0.9993514975360543,0.9987557205318423,0.9988427372686576,0.999468394606201,0.9994494236004007,0.9999846680311538,0.9999982628545234,0.9999998428657253,0.9999999244455493,0.9999964340836782,0.99999802703439,0.9999970046916499,0.9999973532411264,0.9999991334553904,0.9999942550993386,0.9999988850508037,0.9999991801083858,0.9999984338051724,0.9999991898835688,0.9999998016597729,0.9999987808540983,0.9999998936262363,0.9999998767017406
65.2,0.9999998918511903,0.9999999843102121,0.9999999938830126,0.9999999715210858,0.9999998478083424,0.9999990363206575,0.9999990013566056,0.9999964335370303,0.9999981843460105,0.9999912315049763,0.9998304598359995,0.9999998024407036,0.9999994013431925,0.9999970523342381,0.9999947482167892,0.9998774955379386,0.9998398196897308,0.9996994322976247,0.9998181192789186,0.9992839905235568,0.9987389034757658,0.9988681102005129,0.9994256562708331,0.9993095705011651,0.9999826764565866,0.999997778316983,0.9999999266592726,0.9999999447985997,0.99999565892719,0.9999972876334086,0.9999964782750695,0.9999978739634118,0.9999988135094728,0.9999946671876629,0.9999991370192854,0.9999991018543849,0.9999984755529758,0.9999993428400393,0.9999998132295747,0.9999983846923309,0.999999901604454,0.9999997776878804,0.9999999844422376,0.9999999955664546,0.9999999583349901,0.999999848842122,0.9999995020849075,0.999999220779855,0.9999973718667301,0.9999983016744364,0.9999940308786749,0.9998754655304615,0.9999996839506008,0.9999995405678126,0.999997270814037,0.9999956925986334,0.9998759625754982,0.9998718716903646,0.9997657028750007,0.9998423049226552,0.9994069438332877,0.9988602837244241,0.9989388006309939,0.9995113256101305,0.9994944470813717,0.9999859256994755,0.9999984067467648,0.9999998558230834,0.9999999307299835,0.9999967281515149,0.9999981889092735,0.9999972564007503,0.9999975786826684,0.9999992067240341,0.9999947574034346,0.9999989857769845,0.9999992573062031,0.9999985710186298,0.9999992674234262,0.9999998318857998,0.9999988835920819,0.9999999025282424,0.9999998938162723
65.60000000000001,0.9999999014488055,0.9999999856894231,0.9999999944328677,0.9999999740934893,0.9999998613050755,0.9999991218596834,0.9999990890742778,0.9999967534008712,0.9999983444553979,0.9999920209809067,0.9998462398595662,0.9999998199491857,0.999999453457452,0.9999973136841565,0.9999951990989492,0.9998887930479402,0.9998545581187999,0.9997256264891208,0.9998335006642736,0.9993453254738415,0.998845270107548,0.9989622143349931,0.9994719482475433,0.9993662252967757,0.9999840977813764,0.9999979628249902,0.9999999327563612,0.9999999494338526,0.9999960167469265,0.9999975109123501,0.9999967782572481,0.9999980556643622,0.9999989153998887,0.9999951330569925,0.9999992162869619,0.9999991865425484,0.9999986114083615,0.999999407642005,0.9999998416690089,0.9999985221308608,0.9999999100785697,0.9999997970547129,0.9999999858244987,0.9999999959618516,0.9999999620392858,0.9999998619989033,0.999999546283238,0.9999992885461397,0.9999976073008906,0.999998449141042,0.9999945641225434,0.9998870200217673,0.9999997115123146,0.9999995807981601,0.9999975119671097,0.9999960610305301,0.9998874867985619,0.9998835575872144,0.9997859844618437,0.9998556009838118,0.999457651669477,0.9989560631386121,0.99902689585789,0.9995508031168027,0.9995357922675627,0.9999870804155477,0.9999985387296176,0.999999867713812,0.9999999364919516,0.9999969979991253,0.9999983375307038,0.9999974869356422,0.9999977848857171,0.9999992737919835,0.9999952156074222,0.9999990771942552,0.9999993269593495,0.9999986961406686,0.9999993371667609,0.999999857466994,0.9999989776676206,0.9999999106830054,0.9999999084538288
66,0.9999999101889989,0.9999999869468544,0.9999999949329273,0.9999999764308214,0.999999873599853,0.9999991997758191,0.999999169064863,0.999997044481187,0.9999984904034014,0.9999927391053224,0.9998605476070581,0.9999998358780439,0.9999995010130786,0.9999975517859757,0.9999956112544847,0.9998990449906993,0.9998679348164174,0.9997495298232795,0.9998475811977363,0.9994014086772925,0.9989426668669588,0.9990485000197814,0.9995145297367383,0.9994182351089976,0.9999854028282813,0.9999981320306718,0.9999999383475677,0.9999999536798524,0.999996345144196,0.9999977158585884,0.9999970526500163,0.9999982218087478,0.9999990085289768,0.9999955580378812,0.9999992880669564,0.9999992629255797,0.9999987349893488,0.9999994656878552,0.9999998657400401,0.9999986478667217,0.999999917818592,0.9999998147294087,0.9999999870834448,0.9999999963218007,0.9999999654119074,0.9999998740069407,0.9999995865398656,0.9999993504065093,0.9999978215693105,0.9999985837695987,0.9999950495434206,0.9998974992781382,0.9999997366537896,0.9999996174869065,0.9999977317421962,0.9999963979296276,0.9998979366795162,0.9998941732630229,0.9998045050872024,0.9998677747782033,0.9995040256027669,0.999043795770384,0.9991076828624627,0.9995871035903716,0.9995737592653311,0.9999881405800783,0.9999986597870341,0.9999998786254604,0.9999999417748346,0.9999972456170412,0.9999984739803472,0.9999976980785082,0.9999979734945112,0.9999993351842678,0.9999956336002358,0.9999991601925567,0.9999993898445165,0.9999988102447998,0.9999993999498532,0.9999998791205535,0.9999990638110343,0.9999999181535576,0.9999999209829444
66.40000000000001,0.9999999181490535,0.9999999880933148,0.9999999953877489,0.9999999785549267,0.9999998848001729,0.9999992707509574,0.9999992420109208,0.9999973093760064,0.9999986234460225,0.9999933923496148,0.9998735207347605,0.999999850374358,0.9999995444121949,0.9999977687144486,0.9999959880084873,0.999908348451135,0.9998800760847188,0.9997713433927166,0.9998604708666559,0.9994526893519665,0.9990318494263141,0.9991276159106396,0.9995536960689005,0.9994659802755346,0.9999866010697432,0.9999982871998522,0.9999999434747212,0.99999995756928,0.9999966465295721,0.9999979039716674,0.9999973036381455,0.9999983737303111,0.9999990936507143,0.9999959457389818,0.9999993530960266,0.9999993318635907,0.9999988474279119,0.9999995177321919,0.9999998861170538,0.9999987628964144,0.9999999248886261,0.9999998308603143,0.9999999882301237,0.9999999966495017,0.9999999684828358,0.9999998849668413,0.9999996232079249,0.9999994068766854,0.9999980165811732,0.9999987066804428,0.9999954914460953,0.9999070036310821,0.9999997595900537,0.99999965094843,0.9999979320405549,0.9999967059946392,0.9999074126856484,0.9999038171139707,0.9998214181367115,0.9998789211313975,0.9995464357166083,0.999124156952227,0.9991817670721231,0.9996204815018882,0.9996086237461789,0.9999891139118987,0.9999987708219639,0.9999998886384273,0.9999999466184208,0.999997472832833,0.999998599252044,0.9999978914616103,0.9999981460126711,0.9999993913814742,0.9999960149262034,0.9999992355725378,0.9999994466529453,0.9999989143082463,0.9999994565122378,0.9999998974526322,0.999999142691151,0.9999999249975702,0.9999999317163627
66.8,0.9999999253991991,0.9999999891386476,0.9999999958014657,0.9999999804855693,0.9999998950038779,0.999999335405791,0.9999993085345754,0.9999975504482833,0.9999987447276256,0.9999939865964793,0.9998852840056054,0.9999998635707604,0.9999995840209017,0.9999979663585653,0.9999963324010565,0.9999167914726613,0.9998910964702865,0.9997912505720223,0.9998722703658589,0.9994995783697276,0.9991135099620524,0.9992001570034357,0.9995897192831663,0.9995098100590462,0.9999877012116273,0.999998429494153,0.9999999481762126,0.9999999611320738,0.9999969231172525,0.9999980766291893,0.9999975332199325,0.9999985126483831,0.9999991714542025,0.9999962994482631,0.9999994120342658,0.9999993941212524,0.9999989497483713,0.9999995644387454,0.9999999033700256,0.9999988681316991,0.9999999313471133,0.9999998455827194,0.9999999892745887,0.9999999969478628,0.9999999712793051,0.9999998949703764,0.9999996566087783,0.9999994584272853,0.9999981940729504,0.9999988188959601,0.9999958937466032,0.9999156240275981,0.9999997805166339,0.9999996814688118,0.9999981145938237,0.9999969876935826,0.9999160058630751,0.9999125784573276,0.9998368635917937,0.9998891268490893,0.9995852205469417,0.9991977654817092,0.9992497038999542,0.9996511710639132,0.999640638929378,0.9999900075028063,0.9999988726629764,0.9999998978265401,0.9999999510592023,0.9999976813243578,0.9999987142588774,0.9999980685798662,0.9999983038152113,0.9999994428235032,0.9999963628157524,0.9999993040551036,0.999999498000564,0.9999990092207081,0.9999995075087926,0.9999999129755597,0.9999992149204655,0.9999999312678159,0.9999999409195716
67.2,0.9999999320032679,0.9999999900918175,0.9999999961778278,0.9999999822406376,0.9999999043000263,0.9999993943053177,0.9999993692028745,0.9999977698471949,0.999998855290869,0.9999945271935754,0.9998959504982636,0.9999998755869773,0.9999996201725982,0.999998146438243,0.9999966472116234,0.9999244539013394,0.9999010998614984,0.9998094185843411,0.9998830718816044,0.9995424515166641,0.9991882824592306,0.99926666904749,0.9996228499412249,0.999550045176213,0.9999887112545824,0.9999985599794939,0.9999999524872748,0.9999999643956604,0.9999971769409072,0.999998235096637,0.9999977432230732,0.9999986396776872,0.9999992425692389,0.9999966221617649,0.9999994654736549,0.999999450379235,0.9999990428780996,0.9999996063921315,0.9999999179807124,0.9999989644067735,0.9999999372473406,0.9999998590200111,0.9999999902259892,0.9999999972195274,0.9999999738260594,0.9999999041012591,0.9999996870348858,0.9999995054877693,0.9999983556240589,0.9999989213491558,0.9999962600074163,0.9999234429096608,0.9999997996113894,0.9999997093084448,0.999998280979199,0.9999972452834379,0.9999237987222107,0.9999205383717458,0.9998509692047515,0.9998984713958697,0.9996206897625431,0.999265188328711,0.9993120028535377,0.9996793878300242,0.9996700374047223,0.9999908278680693,0.9999989660703481,0.9999999062575874,0.9999999551306462,0.9999978726319442,0.9999988198396825,0.9999982308023793,0.9999984481595318,0.9999994899130072,0.9999966802133612,0.9999993662898645,0.9999995444368307,0.9999990957923107,0.9999995535202097,0.9999999261223887,0.9999992810598693,0.9999999370125907,0.9999999488180249
67.60000000000001,0.999999938019287,0.9999999909609897,0.999999996520238,0.9999999838363294,0.9999999127696843,0.999999447963851,0.9999994245326731,0.9999979695275114,0.9999989560857547,0.9999950190022957,0.9999056227028174,0.9999998865311871,0.9999996531709798,0.9999983105195094,0.9999969349812173,0.9999314081510725,0.9999101804832327,0.9998259999290607,0.9998929598095709,0.9995816524783759,0.9992567475782147,0.9993276526001189,0.999653318802514,0.9995869801224767,0.9999896385505846,0.9999986796339114,0.9999999564402395,0.9999999673851645,0.999997409868268,0.9999983805364189,0.999997935319196,0.999998755837306,0.9999993075714123,0.9999969166097421,0.9999995139455859,0.9999995012441696,0.9999991276570961,0.9999996441079926,0.9999999303563306,0.9999990524848478,0.9999999426379028,0.9999998712847267,0.999999991092652,0.9999999974668985,0.999999976145585,0.9999999124358531,0.9999997147524138,0.9999995484500427,0.9999985026710964,0.9999990148914757,0.9999965934694454,0.9999305350111803,0.9999998170361624,0.9999997347043927,0.9999984326332519,0.9999974808281414,0.9999308660398852,0.9999277704595977,0.9998638515705683,0.9999070275165327,0.9996531266190737,0.9993269449550639,0.9993691313099209,0.9997053301695328,0.999697032808148,0.999991580992925,0.9999990517416582,0.9999999139938094,0.9999999588634451,0.9999980481695967,0.9999989167650384,0.9999983793830065,0.9999985801954734,0.9999995330185406,0.9999969698030041,0.9999994228626199,0.9999995864524558,0.999999174760818,0.999999595062078,0.9999999372591842,0.9999993416229859,0.9999999422760979,0.9999999556032528
68,0.9999999435000156,0.9999999917536019,0.9999999968317852,0.9999999852873163,0.9999999204866455,0.9999994968495795,0.999999474995085,0.9999981512672118,0.9999990479778741,0.9999954664420865,0.9999143935136385,0.9999998965012191,0.9999996832927487,0.9999984600283166,0.9999971980328434,0.9999377198972341,0.9999184237985359,0.9998411336829373,0.9999020114124016,0.9996174955730119,0.9993194371187991,0.9993835667508685,0.9996813383710188,0.9996208853087265,0.9999904898550268,0.9999987893547488,0.9999999600647741,0.9999999701236022,0.9999976236145569,0.9999985140161939,0.9999981110371636,0.999998862058883,0.9999993669867626,0.99999718528044,0.9999995579274871,0.9999995472573358,0.9999992048465591,0.9999996780417569,0.9999999408411119,0.9999991330641678,0.9999999475631224,0.9999998824795117,0.9999999918821558,0.999999997692161,0.9999999782583195,0.9999999200438201,0.9999997400036078,0.9999995876717436,0.9999986365207867,0.9999991002999432,0.9999968970811437,0.9999369680801816,0.9999998329382646,0.9999997578725227,0.9999985708645051,0.9999976962150542,0.999937275585958,0.9999343415385998,0.9998756171045107,0.9999148618047801,0.9996827902057066,0.9993835112777895,0.9994215179832521,0.999729180626969,0.999721821361974,0.9999922723753817,0.9999991303169306,0.9999999210923488,0.9999999622857454,0.999998209235299,0.9999990057427823,0.9999985154700433,0.9999987009745164,0.9999995724774434,0.9999972340313193,0.999999474301998,0.9999996244861565,0.9999992467981769,0.9999996325927711,0.9999999466954059,0.9999993970801433,0.9999999470987994,0.9999999614380327
68.40000000000001,0.9999999484934304,0.9999999924764295,0.9999999971152738,0.9999999866068922,0.9999999275180869,0.9999995413887148,0.9999995210195384,0.9999983166835034,0.9999991317559191,0.9999958735307259,0.999922347129109,0.9999999055856149,0.9999997107900651,0.9999985962631119,0.9999974384901307,0.9999434487054285,0.9999259073259631,0.9998549466858886,0.999910297421876,0.9996502682530863,0.9993768381143052,0.9994348325417765,0.9997071043232515,0.9996520090249501,0.9999912713746941,0.9999988899652663,0.9999999633880995,0.9999999726320576,0.9999978197548429,0.9999986365165342,0.9999982717752479,0.9999989591941227,0.9999994212960415,0.9999974304417187,0.9999995978486681,0.9999995889022484,0.9999992751365688,0.9999997085962119,0.9999999497260649,0.9999992067835293,0.9999999520634306,0.9999998926979934,0.9999999926013986,0.9999999978973018,0.9999999801828421,0.9999999269887091,0.9999997630089512,0.999999623479242,0.99999875836175,0.9999991782836735,0.9999971735249719,0.9999428035332224,0.9999998474518198,0.9999997790094374,0.9999986968648805,0.9999978931700338,0.9999430887815408,0.9999403122692884,0.999886362933824,0.9999220352237764,0.9997099175016714,0.9994353233047377,0.9994695561096085,0.9997511071751792,0.9997445832905898,0.9999929070656095,0.9999992023833592,0.9999999276056656,0.9999999654233585,0.9999983570204838,0.9999990874230847,0.9999986401150984,0.9999988114581944,0.999999608598483,0.9999974751287025,0.9999995210853532,0.9999996589305736,0.9999993125164598,0.999999666520308,0.9999999546926797,0.9999994478620166,0.9999999515177352,0.9999999664607654
68.8,0.9999999530431652,0.9999999931356448,0.9999999973732503,0.9999999878071063,0.9999999339251637,0.9999995819692672,0.9999995629974719,0.9999984672473887,0.9999992081385267,0.9999962439209268,0.9999295598669161,0.999999913864569,0.9999997358927682,0.9999987204062749,0.9999976582943967,0.9999486486014573,0.9999327013804853,0.999867554621697,0.999917882590352,0.9996802333953977,0.999429396585701,0.9994818361079967,0.9997307968263074,0.9996805792446926,0.9999919888119414,0.9999989822207169,0.99999996643519,0.9999999749298452,0.999997999735411,0.9999987489379759,0.9999984188122715,0.9999990480216499,0.9999994709386079,0.9999976541607245,0.9999996340954829,0.9999996266112935,0.9999993391529787,0.9999997361280608,0.9999999572572227,0.999999274227328,0.9999999561757141,0.9999999020255765,0.999999993256659,0.9999999980841278,0.9999999819360448,0.9999999333284942,0.9999997839691279,0.9999996561703772,0.9999988692752051,0.9999992494898164,0.999997425241465,0.99994809704841,0.9999998606989752,0.999999798294224,0.9999988117201217,0.9999980732712266,0.9999483612952715,0.9999457377243074,0.9998961777110872,0.9999286035826297,0.9997347252586335,0.9994827804691993,0.9995136063716604,0.9997712643702257,0.9997654841215748,0.9999934897021848,0.9999992684796487,0.9999999335819184,0.9999999682999531,0.9999984926187382,0.9999991624031178,0.9999987542812268,0.9999989125257908,0.9999996416642724,0.999997695128515,0.9999995636440112,0.9999996901374612,0.9999993724732609,0.9999996972083279,0.9999999614722079,0.9999994943629636,0.9999999555668166,0.9999999707891806
69.2,0.9999999571889101,0.9999999937368714,0.9999999976080277,0.9999999888988832,0.9999999397635526,0.9999996189444796,0.9999996012857035,0.9999986042969135,0.9999992777805126,0.999996580933599,0.999936100902843,0.9999999214107653,0.9999997588103877,0.9999988335345257,0.999997859220259,0.9999533685879958,0.9999388697451211,0.9998790630029517,0.9999248261957394,0.9997076313967987,0.9994775209834527,0.999524931561247,0.9997525817542559,0.9997068052830902,0.9999926474053633,0.9999990668139304,0.9999999692289575,0.9999999770346577,0.99999816488422,0.9999988521075063,0.9999985533178031,0.9999991292532803,0.9999995163159898,0.9999978583217869,0.9999996670158955,0.9999996607715401,0.9999993974636046,0.9999997609536062,0.9999999636426105,0.9999993359301833,0.9999999599336299,0.9999999105401686,0.9999999938536522,0.9999999982542825,0.9999999835332885,0.9999999391160652,0.9999998030668076,0.9999996860169554,0.9999989702447003,0.9999993145089811,0.9999976544511178,0.9999528991027834,0.9999998727909967,0.9999998158900401,0.9999989164192812,0.9999982379616864,0.9999531435834742,0.999950667904914,0.999905142356121,0.9999346179725271,0.9997574117235256,0.9995262486879931,0.9995539995840712,0.9997897944156626,0.9997846758814414,0.9999940245454351,0.9999993291000018,0.9999999390653153,0.999999970937233,0.9999986170338034,0.9999992312313505,0.9999988588503795,0.9999990049813776,0.9999996719334842,0.9999978958845759,0.9999996023679404,0.9999997184222451,0.9999994271765977,0.9999997249813005,0.999999967221031,0.9999995369440832,0.9999999592770917,0.999999974523473
69.60000000000001,0.9999999609667722,0.9999999942852331,0.999999997821707,0.9999999898921306,0.9999999450839435,0.9999996526359538,0.9999996362094987,0.9999987290492107,0.9999993412785513,0.9999968875880774,0.9999420329402311,0.9999999282901216,0.9999997797339678,0.9999989366283969,0.9999980428899179,0.9999576531129686,0.9999444702797793,0.9998895680687356,0.9999311825039044,0.9997326820921095,0.9995215853426465,0.9995644436368041,0.9997726118105275,0.9997308793202417,0.9999932519672301,0.9999991443804435,0.9999999717904209,0.9999999789627029,0.9999983164205205,0.9999989467845305,0.9999986763614858,0.9999992035397556,0.9999995577951407,0.9999980446427043,0.9999996969235251,0.9999996917298388,0.9999994505837867,0.9999997833536829,0.9999999690581322,0.9999993923811702,0.9999999633678914,0.9999999183128405,0.9999999943975808,0.9999999984092612,0.9999999849885431,0.9999999443996744,0.9999998204682694,0.9999997132670286,0.9999990621649613,0.9999993738801833,0.9999978631742867,0.999957255459282,0.9999998838292603,0.9999998319455513,0.9999990118633573,0.9999983885609217,0.9999574813794923,0.9999551482096035,0.9999133307327442,0.9999401251659433,0.9997781582152364,0.9995660631656079,0.9995910391589127,0.9998068281431942,0.9998022981944714,0.9999945155081106,0.9999993846977815,0.9999999440964357,0.9999999733550998,0.9999987311869264,0.9999992944114986,0.9999989546302307,0.9999990895602531,0.9999996996428779,0.9999980790870924,0.9999996376099157,0.9999997440680345,0.9999994770893652,0.9999997501290768,0.9999999720973169,0.999999575936015,0.9999999626769902,0.9999999777489591
70,0.9999999644096036,0.9999999947853985,0.999999998016197,0.999999990795836,0.9999999499324889,0.9999996833364933,0.9999996680653679,0.9999988426114551,0.9999993991763495,0.9999971666295896,0.9999474128166198,0.9999999345624531,0.9999997988377234,0.9999990305808535,0.9999982107862215,0.9999615424941479,0.9999495554731928,0.999899157602805,0.9999370011920845,0.9997555865091278,0.9995619321749033,0.9996006701231536,0.9997910275634047,0.9997529778007543,0.9999938069179385,0.999999215503213,0.9999999741388608,0.9999999807288272,0.9999984554637004,0.9999990336663604,0.999998788921571,0.9999992714759861,0.9999995957114153,0.9999982146895647,0.9999997241012325,0.9999997197973,0.9999994989813928,0.9999998035779448,0.9999999736525442,0.9999994440276937,0.9999999665065293,0.9999999254084293,0.9999999948931809,0.9999999985504241,0.999999986314516,0.9999999492233449,0.9999998363248794,0.9999997381469737,0.9999991458499358,0.9999994280953624,0.9999980532492873,0.9999612076080377,0.999999893906149,0.9999998465962372,0.9999990988731581,0.9999985262754582,0.9999614161369839,0.9999592198593019,0.9999208102661097,0.9999451679820471,0.9997971305674608,0.9996025309651901,0.9996250033688665,0.9998224859161916,0.9998184792924449,0.9999949661835928,0.9999994356888739,0.9999999487125273,0.9999999755718016,0.9999988359236134,0.999999352406158,0.9999990423604299,0.9999991669348286,0.9999997250091561,0.9999982462771688,0.9999996696892366,0.9999997673291542,0.9999995226333829,0.9999997729108691,0.9999999762348311,0.9999996116415065,0.9999999657925452,0.9999999805383262
70.40000000000001,0.9999999675472981,0.999999995241622,0.9999999981932324,0.9999999916181547,0.9999999543512114,0.9999997113126914,0.9999996971236148,0.9999989459908214,0.9999994519693594,0.9999974205542177,0.9999522920534603,0.999999940282066,0.9999998162805426,0.9999991162051377,0.9999983642646162,0.9999650733040716,0.9999541729432726,0.9999079116793219,0.9999423277365905,0.9997765284744559,0.9995988751187415,0.999633884091905,0.999807958401203,0.9997732627194448,0.999994316317712,0.9999992807169457,0.999999976291963,0.9999999823466308,0.9999985830414171,0.9999991133932619,0.9999988918927267,0.9999993336058444,0.9999996303712908,0.9999983698902362,0.9999997488043054,0.999999745253234,0.9999995430813224,0.9999998218485961,0.9999999775516578,0.9999994912790352,0.9999999693751284,0.9999999318860869,0.9999999953447641,0.9999999986790085,0.999999987522767,0.9999999536272416,0.9999998507744335,0.9999997608633899,0.9999992220401084,0.9999994776034997,0.999998226348851,0.9999647931662771,0.9999999031058653,0.9999998599655747,0.9999991781964604,0.9999986522085018,0.9999649854315166,0.9999629202831609,0.9999276425058538,0.9999497856211691,0.99981448044899,0.9996359333655183,0.9996561474245899,0.9998368784620554,0.9998333369424386,0.9999953798718353,0.9999994824547767,0.9999999529477779,0.9999999776040708,0.9999989320198357,0.9999994056401451,0.9999991227183308,0.9999992377200122,0.999999748230663,0.9999983988600218,0.9999996988950486,0.9999997884342618,0.9999995641930745,0.9999997935587361,0.9999999797467125,0.9999996443377634,0.9999999686475975,0.9999999829535384
70.8,0.9999999704070609,0.9999999956577804,0.9999999983543896,0.9999999923664883,0.999999958378375,0.9999997368072858,0.9999997236306586,0.9999990401035413,0.999999500109071,0.9999976516315818,0.999956717354247,0.9999999454982887,0.9999998322073521,0.999999194241909,0.999998504564076,0.999968278718997,0.999958365890713,0.9999159033425742,0.9999472037678007,0.9997956760827258,0.9996327013683111,0.999664335944193,0.9998235234132483,0.9997918828023854,0.9999947838957637,0.9999993405120734,0.9999999782659496,0.9999999838285716,0.9999987000970739,0.9999991865530948,0.9999989860931788,0.999999390426547,0.999999662054854,0.9999985115466454,0.9999997712632904,0.9999997683486224,0.9999995832695648,0.9999998383636415,0.9999999808618898,0.9999995345095974,0.999999971997043,0.9999999377997806,0.999999995756256,0.9999999987961404,0.9999999886238132,0.9999999576480111,0.9999998639423793,0.9999997816048293,0.9999992914091513,0.9999995228143789,0.999998383995092,0.9999680462407221,0.9999999115051686,0.9999998721661147,0.9999992505145282,0.9999987673687786,0.9999682233243901,0.999966283468613,0.9999338836398277,0.9999540139709501,0.9998303465717859,0.999666528021573,0.9996847053813294,0.9998501076389553,0.9998469792993019,0.9999957596032135,0.9999995253454336,0.9999999568335659,0.9999999794672489,0.9999990201877293,0.9999994545035679,0.9999991963242375,0.999999302478132,0.9999997694889399,0.9999985381170186,0.9999997254893153,0.9999998075891017,0.9999996021188134,0.9999998122806412,0.9999999827286653,0.9999996742786028,0.999999971263981,0.9999999850474516
71.2,0.999999973013653,0.9999999960374071,0.9999999985011014,0.9999999930475559,0.999999962048823,0.9999997600413032,0.9999997478111532,0.9999991257831485,0.9999995440069293,0.9999978619254829,0.9999607310573819,0.9999999502559482,0.9999998467503602,0.9999992653657491,0.9999986328171168,0.9999711888360404,0.9999621735115555,0.9999231992315079,0.999951667397097,0.9998131830651443,0.9996636739751973,0.999692255350674,0.9998378322188154,0.9998089746151188,0.9999952130772227,0.9999993953384119,0.9999999800756989,0.9999999851860614,0.9999988074967079,0.9999992536855886,0.9999990722712546,0.9999994423926654,0.9999996910180764,0.9999986408459665,0.9999997916865153,0.999999789309181,0.99999961989686,0.9999998532997239,0.9999999836732624,0.9999995740618794,0.9999999743935943,0.9999999431987497,0.9999999961312301,0.9999999989028447,0.9999999896272249,0.9999999613190909,0.9999998759429284,0.9999998005433789,0.9999993545699781,0.9999995641020203,0.9999985275731326,0.9999709977568105,0.9999999191740445,0.9999998833004602,0.9999993164480522,0.9999988726786321,0.9999711606930372,0.9999693402798681,0.999939584965813,0.9999578858880013,0.9998448558130743,0.9996945510074584,0.9997108919433825,0.9998622671539745,0.9998595057014641,0.9999961081605224,0.9999995646818421,0.9999999603986902,0.9999999811754028,0.9999991010808402,0.9999994993546545,0.9999992637462172,0.9999993617234425,0.9999997889501507,0.9999986652166498,0.999999749709481,0.999999824978941,0.9999996367299667,0.9999998292631376,0.9999999852616548,0.9999997016964277,0.9999999736616928,0.9999999868651814
71.60000000000001,0.9999999753896128,0.9999999963837221,0.9999999986346704,0.9999999936674585,0.9999999653942844,0.9999997812160023,0.9999997698699072,0.9999992037879374,0.999999584037881,0.9999980533125521,0.9999643715404061,0.9999999545957956,0.9999998600301803,0.9999993301910602,0.9999987500588898,0.9999738309574384,0.9999656313656772,0.9999298601284143,0.9999557535083671,0.9998291899399081,0.9996920336393665,0.9997178527728556,0.9998509856629303,0.9998246634834111,0.9999956070075344,0.9999994456084949,0.9999999817348572,0.9999999864295536,0.9999989060352675,0.9999993152862439,0.9999991511113326,0.9999994899197774,0.9999997174948858,0.9999987588707775,0.9999998102623335,0.9999998083380633,0.9999996532819942,0.9999998668146016,0.9999999860619391,0.999999610249183,0.9999999765842481,0.9999999481279203,0.9999999964729406,0.9999999990000538,0.9999999905417111,0.9999999646709901,0.9999998868800657,0.9999998178360956,0.9999994120802252,0.9999996018077969,0.9999986583434337,0.9999736757537183,0.9999999261763094,0.9999998934621519,0.9999993765625401,0.9999989689813866,0.9999738255270622,0.9999721187433365,0.999944793309223,0.9999614314498119,0.9998581241721871,0.9997202184283485,0.99973490389233,0.9998734431750561,0.9998710073498304,0.9999964280989447,0.9999996007584322,0.9999999636695813,0.9999999827414295,0.9999991752989082,0.9999995405223372,0.9999993255044844,0.9999994159262283,0.9999998067663811,0.9999987812245008,0.9999997717708536,0.9999998407707261,0.9999996683176575,0.9999998446737293,0.9999999874141861,0.9999997268040267,0.9999999758590488,0.9999999884452638
72,0.9999999775554581,0.9999999966996603,0.9999999987562807,0.9999999942317365,0.9999999684436539,0.9999998005146524,0.9999997899936468,0.999999274807793,0.9999996205436305,0.9999982274993453,0.9999676735959435,0.9999999585548914,0.9999998721568599,0.9999993892774609,0.9999988572355752,0.9999762298533612,0.9999687717195618,0.999935941491195,0.9999594940370546,0.9998438252236371,0.9997180008476924,0.9997413212635764,0.9998630765648016,0.999839064490743,0.9999959685753804,0.9999994917006643,0.9999999832559391,0.9999999875686235,0.9999989964424458,0.9999993718099518,0.9999992232393271,0.9999995333878224,0.999999741699069,0.9999988666083474,0.9999998271611305,0.9999998256182557,0.9999996837147841,0.9999998790493184,0.9999999880923663,0.9999996433581071,0.9999999785867779,0.9999999526282847,0.9999999967843501,0.9999999990886161,0.9999999913751978,0.9999999677315476,0.9999998968484701,0.9999998336263248,0.9999994644472646,0.9999996362432989,0.999998777453088,0.9999761056569501,0.9999999325701627,0.9999999027364781,0.9999994313732472,0.9999990570481342,0.9999762432016192,0.9999746443122395,0.9999495514238569,0.9999646781944833,0.9998702577552189,0.9997437283053267,0.9997569217536222,0.9998837149717262,0.999881568013093,0.9999967217647356,0.999999633845266,0.9999999666704954,0.9999999841771541,0.9999992433923007,0.9999995783086457,0.9999993820754444,0.9999994655165769,0.9999998230768335,0.9999988871123683,0.9999997918687474,0.9999998551149972,0.9999996971472855,0.9999998586629524,0.9999999892442297,0.999999749796233,0.9999999778728255,0.9999999898206386
72.40000000000001,0.9999999795298686,0.9999999969878972,0.9999999988670089,0.9999999947454226,0.9999999712232462,0.9999998181041473,0.9999998083526163,0.9999993394703793,0.9999996538355937,0.9999983860377969,0.9999706687656366,0.9999999621669511,0.9999998832308148,0.9999994431346853,0.9999989552120202,0.9999784079966382,0.9999716238510081,0.9999414939162636,0.9999629182172494,0.9998572064284547,0.9997417774856482,0.9997628378366067,0.9998741903334186,0.9998522832886725,0.9999963004334904,0.9999995339618941,0.9999999846504221,0.9999999886120423,0.9999990793880111,0.9999994236743063,0.9999992892276837,0.9999995731441612,0.9999997638260072,0.9999989649590734,0.999999842537115,0.9999998413146984,0.9999997114587685,0.9999998901301038,0.9999999898190842,0.9999996736508229,0.9999999804174138,0.9999999567372476,0.9999999970681567,0.9999999991693044,0.9999999921348998,0.9999999705261665,0.9999999059343511,0.9999998480448997,0.9999995121327481,0.9999996676929377,0.9999988859460474,0.9999783105217334,0.9999999384086878,0.9999999112012088,0.9999994813496544,0.9999991375839172,0.9999784367214845,0.999976940102819,0.9999538983438834,0.9999676513338515,0.9998813535995494,0.999765262018295,0.9997771110774784,0.9998931554514593,0.9998912646188665,0.9999969913122166,0.9999996641900508,0.9999999694236927,0.999999985493418,0.9999993058660654,0.9999996129908993,0.9999994338953829,0.9999995108878192,0.9999998380089198,0.9999989837665497,0.999999810180406,0.9999998681475887,0.9999997234608177,0.9999998713662106,0.999999990800849,0.9999997708514385,0.9999999797183904,0.9999999910194837
72.8,0.9999999813298522,0.9999999972508711,0.9999999989678341,0.9999999952130888,0.9999999737570273,0.9999998341364735,0.999999825102037,0.9999993983467672,0.9999996841975912,0.9999985303392783,0.9999733856445358,0.999999965462656,0.999999893343678,0.999999492227044,0.9999990447787259,0.9999803857765089,0.9999742143270014,0.9999465635663697,0.9999660528100907,0.9998694410032147,0.9997635484049238,0.9997825647971513,0.9998844055544234,0.9998644168687886,0.9999966050178231,0.9999995727103832,0.9999999859288312,0.9999999895678443,0.9999991554867079,0.9999994712626488,0.9999993495999512,0.9999996095063732,0.9999997840542615,0.9999990547441692,0.999999856529921,0.9999998555761663,0.9999997367536425,0.9999999001700407,0.9999999912882565,0.999999701367156,0.9999999820909773,0.999999960488941,0.9999999973268168,0.9999999992428215,0.9999999928273843,0.9999999730780277,0.9999999142162099,0.9999998612112359,0.9999995555567407,0.9999996964163226,0.9999989847724317,0.9999803112545672,0.9999999437403068,0.9999999189272637,0.9999995269195485,0.9999992112333852,0.9999804269431468,0.999979027109725,0.9999578697085429,0.9999703739502073,0.9998915004481782,0.9997849857028641,0.9997956236792459,0.9999018316675877,0.9999001678116184,0.9999972387194239,0.9999996920199853,0.9999999719496013,0.9999999867001611,0.9999993631836541,0.9999996448237216,0.9999994813638479,0.9999995523996759,0.9999998516792594,0.9999990719953992,0.9999998268667303,0.9999998799911398,0.9999997474788718,0.9999998829053964,0.999999992125575,0.9999997901329819,0.9999999814098207,0.9999999920659228
73.2,0.9999999829708962,0.9999999974908048,0.9999999990596466,0.9999999956388897,0.9999999760668251,0.9999998487500475,0.9999998403834371,0.9999994519565535,0.9999997118882999,0.9999986616873747,0.9999758501569415,0.9999999684699347,0.9999999025790745,0.9999995369774851,0.9999991266582365,0.9999821816924296,0.9999765672556614,0.9999511925606243,0.9999689223128777,0.9998806271944027,0.9997834828593001,0.9998006509623264,0.9998937945309929,0.9998755542716316,0.999996884565199,0.9999996082379354,0.9999999871008186,0.9999999904433889,0.9999992253027598,0.9999995149268661,0.9999994048349622,0.9999996427648138,0.9999998025470223,0.9999991367126677,0.9999998692660408,0.9999998685369403,0.999999759817458,0.999999909270531,0.9999999925389631,0.9999997267264911,0.9999999836210046,0.9999999639145115,0.9999999975625675,0.9999999993098074,0.9999999934586303,0.9999999754082848,0.9999999217655321,0.9999998732343293,0.9999995951014803,0.999999722650429,0.9999990747969937,0.9999821268140142,0.9999999486091938,0.9999999259793205,0.9999995684727362,0.9999992785859675,0.9999822327760333,0.9999809244014815,0.9999614980584072,0.9999728671763657,0.9999007794580651,0.9998030515303039,0.9998125987773366,0.9999098052869411,0.9999083424651934,0.9999974658024871,0.9999997175434553,0.9999999742669672,0.9999999878064968,0.9999994157703409,0.9999996740408916,0.9999995248467444,0.9999995903811341,0.9999998641945951,0.9999991525362116,0.9999998420738342,0.9999998907564409,0.9999997694026141,0.9999998933903254,0.9999999932535691,0.9999998077904182,0.9999999829600125,0.999999992980627
73.60000000000001,0.9999999844671041,0.9999999977097249,0.9999999991432564,0.9999999960266007,0.9999999781725211,0.9999998620709317,0.9999998543258627,0.9999995007725152,0.9999997371434872,0.9999987812494963,0.9999780858063781,0.9999999712142161,0.9999999110133251,0.9999995777712902,0.9999992015109799,0.9999838125297985,0.9999787045146937,0.999955419330079,0.9999715491505136,0.999890854833534,0.9998017358197869,0.9998172327806527,0.9999024237822863,0.9998857772377058,0.9999971411295103,0.9999996408121434,0.9999999881752351,0.9999999912454176,0.9999992893540056,0.9999995549899614,0.9999994553706567,0.9999996731849513,0.9999998194534335,0.9999992115478002,0.9999998808601106,0.9999998803182935,0.9999997808486156,0.9999999175225843,0.9999999936042938,0.999999749929514,0.9999999850198591,0.9999999670423825,0.9999999977774461,0.9999999993708449,0.9999999940340815,0.9999999775362424,0.999999928647417,0.9999998842136678,0.9999996311147951,0.9999997466115771,0.9999991568068185,0.9999837743926855,0.9999999530556521,0.9999999324163682,0.9999996063644275,0.9999993401806039,0.999983871364836,0.9999826492978811,0.9999648131056952,0.9999751503604939,0.9999092648480825,0.9998195988802866,0.9998281640371459,0.9999171330203783,0.9999158481536118,0.9999976742288418,0.9999997409515889,0.9999999763929928,0.99999998882078,0.9999994640163612,0.9999997008570454,0.9999995646791705,0.9999996251330785,0.9999998756526293,0.9999992260614973,0.9999998559344446,0.9999999005436325,0.9999997894154863,0.9999999029200056,0.9999999942146056,0.9999998239606827,0.9999999843807799,0.9999999937813239
74,0.9999999858313204,0.9999999979094789,0.9999999992194,0.9999999963796535,0.9999999800922242,0.9999998742139417,0.9999998670469818,0.9999995452248416,0.999999760178046,0.9999988900874316,0.9999801139021293,0.999999973718659,0.999999918716089,0.9999996149594401,0.9999992699406064,0.9999852935192943,0.9999806459585412,0.9999592789419131,0.9999739538507724,0.9999002060573027,0.9998184491791188,0.9998324353588735,0.9999103545027358,0.9998951608052964,0.9999973765966189,0.9999996706783929,0.9999999891601965,0.9999999919801053,0.9999993481156997,0.9999995917484163,0.9999995016075783,0.9999997010095039,0.9999998349098032,0.9999992798728082,0.9999998914160623,0.9999998910298143,0.9999998000276675,0.9999999250079548,0.9999999945122714,0.9999997711598068,0.9999999862988334,0.9999999698984926,0.9999999979733079,0.9999999994264643,0.9999999945586943,0.9999999794795179,0.9999999349211516,0.9999998942400623,0.9999996639132119,0.9999997684972365,0.9999992315183259,0.9999852695821827,0.9999999571164558,0.9999999382922106,0.9999996409183162,0.9999993965100702,0.9999853582547183,0.9999842175309829,0.9999678419809274,0.9999772412169889,0.9999170244917108,0.9998347554153567,0.9998424365286814,0.9999238670191303,0.9999227395835281,0.9999978655293696,0.9999997624196841,0.9999999783434633,0.9999999897506709,0.9999995082797936,0.999999725469239,0.9999996011680131,0.9999996569306958,0.9999998861427907,0.9999992931846984,0.9999998685691633,0.9999999094432761,0.9999998076847773,0.9999999115837652,0.9999999950339016,0.9999998387691555,0.9999999856829462,0.9999999944832312
74.40000000000001,0.9999999870752437,0.9999999980917511,0.9999999992887473,0.9999999967011676,0.9999999818424302,0.9999998852836534,0.9999998786540912,0.9999995857049834,0.9999997811878486,0.999998989166939,0.9999819537645339,0.9999999760043589,0.9999999257509481,0.9999996488616781,0.9999993324988707,0.9999866384813566,0.9999824096062279,0.9999628033950086,0.9999761552047557,0.9999087559662047,0.9998337528548706,0.9998463734037276,0.9999176429852183,0.9999037738594213,0.9999975926980493,0.9999996980617017,0.9999999900631449,0.9999999926531081,0.9999994020240018,0.9999996254743606,0.9999995439120716,0.9999997264603924,0.9999998490407087,0.9999993422562382,0.9999999010281583,0.9999999007705869,0.9999998175189511,0.999999931800143,0.9999999952866325,0.9999997905853053,0.9999999874682429,0.9999999725065142,0.9999999981518426,0.9999999994771486,0.9999999950369822,0.9999999812541895,0.9999999406407311,0.9999999033964049,0.9999996937847835,0.9999997884876737,0.9999992995836392,0.9999866265225968,0.999999960825162,0.9999999436559249,0.9999996724293849,0.9999994480249337,0.9999867075410117,0.999985643391235,0.9999706094579938,0.9999791559645872,0.9999241204591748,0.9998486380653226,0.9998555236049966,0.9999300552396443,0.9999290669914638,0.9999980411095508,0.999999782108518,0.9999999801328638,0.9999999906031922,0.9999995488892046,0.9999997480583842,0.9999996345943255,0.9999996860256741,0.9999998957469354,0.9999993544653997,0.9999998800876048,0.9999999175373097,0.9999998243630549,0.9999999194622522,0.9999999957328194,0.9999998523306377,0.9999999868764278,0.9999999950994248
74.8,0.99999998820953,0.9999999982580771,0.999999999351908,0.999999996993979,0.9999999834381655,0.9999998953753199,0.9999998892450325,0.9999996225691523,0.9999998003514351,0.9999990793664643,0.9999836229110399,0.9999999780905359,0.9999999321759405,0.9999996797692995,0.9999993896900939,0.9999878599571999,0.9999840118117004,0.9999660218894526,0.9999781704137868,0.9999165732268732,0.999847765799689,0.9998591520856904,0.9999243410109099,0.999911679635899,0.9999977910235728,0.9999997231684069,0.9999999908909041,0.9999999932696073,0.9999994514791832,0.9999996564175658,0.9999995826192061,0.9999997497405254,0.9999998619600083,0.9999993992167664,0.9999999097819211,0.9999999096302433,0.9999998334720682,0.9999999379652819,0.9999999959474878,0.9999998083596341,0.999999988537511,0.9999999748880516,0.9999999983145892,0.9999999995233372,0.9999999954730557,0.9999999828749312,0.9999999458553339,0.9999999117583611,0.9999997209916583,0.9999998067474544,0.9999993615963783,0.9999878580380122,0.9999999642123938,0.9999999485522798,0.9999997011664605,0.9999994951371696,0.9999879320048632,0.999986939860099,0.9999731381595334,0.9999809094527866,0.9999306095133226,0.9998613539290891,0.9998675237079494,0.9999357417794127,0.9999348765086745,0.9999982022597105,0.9999998001655485,0.9999999817744853,0.9999999913847823,0.999999586146078,0.9999997687905681,0.9999996652155042,0.9999997126482132,0.9999999045399887,0.9999994104140772,0.9999998905894228,0.9999999248999033,0.9999998395894697,0.9999999266283243,0.9999999963294598,0.9999998647502438,0.9999999879703096,0.9999999956411518
75.2,0.999999989243886,0.9999999984098571,0.9999999994094365,0.9999999972606668,0.9999999848931188,0.9999999045757063,0.9999998989090282,0.9999996561415041,0.9999998178315519,0.9999991614850642,0.9999851372248189,0.9999999799947042,0.9999999380440461,0.9999997079476904,0.9999994419752417,0.9999889693276178,0.9999854674183026,0.9999689610722705,0.9999800152238879,0.9999237206229248,0.9998605969264268,0.9998708678311173,0.9999304962084125,0.9999189361841909,0.9999979730327704,0.9999997461877128,0.9999999916497309,0.9999999938343486,0.9999994968485701,0.9999996848072763,0.9999996180354505,0.9999997710354311,0.9999998737717644,0.999999451227595,0.999999917754969,0.9999999176899056,0.9999998480232274,0.99999994356292,0.9999999965118798,0.9999998246233262,0.9999999895152468,0.9999999770628226,0.9999999984629494,0.9999999995654306,0.9999999958706585,0.9999999843551357,0.9999999506097536,0.9999999193950012,0.9999997457724188,0.999999823426815,0.9999994180969284,0.999988975759329,0.9999999673060995,0.9999999530221154,0.9999997273745409,0.9999995382234684,0.9999890432361552,0.9999881187304295,0.9999754487443528,0.9999825152775715,0.9999365435631845,0.9998730011008291,0.9998785271072733,0.9999409671860746,0.9999402104962815,0.9999983501644309,0.9999998167260165,0.9999999832805238,0.9999999921013439,0.9999996203270429,0.9999997878182644,0.9999996932672826,0.9999997370088628,0.9999999125905324,0.9999994614964263,0.9999999001652382,0.9999999315982244,0.9999998534909417,0.999999933147841,0.9999999968391639,0.9999998761242197,0.999999988972916,0.9999999961180961
75.60000000000001,0.9999999901871545,0.9999999985483681,0.9999999994618375,0.999999997503576,0.9999999862197607,0.9999999129638487,0.9999999077274433,0.999999686717033,0.9999998337765533,0.9999992362496082,0.9999865111075805,0.9999999817328269,0.9999999434036292,0.9999997336386406,0.9999994897756532,0.9999899769207207,0.999986789898867,0.9999716452614998,0.9999817040488889,0.9999302555587033,0.9998723459553246,0.9998816090487037,0.9999361523845468,0.9999255967923802,0.9999981400656585,0.9999997672931117,0.9999999923453621,0.999999994351679,0.9999995384692481,0.9999997108538906,0.999999650441117,0.9999997905147489,0.9999998845710867,0.9999994987204593,0.9999999250177687,0.9999999250230266,0.9999998612964598,0.9999999486467159,0.9999999969942549,0.9999998395049399,0.9999999904093155,0.9999999790488235,0.9999999985982001,0.9999999996037933,0.9999999962332,0.9999999857070268,0.9999999549447911,0.9999999263693766,0.9999997683442072,0.999999838662914,0.9999994695772333,0.9999899902355942,0.9999999701317873,0.9999999571026902,0.9999997512769138,0.9999995776282596,0.9999900517448945,0.9999891907157408,0.9999775600784605,0.9999839858873467,0.9999419700788142,0.9998836694268192,0.9998886165784587,0.9999457687419013,0.9999451078530847,0.9999984859111974,0.9999998319139572,0.9999999846621693,0.9999999927582885,0.999999651685921,0.9999998052814471,0.9999997189655563,0.9999997593002038,0.9999999199613427,0.9999995081373063,0.9999999088974759,0.9999999376931237,0.999999866183242,0.9999999390803699,0.999999997274937,0.9999998865406913,0.9999999898918738,0.9999999965386049
76,0.9999999910473916,0.9999999986747741,0.9999999995095701,0.9999999977248399,0.9999999874294524,0.9999999206117456,0.9999999157744793,0.9999997145642039,0.9999998483216783,0.9999993043213252,0.9999877576180696,0.9999999833194545,0.9999999482988428,0.9999997570624476,0.9999995334764488,0.9999908921096371,0.9999879914827651,0.9999740966505182,0.9999832500831269,0.9999362305199415,0.999883104189786,0.9998914567956867,0.9999413498290194,0.9999317103773768,0.9999982933524511,0.9999997866436859,0.9999999929830576,0.9999999948255806,0.9999995766505441,0.9999997347505066,0.9999996800925981,0.999999808333592,0.9999998944449046,0.9999995420892784,0.9999999316343127,0.9999999316961439,0.9999998734047233,0.9999999532650536,0.9999999974068621,0.9999998531220797,0.9999999912269034,0.9999999808624801,0.9999999987215041,0.9999999996387571,0.9999999965637862,0.9999999869417614,0.999999958897613,0.9999999327390451,0.9999997889046595,0.9999998525809728,0.9999995164851545,0.999990911034917,0.9999999727127401,0.9999999608279965,0.9999997730770872,0.9999996136664758,0.9999909670621553,0.9999901655493917,0.9999794893911531,0.9999853326799087,0.9999469324707119,0.9998934411987402,0.9998978680244935,0.9999501807256104,0.9999496042982805,0.9999986104983399,0.9999998458431283,0.9999999859296899,0.9999999933605773,0.9999996804556037,0.9999998213086128,0.9999997425080546,0.9999997796983844,0.9999999267098818,0.9999995507243369,0.999999916861123,0.9999999432397505,0.999999877771978,0.9999999444798162,0.999999997647808,0.99999989608035,0.9999999907341716,0.9999999969098816
76.40000000000001,0.9999999918319372,0.9999999987901369,0.999999999553052,0.9999999979263985,0.9999999885325451,0.9999999275849873,0.9999999231178068,0.9999997399273465,0.9999998615902133,0.999999366301754,0.9999888885975882,0.9999999847678527,0.9999999527699963,0.9999997784198338,0.9999995734296447,0.9999917234011207,0.9999890832711363,0.9999763354943734,0.9999846654046172,0.9999416934950152,0.9998929552267468,0.9999004853887715,0.999946125595004,0.9999373218431865,0.9999984340225293,0.9999998043853037,0.9999999935676401,0.9999999952597005,0.9999996116763069,0.99999975667434,0.9999997072244101,0.999999824633795,0.999999903472671,0.999999581693484,0.9999999376627303,0.9999999377695553,0.9999998844509039,0.9999999574615897,0.9999999977600902,0.9999998655823309,0.999999991974577,0.9999999825187849,0.999999998833921,0.9999999996706245,0.9999999968652463,0.9999999880695236,0.9999999625020759,0.9999999385565509,0.9999998076336637,0.9999998652953181,0.9999995592284374,0.9999917468359469,0.9999999750702103,0.9999999642290479,0.9999997929605476,0.9999996466260811,0.9999917978315582,0.9999910520746212,0.9999812524174667,0.9999865660912147,0.9999514704368451,0.9999023917887619,0.9999063510460973,0.9999542346533027,0.9999537326311242,0.9999987248423269,0.9999998586178603,0.9999999870925064,0.9999999939127586,0.9999997068497768,0.9999998360177195,0.999999764075871,0.9999997983645257,0.9999999328887482,0.9999995896111752,0.9999999241244131,0.9999999482881048,0.9999998883534901,0.9999999493949864,0.9999999979671318,0.9999999048170807,0.9999999915062127,0.9999999972381495
76.80000000000001,0.9999999925474793,0.9999999988954247,0.9999999995926634,0.9999999981100167,0.9999999895384699,0.9999999339433285,0.9999999298191422,0.9999997630288325,0.9999998736945522,0.9999994227381522,0.9999899147837623,0.9999999860901169,0.9999999568538919,0.9999997978936914,0.9999996099570011,0.999992478515908,0.9999900753413983,0.9999783802797082,0.9999859610694982,0.9999466883601544,0.99990197560714,0.9999087629643549,0.9999505137575204,0.9999424724098525,0.999998563112681,0.9999998206517148,0.9999999941035311,0.99999999565738,0.9999996438070002,0.9999997767880269,0.9999997320510633,0.9999998395450514,0.9999999117270064,0.9999996178610533,0.9999999431558385,0.9999999432979252,0.9999998945287252,0.9999999612757388,0.9999999980627533,0.9999998769841133,0.9999999926583363,0.9999999840314225,0.9999999989364158,0.9999999996996706,0.9999999971401577,0.9999999890996093,0.9999999657890236,0.9999999438698624,0.9999998246949596,0.9999998769103325,0.9999995981783191,0.9999925055107981,0.9999999772235985,0.9999999673341421,0.9999998110963609,0.9999996767703819,0.9999925518921753,0.999991858326282,0.9999828635281864,0.9999876956766423,0.9999556202800324,0.9999105902312859,0.999914129464703,0.9999579595001749,0.9999575229694134,0.9999988297844646,0.999999870333838,0.9999999881592629,0.9999999944190021,0.9999997310645019,0.9999998495170497,0.9999997838348649,0.9999998154460061,0.9999999385460893,0.9999996251205044,0.9999999307494472,0.9999999528835336,0.9999998980156699,0.9999999538700909,0.9999999982408463,0.9999999128185357,0.9999999922138648,0.9999999975287919
77.2,0.9999999932001118,0.9999999989915205,0.9999999996287504,0.9999999982773004,0.99999999045582,0.9999999397412096,0.9999999359347728,0.9999997840710559,0.9999998847371621,0.9999994741284142,0.9999908459136546,0.9999999872972768,0.9999999605841301,0.999999815650672,0.9999996433526235,0.999993164461599,0.9999909768420387,0.9999802478797291,0.9999871471984901,0.99995125523169,0.9999102354114949,0.9999163519922417,0.9999545456513494,0.9999471999154643,0.9999986815746705,0.9999998355655567,0.9999999945947845,0.9999999960216792,0.9999996732816244,0.9999997952408199,0.9999997547687716,0.9999998531859561,0.9999999192742877,0.9999996508912747,0.9999999481616388,0.9999999483308282,0.9999999037235735,0.9999999647431073,0.999999998322332,0.9999998874174633,0.9999999932836642,0.9999999854128848,0.9999999990298676,0.9999999997261462,0.9999999973908686,0.9999999900405038,0.9999999687865558,0.9999999487227713,0.9999998402375939,0.9999998875213214,0.9999996336728099,0.9999931942002223,0.9999999791906151,0.9999999701690993,0.9999998276386309,0.9999997043401402,0.9999932363536662,0.9999925916050396,0.9999843358485063,0.9999887301853763,0.9999594151982143,0.9999180997558192,0.9999212618020931,0.9999613819045307,0.9999610029685179,0.9999989260970503,0.9999998810788159,0.9999999891378907,0.9999999948831306,0.9999997532796687,0.9999998619060021,0.9999998019369444,0.9999998310776363,0.9999999437259778,0.9999996575467576,0.9999999367927543,0.9999999570671771,0.9999999068387049,0.9999999579451956,0.9999999984756895,0.9999999201466616,0.9999999928625047,0.9999999977864711
77.60000000000001,0.9999999937953882,0.9999999990792295,0.999999999661628,0.9999999984297104,0.9999999912924257,0.9999999450282312,0.9999999415160363,0.9999998032382339,0.9999998948114619,0.9999995209255402,0.9999916908172227,0.9999999883993915,0.9999999639913899,0.9999998318426329,0.9999996738853416,0.9999937875987591,0.9999917960785971,0.999981953695541,0.99998823305604,0.9999554307881506,0.9999177988052905,0.9999233097467065,0.9999582500900872,0.9999515390934366,0.9999987902821917,0.9999998492392765,0.9999999950451169,0.9999999963554014,0.9999997003194813,0.9999998121696877,0.9999997755570157,0.9999998656649562,0.9999999261751852,0.9999996810572689,0.9999999527237666,0.9999999529132385,0.9999999121132483,0.9999999678958785,0.9999999985451773,0.9999998969647486,0.9999999938555714,0.9999999866745741,0.9999999991150774,0.9999999997502795,0.9999999976195184,0.9999999908999531,0.9999999715202738,0.9999999531552574,0.9999998543972431,0.999999897215305,0.9999996660196797,0.9999938193817561,0.9999999809874287,0.99999997275748,0.9999998427278279,0.9999997295555051,0.9999938576643762,0.9999932585447355,0.999985681366333,0.9999896776285059,0.9999628855499256,0.9999249782750741,0.9999278017202716,0.9999645263554954,0.9999641980225384,0.9999990144890221,0.9999998909332758,0.9999999900356663,0.9999999953086487,0.9999997736603279,0.9999998732758192,0.999999818521242,0.9999998453827332,0.9999999484687577,0.9999996871586007,0.999999942305801,0.9999999608763702,0.9999999148957573,0.9999999616566254,0.9999999986773829,0.9999999268581803,0.9999999934570595,0.9999999980152302
78,0.9999999943383692,0.9999999991592863,0.9999999996915827,0.9999999985685765,0.999999992055422,0.9999999498495862,0.9999999466097573,0.999999820698045,0.9999999040026251,0.9999995635417012,0.9999924575020297,0.9999999894056358,0.9999999671036831,0.9999998466079552,0.9999997018008834,0.9999943537008724,0.9999925405916559,0.9999835117850531,0.9999892271227728,0.9999592485647878,0.9999247245382928,0.999929688738434,0.9999616535678194,0.9999555218270768,0.9999988900372551,0.999999861775977,0.9999999954579357,0.9999999966611142,0.9999997251217938,0.9999998277003224,0.9999997945799728,0.999999877081222,0.9999999324851544,0.9999997086082861,0.9999999568818967,0.9999999570859698,0.9999999197686437,0.9999999707631573,0.9999999987366832,0.9999999057013219,0.9999999943786371,0.9999999878268994,0.999999999192775,0.9999999997722787,0.9999999978280564,0.9999999916850283,0.999999974013503,0.9999999572038208,0.9999998672974175,0.9999999060717404,0.9999996954991742,0.9999943869315018,0.9999999826288009,0.9999999751207839,0.9999998564919989,0.9999997526177795,0.9999944216730567,0.9999938651735446,0.9999869110311406,0.9999905453413619,0.999966059097084,0.9999312788320491,0.9999337984248639,0.9999674153657259,0.9999671314490511,0.9999990956111479,0.9999998999710288,0.9999999908592663,0.9999999956987693,0.9999997923579136,0.9999998837102552,0.9999998337151902,0.999999858474102,0.9999999528113596,0.9999997142011972,0.9999999473354515,0.9999999643450039,0.9999999222535829,0.9999999650373271,0.9999999988507866,0.9999999330050304,0.9999999940020439,0.99999999821858
78.40000000000001,0.999999994833667,0.9999999992323607,0.9999999997188755,0.9999999986951082,0.999999992751311,0.9999999542464533,0.999999951258645,0.9999998366031195,0.9999999123883088,0.9999996023519325,0.9999931532300261,0.9999999903243786,0.999999969946587,0.9999998600727436,0.9999997273238618,0.9999948680087222,0.9999932172275884,0.9999849349805516,0.9999901371618137,0.9999627392228847,0.9999310664017541,0.9999355371105807,0.999964780444781,0.9999591773833009,0.9999989815760535,0.9999998732701921,0.9999999958363648,0.9999999969411696,0.9999997478731936,0.9999998419480663,0.9999998119878235,0.9999998875254412,0.999999938254885,0.9999997337718025,0.9999999606721101,0.999999960886071,0.9999999267543669,0.9999999733712773,0.9999999989014333,0.9999999136961195,0.9999999948570464,0.9999999888793625,0.9999999992636253,0.9999999997923331,0.9999999980182589,0.9999999924021847,0.9999999762874974,0.999999960901786,0.9999998790505561,0.9999999141631808,0.9999997223664864,0.9999949021801361,0.999999984128209,0.9999999772786304,0.9999998690478699,0.9999997737110351,0.9999949336848072,0.9999944169695021,0.9999880348442042,0.9999913400405841,0.9999689612270311,0.9999370500095344,0.9999392970350598,0.9999700696303092,0.9999698246587743,0.9999991700607911,0.9999999082597683,0.9999999916148161,0.9999999960564379,0.9999998095113661,0.9999998932861899,0.9999998476355068,0.9999998704549343,0.9999999567875898,0.9999997388982723,0.9999999519243862,0.9999999675038516,0.9999999289730944,0.9999999681171945,0.9999999990000311,0.9999999386347711,0.9999999945015956,0.9999999983995729
78.80000000000001,0.9999999952854852,0.9999999992990639,0.999999999743744,0.9999999988104069,0.9999999933860181,0.9999999582563547,0.9999999555016562,0.9999998510923941,0.99999992003932,0.9999996376974939,0.9999937845871477,0.9999999911632543,0.9999999725434568,0.999999872351919,0.9999997506595908,0.9999953352797171,0.9999938322027373,0.9999862349959423,0.9999909702794993,0.9999659307960054,0.9999368736470243,0.9999408990019317,0.9999676531182613,0.9999625326272013,0.9999990655743509,0.9999998838085992,0.9999999961832681,0.9999999971977221,0.9999997687430858,0.9999998550187628,0.9999998279179478,0.9999998970805469,0.9999999435307109,0.99999975675543,0.9999999641272258,0.9999999643471833,0.9999999331293019,0.9999999757440761,0.9999999990433236,0.9999999210122079,0.9999999952946244,0.9999999898406376,0.9999999993282339,0.9999999998106153,0.9999999981917447,0.9999999930573157,0.9999999783616231,0.9999999642795783,0.9999998897590228,0.9999999215558771,0.9999997468540052,0.9999953699636898,0.9999999854979588,0.9999999792489241,0.9999998805018504,0.9999997930035883,0.9999953985117814,0.9999949189109193,0.999989061940966,0.9999920678763634,0.9999716151555967,0.9999423363051931,0.9999443389228726,0.9999725081729467,0.999972297311386,0.9999992383862857,0.9999999158615767,0.9999999923079359,0.9999999963843548,0.9999998252481619,0.9999999020741916,0.9999998603890972,0.9999998814196291,0.9999999604283953,0.9999997614539953,0.9999999561114805,0.9999999703808624,0.9999999351098758,0.999999970923361,0.9999999991286282,0.9999999437909513,0.9999999949595062,0.9999999985608666
79.2,0.9999999956976552,0.9999999993599532,0.9999999997664043,0.9999999989154745,0.9999999939649432,0.9999999619134823,0.999999959374326,0.9999998642923451,0.9999999270202214,0.9999996698889224,0.9999943575464014,0.9999999919292283,0.9999999749156189,0.9999998835502141,0.9999997719957452,0.9999957598326348,0.9999943911616368,0.9999874225245714,0.9999917329809532,0.9999688489151562,0.9999421913688284,0.9999458148798833,0.9999702921799155,0.999965612219034,0.9999991426524302,0.9999998934706706,0.9999999965012711,0.9999999974327451,0.9999997878869028,0.9999998670095358,0.9999998424960178,0.9999999058223815,0.9999999483549851,0.9999997777486583,0.9999999672771013,0.9999999674998614,0.9999999389471209,0.999999977903141,0.9999999991656677,0.9999999277072843,0.9999999956948672,0.9999999907186438,0.999999999387153,0.9999999998272825,0.9999999983499888,0.9999999936558014,0.999999980253528,0.9999999673649766,0.9999998995160123,0.9999999283103271,0.9999997691733615,0.9999957946695855,0.9999999867492859,0.9999999810480048,0.9999998909509482,0.9999998106493506,0.9999958205191496,0.999995375522161,0.9999900006662235,0.9999927344802678,0.9999740421128072,0.9999471784751108,0.9999489620242515,0.999974748480435,0.9999745674586226,0.9999993010909548,0.9999999228333907,0.9999999929437817,0.9999999966849957,0.9999998396852583,0.999999910139035,0.9999998720738804,0.9999998914545439,0.9999999637621059,0.9999997820546953,0.999999959932149,0.9999999730014267,0.9999999407146507,0.999999973480463,0.9999999992395651,0.9999999485134485,0.9999999953792504,0.9999999987047784
79.60000000000001,0.9999999960736694,0.999999999415537,0.9999999997870533,0.9999999990112235,0.9999999944930079,0.9999999652489946,0.999999962909069,0.9999998763181103,0.999999933389884,0.9999996992088099,0.9999948775250519,0.9999999926286552,0.9999999770825474,0.9999998937630791,0.9999997915038774,0.9999961455882096,0.9999948992298323,0.9999885073284588,0.9999924312209587,0.9999715170146634,0.9999470608561881,0.9999503218457536,0.9999727165605552,0.9999684387950629,0.9999992133796379,0.9999999023292732,0.9999999967927811,0.9999999976480463,0.9999998054472541,0.9999998780095075,0.9999998558369975,0.9999999138203043,0.9999999527664225,0.9999997969244441,0.9999999701489042,0.9999999703718638,0.9999999442567497,0.9999999798680299,0.999999999271285,0.9999999338341343,0.9999999960609706,0.9999999915206104,0.9999999994408854,0.9999999998424778,0.9999999984943355,0.9999999942025539,0.9999999819792939,0.9999999701833449,0.999999908406375,0.999999934481776,0.9999997895172903,0.9999961802783797,0.9999999878924501,0.9999999826907848,0.9999999004836025,0.9999998267890625,0.9999962036667603,0.9999957909152125,0.9999908586427656,0.9999933450090259,0.9999762615127177,0.9999516138484589,0.9999532011243821,0.9999768066263757,0.9999766516756923,0.9999993586367997,0.9999999292274275,0.9999999935270842,0.9999999969606301,0.9999998529299615,0.9999999175401753,0.9999998827795459,0.9999999006386809,0.9999999668146553,0.9999998008704271,0.9999999634186575,0.9999999753886154,0.9999999458337091,0.9999999758108763,0.999999999335384,0.9999999528387787,0.9999999957640128,0.9999999988333311
80,0.9999999964167111,0.999999999466279,0.9999999998058703,0.9999999990984841,0.9999999949746977,0.9999999682912868,0.9999999661354546,0.9999998872745084,0.9999999392019902,0.9999997259143281,0.9999953494364593,0.9999999932673338,0.9999999790620259,0.9999999030775074,0.999999809340804,0.9999964961059518,0.9999953610618016,0.999989498319698,0.999993070450528,0.9999739565204158,0.9999515199137176,0.9999544539147177,0.9999749436634051,0.9999710331335832,0.9999992782785577,0.9999999104512161,0.9999999970600045,0.9999999978452814,0.9999998215549822,0.9999998881004559,0.9999998680460568,0.999999921137747,0.999999956800413,0.9999998144406584,0.9999999727673586,0.9999999729884146,0.9999999491027908,0.9999999816564689,0.999999999362576,0.9999999394410507,0.9999999963958557,0.9999999922531377,0.9999999994898895,0.9999999998563317,0.9999999986260102,0.9999999947020581,0.9999999835535768,0.9999999727578416,0.999999916507366,0.9999999401206744,0.999999808061324,0.999996530401608,0.9999999889368201,0.9999999841908744,0.9999999091804439,0.9999998415514217,0.9999965515469081,0.9999961688274251,0.9999916428340322,0.9999939041846094,0.999978291108727,0.9999556766157002,0.9999570881193114,0.9999786973849712,0.9999785651819605,0.9999994114478876,0.9999999350915759,0.9999999940621835,0.9999999972133387,0.9999998650807221,0.999999924332185,0.9999998925882458,0.9999999090443155,0.9999999696097848,0.9999998180563975,0.9999999666004067,0.9999999775633963,0.9999999505092972,0.99999997793493,0.9999999994182497,0.9999999568003798,0.9999999961167115,0.9999999989482937
