<?xml version="1.0"?>
<VTKFile type="PolyData" version="0.1" byte_order="LittleEndian">
  <PolyData>
    <Piece NumberOfPoints="1515" NumberOfLines="1500">
      <Points>
        <DataArray type="Float64" NumberOfComponents="3" format="ascii">
          0 3 8.14309e-13
          0 2.99 8.14335e-13
          0 2.98 8.14229e-13
          0 2.97 8.14192e-13
          0 2.96 8.14087e-13
          0 2.95 8.13906e-13
          0 2.94 8.13666e-13
          0 2.93 8.13472e-13
          0 2.92 8.13313e-13
          0 2.91 8.12962e-13
          0 2.9 8.12626e-13
          0 2.89 8.1228e-13
          0 2.88 8.11936e-13
          0 2.87 8.11513e-13
          0 2.86 8.11035e-13
          0 2.85 8.10623e-13
          0 2.84 8.10189e-13
          0 2.83 8.09659e-13
          0 2.82 8.09053e-13
          0 2.81 8.08543e-13
          0 2.8 8.07946e-13
          0 2.79 8.0737e-13
          0 2.78 8.06643e-13
          0 2.77 8.05971e-13
          0 2.76 8.05331e-13
          0 2.75 8.04544e-13
          0 2.74 8.03693e-13
          0 2.73 8.03001e-13
          0 2.72 8.0215e-13
          0 2.71 8.01297e-13
          0 2.7 8.00371e-13
          0 2.69 7.9944e-13
          0 2.68 7.98601e-13
          0 2.67 7.97491e-13
          0 2.66 7.96541e-13
          0 2.65 7.95483e-13
          0 2.64 7.94504e-13
          0 2.63 7.93387e-13
          0 2.62 7.92223e-13
          0 2.61 7.91113e-13
          0 2.6 7.89973e-13
          0 2.59 7.88742e-13
          0 2.58 7.87444e-13
          0 2.57 7.86224e-13
          0 2.56 7.84996e-13
          0 2.55 7.83514e-13
          0 2.54 7.82229e-13
          0 2.53 7.80822e-13
          0 2.52 7.79425e-13
          0 2.51 7.77893e-13
          0 2.5 7.76294e-13
          0 2.49 7.74851e-13
          0 2.48 7.73318e-13
          0 2.47 7.71656e-13
          0 2.46 7.7006e-13
          0 2.45 7.68376e-13
          0 2.44 7.66681e-13
          0 2.43 7.6499e-13
          0 2.42 7.63146e-13
          0 2.41 7.61318e-13
          0 2.4 7.59489e-13
          0 2.39 7.57636e-13
          0 2.38 7.55663e-13
          0 2.37 7.53831e-13
          0 2.36 7.5193e-13
          0 2.35 7.49963e-13
          0 2.34 7.47895e-13
          0 2.33 7.45874e-13
          0 2.32 7.43993e-13
          0 2.31 7.41859e-13
          0 2.3 7.39721e-13
          0 2.29 7.37634e-13
          0 2.28 7.35459e-13
          0 2.27 7.33173e-13
          0 2.26 7.30915e-13
          0 2.25 7.28805e-13
          0 2.24 7.26612e-13
          0 2.23 7.24242e-13
          0 2.22 7.21907e-13
          0 2.21 7.19502e-13
          0 2.2 7.17264e-13
          0 2.19 7.1487e-13
          0 2.18 7.12426e-13
          0 2.17 7.10093e-13
          0 2.16 7.07755e-13
          0 2.15 7.05278e-13
          0 2.14 7.02891e-13
          0 2.13 7.0057e-13
          0 2.12 6.9848e-13
          0 2.11 6.95754e-13
          0 2.1 6.93263e-13
          0 2.09 6.90847e-13
          0 2.08 6.88391e-13
          0 2.07 6.85856e-13
          0 2.06 6.83145e-13
          0 2.05 6.80483e-13
          0 2.04 6.77853e-13
          0 2.03 6.75097e-13
          0 2.02 6.72086e-13
          0 2.01 6.69004e-13
          0 2 6.65979e-13
          0 2 6.65979e-13
          -0.01 1.99 6.51932e-13
          -0.02 1.98 6.37598e-13
          -0.03 1.97 6.24737e-13
          -0.04 1.96 6.12691e-13
          -0.05 1.95 6.0062e-13
          -0.06 1.94 5.88556e-13
          -0.07 1.93 5.76979e-13
          -0.08 1.92 5.65793e-13
          -0.09 1.91 5.55885e-13
          -0.1 1.9 5.45729e-13
          -0.11 1.89 5.36011e-13
          -0.12 1.88 5.25946e-13
          -0.13 1.87 5.15413e-13
          -0.14 1.86 5.05094e-13
          -0.15 1.85 4.95131e-13
          -0.16 1.84 4.85162e-13
          -0.17 1.83 4.7434e-13
          -0.18 1.82 4.64135e-13
          -0.19 1.81 4.53928e-13
          -0.2 1.8 4.43668e-13
          -0.21 1.79 4.33404e-13
          -0.22 1.78 4.24105e-13
          -0.23 1.77 4.14738e-13
          -0.24 1.76 4.05392e-13
          -0.25 1.75 3.9694e-13
          -0.26 1.74 3.89039e-13
          -0.27 1.73 3.79922e-13
          -0.28 1.72 3.71205e-13
          -0.29 1.71 3.621e-13
          -0.3 1.7 3.52574e-13
          -0.31 1.69 3.42482e-13
          -0.32 1.68 3.31771e-13
          -0.33 1.67 3.20305e-13
          -0.34 1.66 3.08531e-13
          -0.35 1.65 2.96525e-13
          -0.36 1.64 2.83452e-13
          -0.37 1.63 2.69577e-13
          -0.38 1.62 2.5536e-13
          -0.39 1.61 2.4203e-13
          -0.4 1.6 2.28919e-13
          -0.41 1.59 2.15134e-13
          -0.42 1.58 2.01392e-13
          -0.43 1.57 1.88296e-13
          -0.44 1.56 1.74908e-13
          -0.45 1.55 1.61992e-13
          -0.46 1.54 1.49694e-13
          -0.47 1.53 1.37723e-13
          -0.48 1.52 1.25501e-13
          -0.49 1.51 1.13686e-13
          -0.5 1.5 1.02413e-13
          -0.51 1.49 9.04265e-14
          -0.52 1.48 7.83624e-14
          -0.53 1.47 6.60092e-14
          -0.54 1.46 5.42363e-14
          -0.55 1.45 4.32373e-14
          -0.56 1.44 3.26558e-14
          -0.57 1.43 2.18807e-14
          -0.58 1.42 1.09913e-14
          -0.59 1.41 3.25262e-16
          -0.6 1.4 -1.14495e-14
          -0.61 1.39 -2.32573e-14
          -0.62 1.38 -3.50309e-14
          -0.63 1.37 -4.67976e-14
          -0.64 1.36 -5.88936e-14
          -0.65 1.35 -7.14929e-14
          -0.66 1.34 -8.44745e-14
          -0.67 1.33 -9.80258e-14
          -0.68 1.32 -1.11805e-13
          -0.69 1.31 -1.26593e-13
          -0.7 1.3 -1.41299e-13
          -0.71 1.29 -1.56194e-13
          -0.72 1.28 -1.70465e-13
          -0.73 1.27 -1.85134e-13
          -0.74 1.26 -2.00422e-13
          -0.75 1.25 -2.1524e-13
          -0.76 1.24 -2.30253e-13
          -0.77 1.23 -2.4621e-13
          -0.78 1.22 -2.61159e-13
          -0.79 1.21 -2.76677e-13
          -0.8 1.2 -2.92861e-13
          -0.81 1.19 -3.10179e-13
          -0.82 1.18 -3.27106e-13
          -0.83 1.17 -3.44773e-13
          -0.84 1.16 -3.61875e-13
          -0.85 1.15 -3.79737e-13
          -0.86 1.14 -3.97753e-13
          -0.87 1.13 -4.16281e-13
          -0.88 1.12 -4.3475e-13
          -0.89 1.11 -4.53008e-13
          -0.9 1.1 -4.70142e-13
          -0.91 1.09 -4.86959e-13
          -0.92 1.08 -5.03746e-13
          -0.93 1.07 -5.20849e-13
          -0.94 1.06 -5.37932e-13
          -0.95 1.05 -5.55519e-13
          -0.96 1.04 -5.72739e-13
          -0.97 1.03 -5.89988e-13
          -0.98 1.02 -6.07294e-13
          -0.99 1.01 -6.25291e-13
          -1 1 -6.42701e-13
          0 2 6.65979e-13
          0.01 1.99 6.76584e-13
          0.02 1.98 6.87038e-13
          0.03 1.97 6.96777e-13
          0.04 1.96 7.05138e-13
          0.05 1.95 7.13928e-13
          0.06 1.94 7.22031e-13
          0.07 1.93 7.30537e-13
          0.08 1.92 7.38496e-13
          0.09 1.91 7.45092e-13
          0.1 1.9 7.51925e-13
          0.11 1.89 7.58305e-13
          0.12 1.88 7.64549e-13
          0.13 1.87 7.71715e-13
          0.14 1.86 7.77677e-13
          0.15 1.85 7.83845e-13
          0.16 1.84 7.90235e-13
          0.17 1.83 7.9696e-13
          0.18 1.82 8.0354e-13
          0.19 1.81 8.09985e-13
          0.2 1.8 8.15971e-13
          0.21 1.79 8.2219e-13
          0.22 1.78 8.27875e-13
          0.23 1.77 8.33083e-13
          0.24 1.76 8.38196e-13
          0.25 1.75 8.42319e-13
          0.26 1.74 8.45972e-13
          0.27 1.73 8.50066e-13
          0.28 1.72 8.54175e-13
          0.29 1.71 8.58619e-13
          0.3 1.7 8.6326e-13
          0.31 1.69 8.6858e-13
          0.32 1.68 8.73574e-13
          0.33 1.67 8.79375e-13
          0.34 1.66 8.85872e-13
          0.35 1.65 8.92589e-13
          0.36 1.64 9.00721e-13
          0.37 1.63 9.08354e-13
          0.38 1.62 9.16586e-13
          0.39 1.61 9.23643e-13
          0.4 1.6 9.30348e-13
          0.41 1.59 9.37509e-13
          0.42 1.58 9.4404e-13
          0.43 1.57 9.49852e-13
          0.44 1.56 9.55082e-13
          0.45 1.55 9.606e-13
          0.46 1.54 9.64463e-13
          0.47 1.53 9.68005e-13
          0.48 1.52 9.71576e-13
          0.49 1.51 9.75306e-13
          0.5 1.5 9.78212e-13
          0.51 1.49 9.80863e-13
          0.52 1.48 9.84201e-13
          0.53 1.47 9.86822e-13
          0.54 1.46 9.88129e-13
          0.55 1.45 9.88949e-13
          0.56 1.44 9.89118e-13
          0.57 1.43 9.89376e-13
          0.58 1.42 9.89636e-13
          0.59 1.41 9.89491e-13
          0.6 1.4 9.89237e-13
          0.61 1.39 9.88531e-13
          0.62 1.38 9.88126e-13
          0.63 1.37 9.87552e-13
          0.64 1.36 9.88315e-13
          0.65 1.35 9.89337e-13
          0.66 1.34 9.91108e-13
          0.67 1.33 9.93955e-13
          0.68 1.32 9.96486e-13
          0.69 1.31 9.99818e-13
          0.7 1.3 1.00313e-12
          0.71 1.29 1.00712e-12
          0.72 1.28 1.0107e-12
          0.73 1.27 1.01499e-12
          0.74 1.26 1.01958e-12
          0.75 1.25 1.02462e-12
          0.76 1.24 1.0296e-12
          0.77 1.23 1.036e-12
          0.78 1.22 1.04235e-12
          0.79 1.21 1.04966e-12
          0.8 1.2 1.05717e-12
          0.81 1.19 1.0645e-12
          0.82 1.18 1.0718e-12
          0.83 1.17 1.07909e-12
          0.84 1.16 1.08596e-12
          0.85 1.15 1.09383e-12
          0.86 1.14 1.1008e-12
          0.87 1.13 1.10772e-12
          0.88 1.12 1.11471e-12
          0.89 1.11 1.12067e-12
          0.9 1.1 1.12659e-12
          0.91 1.09 1.1318e-12
          0.92 1.08 1.13659e-12
          0.93 1.07 1.14139e-12
          0.94 1.06 1.14633e-12
          0.95 1.05 1.1517e-12
          0.96 1.04 1.15674e-12
          0.97 1.03 1.16137e-12
          0.98 1.02 1.16624e-12
          0.99 1.01 1.17214e-12
          1 1 1.1782e-12
          -1 1 -6.42701e-13
          -1.005 0.99 0.00107931
          -1.01 0.98 0.00215858
          -1.015 0.97 0.00323776
          -1.02 0.96 0.00431682
          -1.025 0.95 0.00539572
          -1.03 0.94 0.00647442
          -1.035 0.93 0.00755287
          -1.04 0.92 0.00863103
          -1.045 0.91 0.00970887
          -1.05 0.9 0.0107863
          -1.055 0.89 0.0118634
          -1.06 0.88 0.01294
          -1.065 0.87 0.0140161
          -1.07 0.86 0.0150917
          -1.075 0.85 0.0161667
          -1.08 0.84 0.0172411
          -1.085 0.83 0.0183149
          -1.09 0.82 0.019388
          -1.095 0.81 0.0204603
          -1.1 0.8 0.0215318
          -1.105 0.79 0.0226026
          -1.11 0.78 0.0236724
          -1.115 0.77 0.0247414
          -1.12 0.76 0.0258095
          -1.125 0.75 0.0268765
          -1.13 0.74 0.0279426
          -1.135 0.73 0.0290076
          -1.14 0.72 0.0300715
          -1.145 0.71 0.0311342
          -1.15 0.7 0.0321958
          -1.155 0.69 0.0332561
          -1.16 0.68 0.0343152
          -1.165 0.67 0.035373
          -1.17 0.66 0.0364295
          -1.175 0.65 0.0374845
          -1.18 0.64 0.0385382
          -1.185 0.63 0.0395904
          -1.19 0.62 0.0406411
          -1.195 0.61 0.0416902
          -1.2 0.6 0.0427378
          -1.205 0.59 0.0437838
          -1.21 0.58 0.0448281
          -1.215 0.57 0.0458707
          -1.22 0.56 0.0469115
          -1.225 0.55 0.0479506
          -1.23 0.54 0.0489879
          -1.235 0.53 0.0500233
          -1.24 0.52 0.0510568
          -1.245 0.51 0.0520884
          -1.25 0.5 0.053118
          -1.255 0.49 0.0541456
          -1.26 0.48 0.0551711
          -1.265 0.47 0.0561946
          -1.27 0.46 0.0572159
          -1.275 0.45 0.0582351
          -1.28 0.44 0.059252
          -1.285 0.43 0.0602667
          -1.29 0.42 0.0612792
          -1.295 0.41 0.0622893
          -1.3 0.4 0.063297
          -1.305 0.39 0.0643024
          -1.31 0.38 0.0653053
          -1.315 0.37 0.0663057
          -1.32 0.36 0.0673036
          -1.325 0.35 0.068299
          -1.33 0.34 0.0692918
          -1.335 0.33 0.070282
          -1.34 0.32 0.0712695
          -1.345 0.31 0.0722543
          -1.35 0.3 0.0732363
          -1.355 0.29 0.0742156
          -1.36 0.28 0.0751921
          -1.365 0.27 0.0761657
          -1.37 0.26 0.0771365
          -1.375 0.25 0.0781043
          -1.38 0.24 0.0790692
          -1.385 0.23 0.080031
          -1.39 0.22 0.0809899
          -1.395 0.21 0.0819457
          -1.4 0.2 0.0828983
          -1.405 0.19 0.0838478
          -1.41 0.18 0.0847942
          -1.415 0.17 0.0857373
          -1.42 0.16 0.0866772
          -1.425 0.15 0.0876138
          -1.43 0.14 0.0885471
          -1.435 0.13 0.089477
          -1.44 0.12 0.0904036
          -1.445 0.11 0.0913267
          -1.45 0.1 0.0922464
          -1.455 0.09 0.0931625
          -1.46 0.08 0.0940752
          -1.465 0.07 0.0949842
          -1.47 0.06 0.0958897
          -1.475 0.05 0.0967915
          -1.48 0.04 0.0976897
          -1.485 0.03 0.0985842
          -1.49 0.02 0.0994749
          -1.495 0.01 0.100362
          -1.5 0 0.101245
          -1 1 -6.42701e-13
          -0.995 0.99 -0.00107931
          -0.99 0.98 -0.00215858
          -0.985 0.97 -0.00323776
          -0.98 0.96 -0.00431682
          -0.975 0.95 -0.00539572
          -0.97 0.94 -0.00647442
          -0.965 0.93 -0.00755287
          -0.96 0.92 -0.00863103
          -0.955 0.91 -0.00970887
          -0.95 0.9 -0.0107863
          -0.945 0.89 -0.0118634
          -0.94 0.88 -0.01294
          -0.935 0.87 -0.0140161
          -0.93 0.86 -0.0150917
          -0.925 0.85 -0.0161667
          -0.92 0.84 -0.0172411
          -0.915 0.83 -0.0183149
          -0.91 0.82 -0.019388
          -0.905 0.81 -0.0204603
          -0.9 0.8 -0.0215318
          -0.895 0.79 -0.0226026
          -0.89 0.78 -0.0236724
          -0.885 0.77 -0.0247414
          -0.88 0.76 -0.0258095
          -0.875 0.75 -0.0268765
          -0.87 0.74 -0.0279426
          -0.865 0.73 -0.0290076
          -0.86 0.72 -0.0300715
          -0.855 0.71 -0.0311342
          -0.85 0.7 -0.0321958
          -0.845 0.69 -0.0332561
          -0.84 0.68 -0.0343152
          -0.835 0.67 -0.035373
          -0.83 0.66 -0.0364295
          -0.825 0.65 -0.0374845
          -0.82 0.64 -0.0385382
          -0.815 0.63 -0.0395904
          -0.81 0.62 -0.0406411
          -0.805 0.61 -0.0416902
          -0.8 0.6 -0.0427378
          -0.795 0.59 -0.0437838
          -0.79 0.58 -0.0448281
          -0.785 0.57 -0.0458707
          -0.78 0.56 -0.0469115
          -0.775 0.55 -0.0479506
          -0.77 0.54 -0.0489879
          -0.765 0.53 -0.0500233
          -0.76 0.52 -0.0510568
          -0.755 0.51 -0.0520884
          -0.75 0.5 -0.053118
          -0.745 0.49 -0.0541456
          -0.74 0.48 -0.0551711
          -0.735 0.47 -0.0561946
          -0.73 0.46 -0.0572159
          -0.725 0.45 -0.0582351
          -0.72 0.44 -0.059252
          -0.715 0.43 -0.0602667
          -0.71 0.42 -0.0612792
          -0.705 0.41 -0.0622893
          -0.7 0.4 -0.063297
          -0.695 0.39 -0.0643024
          -0.69 0.38 -0.0653053
          -0.685 0.37 -0.0663057
          -0.68 0.36 -0.0673036
          -0.675 0.35 -0.068299
          -0.67 0.34 -0.0692918
          -0.665 0.33 -0.070282
          -0.66 0.32 -0.0712695
          -0.655 0.31 -0.0722543
          -0.65 0.3 -0.0732363
          -0.645 0.29 -0.0742156
          -0.64 0.28 -0.0751921
          -0.635 0.27 -0.0761657
          -0.63 0.26 -0.0771365
          -0.625 0.25 -0.0781043
          -0.62 0.24 -0.0790692
          -0.615 0.23 -0.080031
          -0.61 0.22 -0.0809899
          -0.605 0.21 -0.0819457
          -0.6 0.2 -0.0828983
          -0.595 0.19 -0.0838478
          -0.59 0.18 -0.0847942
          -0.585 0.17 -0.0857373
          -0.58 0.16 -0.0866772
          -0.575 0.15 -0.0876138
          -0.57 0.14 -0.0885471
          -0.565 0.13 -0.089477
          -0.56 0.12 -0.0904036
          -0.555 0.11 -0.0913267
          -0.55 0.1 -0.0922464
          -0.545 0.09 -0.0931625
          -0.54 0.08 -0.0940752
          -0.535 0.07 -0.0949842
          -0.53 0.06 -0.0958897
          -0.525 0.05 -0.0967915
          -0.52 0.04 -0.0976897
          -0.515 0.03 -0.0985842
          -0.51 0.02 -0.0994749
          -0.505 0.01 -0.100362
          -0.5 0 -0.101245
          1 1 1.1782e-12
          0.995 0.99 0.000137418
          0.99 0.98 0.000274831
          0.985 0.97 0.000412233
          0.98 0.96 0.00054962
          0.975 0.95 0.000686986
          0.97 0.94 0.000824326
          0.965 0.93 0.000961635
          0.96 0.92 0.00109891
          0.955 0.91 0.00123614
          0.95 0.9 0.00137332
          0.945 0.89 0.00151045
          0.94 0.88 0.00164753
          0.935 0.87 0.00178454
          0.93 0.86 0.00192148
          0.925 0.85 0.00205836
          0.92 0.84 0.00219515
          0.915 0.83 0.00233186
          0.91 0.82 0.00246848
          0.905 0.81 0.00260501
          0.9 0.8 0.00274144
          0.895 0.79 0.00287777
          0.89 0.78 0.00301399
          0.885 0.77 0.00315009
          0.88 0.76 0.00328607
          0.875 0.75 0.00342193
          0.87 0.74 0.00355766
          0.865 0.73 0.00369326
          0.86 0.72 0.00382871
          0.855 0.71 0.00396402
          0.85 0.7 0.00409918
          0.845 0.69 0.00423419
          0.84 0.68 0.00436903
          0.835 0.67 0.00450371
          0.83 0.66 0.00463822
          0.825 0.65 0.00477255
          0.82 0.64 0.0049067
          0.815 0.63 0.00504067
          0.81 0.62 0.00517444
          0.805 0.61 0.00530802
          0.8 0.6 0.0054414
          0.795 0.59 0.00557457
          0.79 0.58 0.00570753
          0.785 0.57 0.00584027
          0.78 0.56 0.0059728
          0.775 0.55 0.00610509
          0.77 0.54 0.00623716
          0.765 0.53 0.00636899
          0.76 0.52 0.00650057
          0.755 0.51 0.00663192
          0.75 0.5 0.00676301
          0.745 0.49 0.00689384
          0.74 0.48 0.00702441
          0.735 0.47 0.00715472
          0.73 0.46 0.00728476
          0.725 0.45 0.00741452
          0.72 0.44 0.007544
          0.715 0.43 0.00767319
          0.71 0.42 0.00780209
          0.705 0.41 0.0079307
          0.7 0.4 0.008059
          0.695 0.39 0.00818701
          0.69 0.38 0.0083147
          0.685 0.37 0.00844207
          0.68 0.36 0.00856913
          0.675 0.35 0.00869586
          0.67 0.34 0.00882226
          0.665 0.33 0.00894833
          0.66 0.32 0.00907406
          0.655 0.31 0.00919945
          0.65 0.3 0.00932448
          0.645 0.29 0.00944917
          0.64 0.28 0.00957349
          0.635 0.27 0.00969746
          0.63 0.26 0.00982105
          0.625 0.25 0.00994428
          0.62 0.24 0.0100671
          0.615 0.23 0.0101896
          0.61 0.22 0.0103117
          0.605 0.21 0.0104334
          0.6 0.2 0.0105547
          0.595 0.19 0.0106755
          0.59 0.18 0.010796
          0.585 0.17 0.0109161
          0.58 0.16 0.0110358
          0.575 0.15 0.011155
          0.57 0.14 0.0112739
          0.565 0.13 0.0113923
          0.56 0.12 0.0115102
          0.555 0.11 0.0116278
          0.55 0.1 0.0117448
          0.545 0.09 0.0118615
          0.54 0.08 0.0119777
          0.535 0.07 0.0120934
          0.53 0.06 0.0122087
          0.525 0.05 0.0123235
          0.52 0.04 0.0124379
          0.515 0.03 0.0125518
          0.51 0.02 0.0126652
          0.505 0.01 0.0127781
          0.5 0 0.0128906
          1 1 1.1782e-12
          1.005 0.99 -0.000137418
          1.01 0.98 -0.000274831
          1.015 0.97 -0.000412233
          1.02 0.96 -0.00054962
          1.025 0.95 -0.000686986
          1.03 0.94 -0.000824326
          1.035 0.93 -0.000961635
          1.04 0.92 -0.00109891
          1.045 0.91 -0.00123614
          1.05 0.9 -0.00137332
          1.055 0.89 -0.00151045
          1.06 0.88 -0.00164753
          1.065 0.87 -0.00178454
          1.07 0.86 -0.00192148
          1.075 0.85 -0.00205836
          1.08 0.84 -0.00219515
          1.085 0.83 -0.00233186
          1.09 0.82 -0.00246848
          1.095 0.81 -0.00260501
          1.1 0.8 -0.00274144
          1.105 0.79 -0.00287777
          1.11 0.78 -0.00301399
          1.115 0.77 -0.00315009
          1.12 0.76 -0.00328607
          1.125 0.75 -0.00342193
          1.13 0.74 -0.00355766
          1.135 0.73 -0.00369326
          1.14 0.72 -0.00382871
          1.145 0.71 -0.00396402
          1.15 0.7 -0.00409918
          1.155 0.69 -0.00423419
          1.16 0.68 -0.00436903
          1.165 0.67 -0.00450371
          1.17 0.66 -0.00463822
          1.175 0.65 -0.00477255
          1.18 0.64 -0.0049067
          1.185 0.63 -0.00504067
          1.19 0.62 -0.00517444
          1.195 0.61 -0.00530802
          1.2 0.6 -0.0054414
          1.205 0.59 -0.00557457
          1.21 0.58 -0.00570753
          1.215 0.57 -0.00584027
          1.22 0.56 -0.0059728
          1.225 0.55 -0.00610509
          1.23 0.54 -0.00623716
          1.235 0.53 -0.00636899
          1.24 0.52 -0.00650057
          1.245 0.51 -0.00663192
          1.25 0.5 -0.00676301
          1.255 0.49 -0.00689384
          1.26 0.48 -0.00702441
          1.265 0.47 -0.00715472
          1.27 0.46 -0.00728476
          1.275 0.45 -0.00741452
          1.28 0.44 -0.007544
          1.285 0.43 -0.00767319
          1.29 0.42 -0.00780209
          1.295 0.41 -0.0079307
          1.3 0.4 -0.008059
          1.305 0.39 -0.00818701
          1.31 0.38 -0.0083147
          1.315 0.37 -0.00844207
          1.32 0.36 -0.00856913
          1.325 0.35 -0.00869586
          1.33 0.34 -0.00882226
          1.335 0.33 -0.00894833
          1.34 0.32 -0.00907406
          1.345 0.31 -0.00919945
          1.35 0.3 -0.00932448
          1.355 0.29 -0.00944917
          1.36 0.28 -0.00957349
          1.365 0.27 -0.00969746
          1.37 0.26 -0.00982105
          1.375 0.25 -0.00994428
          1.38 0.24 -0.0100671
          1.385 0.23 -0.0101896
          1.39 0.22 -0.0103117
          1.395 0.21 -0.0104334
          1.4 0.2 -0.0105547
          1.405 0.19 -0.0106755
          1.41 0.18 -0.010796
          1.415 0.17 -0.0109161
          1.42 0.16 -0.0110358
          1.425 0.15 -0.011155
          1.43 0.14 -0.0112739
          1.435 0.13 -0.0113923
          1.44 0.12 -0.0115102
          1.445 0.11 -0.0116278
          1.45 0.1 -0.0117448
          1.455 0.09 -0.0118615
          1.46 0.08 -0.0119777
          1.465 0.07 -0.0120934
          1.47 0.06 -0.0122087
          1.475 0.05 -0.0123235
          1.48 0.04 -0.0124379
          1.485 0.03 -0.0125518
          1.49 0.02 -0.0126652
          1.495 0.01 -0.0127781
          1.5 0 -0.0128906
          -1.5 0 0.101245
          -1.5025 -0.01 0.101684
          -1.505 -0.02 0.102119
          -1.5075 -0.03 0.10255
          -1.51 -0.04 0.102977
          -1.5125 -0.05 0.1034
          -1.515 -0.06 0.103819
          -1.5175 -0.07 0.104235
          -1.52 -0.08 0.104646
          -1.5225 -0.09 0.105053
          -1.525 -0.1 0.105457
          -1.5275 -0.11 0.105856
          -1.53 -0.12 0.106252
          -1.5325 -0.13 0.106643
          -1.535 -0.14 0.107031
          -1.5375 -0.15 0.107414
          -1.54 -0.16 0.107793
          -1.5425 -0.17 0.108168
          -1.545 -0.18 0.108539
          -1.5475 -0.19 0.108906
          -1.55 -0.2 0.109269
          -1.5525 -0.21 0.109628
          -1.555 -0.22 0.109983
          -1.5575 -0.23 0.110333
          -1.56 -0.24 0.110679
          -1.5625 -0.25 0.111021
          -1.565 -0.26 0.111359
          -1.5675 -0.27 0.111693
          -1.57 -0.28 0.112022
          -1.5725 -0.29 0.112347
          -1.575 -0.3 0.112668
          -1.5775 -0.31 0.112985
          -1.58 -0.32 0.113297
          -1.5825 -0.33 0.113605
          -1.585 -0.34 0.113909
          -1.5875 -0.35 0.114208
          -1.59 -0.36 0.114503
          -1.5925 -0.37 0.114794
          -1.595 -0.38 0.11508
          -1.5975 -0.39 0.115362
          -1.6 -0.4 0.11564
          -1.6025 -0.41 0.115913
          -1.605 -0.42 0.116182
          -1.6075 -0.43 0.116447
          -1.61 -0.44 0.116707
          -1.6125 -0.45 0.116962
          -1.615 -0.46 0.117214
          -1.6175 -0.47 0.11746
          -1.62 -0.48 0.117703
          -1.6225 -0.49 0.117941
          -1.625 -0.5 0.118174
          -1.6275 -0.51 0.118403
          -1.63 -0.52 0.118627
          -1.6325 -0.53 0.118847
          -1.635 -0.54 0.119063
          -1.6375 -0.55 0.119274
          -1.64 -0.56 0.11948
          -1.6425 -0.57 0.119682
          -1.645 -0.58 0.119879
          -1.6475 -0.59 0.120072
          -1.65 -0.6 0.120261
          -1.6525 -0.61 0.120444
          -1.655 -0.62 0.120623
          -1.6575 -0.63 0.120798
          -1.66 -0.64 0.120968
          -1.6625 -0.65 0.121133
          -1.665 -0.66 0.121294
          -1.6675 -0.67 0.12145
          -1.67 -0.68 0.121602
          -1.6725 -0.69 0.121749
          -1.675 -0.7 0.121892
          -1.6775 -0.71 0.122029
          -1.68 -0.72 0.122163
          -1.6825 -0.73 0.122291
          -1.685 -0.74 0.122415
          -1.6875 -0.75 0.122534
          -1.69 -0.76 0.122649
          -1.6925 -0.77 0.122759
          -1.695 -0.78 0.122864
          -1.6975 -0.79 0.122965
          -1.7 -0.8 0.123061
          -1.7025 -0.81 0.123152
          -1.705 -0.82 0.123239
          -1.7075 -0.83 0.123321
          -1.71 -0.84 0.123399
          -1.7125 -0.85 0.123471
          -1.715 -0.86 0.123539
          -1.7175 -0.87 0.123603
          -1.72 -0.88 0.123661
          -1.7225 -0.89 0.123715
          -1.725 -0.9 0.123765
          -1.7275 -0.91 0.123809
          -1.73 -0.92 0.123849
          -1.7325 -0.93 0.123884
          -1.735 -0.94 0.123915
          -1.7375 -0.95 0.123941
          -1.74 -0.96 0.123962
          -1.7425 -0.97 0.123978
          -1.745 -0.98 0.12399
          -1.7475 -0.99 0.123997
          -1.75 -1 0.123999
          -1.5 0 0.101245
          -1.4975 -0.01 0.101684
          -1.495 -0.02 0.102119
          -1.4925 -0.03 0.10255
          -1.49 -0.04 0.102977
          -1.4875 -0.05 0.1034
          -1.485 -0.06 0.103819
          -1.4825 -0.07 0.104235
          -1.48 -0.08 0.104646
          -1.4775 -0.09 0.105053
          -1.475 -0.1 0.105457
          -1.4725 -0.11 0.105856
          -1.47 -0.12 0.106252
          -1.4675 -0.13 0.106643
          -1.465 -0.14 0.107031
          -1.4625 -0.15 0.107414
          -1.46 -0.16 0.107793
          -1.4575 -0.17 0.108168
          -1.455 -0.18 0.108539
          -1.4525 -0.19 0.108906
          -1.45 -0.2 0.109269
          -1.4475 -0.21 0.109628
          -1.445 -0.22 0.109983
          -1.4425 -0.23 0.110333
          -1.44 -0.24 0.110679
          -1.4375 -0.25 0.111021
          -1.435 -0.26 0.111359
          -1.4325 -0.27 0.111693
          -1.43 -0.28 0.112022
          -1.4275 -0.29 0.112347
          -1.425 -0.3 0.112668
          -1.4225 -0.31 0.112985
          -1.42 -0.32 0.113297
          -1.4175 -0.33 0.113605
          -1.415 -0.34 0.113909
          -1.4125 -0.35 0.114208
          -1.41 -0.36 0.114503
          -1.4075 -0.37 0.114794
          -1.405 -0.38 0.11508
          -1.4025 -0.39 0.115362
          -1.4 -0.4 0.11564
          -1.3975 -0.41 0.115913
          -1.395 -0.42 0.116182
          -1.3925 -0.43 0.116447
          -1.39 -0.44 0.116707
          -1.3875 -0.45 0.116962
          -1.385 -0.46 0.117214
          -1.3825 -0.47 0.11746
          -1.38 -0.48 0.117703
          -1.3775 -0.49 0.117941
          -1.375 -0.5 0.118174
          -1.3725 -0.51 0.118403
          -1.37 -0.52 0.118627
          -1.3675 -0.53 0.118847
          -1.365 -0.54 0.119063
          -1.3625 -0.55 0.119274
          -1.36 -0.56 0.11948
          -1.3575 -0.57 0.119682
          -1.355 -0.58 0.119879
          -1.3525 -0.59 0.120072
          -1.35 -0.6 0.120261
          -1.3475 -0.61 0.120444
          -1.345 -0.62 0.120623
          -1.3425 -0.63 0.120798
          -1.34 -0.64 0.120968
          -1.3375 -0.65 0.121133
          -1.335 -0.66 0.121294
          -1.3325 -0.67 0.12145
          -1.33 -0.68 0.121602
          -1.3275 -0.69 0.121749
          -1.325 -0.7 0.121892
          -1.3225 -0.71 0.122029
          -1.32 -0.72 0.122163
          -1.3175 -0.73 0.122291
          -1.315 -0.74 0.122415
          -1.3125 -0.75 0.122534
          -1.31 -0.76 0.122649
          -1.3075 -0.77 0.122759
          -1.305 -0.78 0.122864
          -1.3025 -0.79 0.122965
          -1.3 -0.8 0.123061
          -1.2975 -0.81 0.123152
          -1.295 -0.82 0.123239
          -1.2925 -0.83 0.123321
          -1.29 -0.84 0.123399
          -1.2875 -0.85 0.123471
          -1.285 -0.86 0.123539
          -1.2825 -0.87 0.123603
          -1.28 -0.88 0.123661
          -1.2775 -0.89 0.123715
          -1.275 -0.9 0.123765
          -1.2725 -0.91 0.123809
          -1.27 -0.92 0.123849
          -1.2675 -0.93 0.123884
          -1.265 -0.94 0.123915
          -1.2625 -0.95 0.123941
          -1.26 -0.96 0.123962
          -1.2575 -0.97 0.123978
          -1.255 -0.98 0.12399
          -1.2525 -0.99 0.123997
          -1.25 -1 0.123999
          -0.5 0 -0.101245
          -0.5025 -0.01 -0.101684
          -0.505 -0.02 -0.102119
          -0.5075 -0.03 -0.10255
          -0.51 -0.04 -0.102977
          -0.5125 -0.05 -0.1034
          -0.515 -0.06 -0.103819
          -0.5175 -0.07 -0.104235
          -0.52 -0.08 -0.104646
          -0.5225 -0.09 -0.105053
          -0.525 -0.1 -0.105457
          -0.5275 -0.11 -0.105856
          -0.53 -0.12 -0.106252
          -0.5325 -0.13 -0.106643
          -0.535 -0.14 -0.107031
          -0.5375 -0.15 -0.107414
          -0.54 -0.16 -0.107793
          -0.5425 -0.17 -0.108168
          -0.545 -0.18 -0.108539
          -0.5475 -0.19 -0.108906
          -0.55 -0.2 -0.109269
          -0.5525 -0.21 -0.109628
          -0.555 -0.22 -0.109983
          -0.5575 -0.23 -0.110333
          -0.56 -0.24 -0.110679
          -0.5625 -0.25 -0.111021
          -0.565 -0.26 -0.111359
          -0.5675 -0.27 -0.111693
          -0.57 -0.28 -0.112022
          -0.5725 -0.29 -0.112347
          -0.575 -0.3 -0.112668
          -0.5775 -0.31 -0.112985
          -0.58 -0.32 -0.113297
          -0.5825 -0.33 -0.113605
          -0.585 -0.34 -0.113909
          -0.5875 -0.35 -0.114208
          -0.59 -0.36 -0.114503
          -0.5925 -0.37 -0.114794
          -0.595 -0.38 -0.11508
          -0.5975 -0.39 -0.115362
          -0.6 -0.4 -0.11564
          -0.6025 -0.41 -0.115913
          -0.605 -0.42 -0.116182
          -0.6075 -0.43 -0.116447
          -0.61 -0.44 -0.116707
          -0.6125 -0.45 -0.116962
          -0.615 -0.46 -0.117214
          -0.6175 -0.47 -0.11746
          -0.62 -0.48 -0.117703
          -0.6225 -0.49 -0.117941
          -0.625 -0.5 -0.118174
          -0.6275 -0.51 -0.118403
          -0.63 -0.52 -0.118627
          -0.6325 -0.53 -0.118847
          -0.635 -0.54 -0.119063
          -0.6375 -0.55 -0.119274
          -0.64 -0.56 -0.11948
          -0.6425 -0.57 -0.119682
          -0.645 -0.58 -0.119879
          -0.6475 -0.59 -0.120072
          -0.65 -0.6 -0.120261
          -0.6525 -0.61 -0.120444
          -0.655 -0.62 -0.120623
          -0.6575 -0.63 -0.120798
          -0.66 -0.64 -0.120968
          -0.6625 -0.65 -0.121133
          -0.665 -0.66 -0.121294
          -0.6675 -0.67 -0.12145
          -0.67 -0.68 -0.121602
          -0.6725 -0.69 -0.121749
          -0.675 -0.7 -0.121892
          -0.6775 -0.71 -0.122029
          -0.68 -0.72 -0.122163
          -0.6825 -0.73 -0.122291
          -0.685 -0.74 -0.122415
          -0.6875 -0.75 -0.122534
          -0.69 -0.76 -0.122649
          -0.6925 -0.77 -0.122759
          -0.695 -0.78 -0.122864
          -0.6975 -0.79 -0.122965
          -0.7 -0.8 -0.123061
          -0.7025 -0.81 -0.123152
          -0.705 -0.82 -0.123239
          -0.7075 -0.83 -0.123321
          -0.71 -0.84 -0.123399
          -0.7125 -0.85 -0.123471
          -0.715 -0.86 -0.123539
          -0.7175 -0.87 -0.123603
          -0.72 -0.88 -0.123661
          -0.7225 -0.89 -0.123715
          -0.725 -0.9 -0.123765
          -0.7275 -0.91 -0.123809
          -0.73 -0.92 -0.123849
          -0.7325 -0.93 -0.123884
          -0.735 -0.94 -0.123915
          -0.7375 -0.95 -0.123941
          -0.74 -0.96 -0.123962
          -0.7425 -0.97 -0.123978
          -0.745 -0.98 -0.12399
          -0.7475 -0.99 -0.123997
          -0.75 -1 -0.123999
          -0.5 0 -0.101245
          -0.4975 -0.01 -0.101684
          -0.495 -0.02 -0.102119
          -0.4925 -0.03 -0.10255
          -0.49 -0.04 -0.102977
          -0.4875 -0.05 -0.1034
          -0.485 -0.06 -0.103819
          -0.4825 -0.07 -0.104235
          -0.48 -0.08 -0.104646
          -0.4775 -0.09 -0.105053
          -0.475 -0.1 -0.105457
          -0.4725 -0.11 -0.105856
          -0.47 -0.12 -0.106252
          -0.4675 -0.13 -0.106643
          -0.465 -0.14 -0.107031
          -0.4625 -0.15 -0.107414
          -0.46 -0.16 -0.107793
          -0.4575 -0.17 -0.108168
          -0.455 -0.18 -0.108539
          -0.4525 -0.19 -0.108906
          -0.45 -0.2 -0.109269
          -0.4475 -0.21 -0.109628
          -0.445 -0.22 -0.109983
          -0.4425 -0.23 -0.110333
          -0.44 -0.24 -0.110679
          -0.4375 -0.25 -0.111021
          -0.435 -0.26 -0.111359
          -0.4325 -0.27 -0.111693
          -0.43 -0.28 -0.112022
          -0.4275 -0.29 -0.112347
          -0.425 -0.3 -0.112668
          -0.4225 -0.31 -0.112985
          -0.42 -0.32 -0.113297
          -0.4175 -0.33 -0.113605
          -0.415 -0.34 -0.113909
          -0.4125 -0.35 -0.114208
          -0.41 -0.36 -0.114503
          -0.4075 -0.37 -0.114794
          -0.405 -0.38 -0.11508
          -0.4025 -0.39 -0.115362
          -0.4 -0.4 -0.11564
          -0.3975 -0.41 -0.115913
          -0.395 -0.42 -0.116182
          -0.3925 -0.43 -0.116447
          -0.39 -0.44 -0.116707
          -0.3875 -0.45 -0.116962
          -0.385 -0.46 -0.117214
          -0.3825 -0.47 -0.11746
          -0.38 -0.48 -0.117703
          -0.3775 -0.49 -0.117941
          -0.375 -0.5 -0.118174
          -0.3725 -0.51 -0.118403
          -0.37 -0.52 -0.118627
          -0.3675 -0.53 -0.118847
          -0.365 -0.54 -0.119063
          -0.3625 -0.55 -0.119274
          -0.36 -0.56 -0.11948
          -0.3575 -0.57 -0.119682
          -0.355 -0.58 -0.119879
          -0.3525 -0.59 -0.120072
          -0.35 -0.6 -0.120261
          -0.3475 -0.61 -0.120444
          -0.345 -0.62 -0.120623
          -0.3425 -0.63 -0.120798
          -0.34 -0.64 -0.120968
          -0.3375 -0.65 -0.121133
          -0.335 -0.66 -0.121294
          -0.3325 -0.67 -0.12145
          -0.33 -0.68 -0.121602
          -0.3275 -0.69 -0.121749
          -0.325 -0.7 -0.121892
          -0.3225 -0.71 -0.122029
          -0.32 -0.72 -0.122163
          -0.3175 -0.73 -0.122291
          -0.315 -0.74 -0.122415
          -0.3125 -0.75 -0.122534
          -0.31 -0.76 -0.122649
          -0.3075 -0.77 -0.122759
          -0.305 -0.78 -0.122864
          -0.3025 -0.79 -0.122965
          -0.3 -0.8 -0.123061
          -0.2975 -0.81 -0.123152
          -0.295 -0.82 -0.123239
          -0.2925 -0.83 -0.123321
          -0.29 -0.84 -0.123399
          -0.2875 -0.85 -0.123471
          -0.285 -0.86 -0.123539
          -0.2825 -0.87 -0.123603
          -0.28 -0.88 -0.123661
          -0.2775 -0.89 -0.123715
          -0.275 -0.9 -0.123765
          -0.2725 -0.91 -0.123809
          -0.27 -0.92 -0.123849
          -0.2675 -0.93 -0.123884
          -0.265 -0.94 -0.123915
          -0.2625 -0.95 -0.123941
          -0.26 -0.96 -0.123962
          -0.2575 -0.97 -0.123978
          -0.255 -0.98 -0.12399
          -0.2525 -0.99 -0.123997
          -0.25 -1 -0.123999
          0.5 0 0.0128906
          0.4975 -0.01 0.0129464
          0.495 -0.02 0.0130018
          0.4925 -0.03 0.0130567
          0.49 -0.04 0.013111
          0.4875 -0.05 0.0131649
          0.485 -0.06 0.0132183
          0.4825 -0.07 0.0132712
          0.48 -0.08 0.0133236
          0.4775 -0.09 0.0133754
          0.475 -0.1 0.0134268
          0.4725 -0.11 0.0134777
          0.47 -0.12 0.013528
          0.4675 -0.13 0.0135779
          0.465 -0.14 0.0136272
          0.4625 -0.15 0.013676
          0.46 -0.16 0.0137243
          0.4575 -0.17 0.0137721
          0.455 -0.18 0.0138193
          0.4525 -0.19 0.013866
          0.45 -0.2 0.0139122
          0.4475 -0.21 0.0139579
          0.445 -0.22 0.014003
          0.4425 -0.23 0.0140476
          0.44 -0.24 0.0140917
          0.4375 -0.25 0.0141353
          0.435 -0.26 0.0141783
          0.4325 -0.27 0.0142208
          0.43 -0.28 0.0142627
          0.4275 -0.29 0.0143041
          0.425 -0.3 0.0143449
          0.4225 -0.31 0.0143852
          0.42 -0.32 0.014425
          0.4175 -0.33 0.0144642
          0.415 -0.34 0.0145029
          0.4125 -0.35 0.014541
          0.41 -0.36 0.0145786
          0.4075 -0.37 0.0146156
          0.405 -0.38 0.0146521
          0.4025 -0.39 0.014688
          0.4 -0.4 0.0147233
          0.3975 -0.41 0.0147581
          0.395 -0.42 0.0147924
          0.3925 -0.43 0.014826
          0.39 -0.44 0.0148591
          0.3875 -0.45 0.0148917
          0.385 -0.46 0.0149237
          0.3825 -0.47 0.0149551
          0.38 -0.48 0.014986
          0.3775 -0.49 0.0150162
          0.375 -0.5 0.015046
          0.3725 -0.51 0.0150751
          0.37 -0.52 0.0151037
          0.3675 -0.53 0.0151317
          0.365 -0.54 0.0151591
          0.3625 -0.55 0.015186
          0.36 -0.56 0.0152123
          0.3575 -0.57 0.015238
          0.355 -0.58 0.0152631
          0.3525 -0.59 0.0152877
          0.35 -0.6 0.0153116
          0.3475 -0.61 0.015335
          0.345 -0.62 0.0153578
          0.3425 -0.63 0.0153801
          0.34 -0.64 0.0154017
          0.3375 -0.65 0.0154228
          0.335 -0.66 0.0154432
          0.3325 -0.67 0.0154631
          0.33 -0.68 0.0154824
          0.3275 -0.69 0.0155012
          0.325 -0.7 0.0155193
          0.3225 -0.71 0.0155368
          0.32 -0.72 0.0155538
          0.3175 -0.73 0.0155702
          0.315 -0.74 0.0155859
          0.3125 -0.75 0.0156011
          0.31 -0.76 0.0156157
          0.3075 -0.77 0.0156297
          0.305 -0.78 0.0156431
          0.3025 -0.79 0.015656
          0.3 -0.8 0.0156682
          0.2975 -0.81 0.0156798
          0.295 -0.82 0.0156909
          0.2925 -0.83 0.0157013
          0.29 -0.84 0.0157112
          0.2875 -0.85 0.0157204
          0.285 -0.86 0.0157291
          0.2825 -0.87 0.0157371
          0.28 -0.88 0.0157446
          0.2775 -0.89 0.0157515
          0.275 -0.9 0.0157578
          0.2725 -0.91 0.0157634
          0.27 -0.92 0.0157685
          0.2675 -0.93 0.015773
          0.265 -0.94 0.0157769
          0.2625 -0.95 0.0157802
          0.26 -0.96 0.0157829
          0.2575 -0.97 0.015785
          0.255 -0.98 0.0157865
          0.2525 -0.99 0.0157874
          0.25 -1 0.0157877
          0.5 0 0.0128906
          0.5025 -0.01 0.0129464
          0.505 -0.02 0.0130018
          0.5075 -0.03 0.0130567
          0.51 -0.04 0.013111
          0.5125 -0.05 0.0131649
          0.515 -0.06 0.0132183
          0.5175 -0.07 0.0132712
          0.52 -0.08 0.0133236
          0.5225 -0.09 0.0133754
          0.525 -0.1 0.0134268
          0.5275 -0.11 0.0134777
          0.53 -0.12 0.013528
          0.5325 -0.13 0.0135779
          0.535 -0.14 0.0136272
          0.5375 -0.15 0.013676
          0.54 -0.16 0.0137243
          0.5425 -0.17 0.0137721
          0.545 -0.18 0.0138193
          0.5475 -0.19 0.013866
          0.55 -0.2 0.0139122
          0.5525 -0.21 0.0139579
          0.555 -0.22 0.014003
          0.5575 -0.23 0.0140476
          0.56 -0.24 0.0140917
          0.5625 -0.25 0.0141353
          0.565 -0.26 0.0141783
          0.5675 -0.27 0.0142208
          0.57 -0.28 0.0142627
          0.5725 -0.29 0.0143041
          0.575 -0.3 0.0143449
          0.5775 -0.31 0.0143852
          0.58 -0.32 0.014425
          0.5825 -0.33 0.0144642
          0.585 -0.34 0.0145029
          0.5875 -0.35 0.014541
          0.59 -0.36 0.0145786
          0.5925 -0.37 0.0146156
          0.595 -0.38 0.0146521
          0.5975 -0.39 0.014688
          0.6 -0.4 0.0147233
          0.6025 -0.41 0.0147581
          0.605 -0.42 0.0147924
          0.6075 -0.43 0.014826
          0.61 -0.44 0.0148591
          0.6125 -0.45 0.0148917
          0.615 -0.46 0.0149237
          0.6175 -0.47 0.0149551
          0.62 -0.48 0.014986
          0.6225 -0.49 0.0150162
          0.625 -0.5 0.015046
          0.6275 -0.51 0.0150751
          0.63 -0.52 0.0151037
          0.6325 -0.53 0.0151317
          0.635 -0.54 0.0151591
          0.6375 -0.55 0.015186
          0.64 -0.56 0.0152123
          0.6425 -0.57 0.015238
          0.645 -0.58 0.0152631
          0.6475 -0.59 0.0152877
          0.65 -0.6 0.0153116
          0.6525 -0.61 0.015335
          0.655 -0.62 0.0153578
          0.6575 -0.63 0.0153801
          0.66 -0.64 0.0154017
          0.6625 -0.65 0.0154228
          0.665 -0.66 0.0154432
          0.6675 -0.67 0.0154631
          0.67 -0.68 0.0154824
          0.6725 -0.69 0.0155012
          0.675 -0.7 0.0155193
          0.6775 -0.71 0.0155368
          0.68 -0.72 0.0155538
          0.6825 -0.73 0.0155702
          0.685 -0.74 0.0155859
          0.6875 -0.75 0.0156011
          0.69 -0.76 0.0156157
          0.6925 -0.77 0.0156297
          0.695 -0.78 0.0156431
          0.6975 -0.79 0.015656
          0.7 -0.8 0.0156682
          0.7025 -0.81 0.0156798
          0.705 -0.82 0.0156909
          0.7075 -0.83 0.0157013
          0.71 -0.84 0.0157112
          0.7125 -0.85 0.0157204
          0.715 -0.86 0.0157291
          0.7175 -0.87 0.0157371
          0.72 -0.88 0.0157446
          0.7225 -0.89 0.0157515
          0.725 -0.9 0.0157578
          0.7275 -0.91 0.0157634
          0.73 -0.92 0.0157685
          0.7325 -0.93 0.015773
          0.735 -0.94 0.0157769
          0.7375 -0.95 0.0157802
          0.74 -0.96 0.0157829
          0.7425 -0.97 0.015785
          0.745 -0.98 0.0157865
          0.7475 -0.99 0.0157874
          0.75 -1 0.0157877
          1.5 0 -0.0128906
          1.4975 -0.01 -0.0129464
          1.495 -0.02 -0.0130018
          1.4925 -0.03 -0.0130567
          1.49 -0.04 -0.013111
          1.4875 -0.05 -0.0131649
          1.485 -0.06 -0.0132183
          1.4825 -0.07 -0.0132712
          1.48 -0.08 -0.0133236
          1.4775 -0.09 -0.0133754
          1.475 -0.1 -0.0134268
          1.4725 -0.11 -0.0134777
          1.47 -0.12 -0.013528
          1.4675 -0.13 -0.0135779
          1.465 -0.14 -0.0136272
          1.4625 -0.15 -0.013676
          1.46 -0.16 -0.0137243
          1.4575 -0.17 -0.0137721
          1.455 -0.18 -0.0138193
          1.4525 -0.19 -0.013866
          1.45 -0.2 -0.0139122
          1.4475 -0.21 -0.0139579
          1.445 -0.22 -0.014003
          1.4425 -0.23 -0.0140476
          1.44 -0.24 -0.0140917
          1.4375 -0.25 -0.0141353
          1.435 -0.26 -0.0141783
          1.4325 -0.27 -0.0142208
          1.43 -0.28 -0.0142627
          1.4275 -0.29 -0.0143041
          1.425 -0.3 -0.0143449
          1.4225 -0.31 -0.0143852
          1.42 -0.32 -0.014425
          1.4175 -0.33 -0.0144642
          1.415 -0.34 -0.0145029
          1.4125 -0.35 -0.014541
          1.41 -0.36 -0.0145786
          1.4075 -0.37 -0.0146156
          1.405 -0.38 -0.0146521
          1.4025 -0.39 -0.014688
          1.4 -0.4 -0.0147233
          1.3975 -0.41 -0.0147581
          1.395 -0.42 -0.0147924
          1.3925 -0.43 -0.014826
          1.39 -0.44 -0.0148591
          1.3875 -0.45 -0.0148917
          1.385 -0.46 -0.0149237
          1.3825 -0.47 -0.0149551
          1.38 -0.48 -0.014986
          1.3775 -0.49 -0.0150162
          1.375 -0.5 -0.015046
          1.3725 -0.51 -0.0150751
          1.37 -0.52 -0.0151037
          1.3675 -0.53 -0.0151317
          1.365 -0.54 -0.0151591
          1.3625 -0.55 -0.015186
          1.36 -0.56 -0.0152123
          1.3575 -0.57 -0.015238
          1.355 -0.58 -0.0152631
          1.3525 -0.59 -0.0152877
          1.35 -0.6 -0.0153116
          1.3475 -0.61 -0.015335
          1.345 -0.62 -0.0153578
          1.3425 -0.63 -0.0153801
          1.34 -0.64 -0.0154017
          1.3375 -0.65 -0.0154228
          1.335 -0.66 -0.0154432
          1.3325 -0.67 -0.0154631
          1.33 -0.68 -0.0154824
          1.3275 -0.69 -0.0155012
          1.325 -0.7 -0.0155193
          1.3225 -0.71 -0.0155368
          1.32 -0.72 -0.0155538
          1.3175 -0.73 -0.0155702
          1.315 -0.74 -0.0155859
          1.3125 -0.75 -0.0156011
          1.31 -0.76 -0.0156157
          1.3075 -0.77 -0.0156297
          1.305 -0.78 -0.0156431
          1.3025 -0.79 -0.015656
          1.3 -0.8 -0.0156682
          1.2975 -0.81 -0.0156798
          1.295 -0.82 -0.0156909
          1.2925 -0.83 -0.0157013
          1.29 -0.84 -0.0157112
          1.2875 -0.85 -0.0157204
          1.285 -0.86 -0.0157291
          1.2825 -0.87 -0.0157371
          1.28 -0.88 -0.0157446
          1.2775 -0.89 -0.0157515
          1.275 -0.9 -0.0157578
          1.2725 -0.91 -0.0157634
          1.27 -0.92 -0.0157685
          1.2675 -0.93 -0.015773
          1.265 -0.94 -0.0157769
          1.2625 -0.95 -0.0157802
          1.26 -0.96 -0.0157829
          1.2575 -0.97 -0.015785
          1.255 -0.98 -0.0157865
          1.2525 -0.99 -0.0157874
          1.25 -1 -0.0157877
          1.5 0 -0.0128906
          1.5025 -0.01 -0.0129464
          1.505 -0.02 -0.0130018
          1.5075 -0.03 -0.0130567
          1.51 -0.04 -0.013111
          1.5125 -0.05 -0.0131649
          1.515 -0.06 -0.0132183
          1.5175 -0.07 -0.0132712
          1.52 -0.08 -0.0133236
          1.5225 -0.09 -0.0133754
          1.525 -0.1 -0.0134268
          1.5275 -0.11 -0.0134777
          1.53 -0.12 -0.013528
          1.5325 -0.13 -0.0135779
          1.535 -0.14 -0.0136272
          1.5375 -0.15 -0.013676
          1.54 -0.16 -0.0137243
          1.5425 -0.17 -0.0137721
          1.545 -0.18 -0.0138193
          1.5475 -0.19 -0.013866
          1.55 -0.2 -0.0139122
          1.5525 -0.21 -0.0139579
          1.555 -0.22 -0.014003
          1.5575 -0.23 -0.0140476
          1.56 -0.24 -0.0140917
          1.5625 -0.25 -0.0141353
          1.565 -0.26 -0.0141783
          1.5675 -0.27 -0.0142208
          1.57 -0.28 -0.0142627
          1.5725 -0.29 -0.0143041
          1.575 -0.3 -0.0143449
          1.5775 -0.31 -0.0143852
          1.58 -0.32 -0.014425
          1.5825 -0.33 -0.0144642
          1.585 -0.34 -0.0145029
          1.5875 -0.35 -0.014541
          1.59 -0.36 -0.0145786
          1.5925 -0.37 -0.0146156
          1.595 -0.38 -0.0146521
          1.5975 -0.39 -0.014688
          1.6 -0.4 -0.0147233
          1.6025 -0.41 -0.0147581
          1.605 -0.42 -0.0147924
          1.6075 -0.43 -0.014826
          1.61 -0.44 -0.0148591
          1.6125 -0.45 -0.0148917
          1.615 -0.46 -0.0149237
          1.6175 -0.47 -0.0149551
          1.62 -0.48 -0.014986
          1.6225 -0.49 -0.0150162
          1.625 -0.5 -0.015046
          1.6275 -0.51 -0.0150751
          1.63 -0.52 -0.0151037
          1.6325 -0.53 -0.0151317
          1.635 -0.54 -0.0151591
          1.6375 -0.55 -0.015186
          1.64 -0.56 -0.0152123
          1.6425 -0.57 -0.015238
          1.645 -0.58 -0.0152631
          1.6475 -0.59 -0.0152877
          1.65 -0.6 -0.0153116
          1.6525 -0.61 -0.015335
          1.655 -0.62 -0.0153578
          1.6575 -0.63 -0.0153801
          1.66 -0.64 -0.0154017
          1.6625 -0.65 -0.0154228
          1.665 -0.66 -0.0154432
          1.6675 -0.67 -0.0154631
          1.67 -0.68 -0.0154824
          1.6725 -0.69 -0.0155012
          1.675 -0.7 -0.0155193
          1.6775 -0.71 -0.0155368
          1.68 -0.72 -0.0155538
          1.6825 -0.73 -0.0155702
          1.685 -0.74 -0.0155859
          1.6875 -0.75 -0.0156011
          1.69 -0.76 -0.0156157
          1.6925 -0.77 -0.0156297
          1.695 -0.78 -0.0156431
          1.6975 -0.79 -0.015656
          1.7 -0.8 -0.0156682
          1.7025 -0.81 -0.0156798
          1.705 -0.82 -0.0156909
          1.7075 -0.83 -0.0157013
          1.71 -0.84 -0.0157112
          1.7125 -0.85 -0.0157204
          1.715 -0.86 -0.0157291
          1.7175 -0.87 -0.0157371
          1.72 -0.88 -0.0157446
          1.7225 -0.89 -0.0157515
          1.725 -0.9 -0.0157578
          1.7275 -0.91 -0.0157634
          1.73 -0.92 -0.0157685
          1.7325 -0.93 -0.015773
          1.735 -0.94 -0.0157769
          1.7375 -0.95 -0.0157802
          1.74 -0.96 -0.0157829
          1.7425 -0.97 -0.015785
          1.745 -0.98 -0.0157865
          1.7475 -0.99 -0.0157874
          1.75 -1 -0.0157877
        </DataArray>
      </Points>
      <Lines>
        <DataArray type="Int64" Name="connectivity" format="ascii">
          0 1
          1 2
          2 3
          3 4
          4 5
          5 6
          6 7
          7 8
          8 9
          9 10
          10 11
          11 12
          12 13
          13 14
          14 15
          15 16
          16 17
          17 18
          18 19
          19 20
          20 21
          21 22
          22 23
          23 24
          24 25
          25 26
          26 27
          27 28
          28 29
          29 30
          30 31
          31 32
          32 33
          33 34
          34 35
          35 36
          36 37
          37 38
          38 39
          39 40
          40 41
          41 42
          42 43
          43 44
          44 45
          45 46
          46 47
          47 48
          48 49
          49 50
          50 51
          51 52
          52 53
          53 54
          54 55
          55 56
          56 57
          57 58
          58 59
          59 60
          60 61
          61 62
          62 63
          63 64
          64 65
          65 66
          66 67
          67 68
          68 69
          69 70
          70 71
          71 72
          72 73
          73 74
          74 75
          75 76
          76 77
          77 78
          78 79
          79 80
          80 81
          81 82
          82 83
          83 84
          84 85
          85 86
          86 87
          87 88
          88 89
          89 90
          90 91
          91 92
          92 93
          93 94
          94 95
          95 96
          96 97
          97 98
          98 99
          99 100
          101 102
          102 103
          103 104
          104 105
          105 106
          106 107
          107 108
          108 109
          109 110
          110 111
          111 112
          112 113
          113 114
          114 115
          115 116
          116 117
          117 118
          118 119
          119 120
          120 121
          121 122
          122 123
          123 124
          124 125
          125 126
          126 127
          127 128
          128 129
          129 130
          130 131
          131 132
          132 133
          133 134
          134 135
          135 136
          136 137
          137 138
          138 139
          139 140
          140 141
          141 142
          142 143
          143 144
          144 145
          145 146
          146 147
          147 148
          148 149
          149 150
          150 151
          151 152
          152 153
          153 154
          154 155
          155 156
          156 157
          157 158
          158 159
          159 160
          160 161
          161 162
          162 163
          163 164
          164 165
          165 166
          166 167
          167 168
          168 169
          169 170
          170 171
          171 172
          172 173
          173 174
          174 175
          175 176
          176 177
          177 178
          178 179
          179 180
          180 181
          181 182
          182 183
          183 184
          184 185
          185 186
          186 187
          187 188
          188 189
          189 190
          190 191
          191 192
          192 193
          193 194
          194 195
          195 196
          196 197
          197 198
          198 199
          199 200
          200 201
          202 203
          203 204
          204 205
          205 206
          206 207
          207 208
          208 209
          209 210
          210 211
          211 212
          212 213
          213 214
          214 215
          215 216
          216 217
          217 218
          218 219
          219 220
          220 221
          221 222
          222 223
          223 224
          224 225
          225 226
          226 227
          227 228
          228 229
          229 230
          230 231
          231 232
          232 233
          233 234
          234 235
          235 236
          236 237
          237 238
          238 239
          239 240
          240 241
          241 242
          242 243
          243 244
          244 245
          245 246
          246 247
          247 248
          248 249
          249 250
          250 251
          251 252
          252 253
          253 254
          254 255
          255 256
          256 257
          257 258
          258 259
          259 260
          260 261
          261 262
          262 263
          263 264
          264 265
          265 266
          266 267
          267 268
          268 269
          269 270
          270 271
          271 272
          272 273
          273 274
          274 275
          275 276
          276 277
          277 278
          278 279
          279 280
          280 281
          281 282
          282 283
          283 284
          284 285
          285 286
          286 287
          287 288
          288 289
          289 290
          290 291
          291 292
          292 293
          293 294
          294 295
          295 296
          296 297
          297 298
          298 299
          299 300
          300 301
          301 302
          303 304
          304 305
          305 306
          306 307
          307 308
          308 309
          309 310
          310 311
          311 312
          312 313
          313 314
          314 315
          315 316
          316 317
          317 318
          318 319
          319 320
          320 321
          321 322
          322 323
          323 324
          324 325
          325 326
          326 327
          327 328
          328 329
          329 330
          330 331
          331 332
          332 333
          333 334
          334 335
          335 336
          336 337
          337 338
          338 339
          339 340
          340 341
          341 342
          342 343
          343 344
          344 345
          345 346
          346 347
          347 348
          348 349
          349 350
          350 351
          351 352
          352 353
          353 354
          354 355
          355 356
          356 357
          357 358
          358 359
          359 360
          360 361
          361 362
          362 363
          363 364
          364 365
          365 366
          366 367
          367 368
          368 369
          369 370
          370 371
          371 372
          372 373
          373 374
          374 375
          375 376
          376 377
          377 378
          378 379
          379 380
          380 381
          381 382
          382 383
          383 384
          384 385
          385 386
          386 387
          387 388
          388 389
          389 390
          390 391
          391 392
          392 393
          393 394
          394 395
          395 396
          396 397
          397 398
          398 399
          399 400
          400 401
          401 402
          402 403
          404 405
          405 406
          406 407
          407 408
          408 409
          409 410
          410 411
          411 412
          412 413
          413 414
          414 415
          415 416
          416 417
          417 418
          418 419
          419 420
          420 421
          421 422
          422 423
          423 424
          424 425
          425 426
          426 427
          427 428
          428 429
          429 430
          430 431
          431 432
          432 433
          433 434
          434 435
          435 436
          436 437
          437 438
          438 439
          439 440
          440 441
          441 442
          442 443
          443 444
          444 445
          445 446
          446 447
          447 448
          448 449
          449 450
          450 451
          451 452
          452 453
          453 454
          454 455
          455 456
          456 457
          457 458
          458 459
          459 460
          460 461
          461 462
          462 463
          463 464
          464 465
          465 466
          466 467
          467 468
          468 469
          469 470
          470 471
          471 472
          472 473
          473 474
          474 475
          475 476
          476 477
          477 478
          478 479
          479 480
          480 481
          481 482
          482 483
          483 484
          484 485
          485 486
          486 487
          487 488
          488 489
          489 490
          490 491
          491 492
          492 493
          493 494
          494 495
          495 496
          496 497
          497 498
          498 499
          499 500
          500 501
          501 502
          502 503
          503 504
          505 506
          506 507
          507 508
          508 509
          509 510
          510 511
          511 512
          512 513
          513 514
          514 515
          515 516
          516 517
          517 518
          518 519
          519 520
          520 521
          521 522
          522 523
          523 524
          524 525
          525 526
          526 527
          527 528
          528 529
          529 530
          530 531
          531 532
          532 533
          533 534
          534 535
          535 536
          536 537
          537 538
          538 539
          539 540
          540 541
          541 542
          542 543
          543 544
          544 545
          545 546
          546 547
          547 548
          548 549
          549 550
          550 551
          551 552
          552 553
          553 554
          554 555
          555 556
          556 557
          557 558
          558 559
          559 560
          560 561
          561 562
          562 563
          563 564
          564 565
          565 566
          566 567
          567 568
          568 569
          569 570
          570 571
          571 572
          572 573
          573 574
          574 575
          575 576
          576 577
          577 578
          578 579
          579 580
          580 581
          581 582
          582 583
          583 584
          584 585
          585 586
          586 587
          587 588
          588 589
          589 590
          590 591
          591 592
          592 593
          593 594
          594 595
          595 596
          596 597
          597 598
          598 599
          599 600
          600 601
          601 602
          602 603
          603 604
          604 605
          606 607
          607 608
          608 609
          609 610
          610 611
          611 612
          612 613
          613 614
          614 615
          615 616
          616 617
          617 618
          618 619
          619 620
          620 621
          621 622
          622 623
          623 624
          624 625
          625 626
          626 627
          627 628
          628 629
          629 630
          630 631
          631 632
          632 633
          633 634
          634 635
          635 636
          636 637
          637 638
          638 639
          639 640
          640 641
          641 642
          642 643
          643 644
          644 645
          645 646
          646 647
          647 648
          648 649
          649 650
          650 651
          651 652
          652 653
          653 654
          654 655
          655 656
          656 657
          657 658
          658 659
          659 660
          660 661
          661 662
          662 663
          663 664
          664 665
          665 666
          666 667
          667 668
          668 669
          669 670
          670 671
          671 672
          672 673
          673 674
          674 675
          675 676
          676 677
          677 678
          678 679
          679 680
          680 681
          681 682
          682 683
          683 684
          684 685
          685 686
          686 687
          687 688
          688 689
          689 690
          690 691
          691 692
          692 693
          693 694
          694 695
          695 696
          696 697
          697 698
          698 699
          699 700
          700 701
          701 702
          702 703
          703 704
          704 705
          705 706
          707 708
          708 709
          709 710
          710 711
          711 712
          712 713
          713 714
          714 715
          715 716
          716 717
          717 718
          718 719
          719 720
          720 721
          721 722
          722 723
          723 724
          724 725
          725 726
          726 727
          727 728
          728 729
          729 730
          730 731
          731 732
          732 733
          733 734
          734 735
          735 736
          736 737
          737 738
          738 739
          739 740
          740 741
          741 742
          742 743
          743 744
          744 745
          745 746
          746 747
          747 748
          748 749
          749 750
          750 751
          751 752
          752 753
          753 754
          754 755
          755 756
          756 757
          757 758
          758 759
          759 760
          760 761
          761 762
          762 763
          763 764
          764 765
          765 766
          766 767
          767 768
          768 769
          769 770
          770 771
          771 772
          772 773
          773 774
          774 775
          775 776
          776 777
          777 778
          778 779
          779 780
          780 781
          781 782
          782 783
          783 784
          784 785
          785 786
          786 787
          787 788
          788 789
          789 790
          790 791
          791 792
          792 793
          793 794
          794 795
          795 796
          796 797
          797 798
          798 799
          799 800
          800 801
          801 802
          802 803
          803 804
          804 805
          805 806
          806 807
          808 809
          809 810
          810 811
          811 812
          812 813
          813 814
          814 815
          815 816
          816 817
          817 818
          818 819
          819 820
          820 821
          821 822
          822 823
          823 824
          824 825
          825 826
          826 827
          827 828
          828 829
          829 830
          830 831
          831 832
          832 833
          833 834
          834 835
          835 836
          836 837
          837 838
          838 839
          839 840
          840 841
          841 842
          842 843
          843 844
          844 845
          845 846
          846 847
          847 848
          848 849
          849 850
          850 851
          851 852
          852 853
          853 854
          854 855
          855 856
          856 857
          857 858
          858 859
          859 860
          860 861
          861 862
          862 863
          863 864
          864 865
          865 866
          866 867
          867 868
          868 869
          869 870
          870 871
          871 872
          872 873
          873 874
          874 875
          875 876
          876 877
          877 878
          878 879
          879 880
          880 881
          881 882
          882 883
          883 884
          884 885
          885 886
          886 887
          887 888
          888 889
          889 890
          890 891
          891 892
          892 893
          893 894
          894 895
          895 896
          896 897
          897 898
          898 899
          899 900
          900 901
          901 902
          902 903
          903 904
          904 905
          905 906
          906 907
          907 908
          909 910
          910 911
          911 912
          912 913
          913 914
          914 915
          915 916
          916 917
          917 918
          918 919
          919 920
          920 921
          921 922
          922 923
          923 924
          924 925
          925 926
          926 927
          927 928
          928 929
          929 930
          930 931
          931 932
          932 933
          933 934
          934 935
          935 936
          936 937
          937 938
          938 939
          939 940
          940 941
          941 942
          942 943
          943 944
          944 945
          945 946
          946 947
          947 948
          948 949
          949 950
          950 951
          951 952
          952 953
          953 954
          954 955
          955 956
          956 957
          957 958
          958 959
          959 960
          960 961
          961 962
          962 963
          963 964
          964 965
          965 966
          966 967
          967 968
          968 969
          969 970
          970 971
          971 972
          972 973
          973 974
          974 975
          975 976
          976 977
          977 978
          978 979
          979 980
          980 981
          981 982
          982 983
          983 984
          984 985
          985 986
          986 987
          987 988
          988 989
          989 990
          990 991
          991 992
          992 993
          993 994
          994 995
          995 996
          996 997
          997 998
          998 999
          999 1000
          1000 1001
          1001 1002
          1002 1003
          1003 1004
          1004 1005
          1005 1006
          1006 1007
          1007 1008
          1008 1009
          1010 1011
          1011 1012
          1012 1013
          1013 1014
          1014 1015
          1015 1016
          1016 1017
          1017 1018
          1018 1019
          1019 1020
          1020 1021
          1021 1022
          1022 1023
          1023 1024
          1024 1025
          1025 1026
          1026 1027
          1027 1028
          1028 1029
          1029 1030
          1030 1031
          1031 1032
          1032 1033
          1033 1034
          1034 1035
          1035 1036
          1036 1037
          1037 1038
          1038 1039
          1039 1040
          1040 1041
          1041 1042
          1042 1043
          1043 1044
          1044 1045
          1045 1046
          1046 1047
          1047 1048
          1048 1049
          1049 1050
          1050 1051
          1051 1052
          1052 1053
          1053 1054
          1054 1055
          1055 1056
          1056 1057
          1057 1058
          1058 1059
          1059 1060
          1060 1061
          1061 1062
          1062 1063
          1063 1064
          1064 1065
          1065 1066
          1066 1067
          1067 1068
          1068 1069
          1069 1070
          1070 1071
          1071 1072
          1072 1073
          1073 1074
          1074 1075
          1075 1076
          1076 1077
          1077 1078
          1078 1079
          1079 1080
          1080 1081
          1081 1082
          1082 1083
          1083 1084
          1084 1085
          1085 1086
          1086 1087
          1087 1088
          1088 1089
          1089 1090
          1090 1091
          1091 1092
          1092 1093
          1093 1094
          1094 1095
          1095 1096
          1096 1097
          1097 1098
          1098 1099
          1099 1100
          1100 1101
          1101 1102
          1102 1103
          1103 1104
          1104 1105
          1105 1106
          1106 1107
          1107 1108
          1108 1109
          1109 1110
          1111 1112
          1112 1113
          1113 1114
          1114 1115
          1115 1116
          1116 1117
          1117 1118
          1118 1119
          1119 1120
          1120 1121
          1121 1122
          1122 1123
          1123 1124
          1124 1125
          1125 1126
          1126 1127
          1127 1128
          1128 1129
          1129 1130
          1130 1131
          1131 1132
          1132 1133
          1133 1134
          1134 1135
          1135 1136
          1136 1137
          1137 1138
          1138 1139
          1139 1140
          1140 1141
          1141 1142
          1142 1143
          1143 1144
          1144 1145
          1145 1146
          1146 1147
          1147 1148
          1148 1149
          1149 1150
          1150 1151
          1151 1152
          1152 1153
          1153 1154
          1154 1155
          1155 1156
          1156 1157
          1157 1158
          1158 1159
          1159 1160
          1160 1161
          1161 1162
          1162 1163
          1163 1164
          1164 1165
          1165 1166
          1166 1167
          1167 1168
          1168 1169
          1169 1170
          1170 1171
          1171 1172
          1172 1173
          1173 1174
          1174 1175
          1175 1176
          1176 1177
          1177 1178
          1178 1179
          1179 1180
          1180 1181
          1181 1182
          1182 1183
          1183 1184
          1184 1185
          1185 1186
          1186 1187
          1187 1188
          1188 1189
          1189 1190
          1190 1191
          1191 1192
          1192 1193
          1193 1194
          1194 1195
          1195 1196
          1196 1197
          1197 1198
          1198 1199
          1199 1200
          1200 1201
          1201 1202
          1202 1203
          1203 1204
          1204 1205
          1205 1206
          1206 1207
          1207 1208
          1208 1209
          1209 1210
          1210 1211
          1212 1213
          1213 1214
          1214 1215
          1215 1216
          1216 1217
          1217 1218
          1218 1219
          1219 1220
          1220 1221
          1221 1222
          1222 1223
          1223 1224
          1224 1225
          1225 1226
          1226 1227
          1227 1228
          1228 1229
          1229 1230
          1230 1231
          1231 1232
          1232 1233
          1233 1234
          1234 1235
          1235 1236
          1236 1237
          1237 1238
          1238 1239
          1239 1240
          1240 1241
          1241 1242
          1242 1243
          1243 1244
          1244 1245
          1245 1246
          1246 1247
          1247 1248
          1248 1249
          1249 1250
          1250 1251
          1251 1252
          1252 1253
          1253 1254
          1254 1255
          1255 1256
          1256 1257
          1257 1258
          1258 1259
          1259 1260
          1260 1261
          1261 1262
          1262 1263
          1263 1264
          1264 1265
          1265 1266
          1266 1267
          1267 1268
          1268 1269
          1269 1270
          1270 1271
          1271 1272
          1272 1273
          1273 1274
          1274 1275
          1275 1276
          1276 1277
          1277 1278
          1278 1279
          1279 1280
          1280 1281
          1281 1282
          1282 1283
          1283 1284
          1284 1285
          1285 1286
          1286 1287
          1287 1288
          1288 1289
          1289 1290
          1290 1291
          1291 1292
          1292 1293
          1293 1294
          1294 1295
          1295 1296
          1296 1297
          1297 1298
          1298 1299
          1299 1300
          1300 1301
          1301 1302
          1302 1303
          1303 1304
          1304 1305
          1305 1306
          1306 1307
          1307 1308
          1308 1309
          1309 1310
          1310 1311
          1311 1312
          1313 1314
          1314 1315
          1315 1316
          1316 1317
          1317 1318
          1318 1319
          1319 1320
          1320 1321
          1321 1322
          1322 1323
          1323 1324
          1324 1325
          1325 1326
          1326 1327
          1327 1328
          1328 1329
          1329 1330
          1330 1331
          1331 1332
          1332 1333
          1333 1334
          1334 1335
          1335 1336
          1336 1337
          1337 1338
          1338 1339
          1339 1340
          1340 1341
          1341 1342
          1342 1343
          1343 1344
          1344 1345
          1345 1346
          1346 1347
          1347 1348
          1348 1349
          1349 1350
          1350 1351
          1351 1352
          1352 1353
          1353 1354
          1354 1355
          1355 1356
          1356 1357
          1357 1358
          1358 1359
          1359 1360
          1360 1361
          1361 1362
          1362 1363
          1363 1364
          1364 1365
          1365 1366
          1366 1367
          1367 1368
          1368 1369
          1369 1370
          1370 1371
          1371 1372
          1372 1373
          1373 1374
          1374 1375
          1375 1376
          1376 1377
          1377 1378
          1378 1379
          1379 1380
          1380 1381
          1381 1382
          1382 1383
          1383 1384
          1384 1385
          1385 1386
          1386 1387
          1387 1388
          1388 1389
          1389 1390
          1390 1391
          1391 1392
          1392 1393
          1393 1394
          1394 1395
          1395 1396
          1396 1397
          1397 1398
          1398 1399
          1399 1400
          1400 1401
          1401 1402
          1402 1403
          1403 1404
          1404 1405
          1405 1406
          1406 1407
          1407 1408
          1408 1409
          1409 1410
          1410 1411
          1411 1412
          1412 1413
          1414 1415
          1415 1416
          1416 1417
          1417 1418
          1418 1419
          1419 1420
          1420 1421
          1421 1422
          1422 1423
          1423 1424
          1424 1425
          1425 1426
          1426 1427
          1427 1428
          1428 1429
          1429 1430
          1430 1431
          1431 1432
          1432 1433
          1433 1434
          1434 1435
          1435 1436
          1436 1437
          1437 1438
          1438 1439
          1439 1440
          1440 1441
          1441 1442
          1442 1443
          1443 1444
          1444 1445
          1445 1446
          1446 1447
          1447 1448
          1448 1449
          1449 1450
          1450 1451
          1451 1452
          1452 1453
          1453 1454
          1454 1455
          1455 1456
          1456 1457
          1457 1458
          1458 1459
          1459 1460
          1460 1461
          1461 1462
          1462 1463
          1463 1464
          1464 1465
          1465 1466
          1466 1467
          1467 1468
          1468 1469
          1469 1470
          1470 1471
          1471 1472
          1472 1473
          1473 1474
          1474 1475
          1475 1476
          1476 1477
          1477 1478
          1478 1479
          1479 1480
          1480 1481
          1481 1482
          1482 1483
          1483 1484
          1484 1485
          1485 1486
          1486 1487
          1487 1488
          1488 1489
          1489 1490
          1490 1491
          1491 1492
          1492 1493
          1493 1494
          1494 1495
          1495 1496
          1496 1497
          1497 1498
          1498 1499
          1499 1500
          1500 1501
          1501 1502
          1502 1503
          1503 1504
          1504 1505
          1505 1506
          1506 1507
          1507 1508
          1508 1509
          1509 1510
          1510 1511
          1511 1512
          1512 1513
          1513 1514
        </DataArray>
        <DataArray type="Int64" Name="offsets" format="ascii">
          2
          4
          6
          8
          10
          12
          14
          16
          18
          20
          22
          24
          26
          28
          30
          32
          34
          36
          38
          40
          42
          44
          46
          48
          50
          52
          54
          56
          58
          60
          62
          64
          66
          68
          70
          72
          74
          76
          78
          80
          82
          84
          86
          88
          90
          92
          94
          96
          98
          100
          102
          104
          106
          108
          110
          112
          114
          116
          118
          120
          122
          124
          126
          128
          130
          132
          134
          136
          138
          140
          142
          144
          146
          148
          150
          152
          154
          156
          158
          160
          162
          164
          166
          168
          170
          172
          174
          176
          178
          180
          182
          184
          186
          188
          190
          192
          194
          196
          198
          200
          202
          204
          206
          208
          210
          212
          214
          216
          218
          220
          222
          224
          226
          228
          230
          232
          234
          236
          238
          240
          242
          244
          246
          248
          250
          252
          254
          256
          258
          260
          262
          264
          266
          268
          270
          272
          274
          276
          278
          280
          282
          284
          286
          288
          290
          292
          294
          296
          298
          300
          302
          304
          306
          308
          310
          312
          314
          316
          318
          320
          322
          324
          326
          328
          330
          332
          334
          336
          338
          340
          342
          344
          346
          348
          350
          352
          354
          356
          358
          360
          362
          364
          366
          368
          370
          372
          374
          376
          378
          380
          382
          384
          386
          388
          390
          392
          394
          396
          398
          400
          402
          404
          406
          408
          410
          412
          414
          416
          418
          420
          422
          424
          426
          428
          430
          432
          434
          436
          438
          440
          442
          444
          446
          448
          450
          452
          454
          456
          458
          460
          462
          464
          466
          468
          470
          472
          474
          476
          478
          480
          482
          484
          486
          488
          490
          492
          494
          496
          498
          500
          502
          504
          506
          508
          510
          512
          514
          516
          518
          520
          522
          524
          526
          528
          530
          532
          534
          536
          538
          540
          542
          544
          546
          548
          550
          552
          554
          556
          558
          560
          562
          564
          566
          568
          570
          572
          574
          576
          578
          580
          582
          584
          586
          588
          590
          592
          594
          596
          598
          600
          602
          604
          606
          608
          610
          612
          614
          616
          618
          620
          622
          624
          626
          628
          630
          632
          634
          636
          638
          640
          642
          644
          646
          648
          650
          652
          654
          656
          658
          660
          662
          664
          666
          668
          670
          672
          674
          676
          678
          680
          682
          684
          686
          688
          690
          692
          694
          696
          698
          700
          702
          704
          706
          708
          710
          712
          714
          716
          718
          720
          722
          724
          726
          728
          730
          732
          734
          736
          738
          740
          742
          744
          746
          748
          750
          752
          754
          756
          758
          760
          762
          764
          766
          768
          770
          772
          774
          776
          778
          780
          782
          784
          786
          788
          790
          792
          794
          796
          798
          800
          802
          804
          806
          808
          810
          812
          814
          816
          818
          820
          822
          824
          826
          828
          830
          832
          834
          836
          838
          840
          842
          844
          846
          848
          850
          852
          854
          856
          858
          860
          862
          864
          866
          868
          870
          872
          874
          876
          878
          880
          882
          884
          886
          888
          890
          892
          894
          896
          898
          900
          902
          904
          906
          908
          910
          912
          914
          916
          918
          920
          922
          924
          926
          928
          930
          932
          934
          936
          938
          940
          942
          944
          946
          948
          950
          952
          954
          956
          958
          960
          962
          964
          966
          968
          970
          972
          974
          976
          978
          980
          982
          984
          986
          988
          990
          992
          994
          996
          998
          1000
          1002
          1004
          1006
          1008
          1010
          1012
          1014
          1016
          1018
          1020
          1022
          1024
          1026
          1028
          1030
          1032
          1034
          1036
          1038
          1040
          1042
          1044
          1046
          1048
          1050
          1052
          1054
          1056
          1058
          1060
          1062
          1064
          1066
          1068
          1070
          1072
          1074
          1076
          1078
          1080
          1082
          1084
          1086
          1088
          1090
          1092
          1094
          1096
          1098
          1100
          1102
          1104
          1106
          1108
          1110
          1112
          1114
          1116
          1118
          1120
          1122
          1124
          1126
          1128
          1130
          1132
          1134
          1136
          1138
          1140
          1142
          1144
          1146
          1148
          1150
          1152
          1154
          1156
          1158
          1160
          1162
          1164
          1166
          1168
          1170
          1172
          1174
          1176
          1178
          1180
          1182
          1184
          1186
          1188
          1190
          1192
          1194
          1196
          1198
          1200
          1202
          1204
          1206
          1208
          1210
          1212
          1214
          1216
          1218
          1220
          1222
          1224
          1226
          1228
          1230
          1232
          1234
          1236
          1238
          1240
          1242
          1244
          1246
          1248
          1250
          1252
          1254
          1256
          1258
          1260
          1262
          1264
          1266
          1268
          1270
          1272
          1274
          1276
          1278
          1280
          1282
          1284
          1286
          1288
          1290
          1292
          1294
          1296
          1298
          1300
          1302
          1304
          1306
          1308
          1310
          1312
          1314
          1316
          1318
          1320
          1322
          1324
          1326
          1328
          1330
          1332
          1334
          1336
          1338
          1340
          1342
          1344
          1346
          1348
          1350
          1352
          1354
          1356
          1358
          1360
          1362
          1364
          1366
          1368
          1370
          1372
          1374
          1376
          1378
          1380
          1382
          1384
          1386
          1388
          1390
          1392
          1394
          1396
          1398
          1400
          1402
          1404
          1406
          1408
          1410
          1412
          1414
          1416
          1418
          1420
          1422
          1424
          1426
          1428
          1430
          1432
          1434
          1436
          1438
          1440
          1442
          1444
          1446
          1448
          1450
          1452
          1454
          1456
          1458
          1460
          1462
          1464
          1466
          1468
          1470
          1472
          1474
          1476
          1478
          1480
          1482
          1484
          1486
          1488
          1490
          1492
          1494
          1496
          1498
          1500
          1502
          1504
          1506
          1508
          1510
          1512
          1514
          1516
          1518
          1520
          1522
          1524
          1526
          1528
          1530
          1532
          1534
          1536
          1538
          1540
          1542
          1544
          1546
          1548
          1550
          1552
          1554
          1556
          1558
          1560
          1562
          1564
          1566
          1568
          1570
          1572
          1574
          1576
          1578
          1580
          1582
          1584
          1586
          1588
          1590
          1592
          1594
          1596
          1598
          1600
          1602
          1604
          1606
          1608
          1610
          1612
          1614
          1616
          1618
          1620
          1622
          1624
          1626
          1628
          1630
          1632
          1634
          1636
          1638
          1640
          1642
          1644
          1646
          1648
          1650
          1652
          1654
          1656
          1658
          1660
          1662
          1664
          1666
          1668
          1670
          1672
          1674
          1676
          1678
          1680
          1682
          1684
          1686
          1688
          1690
          1692
          1694
          1696
          1698
          1700
          1702
          1704
          1706
          1708
          1710
          1712
          1714
          1716
          1718
          1720
          1722
          1724
          1726
          1728
          1730
          1732
          1734
          1736
          1738
          1740
          1742
          1744
          1746
          1748
          1750
          1752
          1754
          1756
          1758
          1760
          1762
          1764
          1766
          1768
          1770
          1772
          1774
          1776
          1778
          1780
          1782
          1784
          1786
          1788
          1790
          1792
          1794
          1796
          1798
          1800
          1802
          1804
          1806
          1808
          1810
          1812
          1814
          1816
          1818
          1820
          1822
          1824
          1826
          1828
          1830
          1832
          1834
          1836
          1838
          1840
          1842
          1844
          1846
          1848
          1850
          1852
          1854
          1856
          1858
          1860
          1862
          1864
          1866
          1868
          1870
          1872
          1874
          1876
          1878
          1880
          1882
          1884
          1886
          1888
          1890
          1892
          1894
          1896
          1898
          1900
          1902
          1904
          1906
          1908
          1910
          1912
          1914
          1916
          1918
          1920
          1922
          1924
          1926
          1928
          1930
          1932
          1934
          1936
          1938
          1940
          1942
          1944
          1946
          1948
          1950
          1952
          1954
          1956
          1958
          1960
          1962
          1964
          1966
          1968
          1970
          1972
          1974
          1976
          1978
          1980
          1982
          1984
          1986
          1988
          1990
          1992
          1994
          1996
          1998
          2000
          2002
          2004
          2006
          2008
          2010
          2012
          2014
          2016
          2018
          2020
          2022
          2024
          2026
          2028
          2030
          2032
          2034
          2036
          2038
          2040
          2042
          2044
          2046
          2048
          2050
          2052
          2054
          2056
          2058
          2060
          2062
          2064
          2066
          2068
          2070
          2072
          2074
          2076
          2078
          2080
          2082
          2084
          2086
          2088
          2090
          2092
          2094
          2096
          2098
          2100
          2102
          2104
          2106
          2108
          2110
          2112
          2114
          2116
          2118
          2120
          2122
          2124
          2126
          2128
          2130
          2132
          2134
          2136
          2138
          2140
          2142
          2144
          2146
          2148
          2150
          2152
          2154
          2156
          2158
          2160
          2162
          2164
          2166
          2168
          2170
          2172
          2174
          2176
          2178
          2180
          2182
          2184
          2186
          2188
          2190
          2192
          2194
          2196
          2198
          2200
          2202
          2204
          2206
          2208
          2210
          2212
          2214
          2216
          2218
          2220
          2222
          2224
          2226
          2228
          2230
          2232
          2234
          2236
          2238
          2240
          2242
          2244
          2246
          2248
          2250
          2252
          2254
          2256
          2258
          2260
          2262
          2264
          2266
          2268
          2270
          2272
          2274
          2276
          2278
          2280
          2282
          2284
          2286
          2288
          2290
          2292
          2294
          2296
          2298
          2300
          2302
          2304
          2306
          2308
          2310
          2312
          2314
          2316
          2318
          2320
          2322
          2324
          2326
          2328
          2330
          2332
          2334
          2336
          2338
          2340
          2342
          2344
          2346
          2348
          2350
          2352
          2354
          2356
          2358
          2360
          2362
          2364
          2366
          2368
          2370
          2372
          2374
          2376
          2378
          2380
          2382
          2384
          2386
          2388
          2390
          2392
          2394
          2396
          2398
          2400
          2402
          2404
          2406
          2408
          2410
          2412
          2414
          2416
          2418
          2420
          2422
          2424
          2426
          2428
          2430
          2432
          2434
          2436
          2438
          2440
          2442
          2444
          2446
          2448
          2450
          2452
          2454
          2456
          2458
          2460
          2462
          2464
          2466
          2468
          2470
          2472
          2474
          2476
          2478
          2480
          2482
          2484
          2486
          2488
          2490
          2492
          2494
          2496
          2498
          2500
          2502
          2504
          2506
          2508
          2510
          2512
          2514
          2516
          2518
          2520
          2522
          2524
          2526
          2528
          2530
          2532
          2534
          2536
          2538
          2540
          2542
          2544
          2546
          2548
          2550
          2552
          2554
          2556
          2558
          2560
          2562
          2564
          2566
          2568
          2570
          2572
          2574
          2576
          2578
          2580
          2582
          2584
          2586
          2588
          2590
          2592
          2594
          2596
          2598
          2600
          2602
          2604
          2606
          2608
          2610
          2612
          2614
          2616
          2618
          2620
          2622
          2624
          2626
          2628
          2630
          2632
          2634
          2636
          2638
          2640
          2642
          2644
          2646
          2648
          2650
          2652
          2654
          2656
          2658
          2660
          2662
          2664
          2666
          2668
          2670
          2672
          2674
          2676
          2678
          2680
          2682
          2684
          2686
          2688
          2690
          2692
          2694
          2696
          2698
          2700
          2702
          2704
          2706
          2708
          2710
          2712
          2714
          2716
          2718
          2720
          2722
          2724
          2726
          2728
          2730
          2732
          2734
          2736
          2738
          2740
          2742
          2744
          2746
          2748
          2750
          2752
          2754
          2756
          2758
          2760
          2762
          2764
          2766
          2768
          2770
          2772
          2774
          2776
          2778
          2780
          2782
          2784
          2786
          2788
          2790
          2792
          2794
          2796
          2798
          2800
          2802
          2804
          2806
          2808
          2810
          2812
          2814
          2816
          2818
          2820
          2822
          2824
          2826
          2828
          2830
          2832
          2834
          2836
          2838
          2840
          2842
          2844
          2846
          2848
          2850
          2852
          2854
          2856
          2858
          2860
          2862
          2864
          2866
          2868
          2870
          2872
          2874
          2876
          2878
          2880
          2882
          2884
          2886
          2888
          2890
          2892
          2894
          2896
          2898
          2900
          2902
          2904
          2906
          2908
          2910
          2912
          2914
          2916
          2918
          2920
          2922
          2924
          2926
          2928
          2930
          2932
          2934
          2936
          2938
          2940
          2942
          2944
          2946
          2948
          2950
          2952
          2954
          2956
          2958
          2960
          2962
          2964
          2966
          2968
          2970
          2972
          2974
          2976
          2978
          2980
          2982
          2984
          2986
          2988
          2990
          2992
          2994
          2996
          2998
          3000
        </DataArray>
      </Lines>
      <PointData Scalars="phi">
        <DataArray type="Float64" Name="phi" NumberOfComponents="1" format="ascii">
          3.25724e-12
          3.25734e-12
          3.25692e-12
          3.25677e-12
          3.25635e-12
          3.25562e-12
          3.25466e-12
          3.25389e-12
          3.25325e-12
          3.25185e-12
          3.2505e-12
          3.24912e-12
          3.24774e-12
          3.24605e-12
          3.24414e-12
          3.24249e-12
          3.24076e-12
          3.23864e-12
          3.23621e-12
          3.23417e-12
          3.23178e-12
          3.22948e-12
          3.22657e-12
          3.22389e-12
          3.22132e-12
          3.21818e-12
          3.21477e-12
          3.21201e-12
          3.2086e-12
          3.20519e-12
          3.20148e-12
          3.19776e-12
          3.1944e-12
          3.18996e-12
          3.18616e-12
          3.18193e-12
          3.17802e-12
          3.17355e-12
          3.16889e-12
          3.16445e-12
          3.15989e-12
          3.15497e-12
          3.14977e-12
          3.1449e-12
          3.13999e-12
          3.13406e-12
          3.12892e-12
          3.12329e-12
          3.1177e-12
          3.11157e-12
          3.10518e-12
          3.0994e-12
          3.09327e-12
          3.08662e-12
          3.08024e-12
          3.07351e-12
          3.06672e-12
          3.05996e-12
          3.05259e-12
          3.04527e-12
          3.03796e-12
          3.03054e-12
          3.02265e-12
          3.01532e-12
          3.00772e-12
          2.99985e-12
          2.99158e-12
          2.98349e-12
          2.97597e-12
          2.96744e-12
          2.95888e-12
          2.95053e-12
          2.94184e-12
          2.93269e-12
          2.92366e-12
          2.91522e-12
          2.90645e-12
          2.89697e-12
          2.88763e-12
          2.87801e-12
          2.86906e-12
          2.85948e-12
          2.8497e-12
          2.84037e-12
          2.83102e-12
          2.82111e-12
          2.81156e-12
          2.80228e-12
          2.79392e-12
          2.78302e-12
          2.77305e-12
          2.76339e-12
          2.75357e-12
          2.74342e-12
          2.73258e-12
          2.72193e-12
          2.71141e-12
          2.70039e-12
          2.68834e-12
          2.67601e-12
          2.66392e-12
          2.66392e-12
          2.60773e-12
          2.55039e-12
          2.49895e-12
          2.45076e-12
          2.40248e-12
          2.35422e-12
          2.30792e-12
          2.26317e-12
          2.22354e-12
          2.18291e-12
          2.14405e-12
          2.10378e-12
          2.06165e-12
          2.02038e-12
          1.98052e-12
          1.94065e-12
          1.89736e-12
          1.85654e-12
          1.81571e-12
          1.77467e-12
          1.73362e-12
          1.69642e-12
          1.65895e-12
          1.62157e-12
          1.58776e-12
          1.55616e-12
          1.51969e-12
          1.48482e-12
          1.4484e-12
          1.4103e-12
          1.36993e-12
          1.32708e-12
          1.28122e-12
          1.23412e-12
          1.1861e-12
          1.13381e-12
          1.07831e-12
          1.02144e-12
          9.68118e-13
          9.15674e-13
          8.60536e-13
          8.05567e-13
          7.53182e-13
          6.99634e-13
          6.47969e-13
          5.98775e-13
          5.50893e-13
          5.02005e-13
          4.54743e-13
          4.09652e-13
          3.61706e-13
          3.13449e-13
          2.64037e-13
          2.16945e-13
          1.72949e-13
          1.30623e-13
          8.75228e-14
          4.39651e-14
          1.30105e-15
          -4.5798e-14
          -9.30294e-14
          -1.40123e-13
          -1.87191e-13
          -2.35574e-13
          -2.85972e-13
          -3.37898e-13
          -3.92103e-13
          -4.4722e-13
          -5.0637e-13
          -5.65196e-13
          -6.24776e-13
          -6.81859e-13
          -7.40536e-13
          -8.01686e-13
          -8.60959e-13
          -9.21013e-13
          -9.84839e-13
          -1.04464e-12
          -1.10671e-12
          -1.17145e-12
          -1.24072e-12
          -1.30842e-12
          -1.37909e-12
          -1.4475e-12
          -1.51895e-12
          -1.59101e-12
          -1.66513e-12
          -1.739e-12
          -1.81203e-12
          -1.88057e-12
          -1.94784e-12
          -2.01498e-12
          -2.0834e-12
          -2.15173e-12
          -2.22208e-12
          -2.29095e-12
          -2.35995e-12
          -2.42918e-12
          -2.50117e-12
          -2.57081e-12
          2.66392e-12
          2.70634e-12
          2.74815e-12
          2.78711e-12
          2.82055e-12
          2.85571e-12
          2.88812e-12
          2.92215e-12
          2.95398e-12
          2.98037e-12
          3.0077e-12
          3.03322e-12
          3.05819e-12
          3.08686e-12
          3.11071e-12
          3.13538e-12
          3.16094e-12
          3.18784e-12
          3.21416e-12
          3.23994e-12
          3.26388e-12
          3.28876e-12
          3.3115e-12
          3.33233e-12
          3.35278e-12
          3.36928e-12
          3.38389e-12
          3.40026e-12
          3.4167e-12
          3.43448e-12
          3.45304e-12
          3.47432e-12
          3.49429e-12
          3.5175e-12
          3.54349e-12
          3.57036e-12
          3.60288e-12
          3.63342e-12
          3.66634e-12
          3.69457e-12
          3.72139e-12
          3.75004e-12
          3.77616e-12
          3.79941e-12
          3.82033e-12
          3.8424e-12
          3.85785e-12
          3.87202e-12
          3.8863e-12
          3.90122e-12
          3.91285e-12
          3.92345e-12
          3.9368e-12
          3.94729e-12
          3.95252e-12
          3.9558e-12
          3.95647e-12
          3.9575e-12
          3.95855e-12
          3.95797e-12
          3.95695e-12
          3.95412e-12
          3.9525e-12
          3.95021e-12
          3.95326e-12
          3.95735e-12
          3.96443e-12
          3.97582e-12
          3.98594e-12
          3.99927e-12
          4.01254e-12
          4.02848e-12
          4.0428e-12
          4.05998e-12
          4.07831e-12
          4.09849e-12
          4.11841e-12
          4.14398e-12
          4.16938e-12
          4.19863e-12
          4.22868e-12
          4.25799e-12
          4.28718e-12
          4.31636e-12
          4.34383e-12
          4.37534e-12
          4.40318e-12
          4.4309e-12
          4.45886e-12
          4.48266e-12
          4.50635e-12
          4.52722e-12
          4.54637e-12
          4.56557e-12
          4.58533e-12
          4.60678e-12
          4.62698e-12
          4.64549e-12
          4.66496e-12
          4.68854e-12
          4.71278e-12
          -2.57081e-12
          0.00431723
          0.0086343
          0.012951
          0.0172673
          0.0215829
          0.0258977
          0.0302115
          0.0345241
          0.0388355
          0.0431454
          0.0474536
          0.05176
          0.0560645
          0.0603669
          0.064667
          0.0689646
          0.0732596
          0.0775518
          0.0818411
          0.0861273
          0.0904103
          0.0946898
          0.0989657
          0.103238
          0.107506
          0.11177
          0.11603
          0.120286
          0.124537
          0.128783
          0.133025
          0.137261
          0.141492
          0.145718
          0.149938
          0.154153
          0.158362
          0.162564
          0.166761
          0.170951
          0.175135
          0.179312
          0.183483
          0.187646
          0.191802
          0.195951
          0.200093
          0.204227
          0.208354
          0.212472
          0.216582
          0.220685
          0.224778
          0.228864
          0.23294
          0.237008
          0.241067
          0.245117
          0.249157
          0.253188
          0.257209
          0.261221
          0.265223
          0.269215
          0.273196
          0.277167
          0.281128
          0.285078
          0.289017
          0.292945
          0.296863
          0.300768
          0.304663
          0.308546
          0.312417
          0.316277
          0.320124
          0.32396
          0.327783
          0.331593
          0.335391
          0.339177
          0.342949
          0.346709
          0.350455
          0.354188
          0.357908
          0.361614
          0.365307
          0.368985
          0.37265
          0.376301
          0.379937
          0.383559
          0.387166
          0.390759
          0.394337
          0.3979
          0.401448
          0.40498
          -2.57081e-12
          -0.00431723
          -0.0086343
          -0.012951
          -0.0172673
          -0.0215829
          -0.0258977
          -0.0302115
          -0.0345241
          -0.0388355
          -0.0431454
          -0.0474536
          -0.05176
          -0.0560645
          -0.0603669
          -0.064667
          -0.0689646
          -0.0732596
          -0.0775518
          -0.0818411
          -0.0861273
          -0.0904103
          -0.0946898
          -0.0989657
          -0.103238
          -0.107506
          -0.11177
          -0.11603
          -0.120286
          -0.124537
          -0.128783
          -0.133025
          -0.137261
          -0.141492
          -0.145718
          -0.149938
          -0.154153
          -0.158362
          -0.162564
          -0.166761
          -0.170951
          -0.175135
          -0.179312
          -0.183483
          -0.187646
          -0.191802
          -0.195951
          -0.200093
          -0.204227
          -0.208354
          -0.212472
          -0.216582
          -0.220685
          -0.224778
          -0.228864
          -0.23294
          -0.237008
          -0.241067
          -0.245117
          -0.249157
          -0.253188
          -0.257209
          -0.261221
          -0.265223
          -0.269215
          -0.273196
          -0.277167
          -0.281128
          -0.285078
          -0.289017
          -0.292945
          -0.296863
          -0.300768
          -0.304663
          -0.308546
          -0.312417
          -0.316277
          -0.320124
          -0.32396
          -0.327783
          -0.331593
          -0.335391
          -0.339177
          -0.342949
          -0.346709
          -0.350455
          -0.354188
          -0.357908
          -0.361614
          -0.365307
          -0.368985
          -0.37265
          -0.376301
          -0.379937
          -0.383559
          -0.387166
          -0.390759
          -0.394337
          -0.3979
          -0.401448
          -0.40498
          4.71278e-12
          0.000549672
          0.00109932
          0.00164893
          0.00219848
          0.00274794
          0.0032973
          0.00384654
          0.00439563
          0.00494455
          0.00549329
          0.00604181
          0.00659011
          0.00713816
          0.00768594
          0.00823343
          0.0087806
          0.00932744
          0.00987393
          0.01042
          0.0109658
          0.0115111
          0.0120559
          0.0126004
          0.0131443
          0.0136877
          0.0142306
          0.014773
          0.0153148
          0.0158561
          0.0163967
          0.0169367
          0.0174761
          0.0180148
          0.0185529
          0.0190902
          0.0196268
          0.0201627
          0.0206978
          0.0212321
          0.0217656
          0.0222983
          0.0228301
          0.0233611
          0.0238912
          0.0244204
          0.0249486
          0.0254759
          0.0260023
          0.0265277
          0.027052
          0.0275754
          0.0280977
          0.0286189
          0.029139
          0.0296581
          0.030176
          0.0306928
          0.0312084
          0.0317228
          0.032236
          0.032748
          0.0332588
          0.0337683
          0.0342765
          0.0347834
          0.0352891
          0.0357933
          0.0362962
          0.0367978
          0.0372979
          0.0377967
          0.038294
          0.0387898
          0.0392842
          0.0397771
          0.0402685
          0.0407584
          0.0412467
          0.0417334
          0.0422186
          0.0427022
          0.0431841
          0.0436645
          0.0441431
          0.0446201
          0.0450954
          0.045569
          0.0460409
          0.046511
          0.0469794
          0.047446
          0.0479108
          0.0483737
          0.0488349
          0.0492942
          0.0497516
          0.0502071
          0.0506608
          0.0511125
          0.0515623
          4.71278e-12
          -0.000549672
          -0.00109932
          -0.00164893
          -0.00219848
          -0.00274794
          -0.0032973
          -0.00384654
          -0.00439563
          -0.00494455
          -0.00549329
          -0.00604181
          -0.00659011
          -0.00713816
          -0.00768594
          -0.00823343
          -0.0087806
          -0.00932744
          -0.00987393
          -0.01042
          -0.0109658
          -0.0115111
          -0.0120559
          -0.0126004
          -0.0131443
          -0.0136877
          -0.0142306
          -0.014773
          -0.0153148
          -0.0158561
          -0.0163967
          -0.0169367
          -0.0174761
          -0.0180148
          -0.0185529
          -0.0190902
          -0.0196268
          -0.0201627
          -0.0206978
          -0.0212321
          -0.0217656
          -0.0222983
          -0.0228301
          -0.0233611
          -0.0238912
          -0.0244204
          -0.0249486
          -0.0254759
          -0.0260023
          -0.0265277
          -0.027052
          -0.0275754
          -0.0280977
          -0.0286189
          -0.029139
          -0.0296581
          -0.030176
          -0.0306928
          -0.0312084
          -0.0317228
          -0.032236
          -0.032748
          -0.0332588
          -0.0337683
          -0.0342765
          -0.0347834
          -0.0352891
          -0.0357933
          -0.0362962
          -0.0367978
          -0.0372979
          -0.0377967
          -0.038294
          -0.0387898
          -0.0392842
          -0.0397771
          -0.0402685
          -0.0407584
          -0.0412467
          -0.0417334
          -0.0422186
          -0.0427022
          -0.0431841
          -0.0436645
          -0.0441431
          -0.0446201
          -0.0450954
          -0.045569
          -0.0460409
          -0.046511
          -0.0469794
          -0.047446
          -0.0479108
          -0.0483737
          -0.0488349
          -0.0492942
          -0.0497516
          -0.0502071
          -0.0506608
          -0.0511125
          -0.0515623
          0.40498
          0.406735
          0.408475
          0.410199
          0.411907
          0.4136
          0.415277
          0.416938
          0.418584
          0.420214
          0.421828
          0.423425
          0.425007
          0.426573
          0.428122
          0.429656
          0.431173
          0.432674
          0.434158
          0.435626
          0.437077
          0.438512
          0.43993
          0.441332
          0.442717
          0.444085
          0.445436
          0.44677
          0.448088
          0.449388
          0.450672
          0.451938
          0.453187
          0.45442
          0.455634
          0.456832
          0.458012
          0.459175
          0.460321
          0.461449
          0.46256
          0.463653
          0.464728
          0.465786
          0.466827
          0.467849
          0.468854
          0.469841
          0.470811
          0.471762
          0.472696
          0.473612
          0.474509
          0.475389
          0.476251
          0.477095
          0.477921
          0.478728
          0.479518
          0.480289
          0.481042
          0.481777
          0.482494
          0.483192
          0.483872
          0.484534
          0.485177
          0.485802
          0.486409
          0.486997
          0.487566
          0.488118
          0.48865
          0.489165
          0.48966
          0.490138
          0.490596
          0.491036
          0.491458
          0.49186
          0.492244
          0.49261
          0.492957
          0.493285
          0.493594
          0.493885
          0.494157
          0.494411
          0.494645
          0.494861
          0.495058
          0.495237
          0.495396
          0.495537
          0.495659
          0.495763
          0.495847
          0.495913
          0.49596
          0.495988
          0.495998
          0.40498
          0.406735
          0.408475
          0.410199
          0.411907
          0.4136
          0.415277
          0.416938
          0.418584
          0.420214
          0.421828
          0.423425
          0.425007
          0.426573
          0.428122
          0.429656
          0.431173
          0.432674
          0.434158
          0.435626
          0.437077
          0.438512
          0.43993
          0.441332
          0.442717
          0.444085
          0.445436
          0.44677
          0.448088
          0.449388
          0.450672
          0.451938
          0.453187
          0.45442
          0.455634
          0.456832
          0.458012
          0.459175
          0.460321
          0.461449
          0.46256
          0.463653
          0.464728
          0.465786
          0.466827
          0.467849
          0.468854
          0.469841
          0.470811
          0.471762
          0.472696
          0.473612
          0.474509
          0.475389
          0.476251
          0.477095
          0.477921
          0.478728
          0.479518
          0.480289
          0.481042
          0.481777
          0.482494
          0.483192
          0.483872
          0.484534
          0.485177
          0.485802
          0.486409
          0.486997
          0.487566
          0.488118
          0.48865
          0.489165
          0.48966
          0.490138
          0.490596
          0.491036
          0.491458
          0.49186
          0.492244
          0.49261
          0.492957
          0.493285
          0.493594
          0.493885
          0.494157
          0.494411
          0.494645
          0.494861
          0.495058
          0.495237
          0.495396
          0.495537
          0.495659
          0.495763
          0.495847
          0.495913
          0.49596
          0.495988
          0.495998
          -0.40498
          -0.406735
          -0.408475
          -0.410199
          -0.411907
          -0.4136
          -0.415277
          -0.416938
          -0.418584
          -0.420214
          -0.421828
          -0.423425
          -0.425007
          -0.426573
          -0.428122
          -0.429656
          -0.431173
          -0.432674
          -0.434158
          -0.435626
          -0.437077
          -0.438512
          -0.43993
          -0.441332
          -0.442717
          -0.444085
          -0.445436
          -0.44677
          -0.448088
          -0.449388
          -0.450672
          -0.451938
          -0.453187
          -0.45442
          -0.455634
          -0.456832
          -0.458012
          -0.459175
          -0.460321
          -0.461449
          -0.46256
          -0.463653
          -0.464728
          -0.465786
          -0.466827
          -0.467849
          -0.468854
          -0.469841
          -0.470811
          -0.471762
          -0.472696
          -0.473612
          -0.474509
          -0.475389
          -0.476251
          -0.477095
          -0.477921
          -0.478728
          -0.479518
          -0.480289
          -0.481042
          -0.481777
          -0.482494
          -0.483192
          -0.483872
          -0.484534
          -0.485177
          -0.485802
          -0.486409
          -0.486997
          -0.487566
          -0.488118
          -0.48865
          -0.489165
          -0.48966
          -0.490138
          -0.490596
          -0.491036
          -0.491458
          -0.49186
          -0.492244
          -0.49261
          -0.492957
          -0.493285
          -0.493594
          -0.493885
          -0.494157
          -0.494411
          -0.494645
          -0.494861
          -0.495058
          -0.495237
          -0.495396
          -0.495537
          -0.495659
          -0.495763
          -0.495847
          -0.495913
          -0.49596
          -0.495988
          -0.495998
          -0.40498
          -0.406735
          -0.408475
          -0.410199
          -0.411907
          -0.4136
          -0.415277
          -0.416938
          -0.418584
          -0.420214
          -0.421828
          -0.423425
          -0.425007
          -0.426573
          -0.428122
          -0.429656
          -0.431173
          -0.432674
          -0.434158
          -0.435626
          -0.437077
          -0.438512
          -0.43993
          -0.441332
          -0.442717
          -0.444085
          -0.445436
          -0.44677
          -0.448088
          -0.449388
          -0.450672
          -0.451938
          -0.453187
          -0.45442
          -0.455634
          -0.456832
          -0.458012
          -0.459175
          -0.460321
          -0.461449
          -0.46256
          -0.463653
          -0.464728
          -0.465786
          -0.466827
          -0.467849
          -0.468854
          -0.469841
          -0.470811
          -0.471762
          -0.472696
          -0.473612
          -0.474509
          -0.475389
          -0.476251
          -0.477095
          -0.477921
          -0.478728
          -0.479518
          -0.480289
          -0.481042
          -0.481777
          -0.482494
          -0.483192
          -0.483872
          -0.484534
          -0.485177
          -0.485802
          -0.486409
          -0.486997
          -0.487566
          -0.488118
          -0.48865
          -0.489165
          -0.48966
          -0.490138
          -0.490596
          -0.491036
          -0.491458
          -0.49186
          -0.492244
          -0.49261
          -0.492957
          -0.493285
          -0.493594
          -0.493885
          -0.494157
          -0.494411
          -0.494645
          -0.494861
          -0.495058
          -0.495237
          -0.495396
          -0.495537
          -0.495659
          -0.495763
          -0.495847
          -0.495913
          -0.49596
          -0.495988
          -0.495998
          0.0515623
          0.0517857
          0.0520072
          0.0522267
          0.0524442
          0.0526597
          0.0528732
          0.0530848
          0.0532943
          0.0535018
          0.0537073
          0.0539107
          0.0541121
          0.0543115
          0.0545087
          0.054704
          0.0548971
          0.0550882
          0.0552772
          0.0554641
          0.0556489
          0.0558316
          0.0560121
          0.0561906
          0.0563669
          0.0565411
          0.0567131
          0.056883
          0.0570508
          0.0572163
          0.0573797
          0.057541
          0.0577
          0.0578569
          0.0580116
          0.0581641
          0.0583143
          0.0584624
          0.0586083
          0.0587519
          0.0588933
          0.0590325
          0.0591694
          0.0593041
          0.0594366
          0.0595668
          0.0596947
          0.0598204
          0.0599438
          0.060065
          0.0601839
          0.0603005
          0.0604148
          0.0605268
          0.0606365
          0.0607439
          0.0608491
          0.0609519
          0.0610524
          0.0611506
          0.0612465
          0.0613401
          0.0614313
          0.0615202
          0.0616068
          0.061691
          0.061773
          0.0618525
          0.0619298
          0.0620046
          0.0620772
          0.0621474
          0.0622152
          0.0622807
          0.0623438
          0.0624045
          0.0624629
          0.0625189
          0.0625726
          0.0626239
          0.0626728
          0.0627193
          0.0627635
          0.0628053
          0.0628447
          0.0628817
          0.0629163
          0.0629486
          0.0629785
          0.063006
          0.0630311
          0.0630538
          0.0630741
          0.063092
          0.0631076
          0.0631207
          0.0631315
          0.0631399
          0.0631459
          0.0631494
          0.0631506
          0.0515623
          0.0517857
          0.0520072
          0.0522267
          0.0524442
          0.0526597
          0.0528732
          0.0530848
          0.0532943
          0.0535018
          0.0537073
          0.0539107
          0.0541121
          0.0543115
          0.0545087
          0.054704
          0.0548971
          0.0550882
          0.0552772
          0.0554641
          0.0556489
          0.0558316
          0.0560121
          0.0561906
          0.0563669
          0.0565411
          0.0567131
          0.056883
          0.0570508
          0.0572163
          0.0573797
          0.057541
          0.0577
          0.0578569
          0.0580116
          0.0581641
          0.0583143
          0.0584624
          0.0586083
          0.0587519
          0.0588933
          0.0590325
          0.0591694
          0.0593041
          0.0594366
          0.0595668
          0.0596947
          0.0598204
          0.0599438
          0.060065
          0.0601839
          0.0603005
          0.0604148
          0.0605268
          0.0606365
          0.0607439
          0.0608491
          0.0609519
          0.0610524
          0.0611506
          0.0612465
          0.0613401
          0.0614313
          0.0615202
          0.0616068
          0.061691
          0.061773
          0.0618525
          0.0619298
          0.0620046
          0.0620772
          0.0621474
          0.0622152
          0.0622807
          0.0623438
          0.0624045
          0.0624629
          0.0625189
          0.0625726
          0.0626239
          0.0626728
          0.0627193
          0.0627635
          0.0628053
          0.0628447
          0.0628817
          0.0629163
          0.0629486
          0.0629785
          0.063006
          0.0630311
          0.0630538
          0.0630741
          0.063092
          0.0631076
          0.0631207
          0.0631315
          0.0631399
          0.0631459
          0.0631494
          0.0631506
          -0.0515623
          -0.0517857
          -0.0520072
          -0.0522267
          -0.0524442
          -0.0526597
          -0.0528732
          -0.0530848
          -0.0532943
          -0.0535018
          -0.0537073
          -0.0539107
          -0.0541121
          -0.0543115
          -0.0545087
          -0.054704
          -0.0548971
          -0.0550882
          -0.0552772
          -0.0554641
          -0.0556489
          -0.0558316
          -0.0560121
          -0.0561906
          -0.0563669
          -0.0565411
          -0.0567131
          -0.056883
          -0.0570508
          -0.0572163
          -0.0573797
          -0.057541
          -0.0577
          -0.0578569
          -0.0580116
          -0.0581641
          -0.0583143
          -0.0584624
          -0.0586083
          -0.0587519
          -0.0588933
          -0.0590325
          -0.0591694
          -0.0593041
          -0.0594366
          -0.0595668
          -0.0596947
          -0.0598204
          -0.0599438
          -0.060065
          -0.0601839
          -0.0603005
          -0.0604148
          -0.0605268
          -0.0606365
          -0.0607439
          -0.0608491
          -0.0609519
          -0.0610524
          -0.0611506
          -0.0612465
          -0.0613401
          -0.0614313
          -0.0615202
          -0.0616068
          -0.061691
          -0.061773
          -0.0618525
          -0.0619298
          -0.0620046
          -0.0620772
          -0.0621474
          -0.0622152
          -0.0622807
          -0.0623438
          -0.0624045
          -0.0624629
          -0.0625189
          -0.0625726
          -0.0626239
          -0.0626728
          -0.0627193
          -0.0627635
          -0.0628053
          -0.0628447
          -0.0628817
          -0.0629163
          -0.0629486
          -0.0629785
          -0.063006
          -0.0630311
          -0.0630538
          -0.0630741
          -0.063092
          -0.0631076
          -0.0631207
          -0.0631315
          -0.0631399
          -0.0631459
          -0.0631494
          -0.0631506
          -0.0515623
          -0.0517857
          -0.0520072
          -0.0522267
          -0.0524442
          -0.0526597
          -0.0528732
          -0.0530848
          -0.0532943
          -0.0535018
          -0.0537073
          -0.0539107
          -0.0541121
          -0.0543115
          -0.0545087
          -0.054704
          -0.0548971
          -0.0550882
          -0.0552772
          -0.0554641
          -0.0556489
          -0.0558316
          -0.0560121
          -0.0561906
          -0.0563669
          -0.0565411
          -0.0567131
          -0.056883
          -0.0570508
          -0.0572163
          -0.0573797
          -0.057541
          -0.0577
          -0.0578569
          -0.0580116
          -0.0581641
          -0.0583143
          -0.0584624
          -0.0586083
          -0.0587519
          -0.0588933
          -0.0590325
          -0.0591694
          -0.0593041
          -0.0594366
          -0.0595668
          -0.0596947
          -0.0598204
          -0.0599438
          -0.060065
          -0.0601839
          -0.0603005
          -0.0604148
          -0.0605268
          -0.0606365
          -0.0607439
          -0.0608491
          -0.0609519
          -0.0610524
          -0.0611506
          -0.0612465
          -0.0613401
          -0.0614313
          -0.0615202
          -0.0616068
          -0.061691
          -0.061773
          -0.0618525
          -0.0619298
          -0.0620046
          -0.0620772
          -0.0621474
          -0.0622152
          -0.0622807
          -0.0623438
          -0.0624045
          -0.0624629
          -0.0625189
          -0.0625726
          -0.0626239
          -0.0626728
          -0.0627193
          -0.0627635
          -0.0628053
          -0.0628447
          -0.0628817
          -0.0629163
          -0.0629486
          -0.0629785
          -0.063006
          -0.0630311
          -0.0630538
          -0.0630741
          -0.063092
          -0.0631076
          -0.0631207
          -0.0631315
          -0.0631399
          -0.0631459
          -0.0631494
          -0.0631506
        </DataArray>
        <DataArray type="Float64" Name="lambda" NumberOfComponents="1" format="ascii">
          0.378816
          0.378816
          0.378816
          0.378816
          0.378816
          0.378816
          0.378816
          0.378816
          0.378816
          0.378816
          0.378816
          0.378816
          0.378816
          0.378816
          0.378816
          0.378816
          0.378816
          0.378816
          0.378816
          0.378816
          0.378816
          0.378816
          0.378816
          0.378816
          0.378816
          0.378816
          0.378816
          0.378816
          0.378816
          0.378816
          0.378816
          0.378816
          0.378816
          0.378816
          0.378816
          0.378816
          0.378816
          0.378816
          0.378816
          0.378816
          0.378816
          0.378816
          0.378816
          0.378816
          0.378816
          0.378816
          0.378816
          0.378816
          0.378816
          0.378816
          0.378816
          0.378816
          0.378816
          0.378816
          0.378816
          0.378816
          0.378816
          0.378816
          0.378816
          0.378816
          0.378816
          0.378816
          0.378816
          0.378816
          0.378816
          0.378816
          0.378816
          0.378816
          0.378816
          0.378816
          0.378816
          0.378816
          0.378816
          0.378816
          0.378816
          0.378816
          0.378816
          0.378816
          0.378816
          0.378816
          0.378816
          0.378816
          0.378816
          0.378816
          0.378816
          0.378816
          0.378816
          0.378816
          0.378816
          0.378816
          0.378816
          0.378816
          0.378816
          0.378816
          0.378816
          0.378816
          0.378816
          0.378816
          0.378816
          0.378816
          0.378816
          0.378816
          0.378816
          0.378816
          0.378816
          0.378816
          0.378816
          0.378816
          0.378816
          0.378816
          0.378816
          0.378816
          0.378816
          0.378816
          0.378816
          0.378816
          0.378816
          0.378816
          0.378816
          0.378816
          0.378816
          0.378816
          0.378816
          0.378816
          0.378816
          0.378816
          0.378816
          0.378816
          0.378816
          0.378816
          0.378816
          0.378816
          0.378816
          0.378816
          0.378816
          0.378816
          0.378816
          0.378816
          0.378816
          0.378816
          0.378816
          0.378816
          0.378816
          0.378816
          0.378816
          0.378816
          0.378816
          0.378816
          0.378816
          0.378816
          0.378816
          0.378816
          0.378816
          0.378816
          0.378816
          0.378816
          0.378816
          0.378816
          0.378816
          0.378816
          0.378816
          0.378816
          0.378816
          0.378816
          0.378816
          0.378816
          0.378816
          0.378816
          0.378816
          0.378816
          0.378816
          0.378816
          0.378816
          0.378816
          0.378816
          0.378816
          0.378816
          0.378816
          0.378816
          0.378816
          0.378816
          0.378816
          0.378816
          0.378816
          0.378816
          0.378816
          0.378816
          0.378816
          0.378816
          0.378816
          0.378816
          0.378816
          0.378816
          0.378816
          0.378816
          0.378816
          0.378816
          0.378816
          0.378816
          0.378816
          0.378816
          0.378816
          0.378816
          0.378816
          0.378816
          0.378816
          0.378816
          0.378816
          0.378816
          0.378816
          0.378816
          0.378816
          0.378816
          0.378816
          0.378816
          0.378816
          0.378816
          0.378816
          0.378816
          0.378816
          0.378816
          0.378816
          0.378816
          0.378816
          0.378816
          0.378816
          0.378816
          0.378816
          0.378816
          0.378816
          0.378816
          0.378816
          0.378816
          0.378816
          0.378816
          0.378816
          0.378816
          0.378816
          0.378816
          0.378816
          0.378816
          0.378816
          0.378816
          0.378816
          0.378816
          0.378816
          0.378816
          0.378816
          0.378816
          0.378816
          0.378816
          0.378816
          0.378816
          0.378816
          0.378816
          0.378816
          0.378816
          0.378816
          0.378816
          0.378816
          0.378816
          0.378816
          0.378816
          0.378816
          0.378816
          0.378816
          0.378816
          0.378816
          0.378816
          0.378816
          0.378816
          0.378816
          0.378816
          0.378816
          0.378816
          0.378816
          0.378816
          0.378816
          0.378816
          0.378816
          0.378816
          0.378816
          0.378816
          0.378816
          0.378816
          0.378816
          0.378816
          0.378816
          0.378816
          0.378816
          0.378816
          0.378816
          0.378816
          0.378816
          0.378816
          0.378816
          0.378816
          0.378816
          0.378816
          0.378816
          0.378816
          0.378816
          0.378816
          0.378816
          0.378816
          0.378816
          0.378816
          0.378816
          0.378816
          0.378816
          0.378816
          0.378816
          0.378816
          0.378816
          0.378816
          0.378816
          0.378816
          0.378816
          0.378816
          0.378816
          0.378816
          0.378816
          0.378816
          0.378816
          0.378816
          0.378816
          0.378816
          0.378816
          0.378816
          0.378816
          0.378816
          0.378816
          0.378816
          0.378816
          0.378816
          0.378816
          0.378816
          0.378816
          0.378816
          0.378816
          0.378816
          0.378816
          0.378816
          0.378816
          0.378816
          0.378816
          0.378816
          0.378816
          0.378816
          0.378816
          0.378816
          0.378816
          0.378816
          0.378816
          0.378816
          0.378816
          0.378816
          0.378816
          0.378816
          0.378816
          0.378816
          0.378816
          0.378816
          0.378816
          0.378816
          0.378816
          0.378816
          0.378816
          0.378816
          0.378816
          0.378816
          0.378816
          0.378816
          0.378816
          0.378816
          0.378816
          0.378816
          0.378816
          0.378816
          0.378816
          0.378816
          0.378816
          0.378816
          0.378816
          0.378816
          0.378816
          0.378816
          0.378816
          0.378816
          0.378816
          0.378816
          0.378816
          0.378816
          0.378816
          0.378816
          0.378816
          0.378816
          0.378816
          0.378816
          0.378816
          0.378816
          0.378816
          0.378816
          0.378816
          0.378816
          0.378816
          0.378816
          0.378816
          0.378816
          0.378816
          0.378816
          0.378816
          0.378816
          0.378816
          0.378816
          0.378816
          0.378816
          0.378816
          0.378816
          0.378816
          0.378816
          0.378816
          0.378816
          0.378816
          0.378816
          0.378816
          0.378816
          0.378816
          0.378816
          0.378816
          0.378816
          0.378816
          0.378816
          0.378816
          0.378816
          0.378816
          0.378816
          0.378816
          0.378816
          0.378816
          0.378816
          0.378816
          0.378816
          0.378816
          0.378816
          0.378816
          0.378816
          0.378816
          0.378816
          0.378816
          0.378816
          0.378816
          0.378816
          0.378816
          0.378816
          0.378816
          0.378816
          0.378816
          0.378816
          0.378816
          0.378816
          0.378816
          0.378816
          0.378816
          0.378816
          0.378816
          0.378816
          0.378816
          0.378816
          0.378816
          0.378816
          0.378816
          0.378816
          0.378816
          0.378816
          0.378816
          0.378816
          0.378816
          0.378816
          0.378816
          0.378816
          0.378816
          0.378816
          0.378816
          0.378816
          0.378816
          0.378816
          0.378816
          0.378816
          0.378816
          0.378816
          0.378816
          0.378816
          0.378816
          0.378816
          0.378816
          0.378816
          0.378816
          0.378816
          0.378816
          0.378816
          0.378816
          0.378816
          0.378816
          0.378816
          0.378816
          0.378816
          0.378816
          0.378816
          0.378816
          0.378816
          0.378816
          0.378816
          0.378816
          0.378816
          0.378816
          0.378816
          0.378816
          0.378816
          0.378816
          0.378816
          0.378816
          0.378816
          0.378816
          0.378816
          0.378816
          0.378816
          0.378816
          0.378816
          0.378816
          0.378816
          0.378816
          0.378816
          0.378816
          0.378816
          0.378816
          0.378816
          0.378816
          0.378816
          0.378816
          0.378816
          0.378816
          0.378816
          0.378816
          0.378816
          0.378816
          0.378816
          0.378816
          0.378816
          0.378816
          0.378816
          0.378816
          0.378816
          0.378816
          0.378816
          0.378816
          0.378816
          0.378816
          0.378816
          0.378816
          0.378816
          0.378816
          0.378816
          0.378816
          0.378816
          0.378816
          0.378816
          0.378816
          0.378816
          0.378816
          0.378816
          0.378816
          0.378816
          0.378816
          0.378816
          0.378816
          0.378816
          0.378816
          0.378816
          0.378816
          0.378816
          0.378816
          0.378816
          0.378816
          0.378816
          0.378816
          0.378816
          0.378816
          0.378816
          0.378816
          0.378816
          0.378816
          0.378816
          0.378816
          0.378816
          0.378816
          0.378816
          0.378816
          0.378816
          0.378816
          0.378816
          0.378816
          0.378816
          0.378816
          0.378816
          0.378816
          0.378816
          0.378816
          0.378816
          0.378816
          0.378816
          0.378816
          0.378816
          0.378816
          0.378816
          0.378816
          0.378816
          0.378816
          0.378816
          0.378816
          0.378816
          0.378816
          0.378816
          0.378816
          0.378816
          0.378816
          0.378816
          0.378816
          0.378816
          0.378816
          0.378816
          0.378816
          0.378816
          0.378816
          0.378816
          0.378816
          0.378816
          0.378816
          0.378816
          0.378816
          0.378816
          0.378816
          0.378816
          0.378816
          0.378816
          0.378816
          0.378816
          0.378816
          0.378816
          0.378816
          0.378816
          0.378816
          0.378816
          0.378816
          0.378816
          0.378816
          0.378816
          0.378816
          0.378816
          0.378816
          0.378816
          0.378816
          0.378816
          0.378816
          0.378816
          0.378816
          0.378816
          0.378816
          0.378816
          0.378816
          0.378816
          0.378816
          0.378816
          0.378816
          0.378816
          0.378816
          0.378816
          0.378816
          0.378816
          0.378816
          0.378816
          0.378816
          0.378816
          0.378816
          0.378816
          0.378816
          0.378816
          0.378816
          0.378816
          0.378816
          0.378816
          0.378816
          0.378816
          0.378816
          0.378816
          0.378816
          0.378816
          0.378816
          0.378816
          0.378816
          0.378816
          0.378816
          0.378816
          0.378816
          0.378816
          0.378816
          0.378816
          0.378816
          0.378816
          0.378816
          0.378816
          0.378816
          0.378816
          0.378816
          0.378816
          0.378816
          0.378816
          0.378816
          0.378816
          0.378816
          0.378816
          0.378816
          0.378816
          0.378816
          0.378816
          0.378816
          0.378816
          0.378816
          0.378816
          0.378816
          0.378816
          0.378816
          0.378816
          0.378816
          0.378816
          0.378816
          0.378816
          0.378816
          0.378816
          0.378816
          0.378816
          0.378816
          0.378816
          0.378816
          0.378816
          0.378816
          0.378816
          0.378816
          0.378816
          0.378816
          0.378816
          0.378816
          0.378816
          0.378816
          0.378816
          0.378816
          0.378816
          0.378816
          0.378816
          0.378816
          0.378816
          0.378816
          0.378816
          0.378816
          0.378816
          0.378816
          0.378816
          0.378816
          0.378816
          0.378816
          0.378816
          0.378816
          0.378816
          0.378816
          0.378816
          0.378816
          0.378816
          0.378816
          0.378816
          0.378816
          0.378816
          0.378816
          0.378816
          0.378816
          0.378816
          0.378816
          0.378816
          0.378816
          0.378816
          0.378816
          0.378816
          0.378816
          0.378816
          0.378816
          0.378816
          0.378816
          0.378816
          0.378816
          0.378816
          0.378816
          0.378816
          0.378816
          0.378816
          0.378816
          0.378816
          0.378816
          0.378816
          0.378816
          0.378816
          0.378816
          0.378816
          0.378816
          0.378816
          0.378816
          0.378816
          0.378816
          0.378816
          0.378816
          0.378816
          0.378816
          0.378816
          0.378816
          0.378816
          0.378816
          0.378816
          0.378816
          0.378816
          0.378816
          0.378816
          0.378816
          0.378816
          0.378816
          0.378816
          0.378816
          0.378816
          0.378816
          0.378816
          0.378816
          0.378816
          0.378816
          0.378816
          0.378816
          0.378816
          0.378816
          0.378816
          0.378816
          0.378816
          0.378816
          0.378816
          0.378816
          0.378816
          0.378816
          0.378816
          0.378816
          0.378816
          0.378816
          0.378816
          0.378816
          0.378816
          0.378816
          0.378816
          0.378816
          0.378816
          0.378816
          0.378816
          0.378816
          0.378816
          0.378816
          0.378816
          0.378816
          0.378816
          0.378816
          0.378816
          0.378816
          0.378816
          0.378816
          0.378816
          0.378816
          0.378816
          0.378816
          0.378816
          0.378816
          0.378816
          0.378816
          0.378816
          0.378816
          0.378816
          0.378816
          0.378816
          0.378816
          0.378816
          0.378816
          0.378816
          0.378816
          0.378816
          0.378816
          0.378816
          0.378816
          0.378816
          0.378816
          0.378816
          0.378816
          0.378816
          0.378816
          0.378816
          0.378816
          0.378816
          0.378816
          0.378816
          0.378816
          0.378816
          0.378816
          0.378816
          0.378816
          0.378816
          0.378816
          0.378816
          0.378816
          0.378816
          0.378816
          0.378816
          0.378816
          0.378816
          0.378816
          0.378816
          0.378816
          0.378816
          0.378816
          0.378816
          0.378816
          0.378816
          0.378816
          0.378816
          0.378816
          0.378816
          0.378816
          0.378816
          0.378816
          0.378816
          0.378816
          0.378816
          0.378816
          0.378816
          0.378816
          0.378816
          0.378816
          0.378816
          0.378816
          0.378816
          0.378816
          0.378816
          0.378816
          0.378816
          0.378816
          0.378816
          0.378816
          0.378816
          0.378816
          0.378816
          0.378816
          0.378816
          0.378816
          0.378816
          0.378816
          0.378816
          0.378816
          0.378816
          0.378816
          0.378816
          0.378816
          0.378816
          0.378816
          0.378816
          0.378816
          0.378816
          0.378816
          0.378816
          0.378816
          0.378816
          0.378816
          0.378816
          0.378816
          0.378816
          0.378816
          0.378816
          0.378816
          0.378816
          0.378816
          0.378816
          0.378816
          0.378816
          0.378816
          0.378816
          0.378816
          0.378816
          0.378816
          0.378816
          0.378816
          0.378816
          0.378816
          0.378816
          0.378816
          0.378816
          0.378816
          0.378816
          0.378816
          0.378816
          0.378816
          0.378816
          0.378816
          0.378816
          0.378816
          0.378816
          0.378816
          0.378816
          0.378816
          0.378816
          0.378816
          0.378816
          0.378816
          0.378816
          0.378816
          0.378816
          0.378816
          0.378816
          0.378816
          0.378816
          0.378816
          0.378816
          0.378816
          0.378816
          0.378816
          0.378816
          0.378816
          0.378816
          0.378816
          0.378816
          0.378816
          0.378816
          0.378816
          0.378816
          0.378816
          0.378816
          0.378816
          0.378816
          0.378816
          0.378816
          0.378816
          0.378816
          0.378816
          0.378816
          0.378816
          0.378816
          0.378816
          0.378816
          0.378816
          0.378816
          0.378816
          0.378816
          0.378816
          0.378816
          0.378816
          0.378816
          0.378816
          0.378816
          0.378816
          0.378816
          0.378816
          0.378816
          0.378816
          0.378816
          0.378816
          0.378816
          0.378816
          0.378816
          0.378816
          0.378816
          0.378816
          0.378816
          0.378816
          0.378816
          0.378816
          0.378816
          0.378816
          0.378816
          0.378816
          0.378816
          0.378816
          0.378816
          0.378816
          0.378816
          0.378816
          0.378816
          0.378816
          0.378816
          0.378816
          0.378816
          0.378816
          0.378816
          0.378816
          0.378816
          0.378816
          0.378816
          0.378816
          0.378816
          0.378816
          0.378816
          0.378816
          0.378816
          0.378816
          0.378816
          0.378816
          0.378816
          0.378816
          0.378816
          0.378816
          0.378816
          0.378816
          0.378816
          0.378816
          0.378816
          0.378816
          0.378816
          0.378816
          0.378816
          0.378816
          0.378816
          0.378816
          0.378816
          0.378816
          0.378816
          0.378816
          0.378816
          0.378816
          0.378816
          0.378816
          0.378816
          0.378816
          0.378816
          0.378816
          0.378816
          0.378816
          0.378816
          0.378816
          0.378816
          0.378816
          0.378816
          0.378816
          0.378816
          0.378816
          0.378816
          0.378816
          0.378816
          0.378816
          0.378816
          0.378816
          0.378816
          0.378816
          0.378816
          0.378816
          0.378816
          0.378816
          0.378816
          0.378816
          0.378816
          0.378816
          0.378816
          0.378816
          0.378816
          0.378816
          0.378816
          0.378816
          0.378816
          0.378816
          0.378816
          0.378816
          0.378816
          0.378816
          0.378816
          0.378816
          0.378816
          0.378816
          0.378816
          0.378816
          0.378816
          0.378816
          0.378816
          0.378816
          0.378816
          0.378816
          0.378816
          0.378816
          0.378816
          0.378816
          0.378816
          0.378816
          0.378816
          0.378816
          0.378816
          0.378816
          0.378816
          0.378816
          0.378816
          0.378816
          0.378816
          0.378816
          0.378816
          0.378816
          0.378816
          0.378816
          0.378816
          0.378816
          0.378816
          0.378816
          0.378816
          0.378816
          0.378816
          0.378816
          0.378816
          0.378816
          0.378816
          0.378816
          0.378816
          0.378816
          0.378816
          0.378816
          0.378816
          0.378816
          0.378816
          0.378816
          0.378816
          0.378816
          0.378816
          0.378816
          0.378816
          0.378816
          0.378816
          0.378816
          0.378816
          0.378816
          0.378816
          0.378816
          0.378816
          0.378816
          0.378816
          0.378816
          0.378816
          0.378816
          0.378816
          0.378816
          0.378816
          0.378816
          0.378816
          0.378816
          0.378816
          0.378816
          0.378816
          0.378816
          0.378816
          0.378816
          0.378816
          0.378816
          0.378816
          0.378816
          0.378816
          0.378816
          0.378816
          0.378816
          0.378816
          0.378816
          0.378816
          0.378816
          0.378816
          0.378816
          0.378816
          0.378816
          0.378816
          0.378816
          0.378816
          0.378816
          0.378816
          0.378816
          0.378816
          0.378816
          0.378816
          0.378816
          0.378816
          0.378816
          0.378816
          0.378816
          0.378816
          0.378816
          0.378816
          0.378816
          0.378816
          0.378816
          0.378816
          0.378816
          0.378816
          0.378816
          0.378816
          0.378816
          0.378816
          0.378816
          0.378816
          0.378816
          0.378816
          0.378816
          0.378816
          0.378816
          0.378816
          0.378816
          0.378816
          0.378816
          0.378816
          0.378816
          0.378816
          0.378816
          0.378816
          0.378816
          0.378816
          0.378816
          0.378816
          0.378816
          0.378816
          0.378816
          0.378816
          0.378816
          0.378816
          0.378816
          0.378816
          0.378816
          0.378816
          0.378816
          0.378816
          0.378816
          0.378816
          0.378816
          0.378816
          0.378816
          0.378816
          0.378816
          0.378816
          0.378816
          0.378816
          0.378816
          0.378816
          0.378816
          0.378816
          0.378816
          0.378816
          0.378816
          0.378816
          0.378816
          0.378816
          0.378816
          0.378816
          0.378816
          0.378816
          0.378816
          0.378816
          0.378816
          0.378816
          0.378816
          0.378816
          0.378816
          0.378816
          0.378816
          0.378816
          0.378816
          0.378816
          0.378816
          0.378816
          0.378816
          0.378816
          0.378816
          0.378816
          0.378816
          0.378816
          0.378816
          0.378816
          0.378816
          0.378816
          0.378816
          0.378816
          0.378816
          0.378816
          0.378816
          0.378816
          0.378816
          0.378816
          0.378816
          0.378816
          0.378816
          0.378816
          0.378816
          0.378816
          0.378816
          0.378816
          0.378816
          0.378816
          0.378816
          0.378816
          0.378816
          0.378816
          0.378816
          0.378816
          0.378816
          0.378816
          0.378816
          0.378816
          0.378816
          0.378816
          0.378816
          0.378816
          0.378816
          0.378816
          0.378816
          0.378816
          0.378816
          0.378816
          0.378816
          0.378816
          0.378816
          0.378816
          0.378816
          0.378816
          0.378816
          0.378816
          0.378816
          0.378816
          0.378816
          0.378816
          0.378816
          0.378816
          0.378816
          0.378816
          0.378816
          0.378816
          0.378816
          0.378816
          0.378816
          0.378816
          0.378816
          0.378816
          0.378816
          0.378816
          0.378816
          0.378816
          0.378816
          0.378816
          0.378816
          0.378816
          0.378816
          0.378816
          0.378816
          0.378816
          0.378816
          0.378816
          0.378816
          0.378816
          0.378816
          0.378816
          0.378816
          0.378816
          0.378816
          0.378816
          0.378816
          0.378816
          0.378816
          0.378816
          0.378816
          0.378816
          0.378816
          0.378816
          0.378816
          0.378816
          0.378816
          0.378816
          0.378816
          0.378816
          0.378816
          0.378816
          0.378816
          0.378816
          0.378816
          0.378816
          0.378816
          0.378816
          0.378816
          0.378816
          0.378816
          0.378816
          0.378816
          0.378816
          0.378816
          0.378816
          0.378816
          0.378816
          0.378816
          0.378816
          0.378816
          0.378816
          0.378816
          0.378816
          0.378816
          0.378816
          0.378816
          0.378816
          0.378816
          0.378816
          0.378816
          0.378816
          0.378816
          0.378816
        </DataArray>
      </PointData>
    </Piece>
  </PolyData>
</VTKFile>
