<?xml version="1.0"?>
<VTKFile type="PolyData" version="0.1" byte_order="LittleEndian">
  <PolyData>
    <Piece NumberOfPoints="1960" NumberOfLines="980">
      <Points>
        <DataArray type="Float64" NumberOfComponents="3" format="ascii">
          16.4566 48.5391 7.75627
          19.624 14.557 17.9801
          16.4566 48.5391 7.75627
          19.624 14.557 17.9801
          16.4566 48.5391 7.75627
          16.4566 48.5391 7.75627
          16.4566 48.5391 7.75627
          16.4566 48.5391 7.75627
          16.4566 48.5391 7.75627
          16.4566 48.5391 7.75627
          16.4566 48.5391 7.75627
          16.4566 48.5391 7.75627
          16.4566 48.5391 7.75627
          29.2237 55.0338 38.7848
          16.4566 48.5391 7.75627
          29.2237 55.0338 38.7848
          16.4566 48.5391 7.75627
          19.624 14.557 17.9801
          16.4566 48.5391 7.75627
          19.624 14.557 17.9801
          16.4566 48.5391 7.75627
          19.624 14.557 17.9801
          16.4566 48.5391 7.75627
          19.624 14.557 17.9801
          16.4566 48.5391 7.75627
          11.0589 15.3143 28.0253
          16.4566 48.5391 7.75627
          19.624 14.557 17.9801
          16.4566 48.5391 7.75627
          16.4566 48.5391 7.75627
          16.4566 48.5391 7.75627
          39.3197 45.5402 24.3411
          16.4566 48.5391 7.75627
          39.3197 45.5402 24.3411
          16.4566 48.5391 7.75627
          19.624 14.557 17.9801
          16.4566 48.5391 7.75627
          39.3197 45.5402 24.3411
          16.4566 48.5391 7.75627
          39.3197 45.5402 24.3411
          16.4566 48.5391 7.75627
          39.3197 45.5402 24.3411
          16.4566 48.5391 7.75627
          39.3197 45.5402 24.3411
          16.4566 48.5391 7.75627
          29.2237 55.0338 38.7848
          16.4566 48.5391 7.75627
          39.3197 45.5402 24.3411
          16.4566 48.5391 7.75627
          29.2237 55.0338 38.7848
          16.4566 48.5391 7.75627
          11.0589 15.3143 28.0253
          16.4566 48.5391 7.75627
          19.624 14.557 17.9801
          16.4566 48.5391 7.75627
          19.624 14.557 17.9801
          16.4566 48.5391 7.75627
          3.60353 56.027 8.16652
          16.4566 48.5391 7.75627
          39.3197 45.5402 24.3411
          16.4566 48.5391 7.75627
          39.3197 45.5402 24.3411
          16.4566 48.5391 7.75627
          29.2237 55.0338 38.7848
          16.4566 48.5391 7.75627
          9.94755 41.0849 54.4432
          16.4566 48.5391 7.75627
          11.0589 15.3143 28.0253
          16.4566 48.5391 7.75627
          19.624 14.557 17.9801
          3.60353 56.027 8.16652
          29.2237 55.0338 38.7848
          3.60353 56.027 8.16652
          29.2237 55.0338 38.7848
          3.60353 56.027 8.16652
          29.2237 55.0338 38.7848
          3.60353 56.027 8.16652
          29.2237 55.0338 38.7848
          3.60353 56.027 8.16652
          29.2237 55.0338 38.7848
          3.60353 56.027 8.16652
          11.0589 15.3143 28.0253
          3.60353 56.027 8.16652
          19.624 14.557 17.9801
          3.60353 56.027 8.16652
          11.0589 15.3143 28.0253
          3.60353 56.027 8.16652
          19.624 14.557 17.9801
          3.60353 56.027 8.16652
          11.0589 15.3143 28.0253
          3.60353 56.027 8.16652
          11.0589 15.3143 28.0253
          39.3197 45.5402 24.3411
          29.2237 55.0338 38.7848
          39.3197 45.5402 24.3411
          29.2237 55.0338 38.7848
          39.3197 45.5402 24.3411
          29.2237 55.0338 38.7848
          39.3197 45.5402 24.3411
          29.2237 55.0338 38.7848
          39.3197 45.5402 24.3411
          19.624 14.557 17.9801
          39.3197 45.5402 24.3411
          29.2237 55.0338 38.7848
          39.3197 45.5402 24.3411
          29.2237 55.0338 38.7848
          39.3197 45.5402 24.3411
          29.2237 55.0338 38.7848
          41.3588 25.9498 29.1619
          41.3588 25.9498 29.1619
          41.3588 25.9498 29.1619
          41.3588 25.9498 29.1619
          41.3588 25.9498 29.1619
          41.3588 25.9498 29.1619
          41.3588 25.9498 29.1619
          19.624 14.557 17.9801
          41.3588 25.9498 29.1619
          19.624 14.557 17.9801
          41.3588 25.9498 29.1619
          9.94755 41.0849 54.4432
          41.3588 25.9498 29.1619
          11.0589 15.3143 28.0253
          41.3588 25.9498 29.1619
          19.624 14.557 17.9801
          41.3588 25.9498 29.1619
          28.1435 11.816 18.5246
          41.3588 25.9498 29.1619
          11.0589 15.3143 28.0253
          41.3588 25.9498 29.1619
          19.624 14.557 17.9801
          41.3588 25.9498 29.1619
          13.6114 9.30966 15.2079
          29.2237 55.0338 38.7848
          27.2245 22.3616 56.0357
          29.2237 55.0338 38.7848
          19.624 14.557 17.9801
          29.2237 55.0338 38.7848
          29.2237 55.0338 38.7848
          29.2237 55.0338 38.7848
          29.2237 55.0338 38.7848
          29.2237 55.0338 38.7848
          29.2237 55.0338 38.7848
          29.2237 55.0338 38.7848
          29.2237 55.0338 38.7848
          29.2237 55.0338 38.7848
          9.94755 41.0849 54.4432
          29.2237 55.0338 38.7848
          11.0589 15.3143 28.0253
          29.2237 55.0338 38.7848
          19.624 14.557 17.9801
          29.2237 55.0338 38.7848
          27.2245 22.3616 56.0357
          29.2237 55.0338 38.7848
          11.0589 15.3143 28.0253
          29.2237 55.0338 38.7848
          19.624 14.557 17.9801
          29.2237 55.0338 38.7848
          29.2237 55.0338 38.7848
          29.2237 55.0338 38.7848
          19.624 14.557 17.9801
          29.2237 55.0338 38.7848
          29.2237 55.0338 38.7848
          29.2237 55.0338 38.7848
          29.2237 55.0338 38.7848
          29.2237 55.0338 38.7848
          29.2237 55.0338 38.7848
          29.2237 55.0338 38.7848
          29.2237 55.0338 38.7848
          29.2237 55.0338 38.7848
          19.624 14.557 17.9801
          29.2237 55.0338 38.7848
          29.2237 55.0338 38.7848
          29.2237 55.0338 38.7848
          29.2237 55.0338 38.7848
          29.2237 55.0338 38.7848
          29.2237 55.0338 38.7848
          29.2237 55.0338 38.7848
          11.0589 15.3143 28.0253
          29.2237 55.0338 38.7848
          19.624 14.557 17.9801
          29.2237 55.0338 38.7848
          9.94755 41.0849 54.4432
          29.2237 55.0338 38.7848
          9.94755 41.0849 54.4432
          29.2237 55.0338 38.7848
          11.0589 15.3143 28.0253
          29.2237 55.0338 38.7848
          19.624 14.557 17.9801
          29.2237 55.0338 38.7848
          29.2237 55.0338 38.7848
          29.2237 55.0338 38.7848
          29.2237 55.0338 38.7848
          29.2237 55.0338 38.7848
          11.0589 15.3143 28.0253
          29.2237 55.0338 38.7848
          19.624 14.557 17.9801
          29.2237 55.0338 38.7848
          9.94755 41.0849 54.4432
          29.2237 55.0338 38.7848
          9.94755 41.0849 54.4432
          29.2237 55.0338 38.7848
          9.94755 41.0849 54.4432
          29.2237 55.0338 38.7848
          11.0589 15.3143 28.0253
          29.2237 55.0338 38.7848
          19.624 14.557 17.9801
          29.2237 55.0338 38.7848
          19.624 14.557 17.9801
          29.2237 55.0338 38.7848
          19.624 14.557 17.9801
          29.2237 55.0338 38.7848
          9.94755 41.0849 54.4432
          29.2237 55.0338 38.7848
          19.624 14.557 17.9801
          9.94755 41.0849 54.4432
          9.94755 41.0849 54.4432
          9.94755 41.0849 54.4432
          9.94755 41.0849 54.4432
          9.94755 41.0849 54.4432
          9.94755 41.0849 54.4432
          9.94755 41.0849 54.4432
          19.624 14.557 17.9801
          9.94755 41.0849 54.4432
          9.94755 41.0849 54.4432
          9.94755 41.0849 54.4432
          9.94755 41.0849 54.4432
          9.94755 41.0849 54.4432
          9.94755 41.0849 54.4432
          9.94755 41.0849 54.4432
          9.94755 41.0849 54.4432
          9.94755 41.0849 54.4432
          19.624 14.557 17.9801
          9.94755 41.0849 54.4432
          9.94755 41.0849 54.4432
          9.94755 41.0849 54.4432
          9.94755 41.0849 54.4432
          9.94755 41.0849 54.4432
          9.94755 41.0849 54.4432
          9.94755 41.0849 54.4432
          9.94755 41.0849 54.4432
          9.94755 41.0849 54.4432
          9.94755 41.0849 54.4432
          9.94755 41.0849 54.4432
          9.94755 41.0849 54.4432
          9.94755 41.0849 54.4432
          9.94755 41.0849 54.4432
          9.94755 41.0849 54.4432
          9.94755 41.0849 54.4432
          9.94755 41.0849 54.4432
          9.94755 41.0849 54.4432
          9.94755 41.0849 54.4432
          9.94755 41.0849 54.4432
          9.94755 41.0849 54.4432
          9.94755 41.0849 54.4432
          9.94755 41.0849 54.4432
          9.94755 41.0849 54.4432
          9.94755 41.0849 54.4432
          11.0589 15.3143 28.0253
          9.94755 41.0849 54.4432
          9.94755 41.0849 54.4432
          9.94755 41.0849 54.4432
          9.94755 41.0849 54.4432
          9.94755 41.0849 54.4432
          9.94755 41.0849 54.4432
          9.94755 41.0849 54.4432
          9.94755 41.0849 54.4432
          9.94755 41.0849 54.4432
          27.2245 22.3616 56.0357
          9.94755 41.0849 54.4432
          11.0589 15.3143 28.0253
          9.94755 41.0849 54.4432
          19.624 14.557 17.9801
          9.94755 41.0849 54.4432
          9.94755 41.0849 54.4432
          9.94755 41.0849 54.4432
          9.94755 41.0849 54.4432
          9.94755 41.0849 54.4432
          9.94755 41.0849 54.4432
          9.94755 41.0849 54.4432
          9.94755 41.0849 54.4432
          9.94755 41.0849 54.4432
          9.94755 41.0849 54.4432
          9.94755 41.0849 54.4432
          9.94755 41.0849 54.4432
          9.94755 41.0849 54.4432
          9.94755 41.0849 54.4432
          9.94755 41.0849 54.4432
          9.94755 41.0849 54.4432
          9.94755 41.0849 54.4432
          9.94755 41.0849 54.4432
          9.94755 41.0849 54.4432
          9.94755 41.0849 54.4432
          9.94755 41.0849 54.4432
          11.0589 15.3143 28.0253
          9.94755 41.0849 54.4432
          9.94755 41.0849 54.4432
          9.94755 41.0849 54.4432
          9.94755 41.0849 54.4432
          9.94755 41.0849 54.4432
          9.94755 41.0849 54.4432
          9.94755 41.0849 54.4432
          27.2245 22.3616 56.0357
          9.94755 41.0849 54.4432
          11.0589 15.3143 28.0253
          9.94755 41.0849 54.4432
          9.94755 41.0849 54.4432
          9.94755 41.0849 54.4432
          9.94755 41.0849 54.4432
          9.94755 41.0849 54.4432
          9.94755 41.0849 54.4432
          9.94755 41.0849 54.4432
          27.2245 22.3616 56.0357
          9.94755 41.0849 54.4432
          27.2245 22.3616 56.0357
          9.94755 41.0849 54.4432
          31.11 -1.25265 53.7571
          9.94755 41.0849 54.4432
          11.0589 15.3143 28.0253
          9.94755 41.0849 54.4432
          19.624 14.557 17.9801
          9.94755 41.0849 54.4432
          27.2245 22.3616 56.0357
          9.94755 41.0849 54.4432
          19.624 14.557 17.9801
          9.94755 41.0849 54.4432
          9.94755 41.0849 54.4432
          9.94755 41.0849 54.4432
          9.94755 41.0849 54.4432
          9.94755 41.0849 54.4432
          9.94755 41.0849 54.4432
          9.94755 41.0849 54.4432
          9.94755 41.0849 54.4432
          9.94755 41.0849 54.4432
          8.05301 -19.0645 56.1499
          27.2245 22.3616 56.0357
          27.2245 22.3616 56.0357
          27.2245 22.3616 56.0357
          27.2245 22.3616 56.0357
          27.2245 22.3616 56.0357
          11.0589 15.3143 28.0253
          27.2245 22.3616 56.0357
          19.624 14.557 17.9801
          27.2245 22.3616 56.0357
          27.2245 22.3616 56.0357
          27.2245 22.3616 56.0357
          27.2245 22.3616 56.0357
          27.2245 22.3616 56.0357
          27.2245 22.3616 56.0357
          27.2245 22.3616 56.0357
          11.0589 15.3143 28.0253
          27.2245 22.3616 56.0357
          19.624 14.557 17.9801
          27.2245 22.3616 56.0357
          19.624 14.557 17.9801
          27.2245 22.3616 56.0357
          27.2245 22.3616 56.0357
          27.2245 22.3616 56.0357
          31.11 -1.25265 53.7571
          27.2245 22.3616 56.0357
          31.11 -1.25265 53.7571
          27.2245 22.3616 56.0357
          4.71623 29.3392 40.0628
          27.2245 22.3616 56.0357
          28.1435 11.816 18.5246
          27.2245 22.3616 56.0357
          28.1435 11.816 18.5246
          27.2245 22.3616 56.0357
          11.0589 15.3143 28.0253
          27.2245 22.3616 56.0357
          19.624 14.557 17.9801
          27.2245 22.3616 56.0357
          13.6114 9.30966 15.2079
          27.2245 22.3616 56.0357
          27.2245 22.3616 56.0357
          27.2245 22.3616 56.0357
          28.1435 11.816 18.5246
          27.2245 22.3616 56.0357
          11.0589 15.3143 28.0253
          27.2245 22.3616 56.0357
          19.624 14.557 17.9801
          27.2245 22.3616 56.0357
          27.2245 22.3616 56.0357
          27.2245 22.3616 56.0357
          11.0589 15.3143 28.0253
          27.2245 22.3616 56.0357
          19.624 14.557 17.9801
          27.2245 22.3616 56.0357
          31.11 -1.25265 53.7571
          27.2245 22.3616 56.0357
          11.0589 15.3143 28.0253
          27.2245 22.3616 56.0357
          19.624 14.557 17.9801
          31.11 -1.25265 53.7571
          31.11 -1.25265 53.7571
          31.11 -1.25265 53.7571
          31.11 -1.25265 53.7571
          31.11 -1.25265 53.7571
          19.624 14.557 17.9801
          31.11 -1.25265 53.7571
          31.11 -1.25265 53.7571
          31.11 -1.25265 53.7571
          31.11 -1.25265 53.7571
          31.11 -1.25265 53.7571
          31.11 -1.25265 53.7571
          31.11 -1.25265 53.7571
          31.11 -1.25265 53.7571
          31.11 -1.25265 53.7571
          11.0589 15.3143 28.0253
          31.11 -1.25265 53.7571
          19.624 14.557 17.9801
          31.11 -1.25265 53.7571
          31.11 -1.25265 53.7571
          31.11 -1.25265 53.7571
          34.5561 -14.7523 50.9379
          31.11 -1.25265 53.7571
          28.1435 11.816 18.5246
          31.11 -1.25265 53.7571
          11.0589 15.3143 28.0253
          31.11 -1.25265 53.7571
          19.624 14.557 17.9801
          31.11 -1.25265 53.7571
          13.6114 9.30966 15.2079
          31.11 -1.25265 53.7571
          31.11 -1.25265 53.7571
          31.11 -1.25265 53.7571
          31.11 -1.25265 53.7571
          31.11 -1.25265 53.7571
          28.1435 11.816 18.5246
          31.11 -1.25265 53.7571
          28.1435 11.816 18.5246
          31.11 -1.25265 53.7571
          19.624 14.557 17.9801
          31.11 -1.25265 53.7571
          31.11 -1.25265 53.7571
          31.11 -1.25265 53.7571
          31.11 -1.25265 53.7571
          31.11 -1.25265 53.7571
          19.624 14.557 17.9801
          31.11 -1.25265 53.7571
          31.11 -1.25265 53.7571
          31.11 -1.25265 53.7571
          31.11 -1.25265 53.7571
          31.11 -1.25265 53.7571
          11.0589 15.3143 28.0253
          31.11 -1.25265 53.7571
          19.624 14.557 17.9801
          31.11 -1.25265 53.7571
          28.1435 11.816 18.5246
          31.11 -1.25265 53.7571
          19.624 14.557 17.9801
          31.11 -1.25265 53.7571
          19.624 14.557 17.9801
          31.11 -1.25265 53.7571
          31.11 -1.25265 53.7571
          31.11 -1.25265 53.7571
          19.624 14.557 17.9801
          31.11 -1.25265 53.7571
          31.11 -1.25265 53.7571
          31.11 -1.25265 53.7571
          44.5666 -26.5117 40.0997
          31.11 -1.25265 53.7571
          9.04014 -6.69177 18.8959
          31.11 -1.25265 53.7571
          11.0589 15.3143 28.0253
          31.11 -1.25265 53.7571
          19.624 14.557 17.9801
          31.11 -1.25265 53.7571
          13.6114 9.30966 15.2079
          31.11 -1.25265 53.7571
          19.624 14.557 17.9801
          31.11 -1.25265 53.7571
          31.11 -1.25265 53.7571
          31.11 -1.25265 53.7571
          8.05301 -19.0645 56.1499
          31.11 -1.25265 53.7571
          8.05301 -19.0645 56.1499
          31.11 -1.25265 53.7571
          8.05301 -19.0645 56.1499
          31.11 -1.25265 53.7571
          5.80588 -8.58273 43.5352
          31.11 -1.25265 53.7571
          21.5558 -51.2858 49.8241
          31.11 -1.25265 53.7571
          21.5558 -51.2858 49.8241
          31.11 -1.25265 53.7571
          9.04014 -6.69177 18.8959
          31.11 -1.25265 53.7571
          11.0589 15.3143 28.0253
          31.11 -1.25265 53.7571
          19.624 14.557 17.9801
          31.11 -1.25265 53.7571
          13.6114 9.30966 15.2079
          31.11 -1.25265 53.7571
          8.05301 -19.0645 56.1499
          31.11 -1.25265 53.7571
          8.05301 -19.0645 56.1499
          31.11 -1.25265 53.7571
          8.05301 -19.0645 56.1499
          31.11 -1.25265 53.7571
          19.624 14.557 17.9801
          31.11 -1.25265 53.7571
          31.11 -1.25265 53.7571
          31.11 -1.25265 53.7571
          8.05301 -19.0645 56.1499
          31.11 -1.25265 53.7571
          8.05301 -19.0645 56.1499
          31.11 -1.25265 53.7571
          8.05301 -19.0645 56.1499
          31.11 -1.25265 53.7571
          8.05301 -19.0645 56.1499
          31.11 -1.25265 53.7571
          8.05301 -19.0645 56.1499
          31.11 -1.25265 53.7571
          8.05301 -19.0645 56.1499
          8.05301 -19.0645 56.1499
          21.5558 -51.2858 49.8241
          8.05301 -19.0645 56.1499
          34.5561 -14.7523 50.9379
          8.05301 -19.0645 56.1499
          34.5561 -14.7523 50.9379
          8.05301 -19.0645 56.1499
          44.5666 -26.5117 40.0997
          8.05301 -19.0645 56.1499
          21.5558 -51.2858 49.8241
          4.25706 53.4597 22.6205
          11.0589 15.3143 28.0253
          4.25706 53.4597 22.6205
          19.624 14.557 17.9801
          4.25706 53.4597 22.6205
          2.9688 23.2735 9.78241
          4.25706 53.4597 22.6205
          11.0589 15.3143 28.0253
          4.25706 53.4597 22.6205
          19.624 14.557 17.9801
          4.25706 53.4597 22.6205
          11.0589 15.3143 28.0253
          4.25706 53.4597 22.6205
          19.624 14.557 17.9801
          4.25706 53.4597 22.6205
          -11.8313 15.726 27.0002
          4.25706 53.4597 22.6205
          11.0589 15.3143 28.0253
          4.25706 53.4597 22.6205
          19.624 14.557 17.9801
          4.71623 29.3392 40.0628
          11.0589 15.3143 28.0253
          4.71623 29.3392 40.0628
          -11.8313 15.726 27.0002
          4.71623 29.3392 40.0628
          11.0589 15.3143 28.0253
          4.71623 29.3392 40.0628
          11.0589 15.3143 28.0253
          4.71623 29.3392 40.0628
          11.0589 15.3143 28.0253
          4.71623 29.3392 40.0628
          11.0589 15.3143 28.0253
          4.71623 29.3392 40.0628
          11.0589 15.3143 28.0253
          5.80588 -8.58273 43.5352
          11.0589 15.3143 28.0253
          5.80588 -8.58273 43.5352
          19.624 14.557 17.9801
          5.80588 -8.58273 43.5352
          11.0589 15.3143 28.0253
          5.80588 -8.58273 43.5352
          11.0589 15.3143 28.0253
          5.80588 -8.58273 43.5352
          19.624 14.557 17.9801
          5.80588 -8.58273 43.5352
          13.6114 9.30966 15.2079
          5.80588 -8.58273 43.5352
          11.0589 15.3143 28.0253
          5.80588 -8.58273 43.5352
          19.624 14.557 17.9801
          5.80588 -8.58273 43.5352
          11.0589 15.3143 28.0253
          5.80588 -8.58273 43.5352
          11.0589 15.3143 28.0253
          5.80588 -8.58273 43.5352
          11.0589 15.3143 28.0253
          5.80588 -8.58273 43.5352
          44.5666 -26.5117 40.0997
          5.80588 -8.58273 43.5352
          9.04014 -6.69177 18.8959
          5.80588 -8.58273 43.5352
          11.0589 15.3143 28.0253
          5.80588 -8.58273 43.5352
          19.624 14.557 17.9801
          6.42243 -30.3992 24.9055
          11.0589 15.3143 28.0253
          6.42243 -30.3992 24.9055
          19.8646 -8.82999 4.67885
          6.42243 -30.3992 24.9055
          19.8646 -8.82999 4.67885
          6.42243 -30.3992 24.9055
          10.4267 -46.0561 39.1165
          6.42243 -30.3992 24.9055
          19.8646 -8.82999 4.67885
          34.5561 -14.7523 50.9379
          34.5561 -14.7523 50.9379
          34.5561 -14.7523 50.9379
          19.624 14.557 17.9801
          34.5561 -14.7523 50.9379
          19.624 14.557 17.9801
          34.5561 -14.7523 50.9379
          19.624 14.557 17.9801
          34.5561 -14.7523 50.9379
          19.624 14.557 17.9801
          34.5561 -14.7523 50.9379
          19.624 14.557 17.9801
          44.5666 -26.5117 40.0997
          44.5666 -26.5117 40.0997
          44.5666 -26.5117 40.0997
          44.5666 -26.5117 40.0997
          44.5666 -26.5117 40.0997
          19.624 14.557 17.9801
          44.5666 -26.5117 40.0997
          19.624 14.557 17.9801
          44.5666 -26.5117 40.0997
          21.5558 -51.2858 49.8241
          44.5666 -26.5117 40.0997
          44.5666 -26.5117 40.0997
          44.5666 -26.5117 40.0997
          11.0589 15.3143 28.0253
          44.5666 -26.5117 40.0997
          19.624 14.557 17.9801
          44.5666 -26.5117 40.0997
          19.624 14.557 17.9801
          44.5666 -26.5117 40.0997
          21.5558 -51.2858 49.8241
          44.5666 -26.5117 40.0997
          21.5558 -51.2858 49.8241
          44.5666 -26.5117 40.0997
          38.9869 -53.4941 33.9347
          44.5666 -26.5117 40.0997
          9.04014 -6.69177 18.8959
          44.5666 -26.5117 40.0997
          11.0589 15.3143 28.0253
          44.5666 -26.5117 40.0997
          19.624 14.557 17.9801
          44.5666 -26.5117 40.0997
          19.8646 -8.82999 4.67885
          21.5558 -51.2858 49.8241
          10.4267 -46.0561 39.1165
          21.5558 -51.2858 49.8241
          28.1435 11.816 18.5246
          21.5558 -51.2858 49.8241
          19.624 14.557 17.9801
          21.5558 -51.2858 49.8241
          21.5558 -51.2858 49.8241
          21.5558 -51.2858 49.8241
          21.5558 -51.2858 49.8241
          21.5558 -51.2858 49.8241
          21.5558 -51.2858 49.8241
          21.5558 -51.2858 49.8241
          10.4267 -46.0561 39.1165
          21.5558 -51.2858 49.8241
          10.4267 -46.0561 39.1165
          21.5558 -51.2858 49.8241
          10.4267 -46.0561 39.1165
          21.5558 -51.2858 49.8241
          10.4267 -46.0561 39.1165
          21.5558 -51.2858 49.8241
          10.4267 -46.0561 39.1165
          21.5558 -51.2858 49.8241
          10.4267 -46.0561 39.1165
          21.5558 -51.2858 49.8241
          10.4267 -46.0561 39.1165
          21.5558 -51.2858 49.8241
          10.4267 -46.0561 39.1165
          21.5558 -51.2858 49.8241
          10.4267 -46.0561 39.1165
          21.5558 -51.2858 49.8241
          10.4267 -46.0561 39.1165
          21.5558 -51.2858 49.8241
          10.4267 -46.0561 39.1165
          21.5558 -51.2858 49.8241
          10.4267 -46.0561 39.1165
          21.5558 -51.2858 49.8241
          10.4267 -46.0561 39.1165
          21.5558 -51.2858 49.8241
          10.4267 -46.0561 39.1165
          21.5558 -51.2858 49.8241
          10.4267 -46.0561 39.1165
          21.5558 -51.2858 49.8241
          10.4267 -46.0561 39.1165
          21.5558 -51.2858 49.8241
          10.4267 -46.0561 39.1165
          21.5558 -51.2858 49.8241
          21.5558 -51.2858 49.8241
          21.5558 -51.2858 49.8241
          11.1814 -65.1414 11.3224
          21.5558 -51.2858 49.8241
          10.4267 -46.0561 39.1165
          38.9869 -53.4941 33.9347
          38.9869 -53.4941 33.9347
          38.9869 -53.4941 33.9347
          38.9869 -53.4941 33.9347
          38.9869 -53.4941 33.9347
          49.8277 -26.7832 16.9221
          38.9869 -53.4941 33.9347
          28.1435 11.816 18.5246
          38.9869 -53.4941 33.9347
          19.8646 -8.82999 4.67885
          38.9869 -53.4941 33.9347
          19.8646 -8.82999 4.67885
          38.9869 -53.4941 33.9347
          31.7006 -27.545 -5.60129
          38.9869 -53.4941 33.9347
          28.1435 11.816 18.5246
          38.9869 -53.4941 33.9347
          19.8646 -8.82999 4.67885
          38.9869 -53.4941 33.9347
          38.9869 -53.4941 33.9347
          38.9869 -53.4941 33.9347
          28.9215 -70.6473 3.88919
          38.9869 -53.4941 33.9347
          11.6312 -54.2723 2.49658
          38.9869 -53.4941 33.9347
          19.8646 -8.82999 4.67885
          38.9869 -53.4941 33.9347
          28.9215 -70.6473 3.88919
          10.4267 -46.0561 39.1165
          28.9215 -70.6473 3.88919
          10.4267 -46.0561 39.1165
          19.8646 -8.82999 4.67885
          10.4267 -46.0561 39.1165
          19.8646 -8.82999 4.67885
          10.4267 -46.0561 39.1165
          10.4267 -46.0561 39.1165
          10.4267 -46.0561 39.1165
          10.4267 -46.0561 39.1165
          11.1814 -65.1414 11.3224
          28.9215 -70.6473 3.88919
          11.1814 -65.1414 11.3224
          28.9215 -70.6473 3.88919
          11.1814 -65.1414 11.3224
          28.9215 -70.6473 3.88919
          11.1814 -65.1414 11.3224
          28.9215 -70.6473 3.88919
          11.1814 -65.1414 11.3224
          28.9215 -70.6473 3.88919
          11.1814 -65.1414 11.3224
          28.9215 -70.6473 3.88919
          28.9215 -70.6473 3.88919
          28.9215 -70.6473 3.88919
          28.9215 -70.6473 3.88919
          28.9215 -70.6473 3.88919
          28.9215 -70.6473 3.88919
          28.9215 -70.6473 3.88919
          28.9215 -70.6473 3.88919
          28.9215 -70.6473 3.88919
          28.9215 -70.6473 3.88919
          28.9215 -70.6473 3.88919
          28.9215 -70.6473 3.88919
          28.9215 -70.6473 3.88919
          28.9215 -70.6473 3.88919
          11.6312 -54.2723 2.49658
          28.9215 -70.6473 3.88919
          31.7006 -27.545 -5.60129
          28.9215 -70.6473 3.88919
          31.7006 -27.545 -5.60129
          28.9215 -70.6473 3.88919
          31.7006 -27.545 -5.60129
          28.9215 -70.6473 3.88919
          31.7006 -27.545 -5.60129
          28.9215 -70.6473 3.88919
          31.7006 -27.545 -5.60129
          28.9215 -70.6473 3.88919
          31.7006 -27.545 -5.60129
          28.9215 -70.6473 3.88919
          31.7006 -27.545 -5.60129
          28.9215 -70.6473 3.88919
          31.7006 -27.545 -5.60129
          28.9215 -70.6473 3.88919
          31.7006 -27.545 -5.60129
          31.7006 -27.545 -5.60129
          19.8646 -8.82999 4.67885
          31.7006 -27.545 -5.60129
          28.1435 11.816 18.5246
          21.1942 -15.3938 -1.90749
          19.8646 -8.82999 4.67885
          21.1942 -15.3938 -1.90749
          19.8646 -8.82999 4.67885
          18.5569 8.0568 -10.1865
          19.8646 -8.82999 4.67885
          41.1061 -13.057 -7.61823
          28.1435 11.816 18.5246
          41.1061 -13.057 -7.61823
          15.7558 13.8683 -0.176427
          41.1061 -13.057 -7.61823
          48.8105 -6.15717 0.849614
          41.1061 -13.057 -7.61823
          48.8105 -6.15717 0.849614
          41.1061 -13.057 -7.61823
          48.8105 -6.15717 0.849614
          41.1061 -13.057 -7.61823
          48.8105 -6.15717 0.849614
          41.1061 -13.057 -7.61823
          49.8277 -26.7832 16.9221
          41.1061 -13.057 -7.61823
          48.8105 -6.15717 0.849614
          41.1061 -13.057 -7.61823
          48.8105 -6.15717 0.849614
          41.1061 -13.057 -7.61823
          48.8105 -6.15717 0.849614
          41.1061 -13.057 -7.61823
          49.8277 -26.7832 16.9221
          41.1061 -13.057 -7.61823
          49.8277 -26.7832 16.9221
          48.8105 -6.15717 0.849614
          19.8646 -8.82999 4.67885
          48.8105 -6.15717 0.849614
          48.8105 -6.15717 0.849614
          48.8105 -6.15717 0.849614
          19.8646 -8.82999 4.67885
          49.8277 -26.7832 16.9221
          19.8646 -8.82999 4.67885
          49.8277 -26.7832 16.9221
          19.8646 -8.82999 4.67885
          49.8277 -26.7832 16.9221
          44.3803 3.9103 13.6128
          49.8277 -26.7832 16.9221
          44.3803 3.9103 13.6128
          49.8277 -26.7832 16.9221
          28.1435 11.816 18.5246
          49.8277 -26.7832 16.9221
          19.8646 -8.82999 4.67885
          44.3803 3.9103 13.6128
          28.1435 11.816 18.5246
          44.3803 3.9103 13.6128
          19.8646 -8.82999 4.67885
          44.3803 3.9103 13.6128
          19.8646 -8.82999 4.67885
          44.3803 3.9103 13.6128
          19.8646 -8.82999 4.67885
          44.3803 3.9103 13.6128
          19.8646 -8.82999 4.67885
          44.3803 3.9103 13.6128
          28.1435 11.816 18.5246
          28.1435 11.816 18.5246
          9.04014 -6.69177 18.8959
          28.1435 11.816 18.5246
          11.0589 15.3143 28.0253
          28.1435 11.816 18.5246
          19.624 14.557 17.9801
          28.1435 11.816 18.5246
          28.1435 11.816 18.5246
          28.1435 11.816 18.5246
          19.624 14.557 17.9801
          28.1435 11.816 18.5246
          28.1435 11.816 18.5246
          28.1435 11.816 18.5246
          19.624 14.557 17.9801
          28.1435 11.816 18.5246
          19.624 14.557 17.9801
          28.1435 11.816 18.5246
          9.04014 -6.69177 18.8959
          28.1435 11.816 18.5246
          19.624 14.557 17.9801
          28.1435 11.816 18.5246
          19.8646 -8.82999 4.67885
          28.1435 11.816 18.5246
          15.7558 13.8683 -0.176427
          28.1435 11.816 18.5246
          19.8646 -8.82999 4.67885
          28.1435 11.816 18.5246
          19.624 14.557 17.9801
          28.1435 11.816 18.5246
          19.624 14.557 17.9801
          28.1435 11.816 18.5246
          19.624 14.557 17.9801
          28.1435 11.816 18.5246
          19.624 14.557 17.9801
          28.1435 11.816 18.5246
          19.624 14.557 17.9801
          28.1435 11.816 18.5246
          19.624 14.557 17.9801
          28.1435 11.816 18.5246
          15.7558 13.8683 -0.176427
          28.1435 11.816 18.5246
          28.1435 11.816 18.5246
          28.1435 11.816 18.5246
          19.8646 -8.82999 4.67885
          28.1435 11.816 18.5246
          15.7558 13.8683 -0.176427
          28.1435 11.816 18.5246
          19.624 14.557 17.9801
          28.1435 11.816 18.5246
          19.8646 -8.82999 4.67885
          28.1435 11.816 18.5246
          15.7558 13.8683 -0.176427
          28.1435 11.816 18.5246
          19.624 14.557 17.9801
          28.1435 11.816 18.5246
          15.7558 13.8683 -0.176427
          28.1435 11.816 18.5246
          19.624 14.557 17.9801
          28.1435 11.816 18.5246
          15.7558 13.8683 -0.176427
          9.04014 -6.69177 18.8959
          11.0589 15.3143 28.0253
          9.04014 -6.69177 18.8959
          19.624 14.557 17.9801
          9.04014 -6.69177 18.8959
          13.6114 9.30966 15.2079
          9.04014 -6.69177 18.8959
          2.9688 23.2735 9.78241
          9.04014 -6.69177 18.8959
          19.8646 -8.82999 4.67885
          9.04014 -6.69177 18.8959
          15.7558 13.8683 -0.176427
          9.04014 -6.69177 18.8959
          -9.90134 -7.23057 18.6565
          9.04014 -6.69177 18.8959
          -11.8313 15.726 27.0002
          9.04014 -6.69177 18.8959
          -0.547493 -12.7644 -12.654
          11.0589 15.3143 28.0253
          19.624 14.557 17.9801
          11.0589 15.3143 28.0253
          13.6114 9.30966 15.2079
          11.0589 15.3143 28.0253
          2.9688 23.2735 9.78241
          11.0589 15.3143 28.0253
          19.8646 -8.82999 4.67885
          11.0589 15.3143 28.0253
          15.7558 13.8683 -0.176427
          11.0589 15.3143 28.0253
          -6.27168 51.221 25.0412
          11.0589 15.3143 28.0253
          -5.10431 27.5226 40.9898
          11.0589 15.3143 28.0253
          -9.90134 -7.23057 18.6565
          11.0589 15.3143 28.0253
          -11.8313 15.726 27.0002
          11.0589 15.3143 28.0253
          -5.41425 22.2378 9.83594
          11.0589 15.3143 28.0253
          -0.547493 -12.7644 -12.654
          19.624 14.557 17.9801
          13.6114 9.30966 15.2079
          19.624 14.557 17.9801
          2.9688 23.2735 9.78241
          19.624 14.557 17.9801
          19.8646 -8.82999 4.67885
          19.624 14.557 17.9801
          15.7558 13.8683 -0.176427
          13.6114 9.30966 15.2079
          2.9688 23.2735 9.78241
          13.6114 9.30966 15.2079
          19.8646 -8.82999 4.67885
          13.6114 9.30966 15.2079
          15.7558 13.8683 -0.176427
          2.9688 23.2735 9.78241
          19.8646 -8.82999 4.67885
          2.9688 23.2735 9.78241
          -0.547493 -12.7644 -12.654
          19.8646 -8.82999 4.67885
          15.7558 13.8683 -0.176427
          19.8646 -8.82999 4.67885
          -0.547493 -12.7644 -12.654
          -19.7832 47.0317 6.84171
          -19.7832 47.0317 6.84171
          -19.7832 47.0317 6.84171
          -21.0997 11.8784 17.8889
          -19.7832 47.0317 6.84171
          -21.0997 11.8784 17.8889
          -19.7832 47.0317 6.84171
          -11.8313 15.726 27.0002
          -19.7832 47.0317 6.84171
          -21.0997 11.8784 17.8889
          -19.7832 47.0317 6.84171
          -21.0997 11.8784 17.8889
          -19.7832 47.0317 6.84171
          -11.8313 15.726 27.0002
          -19.7832 47.0317 6.84171
          -21.0997 11.8784 17.8889
          -19.7832 47.0317 6.84171
          -5.41425 22.2378 9.83594
          -19.7832 47.0317 6.84171
          -21.0997 11.8784 17.8889
          -19.7832 47.0317 6.84171
          -21.0997 11.8784 17.8889
          -19.7832 47.0317 6.84171
          -19.7832 47.0317 6.84171
          -19.7832 47.0317 6.84171
          -19.7832 47.0317 6.84171
          -19.7832 47.0317 6.84171
          -19.7832 47.0317 6.84171
          -19.7832 47.0317 6.84171
          -29.7138 56.835 36.5613
          -19.7832 47.0317 6.84171
          -29.7138 56.835 36.5613
          -19.7832 47.0317 6.84171
          -21.0997 11.8784 17.8889
          -19.7832 47.0317 6.84171
          -19.7832 47.0317 6.84171
          -19.7832 47.0317 6.84171
          -19.7832 47.0317 6.84171
          -19.7832 47.0317 6.84171
          -19.7832 47.0317 6.84171
          -19.7832 47.0317 6.84171
          -39.7284 40.4211 23.3573
          -19.7832 47.0317 6.84171
          -39.7284 40.4211 23.3573
          -19.7832 47.0317 6.84171
          -39.7284 40.4211 23.3573
          -19.7832 47.0317 6.84171
          -29.7138 56.835 36.5613
          -19.7832 47.0317 6.84171
          -29.7138 56.835 36.5613
          -19.7832 47.0317 6.84171
          -21.0997 11.8784 17.8889
          -19.7832 47.0317 6.84171
          -39.7284 40.4211 23.3573
          -19.7832 47.0317 6.84171
          -29.7138 56.835 36.5613
          -19.7832 47.0317 6.84171
          -21.0997 11.8784 17.8889
          -19.7832 47.0317 6.84171
          -6.29201 55.7409 8.23329
          -19.7832 47.0317 6.84171
          -39.7284 40.4211 23.3573
          -19.7832 47.0317 6.84171
          -11.8313 15.726 27.0002
          -19.7832 47.0317 6.84171
          -21.0997 11.8784 17.8889
          -6.29201 55.7409 8.23329
          -29.7138 56.835 36.5613
          -6.29201 55.7409 8.23329
          -29.7138 56.835 36.5613
          -6.29201 55.7409 8.23329
          -8.5702 36.9271 55.219
          -6.29201 55.7409 8.23329
          -21.0997 11.8784 17.8889
          -6.29201 55.7409 8.23329
          -29.7138 56.835 36.5613
          -6.29201 55.7409 8.23329
          -29.7138 56.835 36.5613
          -6.29201 55.7409 8.23329
          -29.7138 56.835 36.5613
          -6.29201 55.7409 8.23329
          -11.8313 15.726 27.0002
          -6.29201 55.7409 8.23329
          -21.0997 11.8784 17.8889
          -6.29201 55.7409 8.23329
          -11.8313 15.726 27.0002
          -6.29201 55.7409 8.23329
          -21.0997 11.8784 17.8889
          -6.29201 55.7409 8.23329
          -11.8313 15.726 27.0002
          -39.7284 40.4211 23.3573
          -39.7284 40.4211 23.3573
          -39.7284 40.4211 23.3573
          -29.7138 56.835 36.5613
          -39.7284 40.4211 23.3573
          -29.7138 56.835 36.5613
          -39.7284 40.4211 23.3573
          -29.7138 56.835 36.5613
          -39.7284 40.4211 23.3573
          -21.0997 11.8784 17.8889
          -39.7284 40.4211 23.3573
          -42.4155 25.3999 31.7682
          -39.7284 40.4211 23.3573
          -42.4155 25.3999 31.7682
          -39.7284 40.4211 23.3573
          -42.4155 25.3999 31.7682
          -39.7284 40.4211 23.3573
          -42.4155 25.3999 31.7682
          -39.7284 40.4211 23.3573
          -29.7138 56.835 36.5613
          -39.7284 40.4211 23.3573
          -29.7138 56.835 36.5613
          -39.7284 40.4211 23.3573
          -29.7138 56.835 36.5613
          -39.7284 40.4211 23.3573
          -29.7138 56.835 36.5613
          -39.7284 40.4211 23.3573
          -21.0997 11.8784 17.8889
          -42.4155 25.3999 31.7682
          -42.4155 25.3999 31.7682
          -42.4155 25.3999 31.7682
          -42.4155 25.3999 31.7682
          -42.4155 25.3999 31.7682
          -42.4155 25.3999 31.7682
          -42.4155 25.3999 31.7682
          -42.4155 25.3999 31.7682
          -42.4155 25.3999 31.7682
          -11.8313 15.726 27.0002
          -42.4155 25.3999 31.7682
          -21.0997 11.8784 17.8889
          -42.4155 25.3999 31.7682
          -29.1616 9.05615 19.2311
          -42.4155 25.3999 31.7682
          -21.0997 11.8784 17.8889
          -42.4155 25.3999 31.7682
          -32.1237 -3.61186 49.912
          -29.7138 56.835 36.5613
          -29.7138 56.835 36.5613
          -29.7138 56.835 36.5613
          -27.5447 17.9684 56.3541
          -29.7138 56.835 36.5613
          -29.7138 56.835 36.5613
          -29.7138 56.835 36.5613
          -11.8313 15.726 27.0002
          -29.7138 56.835 36.5613
          -21.0997 11.8784 17.8889
          -29.7138 56.835 36.5613
          -29.7138 56.835 36.5613
          -29.7138 56.835 36.5613
          -29.7138 56.835 36.5613
          -29.7138 56.835 36.5613
          -29.7138 56.835 36.5613
          -29.7138 56.835 36.5613
          -11.8313 15.726 27.0002
          -29.7138 56.835 36.5613
          -21.0997 11.8784 17.8889
          -29.7138 56.835 36.5613
          -29.7138 56.835 36.5613
          -29.7138 56.835 36.5613
          -29.7138 56.835 36.5613
          -29.7138 56.835 36.5613
          -29.7138 56.835 36.5613
          -29.7138 56.835 36.5613
          -8.5702 36.9271 55.219
          -29.7138 56.835 36.5613
          -8.5702 36.9271 55.219
          -29.7138 56.835 36.5613
          -27.5447 17.9684 56.3541
          -29.7138 56.835 36.5613
          -29.1616 9.05615 19.2311
          -29.7138 56.835 36.5613
          -11.8313 15.726 27.0002
          -29.7138 56.835 36.5613
          -21.0997 11.8784 17.8889
          -29.7138 56.835 36.5613
          -29.7138 56.835 36.5613
          -29.7138 56.835 36.5613
          -29.7138 56.835 36.5613
          -29.7138 56.835 36.5613
          -29.7138 56.835 36.5613
          -29.7138 56.835 36.5613
          -29.7138 56.835 36.5613
          -29.7138 56.835 36.5613
          -8.5702 36.9271 55.219
          -29.7138 56.835 36.5613
          -11.8313 15.726 27.0002
          -29.7138 56.835 36.5613
          -21.0997 11.8784 17.8889
          -29.7138 56.835 36.5613
          -29.7138 56.835 36.5613
          -29.7138 56.835 36.5613
          -29.7138 56.835 36.5613
          -29.7138 56.835 36.5613
          -11.8313 15.726 27.0002
          -29.7138 56.835 36.5613
          -21.0997 11.8784 17.8889
          -29.7138 56.835 36.5613
          -11.8313 15.726 27.0002
          -29.7138 56.835 36.5613
          -21.0997 11.8784 17.8889
          -29.7138 56.835 36.5613
          -21.0997 11.8784 17.8889
          -29.7138 56.835 36.5613
          -8.5702 36.9271 55.219
          -29.7138 56.835 36.5613
          -21.0997 11.8784 17.8889
          -8.5702 36.9271 55.219
          -8.5702 36.9271 55.219
          -8.5702 36.9271 55.219
          -8.5702 36.9271 55.219
          -8.5702 36.9271 55.219
          -8.5702 36.9271 55.219
          -8.5702 36.9271 55.219
          -8.5702 36.9271 55.219
          -8.5702 36.9271 55.219
          -8.5702 36.9271 55.219
          -8.5702 36.9271 55.219
          -21.0997 11.8784 17.8889
          -8.5702 36.9271 55.219
          -8.5702 36.9271 55.219
          -8.5702 36.9271 55.219
          -8.5702 36.9271 55.219
          -8.5702 36.9271 55.219
          -8.5702 36.9271 55.219
          -8.5702 36.9271 55.219
          -8.5702 36.9271 55.219
          -8.5702 36.9271 55.219
          -8.5702 36.9271 55.219
          -8.5702 36.9271 55.219
          -8.5702 36.9271 55.219
          -8.5702 36.9271 55.219
          -8.5702 36.9271 55.219
          -8.5702 36.9271 55.219
          -8.5702 36.9271 55.219
          -8.5702 36.9271 55.219
          -8.5702 36.9271 55.219
          -8.5702 36.9271 55.219
          -8.5702 36.9271 55.219
          -8.5702 36.9271 55.219
          -21.0997 11.8784 17.8889
          -8.5702 36.9271 55.219
          -8.5702 36.9271 55.219
          -8.5702 36.9271 55.219
          -8.5702 36.9271 55.219
          -8.5702 36.9271 55.219
          -8.5702 36.9271 55.219
          -8.5702 36.9271 55.219
          -8.5702 36.9271 55.219
          -8.5702 36.9271 55.219
          -8.5702 36.9271 55.219
          -8.5702 36.9271 55.219
          -8.5702 36.9271 55.219
          -8.5702 36.9271 55.219
          -8.5702 36.9271 55.219
          -8.5702 36.9271 55.219
          -8.5702 36.9271 55.219
          -8.5702 36.9271 55.219
          -8.5702 36.9271 55.219
          -8.5702 36.9271 55.219
          -8.5702 36.9271 55.219
          -8.5702 36.9271 55.219
          -8.5702 36.9271 55.219
          -8.5702 36.9271 55.219
          -8.5702 36.9271 55.219
          -8.5702 36.9271 55.219
          -8.5702 36.9271 55.219
          -8.5702 36.9271 55.219
          -8.5702 36.9271 55.219
          -8.5702 36.9271 55.219
          -8.5702 36.9271 55.219
          -8.5702 36.9271 55.219
          -8.5702 36.9271 55.219
          -8.5702 36.9271 55.219
          -8.5702 36.9271 55.219
          -8.5702 36.9271 55.219
          -8.5702 36.9271 55.219
          -8.5702 36.9271 55.219
          -8.5702 36.9271 55.219
          -8.5702 36.9271 55.219
          -8.5702 36.9271 55.219
          -8.5702 36.9271 55.219
          -8.5702 36.9271 55.219
          -8.5702 36.9271 55.219
          -11.8313 15.726 27.0002
          -8.5702 36.9271 55.219
          -21.0997 11.8784 17.8889
          -8.5702 36.9271 55.219
          -8.5702 36.9271 55.219
          -8.5702 36.9271 55.219
          -27.5447 17.9684 56.3541
          -8.5702 36.9271 55.219
          -5.10431 27.5226 40.9898
          -8.5702 36.9271 55.219
          -11.8313 15.726 27.0002
          -8.5702 36.9271 55.219
          -21.0997 11.8784 17.8889
          -8.5702 36.9271 55.219
          -8.5702 36.9271 55.219
          -8.5702 36.9271 55.219
          -8.5702 36.9271 55.219
          -8.5702 36.9271 55.219
          -8.5702 36.9271 55.219
          -8.5702 36.9271 55.219
          -8.5702 36.9271 55.219
          -8.5702 36.9271 55.219
          -8.5702 36.9271 55.219
          -8.5702 36.9271 55.219
          -8.5702 36.9271 55.219
          -8.5702 36.9271 55.219
          -8.5702 36.9271 55.219
          -8.5702 36.9271 55.219
          -8.5702 36.9271 55.219
          -8.5702 36.9271 55.219
          -8.5702 36.9271 55.219
          -8.5702 36.9271 55.219
          -5.28857 -10.028 42.3963
          -8.5702 36.9271 55.219
          -8.5702 36.9271 55.219
          -8.5702 36.9271 55.219
          -8.5702 36.9271 55.219
          -8.5702 36.9271 55.219
          -8.5702 36.9271 55.219
          -8.5702 36.9271 55.219
          -8.5702 36.9271 55.219
          -8.5702 36.9271 55.219
          -8.5702 36.9271 55.219
          -8.5702 36.9271 55.219
          -21.0997 11.8784 17.8889
          -8.5702 36.9271 55.219
          -8.5702 36.9271 55.219
          -8.5702 36.9271 55.219
          -8.5702 36.9271 55.219
          -8.5702 36.9271 55.219
          -8.5702 36.9271 55.219
          -8.5702 36.9271 55.219
          -8.5702 36.9271 55.219
          -8.5702 36.9271 55.219
          -8.5702 36.9271 55.219
          -8.5702 36.9271 55.219
          -8.5702 36.9271 55.219
          -8.5702 36.9271 55.219
          -27.5447 17.9684 56.3541
          -8.5702 36.9271 55.219
          -5.10431 27.5226 40.9898
          -8.5702 36.9271 55.219
          -11.8313 15.726 27.0002
          -8.5702 36.9271 55.219
          -21.0997 11.8784 17.8889
          -8.5702 36.9271 55.219
          -8.5702 36.9271 55.219
          -8.5702 36.9271 55.219
          -8.5702 36.9271 55.219
          -8.5702 36.9271 55.219
          -8.5702 36.9271 55.219
          -8.5702 36.9271 55.219
          -8.5702 36.9271 55.219
          -8.5702 36.9271 55.219
          -27.5447 17.9684 56.3541
          -8.5702 36.9271 55.219
          -27.5447 17.9684 56.3541
          -8.5702 36.9271 55.219
          -11.8313 15.726 27.0002
          -8.5702 36.9271 55.219
          -21.0997 11.8784 17.8889
          -8.5702 36.9271 55.219
          -8.5702 36.9271 55.219
          -27.5447 17.9684 56.3541
          -27.5447 17.9684 56.3541
          -27.5447 17.9684 56.3541
          -27.5447 17.9684 56.3541
          -27.5447 17.9684 56.3541
          -27.5447 17.9684 56.3541
          -27.5447 17.9684 56.3541
          -11.8313 15.726 27.0002
          -27.5447 17.9684 56.3541
          -21.0997 11.8784 17.8889
          -27.5447 17.9684 56.3541
          -27.5447 17.9684 56.3541
          -27.5447 17.9684 56.3541
          -5.10431 27.5226 40.9898
          -27.5447 17.9684 56.3541
          -5.10431 27.5226 40.9898
          -27.5447 17.9684 56.3541
          -29.1616 9.05615 19.2311
          -27.5447 17.9684 56.3541
          -11.8313 15.726 27.0002
          -27.5447 17.9684 56.3541
          -21.0997 11.8784 17.8889
          -27.5447 17.9684 56.3541
          -15.9281 7.61095 14.7797
          -27.5447 17.9684 56.3541
          -27.5447 17.9684 56.3541
          -27.5447 17.9684 56.3541
          -27.5447 17.9684 56.3541
          -27.5447 17.9684 56.3541
          -32.1237 -3.61186 49.912
          -27.5447 17.9684 56.3541
          -29.1616 9.05615 19.2311
          -27.5447 17.9684 56.3541
          -11.8313 15.726 27.0002
          -27.5447 17.9684 56.3541
          -21.0997 11.8784 17.8889
          -27.5447 17.9684 56.3541
          -27.5447 17.9684 56.3541
          -27.5447 17.9684 56.3541
          -27.5447 17.9684 56.3541
          -27.5447 17.9684 56.3541
          -11.8313 15.726 27.0002
          -27.5447 17.9684 56.3541
          -21.0997 11.8784 17.8889
          -27.5447 17.9684 56.3541
          -27.5447 17.9684 56.3541
          -27.5447 17.9684 56.3541
          -32.1237 -3.61186 49.912
          -27.5447 17.9684 56.3541
          -11.8313 15.726 27.0002
          -27.5447 17.9684 56.3541
          -21.0997 11.8784 17.8889
          -27.5447 17.9684 56.3541
          -32.1237 -3.61186 49.912
          -27.5447 17.9684 56.3541
          -32.1237 -3.61186 49.912
          -27.5447 17.9684 56.3541
          -11.8313 15.726 27.0002
          -27.5447 17.9684 56.3541
          -21.0997 11.8784 17.8889
          -32.1237 -3.61186 49.912
          -5.5458 -21.9814 57.293
          -32.1237 -3.61186 49.912
          -5.5458 -21.9814 57.293
          -32.1237 -3.61186 49.912
          -5.5458 -21.9814 57.293
          -32.1237 -3.61186 49.912
          -32.1237 -3.61186 49.912
          -32.1237 -3.61186 49.912
          -32.1237 -3.61186 49.912
          -32.1237 -3.61186 49.912
          -5.5458 -21.9814 57.293
          -32.1237 -3.61186 49.912
          -5.5458 -21.9814 57.293
          -32.1237 -3.61186 49.912
          -5.5458 -21.9814 57.293
          -32.1237 -3.61186 49.912
          -5.5458 -21.9814 57.293
          -32.1237 -3.61186 49.912
          -9.90134 -7.23057 18.6565
          -32.1237 -3.61186 49.912
          -21.0997 11.8784 17.8889
          -32.1237 -3.61186 49.912
          -32.1237 -3.61186 49.912
          -32.1237 -3.61186 49.912
          -5.5458 -21.9814 57.293
          -32.1237 -3.61186 49.912
          -21.0997 11.8784 17.8889
          -32.1237 -3.61186 49.912
          -32.1237 -3.61186 49.912
          -32.1237 -3.61186 49.912
          -32.1237 -3.61186 49.912
          -32.1237 -3.61186 49.912
          -32.1237 -3.61186 49.912
          -32.1237 -3.61186 49.912
          -5.5458 -21.9814 57.293
          -32.1237 -3.61186 49.912
          -5.5458 -21.9814 57.293
          -32.1237 -3.61186 49.912
          -5.5458 -21.9814 57.293
          -32.1237 -3.61186 49.912
          -5.28857 -10.028 42.3963
          -32.1237 -3.61186 49.912
          -36.3225 -18.3068 48.7455
          -32.1237 -3.61186 49.912
          -17.4302 -55.1247 46.661
          -32.1237 -3.61186 49.912
          -17.4302 -55.1247 46.661
          -32.1237 -3.61186 49.912
          -9.90134 -7.23057 18.6565
          -32.1237 -3.61186 49.912
          -11.8313 15.726 27.0002
          -32.1237 -3.61186 49.912
          -21.0997 11.8784 17.8889
          -32.1237 -3.61186 49.912
          -15.9281 7.61095 14.7797
          -32.1237 -3.61186 49.912
          -32.1237 -3.61186 49.912
          -32.1237 -3.61186 49.912
          -32.1237 -3.61186 49.912
          -32.1237 -3.61186 49.912
          -36.3225 -18.3068 48.7455
          -32.1237 -3.61186 49.912
          -44.1591 -32.0023 38.8497
          -32.1237 -3.61186 49.912
          -29.1616 9.05615 19.2311
          -32.1237 -3.61186 49.912
          -9.90134 -7.23057 18.6565
          -32.1237 -3.61186 49.912
          -11.8313 15.726 27.0002
          -32.1237 -3.61186 49.912
          -21.0997 11.8784 17.8889
          -32.1237 -3.61186 49.912
          -15.9281 7.61095 14.7797
          -32.1237 -3.61186 49.912
          -21.0997 11.8784 17.8889
          -32.1237 -3.61186 49.912
          -32.1237 -3.61186 49.912
          -32.1237 -3.61186 49.912
          -32.1237 -3.61186 49.912
          -32.1237 -3.61186 49.912
          -29.1616 9.05615 19.2311
          -32.1237 -3.61186 49.912
          -29.1616 9.05615 19.2311
          -32.1237 -3.61186 49.912
          -9.90134 -7.23057 18.6565
          -32.1237 -3.61186 49.912
          -11.8313 15.726 27.0002
          -32.1237 -3.61186 49.912
          -21.0997 11.8784 17.8889
          -32.1237 -3.61186 49.912
          -15.9281 7.61095 14.7797
          -32.1237 -3.61186 49.912
          -21.0997 11.8784 17.8889
          -32.1237 -3.61186 49.912
          -32.1237 -3.61186 49.912
          -32.1237 -3.61186 49.912
          -17.4302 -55.1247 46.661
          -32.1237 -3.61186 49.912
          -29.1616 9.05615 19.2311
          -32.1237 -3.61186 49.912
          -29.1616 9.05615 19.2311
          -32.1237 -3.61186 49.912
          -9.90134 -7.23057 18.6565
          -32.1237 -3.61186 49.912
          -11.8313 15.726 27.0002
          -32.1237 -3.61186 49.912
          -21.0997 11.8784 17.8889
          -32.1237 -3.61186 49.912
          -15.9281 7.61095 14.7797
          -32.1237 -3.61186 49.912
          -32.1237 -3.61186 49.912
          -32.1237 -3.61186 49.912
          -9.90134 -7.23057 18.6565
          -32.1237 -3.61186 49.912
          -11.8313 15.726 27.0002
          -32.1237 -3.61186 49.912
          -21.0997 11.8784 17.8889
          -32.1237 -3.61186 49.912
          -21.0997 11.8784 17.8889
          -32.1237 -3.61186 49.912
          -32.1237 -3.61186 49.912
          -32.1237 -3.61186 49.912
          -32.1237 -3.61186 49.912
          -32.1237 -3.61186 49.912
          -29.1616 9.05615 19.2311
          -32.1237 -3.61186 49.912
          -11.8313 15.726 27.0002
          -32.1237 -3.61186 49.912
          -21.0997 11.8784 17.8889
          -32.1237 -3.61186 49.912
          -21.0997 11.8784 17.8889
          -32.1237 -3.61186 49.912
          -36.3225 -18.3068 48.7455
          -32.1237 -3.61186 49.912
          -11.8313 15.726 27.0002
          -32.1237 -3.61186 49.912
          -21.0997 11.8784 17.8889
          -32.1237 -3.61186 49.912
          -15.9281 7.61095 14.7797
          -32.1237 -3.61186 49.912
          -32.1237 -3.61186 49.912
          -32.1237 -3.61186 49.912
          -36.3225 -18.3068 48.7455
          -32.1237 -3.61186 49.912
          -36.3225 -18.3068 48.7455
          -32.1237 -3.61186 49.912
          -36.3225 -18.3068 48.7455
          -5.5458 -21.9814 57.293
          -5.5458 -21.9814 57.293
          -5.5458 -21.9814 57.293
          -17.4302 -55.1247 46.661
          -6.27168 51.221 25.0412
          -11.8313 15.726 27.0002
          -6.27168 51.221 25.0412
          -21.0997 11.8784 17.8889
          -6.27168 51.221 25.0412
          -5.41425 22.2378 9.83594
          -6.27168 51.221 25.0412
          -11.8313 15.726 27.0002
          -6.27168 51.221 25.0412
          -21.0997 11.8784 17.8889
          -6.27168 51.221 25.0412
          -11.8313 15.726 27.0002
          -6.27168 51.221 25.0412
          -21.0997 11.8784 17.8889
          -6.27168 51.221 25.0412
          -5.10431 27.5226 40.9898
          -6.27168 51.221 25.0412
          -5.10431 27.5226 40.9898
          -6.27168 51.221 25.0412
          -11.8313 15.726 27.0002
          -6.27168 51.221 25.0412
          -21.0997 11.8784 17.8889
          -6.27168 51.221 25.0412
          -11.8313 15.726 27.0002
          -6.27168 51.221 25.0412
          -21.0997 11.8784 17.8889
          -5.10431 27.5226 40.9898
          -11.8313 15.726 27.0002
          -5.10431 27.5226 40.9898
          -21.0997 11.8784 17.8889
          -5.10431 27.5226 40.9898
          -11.8313 15.726 27.0002
          -5.10431 27.5226 40.9898
          -11.8313 15.726 27.0002
          -5.10431 27.5226 40.9898
          -21.0997 11.8784 17.8889
          -5.10431 27.5226 40.9898
          -11.8313 15.726 27.0002
          -5.10431 27.5226 40.9898
          -5.28857 -10.028 42.3963
          -5.10431 27.5226 40.9898
          -11.8313 15.726 27.0002
          -5.10431 27.5226 40.9898
          -21.0997 11.8784 17.8889
          -5.28857 -10.028 42.3963
          -11.8313 15.726 27.0002
          -5.28857 -10.028 42.3963
          -5.28857 -10.028 42.3963
          -5.28857 -10.028 42.3963
          -11.8313 15.726 27.0002
          -5.28857 -10.028 42.3963
          -21.0997 11.8784 17.8889
          -5.28857 -10.028 42.3963
          -11.8313 15.726 27.0002
          -5.28857 -10.028 42.3963
          -11.8313 15.726 27.0002
          -5.28857 -10.028 42.3963
          -9.90134 -7.23057 18.6565
          -5.28857 -10.028 42.3963
          -11.8313 15.726 27.0002
          -5.28857 -10.028 42.3963
          -21.0997 11.8784 17.8889
          -5.28857 -10.028 42.3963
          -15.9281 7.61095 14.7797
          -5.28857 -10.028 42.3963
          -17.4302 -55.1247 46.661
          -5.28857 -10.028 42.3963
          -9.90134 -7.23057 18.6565
          -5.28857 -10.028 42.3963
          -11.8313 15.726 27.0002
          -5.28857 -10.028 42.3963
          -9.90134 -7.23057 18.6565
          -5.28857 -10.028 42.3963
          -11.8313 15.726 27.0002
          -5.12517 -32.2342 22.8652
          -11.8313 15.726 27.0002
          -5.12517 -32.2342 22.8652
          -9.90134 -7.23057 18.6565
          -5.12517 -32.2342 22.8652
          -17.4302 -55.1247 46.661
          -5.12517 -32.2342 22.8652
          -5.12517 -32.2342 22.8652
          -5.12517 -32.2342 22.8652
          -5.12517 -32.2342 22.8652
          -5.12517 -32.2342 22.8652
          -9.90134 -7.23057 18.6565
          -5.12517 -32.2342 22.8652
          -20.6933 -10.5688 3.87095
          -5.12517 -32.2342 22.8652
          -7.83941 -47.6783 38.2744
          -5.12517 -32.2342 22.8652
          -7.83941 -47.6783 38.2744
          -5.12517 -32.2342 22.8652
          -9.90134 -7.23057 18.6565
          -5.12517 -32.2342 22.8652
          -20.6933 -10.5688 3.87095
          -5.12517 -32.2342 22.8652
          -7.83941 -47.6783 38.2744
          -5.12517 -32.2342 22.8652
          -20.6933 -10.5688 3.87095
          -36.3225 -18.3068 48.7455
          -44.1591 -32.0023 38.8497
          -36.3225 -18.3068 48.7455
          -9.90134 -7.23057 18.6565
          -36.3225 -18.3068 48.7455
          -21.0997 11.8784 17.8889
          -36.3225 -18.3068 48.7455
          -44.1591 -32.0023 38.8497
          -36.3225 -18.3068 48.7455
          -9.90134 -7.23057 18.6565
          -36.3225 -18.3068 48.7455
          -11.8313 15.726 27.0002
          -36.3225 -18.3068 48.7455
          -21.0997 11.8784 17.8889
          -36.3225 -18.3068 48.7455
          -29.1616 9.05615 19.2311
          -36.3225 -18.3068 48.7455
          -21.0997 11.8784 17.8889
          -36.3225 -18.3068 48.7455
          -36.3225 -18.3068 48.7455
          -36.3225 -18.3068 48.7455
          -44.1591 -32.0023 38.8497
          -36.3225 -18.3068 48.7455
          -44.1591 -32.0023 38.8497
          -44.1591 -32.0023 38.8497
          -44.1591 -32.0023 38.8497
          -44.1591 -32.0023 38.8497
          -17.4302 -55.1247 46.661
          -44.1591 -32.0023 38.8497
          -44.1591 -32.0023 38.8497
          -44.1591 -32.0023 38.8497
          -17.4302 -55.1247 46.661
          -44.1591 -32.0023 38.8497
          -29.1616 9.05615 19.2311
          -44.1591 -32.0023 38.8497
          -11.8313 15.726 27.0002
          -44.1591 -32.0023 38.8497
          -29.1616 9.05615 19.2311
          -44.1591 -32.0023 38.8497
          -21.0997 11.8784 17.8889
          -17.4302 -55.1247 46.661
          -21.0997 11.8784 17.8889
          -17.4302 -55.1247 46.661
          -29.1616 9.05615 19.2311
          -17.4302 -55.1247 46.661
          -9.90134 -7.23057 18.6565
          -17.4302 -55.1247 46.661
          -21.0997 11.8784 17.8889
          -17.4302 -55.1247 46.661
          -17.4302 -55.1247 46.661
          -17.4302 -55.1247 46.661
          -17.4302 -55.1247 46.661
          -17.4302 -55.1247 46.661
          -7.83941 -47.6783 38.2744
          -17.4302 -55.1247 46.661
          -7.83941 -47.6783 38.2744
          -17.4302 -55.1247 46.661
          -7.83941 -47.6783 38.2744
          -17.4302 -55.1247 46.661
          -45.8874 -4.85107 13.8297
          -17.4302 -55.1247 46.661
          -29.1616 9.05615 19.2311
          -17.4302 -55.1247 46.661
          -21.0997 11.8784 17.8889
          -17.4302 -55.1247 46.661
          -7.83941 -47.6783 38.2744
          -17.4302 -55.1247 46.661
          -7.83941 -47.6783 38.2744
          -17.4302 -55.1247 46.661
          -7.83941 -47.6783 38.2744
          -17.4302 -55.1247 46.661
          -7.83941 -47.6783 38.2744
          -17.4302 -55.1247 46.661
          -7.83941 -47.6783 38.2744
          -17.4302 -55.1247 46.661
          -7.83941 -47.6783 38.2744
          -17.4302 -55.1247 46.661
          -7.83941 -47.6783 38.2744
          -17.4302 -55.1247 46.661
          -7.83941 -47.6783 38.2744
          -17.4302 -55.1247 46.661
          -7.83941 -47.6783 38.2744
          -17.4302 -55.1247 46.661
          -7.83941 -47.6783 38.2744
          -17.4302 -55.1247 46.661
          -33.8592 -63.1951 31.3674
          -17.4302 -55.1247 46.661
          -7.83941 -47.6783 38.2744
          -17.4302 -55.1247 46.661
          -7.83941 -47.6783 38.2744
          -17.4302 -55.1247 46.661
          -6.00558 -65.8632 16.7637
          -17.4302 -55.1247 46.661
          -11.8916 -62.872 9.4436
          -33.8592 -63.1951 31.3674
          -33.8592 -63.1951 31.3674
          -33.8592 -63.1951 31.3674
          -7.83941 -47.6783 38.2744
          -33.8592 -63.1951 31.3674
          -11.8916 -62.872 9.4436
          -33.8592 -63.1951 31.3674
          -26.576 -76.0605 2.3248
          -33.8592 -63.1951 31.3674
          -33.8592 -63.1951 31.3674
          -33.8592 -63.1951 31.3674
          -33.8592 -63.1951 31.3674
          -33.8592 -63.1951 31.3674
          -33.8592 -63.1951 31.3674
          -33.8592 -63.1951 31.3674
          -33.8592 -63.1951 31.3674
          -33.8592 -63.1951 31.3674
          -33.8592 -63.1951 31.3674
          -33.8592 -63.1951 31.3674
          -20.6933 -10.5688 3.87095
          -33.8592 -63.1951 31.3674
          -32.7425 -30.6812 -6.76538
          -33.8592 -63.1951 31.3674
          -45.8874 -4.85107 13.8297
          -33.8592 -63.1951 31.3674
          -29.1616 9.05615 19.2311
          -33.8592 -63.1951 31.3674
          -20.6933 -10.5688 3.87095
          -33.8592 -63.1951 31.3674
          -33.8592 -63.1951 31.3674
          -33.8592 -63.1951 31.3674
          -33.8592 -63.1951 31.3674
          -33.8592 -63.1951 31.3674
          -45.8874 -4.85107 13.8297
          -7.83941 -47.6783 38.2744
          -7.83941 -47.6783 38.2744
          -7.83941 -47.6783 38.2744
          -7.83941 -47.6783 38.2744
          -7.83941 -47.6783 38.2744
          -7.83941 -47.6783 38.2744
          -7.83941 -47.6783 38.2744
          -7.83941 -47.6783 38.2744
          -7.83941 -47.6783 38.2744
          -20.6933 -10.5688 3.87095
          -7.83941 -47.6783 38.2744
          -26.576 -76.0605 2.3248
          -7.83941 -47.6783 38.2744
          -20.6933 -10.5688 3.87095
          -11.8916 -62.872 9.4436
          -26.576 -76.0605 2.3248
          -11.8916 -62.872 9.4436
          -26.576 -76.0605 2.3248
          -11.8916 -62.872 9.4436
          -26.576 -76.0605 2.3248
          -11.8916 -62.872 9.4436
          -26.576 -76.0605 2.3248
          -11.8916 -62.872 9.4436
          -32.7425 -30.6812 -6.76538
          -26.576 -76.0605 2.3248
          -26.576 -76.0605 2.3248
          -26.576 -76.0605 2.3248
          -26.576 -76.0605 2.3248
          -26.576 -76.0605 2.3248
          -13.7792 -53.1801 0.166256
          -26.576 -76.0605 2.3248
          -32.7425 -30.6812 -6.76538
          -26.576 -76.0605 2.3248
          -32.7425 -30.6812 -6.76538
          -26.576 -76.0605 2.3248
          -13.7792 -53.1801 0.166256
          -26.576 -76.0605 2.3248
          -32.7425 -30.6812 -6.76538
          -26.576 -76.0605 2.3248
          -32.7425 -30.6812 -6.76538
          -26.576 -76.0605 2.3248
          -32.7425 -30.6812 -6.76538
          -26.576 -76.0605 2.3248
          -32.7425 -30.6812 -6.76538
          -13.7792 -53.1801 0.166256
          -13.7792 -53.1801 0.166256
          -32.7425 -30.6812 -6.76538
          -32.7425 -30.6812 -6.76538
          -32.7425 -30.6812 -6.76538
          -43.9182 -19.9664 -7.32882
          -32.7425 -30.6812 -6.76538
          -47.9344 -38.3306 16.6995
          -32.7425 -30.6812 -6.76538
          -20.6933 -10.5688 3.87095
          -32.7425 -30.6812 -6.76538
          -20.6933 -10.5688 3.87095
          -32.7425 -30.6812 -6.76538
          -20.6933 -10.5688 3.87095
          -21.1868 -15.7332 -2.93494
          -20.6933 -10.5688 3.87095
          -21.1868 -15.7332 -2.93494
          -20.6933 -10.5688 3.87095
          -21.3028 8.97535 -9.73227
          -20.6933 -10.5688 3.87095
          -21.3028 8.97535 -9.73227
          -18.7977 11.8596 0.827881
          -27.4849 29.584 -9.41235
          -18.7977 11.8596 0.827881
          -27.4849 29.584 -9.41235
          -18.7977 11.8596 0.827881
          -43.9182 -19.9664 -7.32882
          -29.1616 9.05615 19.2311
          -43.9182 -19.9664 -7.32882
          -20.6933 -10.5688 3.87095
          -43.9182 -19.9664 -7.32882
          -18.7977 11.8596 0.827881
          -43.9182 -19.9664 -7.32882
          -47.9344 -38.3306 16.6995
          -47.9344 -38.3306 16.6995
          -20.6933 -10.5688 3.87095
          -47.9344 -38.3306 16.6995
          -29.1616 9.05615 19.2311
          -47.9344 -38.3306 16.6995
          -20.6933 -10.5688 3.87095
          -45.8874 -4.85107 13.8297
          -20.6933 -10.5688 3.87095
          -45.8874 -4.85107 13.8297
          -45.8874 -4.85107 13.8297
          -45.8874 -4.85107 13.8297
          -29.1616 9.05615 19.2311
          -45.8874 -4.85107 13.8297
          -20.6933 -10.5688 3.87095
          -45.8874 -4.85107 13.8297
          -20.6933 -10.5688 3.87095
          -45.8874 -4.85107 13.8297
          -20.6933 -10.5688 3.87095
          -37.783 -13.8315 20.3876
          -9.90134 -7.23057 18.6565
          -29.1616 9.05615 19.2311
          -9.90134 -7.23057 18.6565
          -29.1616 9.05615 19.2311
          -21.0997 11.8784 17.8889
          -29.1616 9.05615 19.2311
          -21.0997 11.8784 17.8889
          -29.1616 9.05615 19.2311
          -9.90134 -7.23057 18.6565
          -29.1616 9.05615 19.2311
          -21.0997 11.8784 17.8889
          -29.1616 9.05615 19.2311
          -9.90134 -7.23057 18.6565
          -29.1616 9.05615 19.2311
          -20.6933 -10.5688 3.87095
          -29.1616 9.05615 19.2311
          -18.7977 11.8596 0.827881
          -29.1616 9.05615 19.2311
          -21.0997 11.8784 17.8889
          -29.1616 9.05615 19.2311
          -21.0997 11.8784 17.8889
          -29.1616 9.05615 19.2311
          -20.6933 -10.5688 3.87095
          -29.1616 9.05615 19.2311
          -18.7977 11.8596 0.827881
          -29.1616 9.05615 19.2311
          -20.6933 -10.5688 3.87095
          -29.1616 9.05615 19.2311
          -18.7977 11.8596 0.827881
          -29.1616 9.05615 19.2311
          -21.0997 11.8784 17.8889
          -29.1616 9.05615 19.2311
          -18.7977 11.8596 0.827881
          -29.1616 9.05615 19.2311
          -21.0997 11.8784 17.8889
          -29.1616 9.05615 19.2311
          -21.0997 11.8784 17.8889
          -29.1616 9.05615 19.2311
          -11.8313 15.726 27.0002
          -29.1616 9.05615 19.2311
          -21.0997 11.8784 17.8889
          -29.1616 9.05615 19.2311
          -21.0997 11.8784 17.8889
          -29.1616 9.05615 19.2311
          -21.0997 11.8784 17.8889
          -29.1616 9.05615 19.2311
          -18.7977 11.8596 0.827881
          -29.1616 9.05615 19.2311
          -21.0997 11.8784 17.8889
          -29.1616 9.05615 19.2311
          -18.7977 11.8596 0.827881
          -9.90134 -7.23057 18.6565
          -11.8313 15.726 27.0002
          -9.90134 -7.23057 18.6565
          -21.0997 11.8784 17.8889
          -9.90134 -7.23057 18.6565
          -15.9281 7.61095 14.7797
          -9.90134 -7.23057 18.6565
          -5.41425 22.2378 9.83594
          -9.90134 -7.23057 18.6565
          -20.6933 -10.5688 3.87095
          -9.90134 -7.23057 18.6565
          -18.7977 11.8596 0.827881
          -9.90134 -7.23057 18.6565
          -0.547493 -12.7644 -12.654
          -11.8313 15.726 27.0002
          -21.0997 11.8784 17.8889
          -11.8313 15.726 27.0002
          -15.9281 7.61095 14.7797
          -11.8313 15.726 27.0002
          -5.41425 22.2378 9.83594
          -11.8313 15.726 27.0002
          -20.6933 -10.5688 3.87095
          -21.0997 11.8784 17.8889
          -15.9281 7.61095 14.7797
          -21.0997 11.8784 17.8889
          -5.41425 22.2378 9.83594
          -21.0997 11.8784 17.8889
          -20.6933 -10.5688 3.87095
          -21.0997 11.8784 17.8889
          -18.7977 11.8596 0.827881
          -15.9281 7.61095 14.7797
          -5.41425 22.2378 9.83594
          -15.9281 7.61095 14.7797
          -20.6933 -10.5688 3.87095
          -15.9281 7.61095 14.7797
          -18.7977 11.8596 0.827881
          -5.41425 22.2378 9.83594
          -20.6933 -10.5688 3.87095
          -5.41425 22.2378 9.83594
          -0.547493 -12.7644 -12.654
          -20.6933 -10.5688 3.87095
          -18.7977 11.8596 0.827881
          -20.6933 -10.5688 3.87095
          -0.547493 -12.7644 -12.654
        </DataArray>
      </Points>
      <Lines>
        <DataArray type="Int64" Name="connectivity" format="ascii">
          0 1
          2 3
          4 5
          6 7
          8 9
          10 11
          12 13
          14 15
          16 17
          18 19
          20 21
          22 23
          24 25
          26 27
          28 29
          30 31
          32 33
          34 35
          36 37
          38 39
          40 41
          42 43
          44 45
          46 47
          48 49
          50 51
          52 53
          54 55
          56 57
          58 59
          60 61
          62 63
          64 65
          66 67
          68 69
          70 71
          72 73
          74 75
          76 77
          78 79
          80 81
          82 83
          84 85
          86 87
          88 89
          90 91
          92 93
          94 95
          96 97
          98 99
          100 101
          102 103
          104 105
          106 107
          108 109
          110 111
          112 113
          114 115
          116 117
          118 119
          120 121
          122 123
          124 125
          126 127
          128 129
          130 131
          132 133
          134 135
          136 137
          138 139
          140 141
          142 143
          144 145
          146 147
          148 149
          150 151
          152 153
          154 155
          156 157
          158 159
          160 161
          162 163
          164 165
          166 167
          168 169
          170 171
          172 173
          174 175
          176 177
          178 179
          180 181
          182 183
          184 185
          186 187
          188 189
          190 191
          192 193
          194 195
          196 197
          198 199
          200 201
          202 203
          204 205
          206 207
          208 209
          210 211
          212 213
          214 215
          216 217
          218 219
          220 221
          222 223
          224 225
          226 227
          228 229
          230 231
          232 233
          234 235
          236 237
          238 239
          240 241
          242 243
          244 245
          246 247
          248 249
          250 251
          252 253
          254 255
          256 257
          258 259
          260 261
          262 263
          264 265
          266 267
          268 269
          270 271
          272 273
          274 275
          276 277
          278 279
          280 281
          282 283
          284 285
          286 287
          288 289
          290 291
          292 293
          294 295
          296 297
          298 299
          300 301
          302 303
          304 305
          306 307
          308 309
          310 311
          312 313
          314 315
          316 317
          318 319
          320 321
          322 323
          324 325
          326 327
          328 329
          330 331
          332 333
          334 335
          336 337
          338 339
          340 341
          342 343
          344 345
          346 347
          348 349
          350 351
          352 353
          354 355
          356 357
          358 359
          360 361
          362 363
          364 365
          366 367
          368 369
          370 371
          372 373
          374 375
          376 377
          378 379
          380 381
          382 383
          384 385
          386 387
          388 389
          390 391
          392 393
          394 395
          396 397
          398 399
          400 401
          402 403
          404 405
          406 407
          408 409
          410 411
          412 413
          414 415
          416 417
          418 419
          420 421
          422 423
          424 425
          426 427
          428 429
          430 431
          432 433
          434 435
          436 437
          438 439
          440 441
          442 443
          444 445
          446 447
          448 449
          450 451
          452 453
          454 455
          456 457
          458 459
          460 461
          462 463
          464 465
          466 467
          468 469
          470 471
          472 473
          474 475
          476 477
          478 479
          480 481
          482 483
          484 485
          486 487
          488 489
          490 491
          492 493
          494 495
          496 497
          498 499
          500 501
          502 503
          504 505
          506 507
          508 509
          510 511
          512 513
          514 515
          516 517
          518 519
          520 521
          522 523
          524 525
          526 527
          528 529
          530 531
          532 533
          534 535
          536 537
          538 539
          540 541
          542 543
          544 545
          546 547
          548 549
          550 551
          552 553
          554 555
          556 557
          558 559
          560 561
          562 563
          564 565
          566 567
          568 569
          570 571
          572 573
          574 575
          576 577
          578 579
          580 581
          582 583
          584 585
          586 587
          588 589
          590 591
          592 593
          594 595
          596 597
          598 599
          600 601
          602 603
          604 605
          606 607
          608 609
          610 611
          612 613
          614 615
          616 617
          618 619
          620 621
          622 623
          624 625
          626 627
          628 629
          630 631
          632 633
          634 635
          636 637
          638 639
          640 641
          642 643
          644 645
          646 647
          648 649
          650 651
          652 653
          654 655
          656 657
          658 659
          660 661
          662 663
          664 665
          666 667
          668 669
          670 671
          672 673
          674 675
          676 677
          678 679
          680 681
          682 683
          684 685
          686 687
          688 689
          690 691
          692 693
          694 695
          696 697
          698 699
          700 701
          702 703
          704 705
          706 707
          708 709
          710 711
          712 713
          714 715
          716 717
          718 719
          720 721
          722 723
          724 725
          726 727
          728 729
          730 731
          732 733
          734 735
          736 737
          738 739
          740 741
          742 743
          744 745
          746 747
          748 749
          750 751
          752 753
          754 755
          756 757
          758 759
          760 761
          762 763
          764 765
          766 767
          768 769
          770 771
          772 773
          774 775
          776 777
          778 779
          780 781
          782 783
          784 785
          786 787
          788 789
          790 791
          792 793
          794 795
          796 797
          798 799
          800 801
          802 803
          804 805
          806 807
          808 809
          810 811
          812 813
          814 815
          816 817
          818 819
          820 821
          822 823
          824 825
          826 827
          828 829
          830 831
          832 833
          834 835
          836 837
          838 839
          840 841
          842 843
          844 845
          846 847
          848 849
          850 851
          852 853
          854 855
          856 857
          858 859
          860 861
          862 863
          864 865
          866 867
          868 869
          870 871
          872 873
          874 875
          876 877
          878 879
          880 881
          882 883
          884 885
          886 887
          888 889
          890 891
          892 893
          894 895
          896 897
          898 899
          900 901
          902 903
          904 905
          906 907
          908 909
          910 911
          912 913
          914 915
          916 917
          918 919
          920 921
          922 923
          924 925
          926 927
          928 929
          930 931
          932 933
          934 935
          936 937
          938 939
          940 941
          942 943
          944 945
          946 947
          948 949
          950 951
          952 953
          954 955
          956 957
          958 959
          960 961
          962 963
          964 965
          966 967
          968 969
          970 971
          972 973
          974 975
          976 977
          978 979
          980 981
          982 983
          984 985
          986 987
          988 989
          990 991
          992 993
          994 995
          996 997
          998 999
          1000 1001
          1002 1003
          1004 1005
          1006 1007
          1008 1009
          1010 1011
          1012 1013
          1014 1015
          1016 1017
          1018 1019
          1020 1021
          1022 1023
          1024 1025
          1026 1027
          1028 1029
          1030 1031
          1032 1033
          1034 1035
          1036 1037
          1038 1039
          1040 1041
          1042 1043
          1044 1045
          1046 1047
          1048 1049
          1050 1051
          1052 1053
          1054 1055
          1056 1057
          1058 1059
          1060 1061
          1062 1063
          1064 1065
          1066 1067
          1068 1069
          1070 1071
          1072 1073
          1074 1075
          1076 1077
          1078 1079
          1080 1081
          1082 1083
          1084 1085
          1086 1087
          1088 1089
          1090 1091
          1092 1093
          1094 1095
          1096 1097
          1098 1099
          1100 1101
          1102 1103
          1104 1105
          1106 1107
          1108 1109
          1110 1111
          1112 1113
          1114 1115
          1116 1117
          1118 1119
          1120 1121
          1122 1123
          1124 1125
          1126 1127
          1128 1129
          1130 1131
          1132 1133
          1134 1135
          1136 1137
          1138 1139
          1140 1141
          1142 1143
          1144 1145
          1146 1147
          1148 1149
          1150 1151
          1152 1153
          1154 1155
          1156 1157
          1158 1159
          1160 1161
          1162 1163
          1164 1165
          1166 1167
          1168 1169
          1170 1171
          1172 1173
          1174 1175
          1176 1177
          1178 1179
          1180 1181
          1182 1183
          1184 1185
          1186 1187
          1188 1189
          1190 1191
          1192 1193
          1194 1195
          1196 1197
          1198 1199
          1200 1201
          1202 1203
          1204 1205
          1206 1207
          1208 1209
          1210 1211
          1212 1213
          1214 1215
          1216 1217
          1218 1219
          1220 1221
          1222 1223
          1224 1225
          1226 1227
          1228 1229
          1230 1231
          1232 1233
          1234 1235
          1236 1237
          1238 1239
          1240 1241
          1242 1243
          1244 1245
          1246 1247
          1248 1249
          1250 1251
          1252 1253
          1254 1255
          1256 1257
          1258 1259
          1260 1261
          1262 1263
          1264 1265
          1266 1267
          1268 1269
          1270 1271
          1272 1273
          1274 1275
          1276 1277
          1278 1279
          1280 1281
          1282 1283
          1284 1285
          1286 1287
          1288 1289
          1290 1291
          1292 1293
          1294 1295
          1296 1297
          1298 1299
          1300 1301
          1302 1303
          1304 1305
          1306 1307
          1308 1309
          1310 1311
          1312 1313
          1314 1315
          1316 1317
          1318 1319
          1320 1321
          1322 1323
          1324 1325
          1326 1327
          1328 1329
          1330 1331
          1332 1333
          1334 1335
          1336 1337
          1338 1339
          1340 1341
          1342 1343
          1344 1345
          1346 1347
          1348 1349
          1350 1351
          1352 1353
          1354 1355
          1356 1357
          1358 1359
          1360 1361
          1362 1363
          1364 1365
          1366 1367
          1368 1369
          1370 1371
          1372 1373
          1374 1375
          1376 1377
          1378 1379
          1380 1381
          1382 1383
          1384 1385
          1386 1387
          1388 1389
          1390 1391
          1392 1393
          1394 1395
          1396 1397
          1398 1399
          1400 1401
          1402 1403
          1404 1405
          1406 1407
          1408 1409
          1410 1411
          1412 1413
          1414 1415
          1416 1417
          1418 1419
          1420 1421
          1422 1423
          1424 1425
          1426 1427
          1428 1429
          1430 1431
          1432 1433
          1434 1435
          1436 1437
          1438 1439
          1440 1441
          1442 1443
          1444 1445
          1446 1447
          1448 1449
          1450 1451
          1452 1453
          1454 1455
          1456 1457
          1458 1459
          1460 1461
          1462 1463
          1464 1465
          1466 1467
          1468 1469
          1470 1471
          1472 1473
          1474 1475
          1476 1477
          1478 1479
          1480 1481
          1482 1483
          1484 1485
          1486 1487
          1488 1489
          1490 1491
          1492 1493
          1494 1495
          1496 1497
          1498 1499
          1500 1501
          1502 1503
          1504 1505
          1506 1507
          1508 1509
          1510 1511
          1512 1513
          1514 1515
          1516 1517
          1518 1519
          1520 1521
          1522 1523
          1524 1525
          1526 1527
          1528 1529
          1530 1531
          1532 1533
          1534 1535
          1536 1537
          1538 1539
          1540 1541
          1542 1543
          1544 1545
          1546 1547
          1548 1549
          1550 1551
          1552 1553
          1554 1555
          1556 1557
          1558 1559
          1560 1561
          1562 1563
          1564 1565
          1566 1567
          1568 1569
          1570 1571
          1572 1573
          1574 1575
          1576 1577
          1578 1579
          1580 1581
          1582 1583
          1584 1585
          1586 1587
          1588 1589
          1590 1591
          1592 1593
          1594 1595
          1596 1597
          1598 1599
          1600 1601
          1602 1603
          1604 1605
          1606 1607
          1608 1609
          1610 1611
          1612 1613
          1614 1615
          1616 1617
          1618 1619
          1620 1621
          1622 1623
          1624 1625
          1626 1627
          1628 1629
          1630 1631
          1632 1633
          1634 1635
          1636 1637
          1638 1639
          1640 1641
          1642 1643
          1644 1645
          1646 1647
          1648 1649
          1650 1651
          1652 1653
          1654 1655
          1656 1657
          1658 1659
          1660 1661
          1662 1663
          1664 1665
          1666 1667
          1668 1669
          1670 1671
          1672 1673
          1674 1675
          1676 1677
          1678 1679
          1680 1681
          1682 1683
          1684 1685
          1686 1687
          1688 1689
          1690 1691
          1692 1693
          1694 1695
          1696 1697
          1698 1699
          1700 1701
          1702 1703
          1704 1705
          1706 1707
          1708 1709
          1710 1711
          1712 1713
          1714 1715
          1716 1717
          1718 1719
          1720 1721
          1722 1723
          1724 1725
          1726 1727
          1728 1729
          1730 1731
          1732 1733
          1734 1735
          1736 1737
          1738 1739
          1740 1741
          1742 1743
          1744 1745
          1746 1747
          1748 1749
          1750 1751
          1752 1753
          1754 1755
          1756 1757
          1758 1759
          1760 1761
          1762 1763
          1764 1765
          1766 1767
          1768 1769
          1770 1771
          1772 1773
          1774 1775
          1776 1777
          1778 1779
          1780 1781
          1782 1783
          1784 1785
          1786 1787
          1788 1789
          1790 1791
          1792 1793
          1794 1795
          1796 1797
          1798 1799
          1800 1801
          1802 1803
          1804 1805
          1806 1807
          1808 1809
          1810 1811
          1812 1813
          1814 1815
          1816 1817
          1818 1819
          1820 1821
          1822 1823
          1824 1825
          1826 1827
          1828 1829
          1830 1831
          1832 1833
          1834 1835
          1836 1837
          1838 1839
          1840 1841
          1842 1843
          1844 1845
          1846 1847
          1848 1849
          1850 1851
          1852 1853
          1854 1855
          1856 1857
          1858 1859
          1860 1861
          1862 1863
          1864 1865
          1866 1867
          1868 1869
          1870 1871
          1872 1873
          1874 1875
          1876 1877
          1878 1879
          1880 1881
          1882 1883
          1884 1885
          1886 1887
          1888 1889
          1890 1891
          1892 1893
          1894 1895
          1896 1897
          1898 1899
          1900 1901
          1902 1903
          1904 1905
          1906 1907
          1908 1909
          1910 1911
          1912 1913
          1914 1915
          1916 1917
          1918 1919
          1920 1921
          1922 1923
          1924 1925
          1926 1927
          1928 1929
          1930 1931
          1932 1933
          1934 1935
          1936 1937
          1938 1939
          1940 1941
          1942 1943
          1944 1945
          1946 1947
          1948 1949
          1950 1951
          1952 1953
          1954 1955
          1956 1957
          1958 1959
        </DataArray>
        <DataArray type="Int64" Name="offsets" format="ascii">
          2
          4
          6
          8
          10
          12
          14
          16
          18
          20
          22
          24
          26
          28
          30
          32
          34
          36
          38
          40
          42
          44
          46
          48
          50
          52
          54
          56
          58
          60
          62
          64
          66
          68
          70
          72
          74
          76
          78
          80
          82
          84
          86
          88
          90
          92
          94
          96
          98
          100
          102
          104
          106
          108
          110
          112
          114
          116
          118
          120
          122
          124
          126
          128
          130
          132
          134
          136
          138
          140
          142
          144
          146
          148
          150
          152
          154
          156
          158
          160
          162
          164
          166
          168
          170
          172
          174
          176
          178
          180
          182
          184
          186
          188
          190
          192
          194
          196
          198
          200
          202
          204
          206
          208
          210
          212
          214
          216
          218
          220
          222
          224
          226
          228
          230
          232
          234
          236
          238
          240
          242
          244
          246
          248
          250
          252
          254
          256
          258
          260
          262
          264
          266
          268
          270
          272
          274
          276
          278
          280
          282
          284
          286
          288
          290
          292
          294
          296
          298
          300
          302
          304
          306
          308
          310
          312
          314
          316
          318
          320
          322
          324
          326
          328
          330
          332
          334
          336
          338
          340
          342
          344
          346
          348
          350
          352
          354
          356
          358
          360
          362
          364
          366
          368
          370
          372
          374
          376
          378
          380
          382
          384
          386
          388
          390
          392
          394
          396
          398
          400
          402
          404
          406
          408
          410
          412
          414
          416
          418
          420
          422
          424
          426
          428
          430
          432
          434
          436
          438
          440
          442
          444
          446
          448
          450
          452
          454
          456
          458
          460
          462
          464
          466
          468
          470
          472
          474
          476
          478
          480
          482
          484
          486
          488
          490
          492
          494
          496
          498
          500
          502
          504
          506
          508
          510
          512
          514
          516
          518
          520
          522
          524
          526
          528
          530
          532
          534
          536
          538
          540
          542
          544
          546
          548
          550
          552
          554
          556
          558
          560
          562
          564
          566
          568
          570
          572
          574
          576
          578
          580
          582
          584
          586
          588
          590
          592
          594
          596
          598
          600
          602
          604
          606
          608
          610
          612
          614
          616
          618
          620
          622
          624
          626
          628
          630
          632
          634
          636
          638
          640
          642
          644
          646
          648
          650
          652
          654
          656
          658
          660
          662
          664
          666
          668
          670
          672
          674
          676
          678
          680
          682
          684
          686
          688
          690
          692
          694
          696
          698
          700
          702
          704
          706
          708
          710
          712
          714
          716
          718
          720
          722
          724
          726
          728
          730
          732
          734
          736
          738
          740
          742
          744
          746
          748
          750
          752
          754
          756
          758
          760
          762
          764
          766
          768
          770
          772
          774
          776
          778
          780
          782
          784
          786
          788
          790
          792
          794
          796
          798
          800
          802
          804
          806
          808
          810
          812
          814
          816
          818
          820
          822
          824
          826
          828
          830
          832
          834
          836
          838
          840
          842
          844
          846
          848
          850
          852
          854
          856
          858
          860
          862
          864
          866
          868
          870
          872
          874
          876
          878
          880
          882
          884
          886
          888
          890
          892
          894
          896
          898
          900
          902
          904
          906
          908
          910
          912
          914
          916
          918
          920
          922
          924
          926
          928
          930
          932
          934
          936
          938
          940
          942
          944
          946
          948
          950
          952
          954
          956
          958
          960
          962
          964
          966
          968
          970
          972
          974
          976
          978
          980
          982
          984
          986
          988
          990
          992
          994
          996
          998
          1000
          1002
          1004
          1006
          1008
          1010
          1012
          1014
          1016
          1018
          1020
          1022
          1024
          1026
          1028
          1030
          1032
          1034
          1036
          1038
          1040
          1042
          1044
          1046
          1048
          1050
          1052
          1054
          1056
          1058
          1060
          1062
          1064
          1066
          1068
          1070
          1072
          1074
          1076
          1078
          1080
          1082
          1084
          1086
          1088
          1090
          1092
          1094
          1096
          1098
          1100
          1102
          1104
          1106
          1108
          1110
          1112
          1114
          1116
          1118
          1120
          1122
          1124
          1126
          1128
          1130
          1132
          1134
          1136
          1138
          1140
          1142
          1144
          1146
          1148
          1150
          1152
          1154
          1156
          1158
          1160
          1162
          1164
          1166
          1168
          1170
          1172
          1174
          1176
          1178
          1180
          1182
          1184
          1186
          1188
          1190
          1192
          1194
          1196
          1198
          1200
          1202
          1204
          1206
          1208
          1210
          1212
          1214
          1216
          1218
          1220
          1222
          1224
          1226
          1228
          1230
          1232
          1234
          1236
          1238
          1240
          1242
          1244
          1246
          1248
          1250
          1252
          1254
          1256
          1258
          1260
          1262
          1264
          1266
          1268
          1270
          1272
          1274
          1276
          1278
          1280
          1282
          1284
          1286
          1288
          1290
          1292
          1294
          1296
          1298
          1300
          1302
          1304
          1306
          1308
          1310
          1312
          1314
          1316
          1318
          1320
          1322
          1324
          1326
          1328
          1330
          1332
          1334
          1336
          1338
          1340
          1342
          1344
          1346
          1348
          1350
          1352
          1354
          1356
          1358
          1360
          1362
          1364
          1366
          1368
          1370
          1372
          1374
          1376
          1378
          1380
          1382
          1384
          1386
          1388
          1390
          1392
          1394
          1396
          1398
          1400
          1402
          1404
          1406
          1408
          1410
          1412
          1414
          1416
          1418
          1420
          1422
          1424
          1426
          1428
          1430
          1432
          1434
          1436
          1438
          1440
          1442
          1444
          1446
          1448
          1450
          1452
          1454
          1456
          1458
          1460
          1462
          1464
          1466
          1468
          1470
          1472
          1474
          1476
          1478
          1480
          1482
          1484
          1486
          1488
          1490
          1492
          1494
          1496
          1498
          1500
          1502
          1504
          1506
          1508
          1510
          1512
          1514
          1516
          1518
          1520
          1522
          1524
          1526
          1528
          1530
          1532
          1534
          1536
          1538
          1540
          1542
          1544
          1546
          1548
          1550
          1552
          1554
          1556
          1558
          1560
          1562
          1564
          1566
          1568
          1570
          1572
          1574
          1576
          1578
          1580
          1582
          1584
          1586
          1588
          1590
          1592
          1594
          1596
          1598
          1600
          1602
          1604
          1606
          1608
          1610
          1612
          1614
          1616
          1618
          1620
          1622
          1624
          1626
          1628
          1630
          1632
          1634
          1636
          1638
          1640
          1642
          1644
          1646
          1648
          1650
          1652
          1654
          1656
          1658
          1660
          1662
          1664
          1666
          1668
          1670
          1672
          1674
          1676
          1678
          1680
          1682
          1684
          1686
          1688
          1690
          1692
          1694
          1696
          1698
          1700
          1702
          1704
          1706
          1708
          1710
          1712
          1714
          1716
          1718
          1720
          1722
          1724
          1726
          1728
          1730
          1732
          1734
          1736
          1738
          1740
          1742
          1744
          1746
          1748
          1750
          1752
          1754
          1756
          1758
          1760
          1762
          1764
          1766
          1768
          1770
          1772
          1774
          1776
          1778
          1780
          1782
          1784
          1786
          1788
          1790
          1792
          1794
          1796
          1798
          1800
          1802
          1804
          1806
          1808
          1810
          1812
          1814
          1816
          1818
          1820
          1822
          1824
          1826
          1828
          1830
          1832
          1834
          1836
          1838
          1840
          1842
          1844
          1846
          1848
          1850
          1852
          1854
          1856
          1858
          1860
          1862
          1864
          1866
          1868
          1870
          1872
          1874
          1876
          1878
          1880
          1882
          1884
          1886
          1888
          1890
          1892
          1894
          1896
          1898
          1900
          1902
          1904
          1906
          1908
          1910
          1912
          1914
          1916
          1918
          1920
          1922
          1924
          1926
          1928
          1930
          1932
          1934
          1936
          1938
          1940
          1942
          1944
          1946
          1948
          1950
          1952
          1954
          1956
          1958
          1960
        </DataArray>
      </Lines>
      <PointData Scalars="c">
        <DataArray type="Float64" Name="c" NumberOfComponents="1" format="ascii">
          0.036197
          0.0290803
          0.0350962
          0.0290803
          0.0399164
          0.0390562
          0.0399164
          0.0410578
          0.0399164
          0.037561
          0.0399164
          0.0387566
          0.0399164
          0.0393221
          0.0399164
          0.0395803
          0.0399164
          0.0290803
          0.0334828
          0.0290803
          0.035617
          0.0290803
          0.036197
          0.0290803
          0.0346069
          0.0318321
          0.0346069
          0.0290803
          0.0390562
          0.0387566
          0.0390562
          0.0406755
          0.0390562
          0.0411933
          0.0390562
          0.0290803
          0.0410578
          0.0406755
          0.0410578
          0.0411933
          0.0410578
          0.040883
          0.0410578
          0.0411321
          0.0410578
          0.0395803
          0.037561
          0.0406755
          0.037561
          0.0395803
          0.037561
          0.0318321
          0.037561
          0.0290803
          0.0346278
          0.0290803
          0.0387566
          0.0383674
          0.0387566
          0.0406755
          0.0387566
          0.0411321
          0.0387566
          0.0395803
          0.0387566
          0.040386
          0.0387566
          0.0318321
          0.0387566
          0.0290803
          0.0418647
          0.0376618
          0.0418647
          0.0384474
          0.0383674
          0.0395803
          0.0383674
          0.0384474
          0.0383674
          0.0391235
          0.0383674
          0.0318321
          0.0383674
          0.0290803
          0.0347377
          0.0318321
          0.0347377
          0.0290803
          0.0356314
          0.0318321
          0.0356314
          0.0318321
          0.0406755
          0.0393254
          0.0406755
          0.0384535
          0.0406755
          0.0393221
          0.0406755
          0.0395803
          0.0406755
          0.0290803
          0.0411933
          0.0395803
          0.0411321
          0.0393221
          0.0411321
          0.0395803
          0.0411329
          0.0403269
          0.0403269
          0.0376421
          0.0403269
          0.0351203
          0.0403269
          0.0290803
          0.0376421
          0.0290803
          0.0367331
          0.0396647
          0.0367331
          0.0318321
          0.0367331
          0.0290803
          0.0351203
          0.0241055
          0.0351203
          0.0318321
          0.0351203
          0.0290803
          0.0351203
          0.040765
          0.0381245
          0.0391369
          0.0381245
          0.0290803
          0.0394862
          0.0379776
          0.0394862
          0.0389233
          0.0394862
          0.0400687
          0.0394862
          0.0393254
          0.0394862
          0.0396647
          0.0394862
          0.0318321
          0.0394862
          0.0290803
          0.0379776
          0.0385852
          0.0379776
          0.0318321
          0.0379776
          0.0290803
          0.0389233
          0.0400687
          0.0389233
          0.0290803
          0.0400687
          0.0393254
          0.0400687
          0.0384535
          0.0400687
          0.0393221
          0.0400687
          0.0395803
          0.0400687
          0.0290803
          0.0411749
          0.0393221
          0.0393254
          0.0393221
          0.0393254
          0.0395803
          0.0393254
          0.0318321
          0.0393254
          0.0290803
          0.0410792
          0.0403583
          0.0384535
          0.0403583
          0.0384535
          0.0318321
          0.0384535
          0.0290803
          0.0413422
          0.0393221
          0.0413422
          0.0395803
          0.0393221
          0.0318321
          0.0393221
          0.0290803
          0.0410792
          0.0403583
          0.0410699
          0.040386
          0.0395803
          0.040386
          0.0395803
          0.0318321
          0.0395803
          0.0290803
          0.0376618
          0.0290803
          0.0384474
          0.0290803
          0.0391235
          0.040386
          0.0391235
          0.0290803
          0.0410699
          0.040386
          0.040386
          0.0410699
          0.040386
          0.0409927
          0.040386
          0.0290803
          0.0403583
          0.0409927
          0.0403583
          0.0404143
          0.0403583
          0.0409493
          0.0403583
          0.0396647
          0.0403583
          0.0290803
          0.0409202
          0.0409927
          0.0409202
          0.0409493
          0.0409927
          0.0409226
          0.0409927
          0.0404143
          0.0409226
          0.0409493
          0.0409226
          0.0409534
          0.0404143
          0.0409493
          0.0404143
          0.0396647
          0.0404143
          0.0409534
          0.0404143
          0.0410057
          0.0404143
          0.0409882
          0.0404143
          0.0400603
          0.0404143
          0.0318321
          0.0409235
          0.0409534
          0.0409235
          0.0409327
          0.0396647
          0.0410057
          0.0396647
          0.0400603
          0.0396647
          0.0385852
          0.0396647
          0.0318321
          0.0396647
          0.0290803
          0.0409534
          0.0410057
          0.0410057
          0.0409327
          0.0410057
          0.0400603
          0.0409882
          0.0409327
          0.0409882
          0.0400603
          0.0409882
          0.0409385
          0.0409882
          0.0409204
          0.0409882
          0.0398697
          0.0409242
          0.0409327
          0.0400603
          0.0398697
          0.0400603
          0.0318321
          0.0409394
          0.0409204
          0.0400504
          0.0409204
          0.0400504
          0.0398697
          0.0400504
          0.0375531
          0.0400504
          0.0318321
          0.0410427
          0.0409204
          0.0410427
          0.0398697
          0.0410427
          0.0409107
          0.0398697
          0.0375531
          0.0398697
          0.037379
          0.0398697
          0.0359675
          0.0398697
          0.0318321
          0.0398697
          0.0290803
          0.0384585
          0.0375531
          0.0384585
          0.0290803
          0.0409501
          0.0410088
          0.0409105
          0.0409579
          0.0410088
          0.0409579
          0.0410088
          0.0367601
          0.0367601
          0.0203054
          0.0379588
          0.0387451
          0.0379588
          0.0375531
          0.0379588
          0.0318321
          0.0379588
          0.0290803
          0.038777
          0.0387451
          0.038777
          0.0375531
          0.038777
          0.037379
          0.038777
          0.0318321
          0.038777
          0.0290803
          0.0387451
          0.0290803
          0.0375531
          0.0391369
          0.0375531
          0.0372024
          0.0375531
          0.0394896
          0.0375531
          0.0294578
          0.0375531
          0.0246597
          0.0375531
          0.0241055
          0.0375531
          0.0318321
          0.0375531
          0.0290803
          0.0375531
          0.040765
          0.037379
          0.0391369
          0.037379
          0.0241055
          0.037379
          0.0318321
          0.037379
          0.0290803
          0.0385852
          0.0391369
          0.0385852
          0.0318321
          0.0385852
          0.0290803
          0.0391369
          0.0359675
          0.0391369
          0.0318321
          0.0391369
          0.0290803
          0.0396031
          0.0413818
          0.0396031
          0.0366629
          0.0396031
          0.0290803
          0.0391989
          0.0366629
          0.0391989
          0.0372024
          0.0391989
          0.0394896
          0.0391989
          0.038838
          0.0391989
          0.0318321
          0.0391989
          0.0290803
          0.0366629
          0.0359675
          0.0366629
          0.0181392
          0.0366629
          0.0246597
          0.0366629
          0.0318321
          0.0366629
          0.0290803
          0.0366629
          0.040765
          0.0372024
          0.0368098
          0.0372024
          0.0359675
          0.0372024
          0.0232755
          0.0372024
          0.0228882
          0.0372024
          0.0290803
          0.0394896
          0.0361949
          0.0394896
          0.0359675
          0.0394896
          0.0290803
          0.038838
          0.0361949
          0.038838
          0.0359675
          0.038838
          0.0318321
          0.038838
          0.0290803
          0.0361949
          0.0246597
          0.0361949
          0.0290803
          0.0338259
          0.0290803
          0.0351861
          0.0423091
          0.0351861
          0.0290803
          0.034652
          0.0359675
          0.034652
          0.018238
          0.034652
          0.0615171
          0.034652
          0.0318321
          0.034652
          0.0290803
          0.034652
          0.040765
          0.0368098
          0.0290803
          0.0359675
          0.0344544
          0.0359675
          0.0189494
          0.0359675
          0.0218591
          0.0359675
          0.0180455
          0.0359675
          0.0275011
          0.0359675
          0.0184273
          0.0359675
          0.0178165
          0.0359675
          0.0615171
          0.0359675
          0.0318321
          0.0359675
          0.0290803
          0.0359675
          0.040765
          0.0344544
          0.0190588
          0.0344544
          0.0218591
          0.0344544
          0.0180455
          0.0344544
          0.0290803
          0.0365494
          0.0337327
          0.0365494
          0.0203054
          0.0365494
          0.0190588
          0.0308807
          0.0218591
          0.0337327
          0.0203054
          0.0337327
          0.0218591
          0.0321704
          0.0203054
          0.0189494
          0.0178165
          0.0180455
          0.0159349
          0.0180455
          0.015828
          0.0180455
          0.018238
          0.0180455
          0.0178165
          0.0279598
          0.0318321
          0.0279598
          0.0290803
          0.0279598
          0.047032
          0.0276576
          0.0318321
          0.0276576
          0.0290803
          0.0278367
          0.0318321
          0.0278367
          0.0290803
          0.0278367
          0.0303456
          0.0271461
          0.0318321
          0.0271461
          0.0290803
          0.0282816
          0.0318321
          0.0282816
          0.0303456
          0.0270937
          0.0318321
          0.0274596
          0.0318321
          0.0270937
          0.0318321
          0.0285962
          0.0318321
          0.0294578
          0.0318321
          0.026983
          0.0318321
          0.026983
          0.0290803
          0.028086
          0.0318321
          0.0275011
          0.0318321
          0.0275011
          0.0290803
          0.0275011
          0.040765
          0.0266564
          0.0318321
          0.0266564
          0.0290803
          0.0270937
          0.0318321
          0.0266866
          0.0318321
          0.0270937
          0.0318321
          0.0268969
          0.018238
          0.0268969
          0.0615171
          0.0268969
          0.0318321
          0.0268969
          0.0290803
          0.0270937
          0.0318321
          0.142153
          0.122041
          0.142153
          0.122041
          0.0707209
          0.0500752
          0.0707209
          0.122041
          0.0181392
          0.0158056
          0.0179583
          0.0290803
          0.016548
          0.0290803
          0.0213609
          0.0290803
          0.0179583
          0.0290803
          0.0179583
          0.0290803
          0.017595
          0.0158422
          0.017595
          0.0293748
          0.017595
          0.0290803
          0.0185752
          0.0290803
          0.0158422
          0.0184273
          0.018238
          0.0161496
          0.018238
          0.0318321
          0.018238
          0.0290803
          0.0161496
          0.0290803
          0.0293748
          0.0184273
          0.0293748
          0.0163358
          0.0293748
          0.0153578
          0.0293748
          0.0615171
          0.0293748
          0.0318321
          0.0293748
          0.0290803
          0.0293748
          0.122041
          0.0184273
          0.0155377
          0.0184273
          0.021765
          0.0184273
          0.0290803
          0.0163358
          0.0161675
          0.0163358
          0.016207
          0.0163358
          0.0161949
          0.0163358
          0.0155872
          0.0163358
          0.0155377
          0.0161122
          0.0155872
          0.0161122
          0.0155377
          0.0161122
          0.0156562
          0.0161675
          0.0155872
          0.0161675
          0.0155377
          0.016207
          0.0155351
          0.016207
          0.0155872
          0.0160999
          0.0155872
          0.0162125
          0.0154999
          0.0161949
          0.0155351
          0.0161949
          0.0154999
          0.0161949
          0.0155872
          0.0162219
          0.0155627
          0.0162219
          0.0153706
          0.0162219
          0.0155351
          0.0163011
          0.016318
          0.0163011
          0.0154627
          0.016318
          0.0155627
          0.0153578
          0.0426902
          0.0165851
          0.0146467
          0.0426902
          0.067308
          0.0426902
          0.0430576
          0.0426902
          0.122041
          0.100791
          0.122041
          0.0589299
          0.0240596
          0.0589299
          0.0430576
          0.0589299
          0.122041
          0.0316951
          0.0146467
          0.0316951
          0.0157584
          0.0316951
          0.0144598
          0.0316951
          0.122041
          0.0160475
          0.0157584
          0.0153706
          0.0157584
          0.0500752
          0.122041
          0.0888986
          0.122041
          0.0155351
          0.0155872
          0.0154999
          0.0155872
          0.0152946
          0.0152961
          0.0152946
          0.0157584
          0.0154627
          0.0153527
          0.0154627
          0.0153739
          0.0153822
          0.0153814
          0.0153822
          0.0153739
          0.0153814
          0.0153822
          0.0153814
          0.0153739
          0.0153814
          0.015381
          0.0153822
          0.0153739
          0.0152961
          0.0157584
          0.0157584
          0.0172299
          0.0157584
          0.0144598
          0.0157584
          0.0261345
          0.0157584
          0.0260477
          0.0177332
          0.0261345
          0.0177332
          0.0261345
          0.0172299
          0.0261345
          0.0172299
          0.0260477
          0.0172299
          0.0240596
          0.0177477
          0.0261345
          0.0177477
          0.0260477
          0.13171
          0.122041
          0.0239275
          0.0430254
          0.126775
          0.122041
          0.126775
          0.122041
          0.264439
          0.122041
          0.0287059
          0.0430254
          0.0287059
          0.0356227
          0.0292461
          0.0498788
          0.0292461
          0.0498788
          0.0270157
          0.0498788
          0.0270157
          0.029619
          0.0270157
          0.0705418
          0.0314917
          0.0295924
          0.0258911
          0.0973774
          0.0258911
          0.0295924
          0.0258911
          0.0705418
          0.0258911
          0.0973774
          0.0973774
          0.122041
          0.0498788
          0.0292461
          0.0498788
          0.122041
          0.0705418
          0.122041
          0.0973774
          0.122041
          0.067308
          0.08575
          0.067308
          0.0922611
          0.067308
          0.0430576
          0.067308
          0.122041
          0.110776
          0.0430576
          0.110776
          0.122041
          0.08575
          0.122041
          0.13171
          0.122041
          0.0922611
          0.122041
          0.0239275
          0.0430254
          0.021765
          0.0615171
          0.021765
          0.0318321
          0.021765
          0.0290803
          0.0232755
          0.0241055
          0.0232755
          0.0290803
          0.0228882
          0.0241055
          0.0228882
          0.0290803
          0.0214575
          0.0290803
          0.0430576
          0.0615171
          0.0430576
          0.0290803
          0.0430576
          0.122041
          0.0430576
          0.0356227
          0.11353
          0.122041
          0.020971
          0.0290803
          0.0246597
          0.0290803
          0.0241055
          0.0290803
          0.0233394
          0.0290803
          0.0223091
          0.0290803
          0.0220647
          0.0290803
          0.0220647
          0.0356227
          0.0430254
          0.0470276
          0.0430254
          0.122041
          0.0430254
          0.0356227
          0.0470276
          0.0290803
          0.0470276
          0.122041
          0.0470276
          0.0356227
          0.0245009
          0.0290803
          0.0245009
          0.0356227
          0.0239543
          0.0290803
          0.0239543
          0.0356227
          0.0615171
          0.0318321
          0.0615171
          0.0290803
          0.0615171
          0.040765
          0.0615171
          0.047032
          0.0615171
          0.122041
          0.0615171
          0.0356227
          0.0615171
          0.0508558
          0.0615171
          0.0303456
          0.0615171
          0.0534015
          0.0318321
          0.0290803
          0.0318321
          0.040765
          0.0318321
          0.047032
          0.0318321
          0.122041
          0.0318321
          0.0356227
          0.0318321
          0.0266936
          0.0318321
          0.0280092
          0.0318321
          0.0508558
          0.0318321
          0.0303456
          0.0318321
          0.0411051
          0.0318321
          0.0534015
          0.0290803
          0.040765
          0.0290803
          0.047032
          0.0290803
          0.122041
          0.0290803
          0.0356227
          0.040765
          0.047032
          0.040765
          0.122041
          0.040765
          0.0356227
          0.047032
          0.122041
          0.047032
          0.0534015
          0.122041
          0.0356227
          0.122041
          0.0534015
          0.0391225
          0.0365713
          0.0391225
          0.0299434
          0.0360625
          0.0299434
          0.0357818
          0.0303456
          0.0357818
          0.0299434
          0.0352281
          0.0299434
          0.0341601
          0.0303456
          0.0341601
          0.0299434
          0.0341601
          0.0411051
          0.0365713
          0.0299434
          0.0356248
          0.0299434
          0.0399563
          0.0402477
          0.0399563
          0.0397608
          0.0399563
          0.0380694
          0.0399563
          0.0395938
          0.0399563
          0.0389882
          0.0399563
          0.0299434
          0.0411525
          0.0402477
          0.0402477
          0.0397608
          0.0402477
          0.0380694
          0.0402477
          0.0411525
          0.0402477
          0.0405451
          0.0402477
          0.0407571
          0.0402477
          0.0412412
          0.0402477
          0.0395938
          0.0402477
          0.0299434
          0.0397608
          0.0405451
          0.0397608
          0.0412412
          0.0397608
          0.0299434
          0.0380694
          0.0386124
          0.0380694
          0.0405451
          0.0380694
          0.0303456
          0.0380694
          0.0299434
          0.0397465
          0.0389882
          0.0397465
          0.0396433
          0.0397465
          0.0411812
          0.0397465
          0.0299434
          0.0386124
          0.0389882
          0.0386124
          0.0381855
          0.0386124
          0.0396433
          0.0386124
          0.0303456
          0.0386124
          0.0299434
          0.0345556
          0.0303456
          0.0345556
          0.0299434
          0.0359437
          0.0303456
          0.0405451
          0.0407571
          0.0405451
          0.0394641
          0.0405451
          0.0395938
          0.0405451
          0.0389882
          0.0405451
          0.0299434
          0.0407571
          0.041239
          0.0407571
          0.0409759
          0.0407571
          0.0409874
          0.0407571
          0.036452
          0.0407571
          0.0387492
          0.0407571
          0.0396911
          0.0407571
          0.0394641
          0.0407571
          0.0395938
          0.0407571
          0.0299434
          0.0410893
          0.041239
          0.0410893
          0.0380124
          0.0410893
          0.0409043
          0.041239
          0.0380124
          0.036452
          0.0303456
          0.036452
          0.0299434
          0.0380124
          0.0226283
          0.0380124
          0.0299434
          0.0417954
          0.0383664
          0.0410163
          0.0396911
          0.0410163
          0.0410471
          0.0373433
          0.0396911
          0.0373433
          0.0303456
          0.0373433
          0.0299434
          0.0387492
          0.0396911
          0.0387492
          0.041172
          0.0387492
          0.0394641
          0.0387492
          0.0303456
          0.0387492
          0.0299434
          0.0413425
          0.0396911
          0.0396911
          0.041172
          0.0396911
          0.0394641
          0.0396911
          0.0392076
          0.0396911
          0.0390639
          0.0396911
          0.0387621
          0.0396911
          0.0226283
          0.0396911
          0.0303456
          0.0396911
          0.0299434
          0.041172
          0.0394641
          0.041172
          0.0395938
          0.0411925
          0.0394641
          0.0411925
          0.0395938
          0.0410478
          0.0405394
          0.0394641
          0.0303456
          0.0394641
          0.0299434
          0.0412412
          0.0395938
          0.0412412
          0.0389882
          0.0395938
          0.0303456
          0.0395938
          0.0299434
          0.0389882
          0.0303456
          0.0389882
          0.0299434
          0.0381855
          0.0299434
          0.0396433
          0.040168
          0.0396433
          0.0299434
          0.0411812
          0.040168
          0.040168
          0.0410979
          0.040168
          0.04104
          0.040168
          0.0409908
          0.040168
          0.0405394
          0.040168
          0.0299434
          0.04104
          0.0405394
          0.0409908
          0.0405394
          0.0409908
          0.0410289
          0.0409908
          0.0409306
          0.0409908
          0.0409421
          0.0405394
          0.0410603
          0.0405394
          0.0409306
          0.0405394
          0.0409421
          0.0405394
          0.0392076
          0.0405394
          0.0390639
          0.0405394
          0.0299434
          0.0410603
          0.0409306
          0.0410603
          0.0410065
          0.0410603
          0.0409421
          0.0410603
          0.0392076
          0.0410603
          0.0390639
          0.0410603
          0.0406242
          0.0410289
          0.0409306
          0.0410289
          0.0409165
          0.0410289
          0.0409421
          0.0410289
          0.0392076
          0.0409165
          0.0409421
          0.0409165
          0.0409283
          0.0410065
          0.0409421
          0.0410065
          0.0392076
          0.0410065
          0.0390639
          0.0410065
          0.0409283
          0.0410065
          0.0406242
          0.0410065
          0.0410656
          0.0409252
          0.0409283
          0.0409252
          0.0409236
          0.0409252
          0.0409577
          0.0392076
          0.0303456
          0.0392076
          0.0299434
          0.0390639
          0.0406242
          0.0390639
          0.0369935
          0.0390639
          0.029175
          0.0390639
          0.0303456
          0.0390639
          0.0299434
          0.0409236
          0.0409577
          0.0409236
          0.0409456
          0.0406242
          0.0402113
          0.0406242
          0.0410656
          0.0406242
          0.0409577
          0.0406242
          0.0410183
          0.0406242
          0.0386489
          0.0406242
          0.0409777
          0.0406242
          0.0409456
          0.0406242
          0.0292972
          0.0402113
          0.0410656
          0.0402113
          0.0392017
          0.0402113
          0.041087
          0.0402113
          0.0410061
          0.0402113
          0.040946
          0.0402113
          0.0299434
          0.0410656
          0.0386489
          0.0410656
          0.0409777
          0.0410656
          0.0409456
          0.0410656
          0.0409172
          0.0410656
          0.0392017
          0.0409221
          0.0409456
          0.0386489
          0.0369935
          0.0386489
          0.0291216
          0.0386489
          0.0303456
          0.0386489
          0.0299434
          0.0409319
          0.040946
          0.0409281
          0.0410061
          0.0409281
          0.040946
          0.0409281
          0.0409258
          0.0392017
          0.0369935
          0.0392017
          0.0381396
          0.0392017
          0.0303456
          0.0392017
          0.0299434
          0.0409258
          0.0409292
          0.0387621
          0.0410471
          0.0387621
          0.0369935
          0.0387621
          0.0386968
          0.0387621
          0.0303456
          0.0387621
          0.0299434
          0.0369935
          0.0389828
          0.0369935
          0.029175
          0.0369935
          0.0291216
          0.0369935
          0.023409
          0.0369935
          0.0303456
          0.0369935
          0.0299434
          0.0369935
          0.0334558
          0.0381396
          0.0389828
          0.0381396
          0.0383895
          0.0381396
          0.0372318
          0.0381396
          0.023429
          0.0381396
          0.0303456
          0.0381396
          0.0299434
          0.0386968
          0.0414342
          0.0386968
          0.0389828
          0.0386968
          0.0303456
          0.0386968
          0.0299434
          0.0389828
          0.0383895
          0.0389828
          0.035886
          0.0389828
          0.0303456
          0.0389828
          0.0299434
          0.0383895
          0.0384383
          0.0383895
          0.0382441
          0.0383895
          0.0303456
          0.0383895
          0.0299434
          0.032106
          0.0200517
          0.032106
          0.0210895
          0.0322617
          0.0200517
          0.034699
          0.037067
          0.034699
          0.0351326
          0.034699
          0.0193095
          0.034699
          0.0200517
          0.034699
          0.0210895
          0.034699
          0.0216836
          0.0358667
          0.0508558
          0.0358667
          0.0299434
          0.037067
          0.0372318
          0.037067
          0.0210895
          0.037067
          0.0299434
          0.0351326
          0.0368553
          0.0351326
          0.0372318
          0.0351326
          0.0384383
          0.0351326
          0.0210895
          0.0351326
          0.0216836
          0.0351326
          0.0195215
          0.0351326
          0.0292972
          0.0351326
          0.0177954
          0.0351326
          0.0180887
          0.0351326
          0.0199475
          0.0351326
          0.0508558
          0.0351326
          0.0303456
          0.0351326
          0.0299434
          0.0351326
          0.0334558
          0.0418089
          0.0371081
          0.0368553
          0.0372318
          0.0368553
          0.0177954
          0.0368553
          0.0170892
          0.0368553
          0.0240903
          0.0368553
          0.0508558
          0.0368553
          0.0303456
          0.0368553
          0.0299434
          0.0368553
          0.0334558
          0.0371081
          0.0299434
          0.035886
          0.0372318
          0.035886
          0.0384383
          0.035886
          0.0248543
          0.035886
          0.023429
          0.035886
          0.0508558
          0.035886
          0.0303456
          0.035886
          0.0299434
          0.035886
          0.0334558
          0.034541
          0.0299434
          0.0372318
          0.0367116
          0.0372318
          0.0195431
          0.0372318
          0.0240903
          0.0372318
          0.0248543
          0.0372318
          0.0508558
          0.0372318
          0.0303456
          0.0372318
          0.0299434
          0.0372318
          0.0334558
          0.0384383
          0.0367116
          0.0384383
          0.0508558
          0.0384383
          0.0303456
          0.0384383
          0.0299434
          0.0356248
          0.0299434
          0.0376087
          0.0367116
          0.0376087
          0.0383664
          0.0376087
          0.023429
          0.0376087
          0.0303456
          0.0376087
          0.0299434
          0.0382441
          0.0299434
          0.0367116
          0.0177954
          0.0367116
          0.0303456
          0.0367116
          0.0299434
          0.0367116
          0.0334558
          0.0416122
          0.0383664
          0.0340198
          0.0193871
          0.0340198
          0.0171569
          0.0383664
          0.0193871
          0.0151237
          0.0200517
          0.0195215
          0.0180887
          0.0266936
          0.0303456
          0.0266936
          0.0299434
          0.0266936
          0.0411051
          0.0283273
          0.0303456
          0.0283273
          0.0299434
          0.027767
          0.0303456
          0.027767
          0.0299434
          0.0283887
          0.0280092
          0.0283887
          0.029175
          0.0283887
          0.0303456
          0.0283887
          0.0299434
          0.0272565
          0.0303456
          0.0272565
          0.0299434
          0.0274896
          0.0303456
          0.0274896
          0.0299434
          0.0280092
          0.0303456
          0.029175
          0.0303456
          0.029175
          0.0299434
          0.0283323
          0.0303456
          0.0291216
          0.0292972
          0.0291216
          0.0303456
          0.0291216
          0.0299434
          0.0282176
          0.0303456
          0.0275424
          0.0292972
          0.0275424
          0.0303456
          0.0275424
          0.0299434
          0.0272653
          0.0303456
          0.027048
          0.0303456
          0.0292972
          0.0508558
          0.0292972
          0.0303456
          0.0292972
          0.0299434
          0.0292972
          0.0334558
          0.0266335
          0.0180887
          0.0266335
          0.0508558
          0.0266335
          0.0303456
          0.0279058
          0.0508558
          0.0279058
          0.0303456
          0.0268085
          0.0303456
          0.0254148
          0.0508558
          0.0251097
          0.0169185
          0.0540954
          0.053972
          0.0540954
          0.0565464
          0.0540954
          0.0508558
          0.0540954
          0.121601
          0.053972
          0.0141265
          0.053972
          0.0330217
          0.053972
          0.0508558
          0.053972
          0.121601
          0.0565464
          0.0330217
          0.0565464
          0.121601
          0.0205179
          0.0170892
          0.0205179
          0.0508558
          0.0205179
          0.0299434
          0.0177954
          0.0170892
          0.0177954
          0.0508558
          0.0177954
          0.0303456
          0.0177954
          0.0299434
          0.0193871
          0.023429
          0.0193871
          0.0299434
          0.0161443
          0.0171569
          0.0171569
          0.0161443
          0.0171569
          0.016768
          0.0162439
          0.016768
          0.015962
          0.0169185
          0.0161321
          0.0165061
          0.0161321
          0.0169185
          0.016768
          0.0240903
          0.016768
          0.0303456
          0.0170892
          0.0199576
          0.0170892
          0.0299434
          0.0180887
          0.0299434
          0.0195431
          0.0199576
          0.0195431
          0.0508558
          0.0195431
          0.0299434
          0.0169185
          0.0162335
          0.0169185
          0.0159671
          0.0169185
          0.015475
          0.0169185
          0.0141265
          0.0169185
          0.0154997
          0.0169185
          0.0791683
          0.0169185
          0.0199576
          0.0169185
          0.0299434
          0.0199475
          0.015475
          0.0161215
          0.015475
          0.0161215
          0.015475
          0.0161215
          0.015475
          0.0161705
          0.0156967
          0.0161705
          0.015475
          0.0161705
          0.0141265
          0.0160648
          0.0156967
          0.0162335
          0.0141265
          0.0162335
          0.0154997
          0.0159671
          0.0170745
          0.0159671
          0.0154997
          0.0161664
          0.0155939
          0.0161664
          0.0155939
          0.0161664
          0.0157434
          0.0155598
          0.0164041
          0.0155598
          0.0349165
          0.0155598
          0.0157434
          0.0155598
          0.0157643
          0.0161912
          0.0162895
          0.0161912
          0.0164041
          0.0161912
          0.0170745
          0.0162895
          0.0161397
          0.0162895
          0.0170745
          0.107676
          0.121601
          0.0477666
          0.045091
          0.0477666
          0.0791683
          0.0477666
          0.0494902
          0.0477666
          0.121601
          0.0156924
          0.0170745
          0.0161397
          0.0170745
          0.0170745
          0.0791683
          0.0141265
          0.0154997
          0.0141265
          0.0155994
          0.0141265
          0.0330217
          0.0153654
          0.0154997
          0.0330217
          0.121601
          0.0349165
          0.015328
          0.0349165
          0.121601
          0.0153471
          0.0153816
          0.0153471
          0.0157643
          0.0157434
          0.0157643
          0.0157434
          0.015328
          0.0157434
          0.0267055
          0.0157643
          0.015328
          0.0157643
          0.015274
          0.0157643
          0.0153098
          0.0157643
          0.0267055
          0.015328
          0.0267055
          0.0164659
          0.0149985
          0.0164659
          0.045091
          0.0175648
          0.0267055
          0.018235
          0.0267055
          0.0175648
          0.0267055
          0.0155567
          0.0149985
          0.0318308
          0.0267055
          0.045091
          0.0303406
          0.045091
          0.0775391
          0.045091
          0.121601
          0.132065
          0.121601
          0.132065
          0.121601
          0.135774
          0.121601
          0.127128
          0.121601
          0.277758
          0.121601
          0.195322
          0.0402264
          0.0284762
          0.0402264
          0.0273845
          0.0402264
          0.0646789
          0.0529174
          0.0646789
          0.121601
          0.0646789
          0.0402264
          0.0303406
          0.0775391
          0.152372
          0.121601
          0.0775391
          0.0494902
          0.0775391
          0.121601
          0.0791683
          0.121601
          0.0901826
          0.0839664
          0.0901826
          0.0494902
          0.0901826
          0.121601
          0.140575
          0.121601
          0.0839664
          0.121601
          0.0237697
          0.0508558
          0.0199576
          0.0508558
          0.0199576
          0.0299434
          0.0240903
          0.0299434
          0.0205929
          0.0508558
          0.0205929
          0.0299434
          0.0494902
          0.0508558
          0.0494902
          0.121601
          0.0494902
          0.0402264
          0.0248543
          0.0299434
          0.023429
          0.0299434
          0.0699876
          0.121601
          0.0699876
          0.0402264
          0.0529174
          0.121601
          0.0529174
          0.0402264
          0.0227419
          0.0299434
          0.0227419
          0.0402264
          0.0208334
          0.0299434
          0.023409
          0.0299434
          0.0226283
          0.0303456
          0.0226283
          0.0299434
          0.0224835
          0.0299434
          0.0223013
          0.0299434
          0.0223013
          0.0402264
          0.0242299
          0.0299434
          0.0242299
          0.0402264
          0.0508558
          0.0303456
          0.0508558
          0.0299434
          0.0508558
          0.0334558
          0.0508558
          0.0411051
          0.0508558
          0.121601
          0.0508558
          0.0402264
          0.0508558
          0.0534015
          0.0303456
          0.0299434
          0.0303456
          0.0334558
          0.0303456
          0.0411051
          0.0303456
          0.121601
          0.0299434
          0.0334558
          0.0299434
          0.0411051
          0.0299434
          0.121601
          0.0299434
          0.0402264
          0.0334558
          0.0411051
          0.0334558
          0.121601
          0.0334558
          0.0402264
          0.0411051
          0.121601
          0.0411051
          0.0534015
          0.121601
          0.0402264
          0.121601
          0.0534015
        </DataArray>
        <DataArray type="Float64" Name="alpha" NumberOfComponents="1" format="ascii">
          0.1801
          0.1147
          0.1801
          0.1147
          0.1801
          0.1801
          0.1801
          0.1801
          0.1801
          0.1801
          0.1801
          0.1801
          0.1801
          0.1801
          0.1801
          0.1801
          0.1801
          0.1147
          0.1801
          0.1147
          0.1801
          0.1147
          0.1801
          0.1147
          0.1801
          0.1147
          0.1801
          0.1147
          0.1801
          0.1801
          0.1801
          0.1801
          0.1801
          0.1801
          0.1801
          0.1147
          0.1801
          0.1801
          0.1801
          0.1801
          0.1801
          0.1801
          0.1801
          0.1801
          0.1801
          0.1801
          0.1801
          0.1801
          0.1801
          0.1801
          0.1801
          0.1147
          0.1801
          0.1147
          0.1801
          0.1147
          0.1801
          0.1801
          0.1801
          0.1801
          0.1801
          0.1801
          0.1801
          0.1801
          0.1801
          0.1801
          0.1801
          0.1147
          0.1801
          0.1147
          0.1801
          0.1801
          0.1801
          0.1801
          0.1801
          0.1801
          0.1801
          0.1801
          0.1801
          0.1801
          0.1801
          0.1147
          0.1801
          0.1147
          0.1801
          0.1147
          0.1801
          0.1147
          0.1801
          0.1147
          0.1801
          0.1147
          0.1801
          0.1801
          0.1801
          0.1801
          0.1801
          0.1801
          0.1801
          0.1801
          0.1801
          0.1147
          0.1801
          0.1801
          0.1801
          0.1801
          0.1801
          0.1801
          0.1801
          0.1801
          0.1801
          0.1801
          0.1801
          0.1801
          0.1801
          0.1147
          0.1801
          0.1147
          0.1801
          0.1801
          0.1801
          0.1147
          0.1801
          0.1147
          0.1801
          0.1005
          0.1801
          0.1147
          0.1801
          0.1147
          0.1801
          0.1147
          0.1801
          0.1801
          0.1801
          0.1147
          0.1801
          0.1801
          0.1801
          0.1801
          0.1801
          0.1801
          0.1801
          0.1801
          0.1801
          0.1801
          0.1801
          0.1147
          0.1801
          0.1147
          0.1801
          0.1801
          0.1801
          0.1147
          0.1801
          0.1147
          0.1801
          0.1801
          0.1801
          0.1147
          0.1801
          0.1801
          0.1801
          0.1801
          0.1801
          0.1801
          0.1801
          0.1801
          0.1801
          0.1147
          0.1801
          0.1801
          0.1801
          0.1801
          0.1801
          0.1801
          0.1801
          0.1147
          0.1801
          0.1147
          0.1801
          0.1801
          0.1801
          0.1801
          0.1801
          0.1147
          0.1801
          0.1147
          0.1801
          0.1801
          0.1801
          0.1801
          0.1801
          0.1147
          0.1801
          0.1147
          0.1801
          0.1801
          0.1801
          0.1801
          0.1801
          0.1801
          0.1801
          0.1147
          0.1801
          0.1147
          0.1801
          0.1147
          0.1801
          0.1147
          0.1801
          0.1801
          0.1801
          0.1147
          0.1801
          0.1801
          0.1801
          0.1801
          0.1801
          0.1801
          0.1801
          0.1147
          0.1801
          0.1801
          0.1801
          0.1801
          0.1801
          0.1801
          0.1801
          0.1801
          0.1801
          0.1147
          0.1801
          0.1801
          0.1801
          0.1801
          0.1801
          0.1801
          0.1801
          0.1801
          0.1801
          0.1801
          0.1801
          0.1801
          0.1801
          0.1801
          0.1801
          0.1801
          0.1801
          0.1801
          0.1801
          0.1801
          0.1801
          0.1801
          0.1801
          0.1801
          0.1801
          0.1147
          0.1801
          0.1801
          0.1801
          0.1801
          0.1801
          0.1801
          0.1801
          0.1801
          0.1801
          0.1801
          0.1801
          0.1147
          0.1801
          0.1147
          0.1801
          0.1801
          0.1801
          0.1801
          0.1801
          0.1801
          0.1801
          0.1801
          0.1801
          0.1801
          0.1801
          0.1801
          0.1801
          0.1801
          0.1801
          0.1801
          0.1801
          0.1801
          0.1801
          0.1801
          0.1801
          0.1147
          0.1801
          0.1801
          0.1801
          0.1801
          0.1801
          0.1801
          0.1801
          0.1801
          0.1801
          0.1147
          0.1801
          0.1801
          0.1801
          0.1801
          0.1801
          0.1801
          0.1801
          0.1801
          0.1801
          0.1801
          0.1801
          0.1801
          0.1801
          0.1147
          0.1801
          0.1147
          0.1801
          0.1801
          0.1801
          0.1147
          0.1801
          0.1801
          0.1801
          0.1801
          0.1801
          0.1801
          0.1801
          0.1801
          0.1801
          0.0627
          0.1801
          0.1801
          0.1801
          0.1801
          0.1801
          0.1147
          0.1801
          0.1147
          0.1801
          0.1801
          0.1801
          0.1801
          0.1801
          0.1801
          0.1801
          0.1147
          0.1801
          0.1147
          0.1801
          0.1147
          0.1801
          0.1801
          0.1801
          0.1801
          0.1801
          0.1801
          0.1801
          0.1351
          0.1801
          0.1005
          0.1801
          0.1005
          0.1801
          0.1147
          0.1801
          0.1147
          0.1801
          0.1147
          0.1801
          0.1801
          0.1801
          0.1005
          0.1801
          0.1147
          0.1801
          0.1147
          0.1801
          0.1801
          0.1801
          0.1147
          0.1801
          0.1147
          0.1801
          0.1801
          0.1801
          0.1147
          0.1801
          0.1147
          0.1801
          0.1801
          0.1801
          0.1801
          0.1801
          0.1147
          0.1801
          0.1801
          0.1801
          0.1801
          0.1801
          0.1801
          0.1801
          0.1801
          0.1801
          0.1147
          0.1801
          0.1147
          0.1801
          0.1801
          0.1801
          0.0627
          0.1801
          0.1005
          0.1801
          0.1147
          0.1801
          0.1147
          0.1801
          0.1147
          0.1801
          0.1801
          0.1801
          0.1801
          0.1801
          0.1005
          0.1801
          0.1005
          0.1801
          0.1147
          0.1801
          0.1801
          0.1801
          0.1801
          0.1801
          0.1147
          0.1801
          0.1801
          0.1801
          0.1801
          0.1801
          0.1147
          0.1801
          0.1147
          0.1801
          0.1005
          0.1801
          0.1147
          0.1801
          0.1147
          0.1801
          0.1801
          0.1801
          0.1147
          0.1801
          0.1801
          0.1801
          0.0627
          0.1801
          0.1147
          0.1801
          0.1147
          0.1801
          0.1147
          0.1801
          0.1147
          0.1801
          0.1147
          0.1801
          0.1801
          0.1801
          0.0627
          0.1801
          0.0627
          0.1801
          0.0627
          0.1801
          0.1351
          0.1801
          0.0627
          0.1801
          0.0627
          0.1801
          0.1147
          0.1801
          0.1147
          0.1801
          0.1147
          0.1801
          0.1147
          0.1801
          0.0627
          0.1801
          0.0627
          0.1801
          0.0627
          0.1801
          0.1147
          0.1801
          0.1801
          0.1801
          0.0627
          0.1801
          0.0627
          0.1801
          0.0627
          0.1801
          0.0627
          0.1801
          0.0627
          0.1801
          0.0627
          0.0627
          0.0627
          0.0627
          0.0627
          0.0627
          0.0627
          0.0627
          0.0627
          0.0627
          0.0627
          0.1351
          0.1147
          0.1351
          0.1147
          0.1351
          0.1147
          0.1351
          0.1147
          0.1351
          0.1147
          0.1351
          0.1147
          0.1351
          0.1147
          0.1351
          0.1147
          0.1351
          0.1147
          0.1351
          0.1147
          0.1351
          0.1147
          0.1351
          0.1147
          0.1351
          0.1147
          0.1351
          0.1147
          0.1351
          0.1147
          0.1351
          0.1147
          0.1351
          0.1147
          0.1351
          0.1147
          0.1351
          0.1147
          0.1351
          0.1147
          0.1351
          0.1147
          0.1351
          0.1147
          0.1351
          0.1147
          0.1351
          0.1147
          0.1351
          0.1147
          0.1351
          0.1147
          0.1351
          0.1147
          0.1351
          0.1147
          0.1351
          0.0627
          0.1351
          0.1147
          0.1351
          0.1147
          0.1351
          0.1147
          0.1351
          0.1147
          0.1351
          0.1351
          0.1351
          0.1351
          0.1351
          0.0545
          0.1351
          0.1351
          0.0627
          0.0627
          0.0627
          0.1147
          0.0627
          0.1147
          0.0627
          0.1147
          0.0627
          0.1147
          0.0627
          0.1147
          0.0627
          0.0627
          0.0627
          0.0627
          0.0627
          0.1147
          0.0627
          0.1147
          0.0627
          0.0627
          0.0627
          0.0627
          0.0627
          0.1147
          0.0627
          0.1147
          0.0627
          0.1147
          0.0627
          0.0627
          0.0627
          0.0627
          0.0627
          0.0627
          0.0627
          0.1147
          0.0627
          0.1147
          0.0627
          0.1147
          0.0627
          0.1351
          0.0627
          0.0545
          0.0627
          0.1005
          0.0627
          0.1147
          0.0627
          0.0627
          0.0627
          0.0627
          0.0627
          0.0627
          0.0627
          0.0545
          0.0627
          0.0545
          0.0627
          0.0545
          0.0627
          0.0545
          0.0627
          0.0545
          0.0627
          0.0545
          0.0627
          0.0545
          0.0627
          0.0545
          0.0627
          0.0545
          0.0627
          0.0545
          0.0627
          0.0545
          0.0627
          0.0545
          0.0627
          0.0545
          0.0627
          0.0545
          0.0627
          0.0545
          0.0627
          0.0545
          0.0627
          0.0545
          0.0627
          0.0627
          0.0627
          0.0545
          0.0627
          0.0545
          0.0627
          0.0627
          0.0627
          0.0627
          0.0627
          0.1421
          0.0627
          0.1005
          0.0627
          0.1351
          0.0627
          0.1351
          0.0627
          0.1421
          0.0627
          0.1005
          0.0627
          0.1351
          0.0627
          0.0627
          0.0627
          0.0545
          0.0627
          0.0545
          0.0627
          0.1351
          0.0627
          0.0545
          0.0545
          0.0545
          0.0545
          0.1351
          0.0545
          0.1351
          0.0545
          0.0545
          0.0545
          0.0545
          0.0545
          0.0545
          0.0545
          0.0545
          0.0545
          0.0545
          0.0545
          0.0545
          0.0545
          0.0545
          0.0545
          0.0545
          0.0545
          0.0545
          0.0545
          0.0545
          0.0545
          0.0545
          0.0545
          0.0545
          0.0545
          0.0545
          0.0545
          0.0545
          0.0545
          0.0545
          0.0545
          0.1421
          0.0545
          0.1421
          0.0545
          0.1421
          0.0545
          0.1421
          0.0545
          0.1421
          0.0545
          0.1421
          0.0545
          0.1421
          0.0545
          0.1421
          0.0545
          0.1421
          0.1421
          0.1351
          0.1421
          0.1005
          0.1351
          0.1351
          0.1351
          0.1351
          0.1351
          0.1351
          0.1421
          0.1005
          0.1421
          0.1351
          0.1421
          0.1421
          0.1421
          0.1421
          0.1421
          0.1421
          0.1421
          0.1421
          0.1421
          0.1421
          0.1421
          0.1421
          0.1421
          0.1421
          0.1421
          0.1421
          0.1421
          0.1421
          0.1421
          0.1421
          0.1421
          0.1351
          0.1421
          0.1421
          0.1421
          0.1351
          0.1421
          0.1351
          0.1421
          0.1351
          0.1421
          0.1421
          0.1421
          0.1421
          0.1421
          0.1005
          0.1421
          0.1351
          0.1421
          0.1005
          0.1421
          0.1351
          0.1421
          0.1351
          0.1421
          0.1351
          0.1421
          0.1351
          0.1421
          0.1005
          0.1005
          0.1147
          0.1005
          0.1147
          0.1005
          0.1147
          0.1005
          0.1005
          0.1005
          0.1147
          0.1005
          0.1005
          0.1005
          0.1147
          0.1005
          0.1147
          0.1005
          0.1147
          0.1005
          0.1147
          0.1005
          0.1351
          0.1005
          0.1351
          0.1005
          0.1351
          0.1005
          0.1147
          0.1005
          0.1147
          0.1005
          0.1147
          0.1005
          0.1147
          0.1005
          0.1147
          0.1005
          0.1147
          0.1005
          0.1351
          0.1005
          0.1005
          0.1005
          0.1351
          0.1005
          0.1351
          0.1005
          0.1147
          0.1005
          0.1351
          0.1005
          0.1351
          0.1005
          0.1147
          0.1005
          0.1351
          0.1005
          0.1147
          0.1005
          0.1351
          0.1147
          0.1147
          0.1147
          0.1147
          0.1147
          0.1147
          0.1147
          0.1147
          0.1147
          0.1351
          0.1147
          0.1351
          0.1147
          0.1147
          0.1147
          0.1147
          0.1147
          0.1147
          0.1147
          0.1147
          0.1147
          0.1147
          0.1147
          0.1147
          0.1147
          0.1351
          0.1147
          0.1351
          0.1147
          0.1351
          0.1147
          0.1351
          0.1147
          0.1147
          0.1147
          0.1147
          0.1147
          0.1147
          0.1147
          0.1147
          0.1147
          0.1147
          0.1147
          0.1147
          0.1147
          0.1351
          0.1147
          0.1351
          0.1147
          0.1147
          0.1147
          0.1351
          0.1147
          0.1351
          0.1147
          0.1351
          0.1147
          0.1147
          0.1351
          0.1351
          0.1351
          0.1147
          0.1801
          0.1801
          0.1801
          0.1147
          0.1801
          0.1147
          0.1801
          0.1147
          0.1801
          0.1147
          0.1801
          0.1147
          0.1801
          0.1147
          0.1801
          0.1147
          0.1801
          0.1147
          0.1801
          0.1147
          0.1801
          0.1147
          0.1801
          0.1801
          0.1801
          0.1801
          0.1801
          0.1801
          0.1801
          0.1801
          0.1801
          0.1801
          0.1801
          0.1147
          0.1801
          0.1801
          0.1801
          0.1801
          0.1801
          0.1801
          0.1801
          0.1801
          0.1801
          0.1801
          0.1801
          0.1801
          0.1801
          0.1801
          0.1801
          0.1801
          0.1801
          0.1147
          0.1801
          0.1801
          0.1801
          0.1801
          0.1801
          0.1147
          0.1801
          0.1801
          0.1801
          0.1801
          0.1801
          0.1147
          0.1801
          0.1147
          0.1801
          0.1801
          0.1801
          0.1801
          0.1801
          0.1801
          0.1801
          0.1147
          0.1801
          0.1801
          0.1801
          0.1801
          0.1801
          0.1801
          0.1801
          0.1147
          0.1801
          0.1147
          0.1801
          0.1147
          0.1801
          0.1147
          0.1801
          0.1147
          0.1801
          0.1801
          0.1801
          0.1801
          0.1801
          0.1801
          0.1801
          0.1801
          0.1801
          0.1147
          0.1801
          0.1801
          0.1801
          0.1801
          0.1801
          0.1801
          0.1801
          0.1801
          0.1801
          0.1801
          0.1801
          0.1801
          0.1801
          0.1801
          0.1801
          0.1801
          0.1801
          0.1147
          0.1801
          0.1801
          0.1801
          0.1801
          0.1801
          0.1801
          0.1801
          0.1801
          0.1801
          0.1147
          0.1801
          0.1147
          0.1801
          0.1005
          0.1801
          0.1147
          0.1801
          0.1801
          0.1801
          0.1801
          0.1801
          0.1801
          0.1801
          0.1801
          0.1801
          0.1147
          0.1801
          0.1147
          0.1801
          0.1801
          0.1801
          0.1801
          0.1801
          0.1801
          0.1801
          0.1147
          0.1801
          0.1147
          0.1801
          0.1801
          0.1801
          0.1801
          0.1801
          0.1801
          0.1801
          0.1801
          0.1801
          0.1801
          0.1801
          0.1801
          0.1801
          0.1005
          0.1801
          0.1147
          0.1801
          0.1147
          0.1801
          0.1801
          0.1801
          0.1801
          0.1801
          0.1801
          0.1801
          0.1801
          0.1801
          0.1801
          0.1801
          0.1147
          0.1801
          0.1147
          0.1801
          0.1801
          0.1801
          0.1801
          0.1801
          0.1147
          0.1801
          0.1147
          0.1801
          0.1147
          0.1801
          0.1147
          0.1801
          0.1147
          0.1801
          0.1801
          0.1801
          0.1147
          0.1801
          0.1801
          0.1801
          0.1801
          0.1801
          0.1801
          0.1801
          0.1801
          0.1801
          0.1801
          0.1801
          0.1147
          0.1801
          0.1801
          0.1801
          0.1801
          0.1801
          0.1801
          0.1801
          0.1801
          0.1801
          0.1801
          0.1801
          0.1801
          0.1801
          0.1801
          0.1801
          0.1801
          0.1801
          0.1801
          0.1801
          0.1801
          0.1801
          0.1147
          0.1801
          0.1801
          0.1801
          0.1801
          0.1801
          0.1801
          0.1801
          0.1801
          0.1801
          0.1801
          0.1801
          0.1801
          0.1801
          0.1801
          0.1801
          0.1801
          0.1801
          0.1801
          0.1801
          0.1801
          0.1801
          0.1801
          0.1801
          0.1801
          0.1801
          0.1801
          0.1801
          0.1801
          0.1801
          0.1801
          0.1801
          0.1801
          0.1801
          0.1801
          0.1801
          0.1801
          0.1801
          0.1801
          0.1801
          0.1801
          0.1801
          0.1801
          0.1801
          0.1147
          0.1801
          0.1147
          0.1801
          0.1801
          0.1801
          0.1801
          0.1801
          0.1351
          0.1801
          0.1147
          0.1801
          0.1147
          0.1801
          0.1801
          0.1801
          0.1801
          0.1801
          0.1801
          0.1801
          0.1801
          0.1801
          0.1801
          0.1801
          0.1801
          0.1801
          0.1801
          0.1801
          0.1801
          0.1801
          0.1801
          0.1801
          0.1351
          0.1801
          0.1801
          0.1801
          0.1801
          0.1801
          0.1801
          0.1801
          0.1801
          0.1801
          0.1801
          0.1801
          0.1147
          0.1801
          0.1801
          0.1801
          0.1801
          0.1801
          0.1801
          0.1801
          0.1801
          0.1801
          0.1801
          0.1801
          0.1801
          0.1801
          0.1801
          0.1801
          0.1351
          0.1801
          0.1147
          0.1801
          0.1147
          0.1801
          0.1801
          0.1801
          0.1801
          0.1801
          0.1801
          0.1801
          0.1801
          0.1801
          0.1801
          0.1801
          0.1801
          0.1801
          0.1147
          0.1801
          0.1147
          0.1801
          0.1801
          0.1801
          0.1801
          0.1801
          0.1801
          0.1801
          0.1801
          0.1801
          0.1147
          0.1801
          0.1147
          0.1801
          0.1801
          0.1801
          0.1351
          0.1801
          0.1351
          0.1801
          0.1005
          0.1801
          0.1147
          0.1801
          0.1147
          0.1801
          0.1147
          0.1801
          0.1801
          0.1801
          0.1801
          0.1801
          0.1801
          0.1801
          0.1005
          0.1801
          0.1147
          0.1801
          0.1147
          0.1801
          0.1801
          0.1801
          0.1801
          0.1801
          0.1147
          0.1801
          0.1147
          0.1801
          0.1801
          0.1801
          0.1801
          0.1801
          0.1147
          0.1801
          0.1147
          0.1801
          0.1801
          0.1801
          0.1801
          0.1801
          0.1147
          0.1801
          0.1147
          0.1801
          0.0627
          0.1801
          0.0627
          0.1801
          0.0627
          0.1801
          0.1801
          0.1801
          0.1801
          0.1801
          0.0627
          0.1801
          0.0627
          0.1801
          0.0627
          0.1801
          0.0627
          0.1801
          0.1147
          0.1801
          0.1147
          0.1801
          0.1801
          0.1801
          0.0627
          0.1801
          0.1147
          0.1801
          0.1801
          0.1801
          0.1801
          0.1801
          0.1801
          0.1801
          0.0627
          0.1801
          0.0627
          0.1801
          0.0627
          0.1801
          0.1351
          0.1801
          0.0627
          0.1801
          0.0627
          0.1801
          0.0627
          0.1801
          0.1147
          0.1801
          0.1147
          0.1801
          0.1147
          0.1801
          0.1147
          0.1801
          0.1801
          0.1801
          0.1801
          0.1801
          0.0627
          0.1801
          0.0627
          0.1801
          0.1005
          0.1801
          0.1147
          0.1801
          0.1147
          0.1801
          0.1147
          0.1801
          0.1147
          0.1801
          0.1147
          0.1801
          0.1801
          0.1801
          0.1801
          0.1801
          0.1005
          0.1801
          0.1005
          0.1801
          0.1147
          0.1801
          0.1147
          0.1801
          0.1147
          0.1801
          0.1147
          0.1801
          0.1147
          0.1801
          0.1801
          0.1801
          0.0627
          0.1801
          0.1005
          0.1801
          0.1005
          0.1801
          0.1147
          0.1801
          0.1147
          0.1801
          0.1147
          0.1801
          0.1147
          0.1801
          0.1801
          0.1801
          0.1147
          0.1801
          0.1147
          0.1801
          0.1147
          0.1801
          0.1147
          0.1801
          0.1801
          0.1801
          0.1801
          0.1801
          0.1005
          0.1801
          0.1147
          0.1801
          0.1147
          0.1801
          0.1147
          0.1801
          0.0627
          0.1801
          0.1147
          0.1801
          0.1147
          0.1801
          0.1147
          0.1801
          0.1801
          0.1801
          0.0627
          0.1801
          0.0627
          0.1801
          0.0627
          0.0627
          0.0627
          0.0627
          0.0627
          0.1351
          0.1147
          0.1351
          0.1147
          0.1351
          0.1147
          0.1351
          0.1147
          0.1351
          0.1147
          0.1351
          0.1147
          0.1351
          0.1147
          0.1351
          0.1351
          0.1351
          0.1351
          0.1351
          0.1147
          0.1351
          0.1147
          0.1351
          0.1147
          0.1351
          0.1147
          0.1351
          0.1147
          0.1351
          0.1147
          0.1351
          0.1147
          0.1351
          0.1147
          0.1351
          0.1147
          0.1351
          0.1147
          0.1351
          0.1351
          0.1351
          0.1147
          0.1351
          0.1147
          0.1351
          0.1147
          0.1351
          0.1351
          0.1351
          0.1147
          0.1351
          0.1147
          0.1351
          0.1147
          0.1351
          0.1147
          0.1351
          0.1147
          0.1351
          0.1147
          0.1351
          0.1147
          0.1351
          0.1147
          0.1351
          0.0627
          0.1351
          0.1147
          0.1351
          0.1147
          0.1351
          0.1147
          0.1351
          0.1147
          0.1351
          0.1147
          0.1351
          0.1147
          0.1351
          0.0627
          0.1351
          0.1351
          0.1351
          0.1351
          0.1351
          0.1147
          0.1351
          0.1351
          0.1351
          0.0545
          0.1351
          0.0545
          0.1351
          0.1147
          0.1351
          0.1351
          0.1351
          0.0545
          0.1351
          0.1351
          0.0627
          0.0627
          0.0627
          0.1147
          0.0627
          0.1147
          0.0627
          0.0627
          0.0627
          0.1147
          0.0627
          0.1147
          0.0627
          0.1147
          0.0627
          0.1005
          0.0627
          0.1147
          0.0627
          0.0627
          0.0627
          0.0627
          0.0627
          0.0627
          0.0627
          0.0627
          0.0627
          0.0627
          0.0627
          0.0627
          0.0627
          0.0627
          0.0627
          0.1005
          0.0627
          0.1147
          0.0627
          0.1005
          0.0627
          0.1147
          0.0627
          0.1147
          0.0627
          0.1005
          0.0627
          0.1147
          0.0627
          0.1147
          0.0627
          0.0627
          0.0627
          0.0627
          0.0627
          0.0545
          0.0627
          0.0545
          0.0627
          0.0545
          0.0627
          0.1421
          0.0627
          0.1005
          0.0627
          0.1147
          0.0627
          0.0545
          0.0627
          0.0545
          0.0627
          0.0545
          0.0627
          0.0545
          0.0627
          0.0545
          0.0627
          0.0545
          0.0627
          0.0545
          0.0627
          0.0545
          0.0627
          0.0545
          0.0627
          0.0545
          0.0627
          0.0627
          0.0627
          0.0545
          0.0627
          0.0545
          0.0627
          0.0545
          0.0627
          0.0545
          0.0627
          0.0627
          0.0627
          0.0545
          0.0627
          0.0545
          0.0627
          0.0545
          0.0627
          0.0627
          0.0627
          0.0627
          0.0627
          0.0627
          0.0627
          0.0627
          0.0627
          0.0627
          0.0627
          0.1351
          0.0627
          0.1421
          0.0627
          0.1421
          0.0627
          0.1005
          0.0627
          0.1351
          0.0627
          0.0627
          0.0627
          0.0627
          0.0627
          0.1421
          0.0545
          0.0545
          0.0545
          0.0545
          0.0545
          0.0545
          0.0545
          0.0545
          0.0545
          0.1351
          0.0545
          0.0545
          0.0545
          0.1351
          0.0545
          0.0545
          0.0545
          0.0545
          0.0545
          0.0545
          0.0545
          0.0545
          0.0545
          0.1421
          0.0545
          0.0545
          0.0545
          0.0545
          0.0545
          0.0545
          0.0545
          0.1421
          0.0545
          0.1421
          0.0545
          0.0545
          0.0545
          0.1421
          0.0545
          0.1421
          0.0545
          0.1421
          0.0545
          0.1421
          0.0545
          0.0545
          0.1421
          0.1421
          0.1421
          0.1421
          0.1421
          0.1421
          0.1421
          0.1351
          0.1421
          0.1351
          0.1421
          0.1351
          0.1351
          0.1351
          0.1351
          0.1351
          0.1351
          0.1351
          0.1351
          0.1351
          0.1421
          0.1351
          0.1421
          0.1351
          0.1421
          0.1005
          0.1421
          0.1351
          0.1421
          0.1351
          0.1421
          0.1421
          0.1421
          0.1351
          0.1421
          0.1005
          0.1421
          0.1351
          0.1421
          0.1351
          0.1421
          0.1421
          0.1421
          0.1005
          0.1421
          0.1351
          0.1421
          0.1351
          0.1421
          0.1351
          0.1421
          0.1147
          0.1005
          0.1147
          0.1005
          0.1147
          0.1005
          0.1147
          0.1005
          0.1147
          0.1005
          0.1147
          0.1005
          0.1147
          0.1005
          0.1351
          0.1005
          0.1351
          0.1005
          0.1147
          0.1005
          0.1147
          0.1005
          0.1351
          0.1005
          0.1351
          0.1005
          0.1351
          0.1005
          0.1351
          0.1005
          0.1147
          0.1005
          0.1351
          0.1005
          0.1147
          0.1005
          0.1147
          0.1005
          0.1147
          0.1005
          0.1147
          0.1005
          0.1147
          0.1005
          0.1147
          0.1005
          0.1351
          0.1005
          0.1147
          0.1005
          0.1351
          0.1147
          0.1147
          0.1147
          0.1147
          0.1147
          0.1147
          0.1147
          0.1147
          0.1147
          0.1351
          0.1147
          0.1351
          0.1147
          0.1147
          0.1147
          0.1147
          0.1147
          0.1147
          0.1147
          0.1147
          0.1147
          0.1351
          0.1147
          0.1147
          0.1147
          0.1147
          0.1147
          0.1351
          0.1147
          0.1351
          0.1147
          0.1147
          0.1147
          0.1351
          0.1147
          0.1351
          0.1147
          0.1351
          0.1147
          0.1147
          0.1351
          0.1351
          0.1351
          0.1147
        </DataArray>
      </PointData>
      <CellData Scalars="diffusion">
        <DataArray type="Float64" Name="diffusion" NumberOfComponents="1" format="ascii">
          0.0128205
          0.025641
          0.0128205
          0.0128205
          0.0128205
          0.0192308
          0.0224359
          0.0320513
          0.0512821
          0.0512821
          0.0192308
          0.0128205
          0.0192308
          0.0448718
          0.0128205
          0.0128205
          0.0192308
          0.0576923
          0.0192308
          0.0128205
          0.0128205
          0.0128205
          0.0128205
          0.0128205
          0.0128205
          0.0192308
          0.0769231
          0.0320513
          0.0128205
          0.0128205
          0.0192308
          0.0128205
          0.0192308
          0.025641
          0.102564
          0.0128205
          0.0128205
          0.0192308
          0.025641
          0.0192308
          0.025641
          0.0705128
          0.025641
          0.0384615
          0.0128205
          0.0128205
          0.0192308
          0.025641
          0.0320513
          0.0384615
          0.0192308
          0.0192308
          0.025641
          0.0384615
          0.0192308
          0.0192308
          0.0128205
          0.0128205
          0.0320513
          0.025641
          0.025641
          0.0384615
          0.0192308
          0.0320513
          0.108974
          0.025641
          0.025641
          0.025641
          0.0320513
          0.0192308
          0.0128205
          0.0320513
          0.025641
          0.0192308
          0.025641
          0.0128205
          0.025641
          0.0320513
          0.0192308
          0.0288462
          0.0320513
          0.0320513
          0.0384615
          0.0192308
          0.0384615
          0.025641
          0.0128205
          0.0128205
          0.0192308
          0.0320513
          0.0192308
          0.0192308
          0.0192308
          0.0384615
          0.0128205
          0.0192308
          0.0192308
          0.0576923
          0.0192308
          0.0192308
          0.0128205
          0.0192308
          0.108974
          0.025641
          0.0384615
          0.025641
          0.025641
          0.0192308
          0.0192308
          0.0128205
          0.0192308
          0.0384615
          0.0128205
          0.0192308
          0.025641
          0.0192308
          0.0128205
          0.0128205
          0.0128205
          0.0192308
          0.0192308
          0.0128205
          0.0448718
          0.0320513
          0.0192308
          0.0128205
          0.0128205
          0.025641
          0.0128205
          0.0128205
          0.0128205
          0.0192308
          0.0128205
          0.0192308
          0.0384615
          0.025641
          0.0288462
          0.0320513
          0.0384615
          0.025641
          0.0320513
          0.0320513
          0.0192308
          0.025641
          0.0128205
          0.0128205
          0.025641
          0.0192308
          0.0320513
          0.0320513
          0.0192308
          0.00641026
          0.0128205
          0.0128205
          0.025641
          0.0641026
          0.0192308
          0.0128205
          0.025641
          0.0192308
          0.0448718
          0.0192308
          0.0192308
          0.0128205
          0.0320513
          0.0384615
          0.0192308
          0.0192308
          0.0512821
          0.0192308
          0.0384615
          0.0192308
          0.0448718
          0.025641
          0.0192308
          0.0320513
          0.0384615
          0.0512821
          0.0320513
          0.0192308
          0.0192308
          0.025641
          0.0384615
          0.0608974
          0.160256
          0.0192308
          0.0384615
          0.025641
          0.025641
          0.0641026
          0.0320513
          0.0192308
          0.0384615
          0.025641
          0.0320513
          0.0448718
          0.0128205
          0.0192308
          0.0128205
          0.0128205
          0.0192308
          0.025641
          0.0128205
          0.0192308
          0.0384615
          0.0512821
          0.0192308
          0.0128205
          0.025641
          0.0769231
          0.025641
          0.0192308
          0.0384615
          0.0192308
          0.0192308
          0.134615
          0.0128205
          0.0705128
          0.0448718
          0.0192308
          0.0576923
          0.0192308
          0.025641
          0.025641
          0.0961538
          0.0448718
          0.0192308
          0.0897436
          0.0320513
          0.0576923
          0.0320513
          0.0192308
          0.185897
          0.0320513
          0.0576923
          0.0320513
          0.0320513
          0.0192308
          0.0384615
          0.0128205
          0.0384615
          0.0320513
          0.025641
          0.0512821
          0.269231
          0.0512821
          0.0128205
          0.0320513
          0.0192308
          0.0320513
          0.0192308
          0.0128205
          0.0128205
          0.025641
          0.025641
          0.0384615
          0.0192308
          0.0128205
          0.0192308
          0.0128205
          0.0192308
          0.025641
          0.102564
          0.0320513
          0.0192308
          0.0384615
          0.0705128
          0.0769231
          0.025641
          0.0192308
          0.025641
          0.0384615
          0.0833333
          0.0128205
          0.025641
          0.0320513
          0.025641
          0.0576923
          0.0384615
          0.025641
          0.0192308
          0.0448718
          0.025641
          0.0320513
          0.0128205
          0.0128205
          0.025641
          0.025641
          0.0192308
          0.025641
          0.025641
          0.025641
          0.0192308
          0.025641
          0.025641
          0.025641
          0.025641
          0.0128205
          0.0128205
          0.0128205
          0.0320513
          0.0192308
          0.0769231
          0.0320513
          0.0320513
          0.0192308
          0.0192308
          0.0641026
          0.0384615
          0.0320513
          0.0128205
          0.025641
          0.0160256
          0.0192308
          0.0320513
          0.0320513
          0.0384615
          0.0192308
          0.0192308
          0.0320513
          0.0384615
          0.0320513
          0.025641
          0.0737179
          0.0128205
          0.0128205
          0.0128205
          0.0288462
          0.0384615
          0.025641
          0.025641
          0.0192308
          0.025641
          0.0288462
          0.0128205
          0.025641
          0.025641
          0.0128205
          0.0192308
          0.0128205
          0.025641
          0.0128205
          0.0128205
          0.0128205
          0.0128205
          0.0192308
          0.0128205
          0.0192308
          0.0128205
          0.0128205
          0.025641
          0.0384615
          0.025641
          0.0192308
          0.102564
          0.0641026
          0.0128205
          0.0192308
          0.0192308
          0.0128205
          0.0128205
          0.0192308
          0.0192308
          0.0192308
          0.0128205
          0.0192308
          0.0192308
          0.025641
          0.0128205
          0.0128205
          0.0192308
          0.0128205
          0.0128205
          0.0192308
          0.0128205
          0.0128205
          0.0128205
          0.0128205
          0.025641
          0.0192308
          0.0192308
          0.0128205
          0.0128205
          0.0192308
          0.0192308
          0.0192308
          0.0128205
          0.0128205
          0.0128205
          0.0128205
          0.0128205
          0.0128205
          0.0192308
          0.025641
          0.025641
          0.0192308
          0.0192308
          0.0128205
          0.0192308
          0.0128205
          0.0128205
          0.0192308
          0.0128205
          0.0128205
          0.0192308
          0.0320513
          0.0192308
          0.0128205
          0.0192308
          0.0320513
          0.0128205
          0.0128205
          0.025641
          0.0641026
          0.0128205
          0.0512821
          0.0192308
          0.0128205
          0.025641
          0.0128205
          0.025641
          0.0128205
          0.0384615
          0.0192308
          0.0448718
          0.0128205
          0.025641
          0.0192308
          0.0320513
          0.0128205
          0.0480769
          0.0128205
          0.0192308
          0.0128205
          0.0192308
          0.0192308
          0.0512821
          0.0320513
          0.025641
          0.0192308
          0.0128205
          0.0320513
          0.025641
          0.0192308
          0.025641
          0.0448718
          0.0384615
          0.0512821
          0.0769231
          0.025641
          0.121795
          0.108974
          0.0448718
          0.0320513
          0.339744
          0.0320513
          0.160256
          0.0192308
          0.224359
          0.410256
          0.346154
          0.0128205
          0.108974
          0.0320513
          0.0128205
          0.0192308
          0.0384615
          1
          0.0192308
          0.0128205
          0.0512821
          0.0128205
          0.025641
          0.025641
          0.0128205
          0.0705128
          0.0192308
          0.0448718
          0.025641
          0.0192308
          0.0128205
          0.0128205
          0.0128205
          0.0128205
          0.0128205
          0.0192308
          0.025641
          0.0320513
          0.0641026
          0.0128205
          0.0641026
          0.0192308
          0.0192308
          0.0192308
          0.0192308
          0.025641
          0.025641
          0.0384615
          0.0128205
          0.0128205
          0.0128205
          0.0128205
          0.0384615
          0.0192308
          0.0128205
          0.0128205
          0.0448718
          0.0192308
          0.0128205
          0.025641
          0.0128205
          0.0192308
          0.025641
          0.0897436
          0.0128205
          0.0192308
          0.0192308
          0.0192308
          0.0192308
          0.0128205
          0.0128205
          0.025641
          0.0641026
          0.0384615
          0.0384615
          0.0128205
          0.0192308
          0.025641
          0.0448718
          0.0320513
          0.0128205
          0.0224359
          0.0192308
          0.0128205
          0.0128205
          0.0192308
          0.0128205
          0.025641
          0.0192308
          0.0128205
          0.0128205
          0.025641
          0.0192308
          0.0128205
          0.025641
          0.0448718
          0.0128205
          0.0384615
          0.0128205
          0.0320513
          0.0192308
          0.0320513
          0.0192308
          0.025641
          0.0448718
          0.025641
          0.0128205
          0.025641
          0.0448718
          0.0128205
          0.0128205
          0.025641
          0.0384615
          0.0320513
          0.0192308
          0.0128205
          0.0320513
          0.0320513
          0.0320513
          0.0320513
          0.0192308
          0.025641
          0.0128205
          0.0192308
          0.0384615
          0.025641
          0.0192308
          0.0128205
          0.0448718
          0.0128205
          0.0641026
          0.025641
          0.0128205
          0.025641
          0.0128205
          0.0192308
          0.0192308
          0.0128205
          0.0128205
          0.0192308
          0.025641
          0.0128205
          0.0128205
          0.0128205
          0.0192308
          0.0128205
          0.025641
          0.0128205
          0.025641
          0.0128205
          0.0128205
          0.025641
          0.0128205
          0.0320513
          0.025641
          0.0192308
          0.0192308
          0.0128205
          0.0128205
          0.0192308
          0.0128205
          0.0128205
          0.0128205
          0.0320513
          0.0384615
          0.0192308
          0.025641
          0.0192308
          0.0128205
          0.0192308
          0.0128205
          0.0192308
          0.0320513
          0.025641
          0.0192308
          0.0384615
          0.0192308
          0.0512821
          0.025641
          0.0192308
          0.0192308
          0.0192308
          0.0128205
          0.0288462
          0.025641
          0.025641
          0.0192308
          0.0384615
          0.025641
          0.0128205
          0.0192308
          0.0192308
          0.0192308
          0.0320513
          0.0192308
          0.0192308
          0.0320513
          0.0320513
          0.025641
          0.025641
          0.0192308
          0.0448718
          0.0128205
          0.0320513
          0.0192308
          0.0192308
          0.0192308
          0.025641
          0.0320513
          0.0448718
          0.0384615
          0.025641
          0.0192308
          0.0128205
          0.0320513
          0.0416667
          0.0192308
          0.0384615
          0.0384615
          0.0705128
          0.0192308
          0.0224359
          0.0192308
          0.102564
          0.173077
          0.0192308
          0.0384615
          0.0448718
          0.0320513
          0.0192308
          0.0320513
          0.0641026
          0.0192308
          0.0384615
          0.0192308
          0.0320513
          0.0192308
          0.0192308
          0.0384615
          0.0512821
          0.0384615
          0.025641
          0.0384615
          0.0641026
          0.0192308
          0.0192308
          0.0192308
          0.0192308
          0.025641
          0.0128205
          0.025641
          0.0320513
          0.025641
          0.025641
          0.0320513
          0.0384615
          0.025641
          0.0384615
          0.025641
          0.0641026
          0.0769231
          0.0192308
          0.0320513
          0.0384615
          0.0192308
          0.025641
          0.0320513
          0.0448718
          0.0576923
          0.0448718
          0.141026
          0.0320513
          0.0192308
          0.0128205
          0.0128205
          0.025641
          0.025641
          0.0769231
          0.0192308
          0.128205
          0.0384615
          0.0448718
          0.0192308
          0.0320513
          0.025641
          0.025641
          0.025641
          0.0384615
          0.192308
          0.025641
          0.0384615
          0.0320513
          0.0128205
          0.0384615
          0.0320513
          0.0320513
          0.0192308
          0.128205
          0.0192308
          0.0192308
          0.0192308
          0.025641
          0.0384615
          0.0192308
          0.0128205
          0.0192308
          0.0128205
          0.0128205
          0.0576923
          0.025641
          0.0192308
          0.025641
          0.0897436
          0.0192308
          0.0192308
          0.0128205
          0.0128205
          0.025641
          0.0128205
          0.0128205
          0.0769231
          0.0128205
          0.0128205
          0.0961538
          0.0641026
          0.0320513
          0.0737179
          0.0128205
          0.0128205
          0.102564
          0.0384615
          0.025641
          0.0384615
          0.0576923
          0.0192308
          0.0769231
          0.0384615
          0.0192308
          0.0769231
          0.0320513
          0.0769231
          0.025641
          0.0705128
          0.0128205
          0.0320513
          0.025641
          0.0320513
          0.025641
          0.0384615
          0.025641
          0.0384615
          0.0192308
          0.0128205
          0.025641
          0.0128205
          0.025641
          0.0384615
          0.0192308
          0.0192308
          0.0192308
          0.0128205
          0.0128205
          0.0192308
          0.0192308
          0.0128205
          0.0128205
          0.0192308
          0.0320513
          0.0192308
          0.0128205
          0.025641
          0.0384615
          0.0769231
          0.0192308
          0.0192308
          0.0192308
          0.0320513
          0.0128205
          0.0576923
          0.0128205
          0.0128205
          0.0128205
          0.0128205
          0.025641
          0.0192308
          0.0448718
          0.0128205
          0.0320513
          0.025641
          0.0192308
          0.025641
          0.0576923
          0.0320513
          0.0641026
          0.0192308
          0.025641
          0.0384615
          0.0192308
          0.0192308
          0.0192308
          0.0641026
          0.0320513
          0.025641
          0.025641
          0.025641
          0.025641
          0.0192308
          0.0192308
          0.0192308
          0.025641
          0.0128205
          0.0128205
          0.0192308
          0.0128205
          0.0128205
          0.0128205
          0.0192308
          0.0192308
          0.0192308
          0.025641
          0.0128205
          0.0192308
          0.0192308
          0.025641
          0.0192308
          0.0128205
          0.0320513
          0.0192308
          0.025641
          0.0448718
          0.0448718
          0.0192308
          0.0128205
          0.025641
          0.0128205
          0.0128205
          0.0128205
          0.0128205
          0.0192308
          0.0192308
          0.0128205
          0.0192308
          0.0192308
          0.0320513
          0.025641
          0.0128205
          0.0128205
          0.0128205
          0.0192308
          0.0192308
          0.0192308
          0.025641
          0.025641
          0.0128205
          0.0192308
          0.0128205
          0.0128205
          0.0128205
          0.0192308
          0.0192308
          0.0128205
          0.0128205
          0.0128205
          0.0192308
          0.0128205
          0.0128205
          0.0128205
          0.0192308
          0.0128205
          0.0192308
          0.0192308
          0.025641
          0.025641
          0.0320513
          0.0320513
          0.0641026
          0.0769231
          0.0128205
          0.0128205
          0.0576923
          0.0192308
          0.0192308
          0.0128205
          0.0192308
          0.025641
          0.0192308
          0.0192308
          0.0192308
          0.0128205
          0.0576923
          0.0128205
          0.0192308
          0.0192308
          0.0192308
          0.0128205
          0.0192308
          0.0128205
          0.0192308
          0.0320513
          0.0128205
          0.0192308
          0.0128205
          0.025641
          0.0320513
          0.0384615
          0.0192308
          0.0448718
          0.0384615
          0.160256
          0.134615
          0.0705128
          0.0320513
          0.358974
          0.0384615
          0.314103
          0.346154
          0.307692
          0.0128205
          0.0448718
          0.025641
          0.0128205
          0.0641026
          0.0641026
          0.0128205
          0.0192308
          0.0128205
          0.0384615
          0.025641
          0.025641
          0.0128205
        </DataArray>
      </CellData>
    </Piece>
  </PolyData>
</VTKFile>
