time,node_0,node_1,node_2,node_3,node_4,node_5,node_6,node_7,node_8,node_9,node_10,node_11,node_12,node_13,node_14,node_15,node_16,node_17,node_18,node_19,node_20,node_21,node_22,node_23,node_24,node_25,node_26,node_27,node_28,node_29,node_30,node_31,node_32,node_33,node_34,node_35,node_36,node_37,node_38,node_39,node_40,node_41,node_42,node_43,node_44,node_45,node_46,node_47,node_48,node_49,node_50,node_51,node_52,node_53,node_54,node_55,node_56,node_57,node_58,node_59,node_60,node_61,node_62,node_63,node_64,node_65,node_66,node_67,node_68,node_69,node_70,node_71,node_72,node_73,node_74,node_75,node_76,node_77,node_78,node_79,node_80,node_81,node_82
0,0,0,0,0,0,0,0,0,0,0,0,0,0,0,0,0,0,0,0,0,0,0,0,0,0,0,0.1,0,0,0,0,0,0,0,0,0,0,0,0,0,0,0,0,0,0,0,0,0,0,0,0,0,0,0,0,0,0,0,0,0,0,0,0,0,0,0,0,0.1,0,0,0,0,0,0,0,0,0,0,0,0,0,0,0
0.4,3.63808331332091e-05,9.971009852272149e-07,-2.546488221688468e-07,4.1132029304415e-06,1.358804385678855e-05,5.171961279492111e-05,4.823036903059419e-05,5.48162871907881e-05,5.76488818784497e-05,0.0001084037551446303,5.518543139093827e-05,-8.562671233869389e-06,8.122887032273832e-06,3.706456242843177e-05,4.538603030033033e-05,0.000112337831674846,0.000196519021609616,0.0001914920349344189,0.0006214639457144395,0.0001787845014715362,0.000216240599898555,0.0002360794635371526,0.0004831292409630364,0.0003787178572044338,0.001689521012044319,0.002238106678023146,0.07794261909294338,0.003309169695800509,0.001966169600534494,0.001935459061108081,0.0006915982785467868,0.002182279675511094,0.0002106618801287145,0.0007479093157709556,2.346495940346629e-05,-1.046082770009052e-05,4.217276850819628e-05,-3.267025125887054e-05,-8.079435839014718e-05,0.000905880827631203,0.00109785587352587,3.707311552235501e-05,-3.015817928129742e-05,-1.624725529205738e-05,1.0452081279232e-05,-2.899659243928324e-07,7.279388225522109e-05,5.938713579454514e-05,8.076110423329942e-05,6.99636823971143e-05,0.0001540437547418046,0.0001002760402030983,2.677732478038881e-05,2.410619967979779e-05,6.142088359873882e-05,6.008031280389516e-05,0.0001525562217659394,0.0003387446062408696,0.000301559237499106,0.0009198795029967384,0.0002523428271141872,0.0003890559128035756,0.000404307726660715,0.0009188980532956157,0.0006605207328955178,0.002352867028056942,0.002499819310570493,0.06944075798668563,0.004212117856249656,0.002557346233583627,0.002589056834388736,0.001828757720031623,0.002769755740294817,0.0003766203760249779,0.0009933483208096315,2.584767292942553e-05,1.356437002801656e-05,0.0004750439799314309,-3.203841057022861e-05,-5.615128458195868e-05,0.001115632525690272,0.001662512374158949,-0.0001337207980567333
0.8,0.0001405393804709034,5.464791856436196e-05,5.154159829475534e-06,7.179968413897562e-05,9.908796683139925e-05,0.0002074717684067658,0.000181110273622225,0.0002164859805393824,0.0002413234645346913,0.0003560355504049894,0.0002691366433922223,4.660493802833201e-05,9.000559399190962e-05,0.000193759715225113,0.0002717244410576885,0.0003861888255598192,0.0005723601423309073,0.0005917808115487128,0.001249000333508812,0.0005795194817225008,0.0007200439090515337,0.000802953295320083,0.001156923427230917,0.001021690096130223,0.00263726411025169,0.003795745624942724,0.06161285012186161,0.005962495473634482,0.003114529872056766,0.003125171235438148,0.001597451629475819,0.003307116875950704,0.0007329697219852511,0.001258698596383372,0.0002291386446749038,9.350882166427521e-05,0.0002498822707958341,4.604614990475231e-05,-9.599204318808745e-05,0.001664664270244001,0.002134298395097935,0.0001984406117213086,1.396755110460297e-05,-8.523312783893835e-06,0.0001181171814689089,0.0001299697144003385,0.0002972436535719753,0.0002578491560497655,0.0003085169471361457,0.0003460551540527074,0.0005116036423435086,0.0003918456061125552,0.0001507958835973594,0.0001631436206917335,0.0003029452318033465,0.000393691796987166,0.0005421995058275278,0.0008954273144358996,0.0008500163640714225,0.001776094735041064,0.000786083438570961,0.001118062420755786,0.001201806031622133,0.001827803462527001,0.001586425098047721,0.003536932857389449,0.004196693886632737,0.04938941990625317,0.007033108088099508,0.003998441212564698,0.004099746041369238,0.003187249028678323,0.004052834414518721,0.001211249466673447,0.001606412922038907,0.0002922853777321203,0.0001598580103579488,0.000873680943673217,8.400000045128825e-05,-6.228272704928969e-05,0.002049947188035704,0.003065413754200664,-4.979108463014633e-05
1.2,0.0003376753562643017,0.0001918507239993631,5.466354086081159e-05,0.0002312364906496778,0.0002864280462624654,0.0004769819491679932,0.0004192380594243725,0.0004939263748896243,0.0005438654495239936,0.0007202591206352788,0.000619502059146147,0.0001962110778661947,0.0002814683147829641,0.0004828271617962042,0.0006605527911487277,0.0007831179696437289,0.001051884222226354,0.001108574752990529,0.001879148442837617,0.001102924990370429,0.001372252656706179,0.001507434600068649,0.001873007897370332,0.001751270747642054,0.003341676354637588,0.004908697991441234,0.04943649586737762,0.00806954305828503,0.003903699648367769,0.00394274983869299,0.002472371192779895,0.004017859801840818,0.001429850522345245,0.001717443762003119,0.0005826874400818925,0.0003217324573803818,0.0005787956808627392,0.0002448011780011704,-3.401878079848842e-05,0.002338663402227383,0.003117635025353972,0.0004814525321414151,0.000172855826491012,5.987069952132454e-05,0.0003500892474489639,0.00039607731464436,0.0006591496895266652,0.0005878187584634123,0.0006788694731124958,0.0007681881540092801,0.00100039422652866,0.0008467690867008429,0.0004035910321141185,0.0004468287953180022,0.0007035192712683373,0.0009216389714027012,0.001075072599585944,0.001538155093679701,0.001510571294300069,0.002577872143273542,0.001450178090159341,0.001979509190072423,0.002123147095344485,0.002707428601171391,0.002529760085531537,0.004338698967457521,0.00539495046199778,0.03617613946401783,0.008914977869520259,0.004919088187257734,0.005055765476382098,0.004198195454172589,0.004800126528176948,0.002234098151794653,0.002135609007523658,0.0007361774344390226,0.0004469377903416111,0.001302267909011429,0.0003526573864879431,4.973976150581782e-06,0.002875917594786124,0.004281894079140262,0.0002138517550919892
1.6,0.0006508120076087153,0.0004425670213154439,0.0001856232912024493,0.0005078031803212157,0.0005973306464164185,0.000869515568967567,0.0007781561701321861,0.0008941814366764152,0.0009681367153229407,0.001197241082337433,0.001094920513116481,0.000468237065404669,0.0006057049538291429,0.0009067606833583213,0.001194065802749702,0.001291153120473528,0.001620029073602111,0.00171476254446965,0.002536507172413472,0.001717463124204878,0.00210892885244302,0.002279866704286312,0.002615329563807224,0.002520667590865831,0.003982788534577349,0.005762739762752938,0.0403472562274205,0.009764286798117715,0.004559851337872709,0.004611832655171416,0.003296113853023561,0.004598724527317684,0.002241000807810603,0.002213172565283166,0.001071691048657338,0.0006853233700601006,0.001021545512590322,0.0005746693041628981,0.0001238874841320335,0.002989897998183578,0.004075784588345832,0.0009008326507915957,0.0004764122158762163,0.0002279986831020025,0.0007270996318649469,0.0008091042427724411,0.001160097113505323,0.001056299392213915,0.001189803129670868,0.001322482764921887,0.001606801478122157,0.00144298905753187,0.0008048543538915869,0.0008874282354073804,0.001251778737844837,0.00160157928923106,0.001723907555786767,0.002251936566871043,0.002252388731668311,0.003375349413828477,0.002201941644321701,0.002899264270373806,0.003084318113165216,0.003580536318734335,0.003459726470225782,0.005039749820197528,0.006324836629156985,0.02750213912049806,0.01021451599720142,0.00564388275646358,0.005790045343052236,0.005036776741413619,0.005405089532546928,0.003340170021511022,0.002707543850626188,0.001330336771746336,0.0008835022857494151,0.001820818370184964,0.0007810075282383793,0.0001730118366927368,0.003667927891898394,0.005389806186718913,0.0006465790797955632
2,0.00110304847337454,0.0008354658884624441,0.0004352601253921212,0.0009262848105754586,0.001052615150159594,0.00139916086371588,0.00127560017661725,0.00143024981812159,0.001525590821825173,0.001796773020336804,0.001699065701680174,0.0008886602552740548,0.001082175460133639,0.001472884032779142,0.001867117684937625,0.001917021044361002,0.002287505731146211,0.002415182481695309,0.003253944271373928,0.002425993654235219,0.002918643918407945,0.003112101755034358,0.003404251810318383,0.003337001179218179,0.004648825549140543,0.006500373114441333,0.03360059074105797,0.01117620126272699,0.005207770006959323,0.00526377091810422,0.004112306813457862,0.00518879161647382,0.003148885035708441,0.002797854945410403,0.001699690080718247,0.001199314372289882,0.001589149640964238,0.001051461610352087,0.000402530393222512,0.003675244658173195,0.005045835035836913,0.001477906241679403,0.000952354077856216,0.0005361534907840254,0.001270279961527845,0.00138648983268954,0.001813488717841901,0.001679376574306398,0.001851745545854384,0.002018217731207326,0.002342217281529348,0.002180689154218999,0.001373180966034151,0.001497174339854352,0.001951376976523357,0.002421706507947016,0.00249511306847267,0.003058847519396723,0.003087461971565513,0.004223066364646977,0.0030479427552793,0.003874213849414244,0.004085113352052078,0.004489931409094419,0.004410933525037945,0.005770678631010556,0.007155600602360397,0.02190196844117047,0.011199477300592,0.006353393210526023,0.006496334460404369,0.005843944908225357,0.006045246855099311,0.004505765695096827,0.003387538153308493,0.002072328518591183,0.001483104216212453,0.00247050084992908,0.001382099371603302,0.0004728294403164491,0.004494128101046975,0.006464057525448729,0.00125289458978786
2.4,0.001720520623221117,0.001400177042981549,0.0008421761647488851,0.001513800449344671,0.001676426786646873,0.002087048267647972,0.001934648498187285,0.002123021080083455,0.002236504821860458,0.002539699939434814,0.002449015285663296,0.001484625729205025,0.001732729706546457,0.002197736106018749,0.002689302018919509,0.002680892968296315,0.003078931904392667,0.00323249014376024,0.004069239804599277,0.003250420812696688,0.003819959007757144,0.004026538162733265,0.004274934863704503,0.004231112253209169,0.005399907751481488,0.007232456777566375,0.02866892228692203,0.01242299472618737,0.005927873092863184,0.005983616456225993,0.004978700599770328,0.005868804117648697,0.004162011684859705,0.003511657904239511,0.002483004164648616,0.001884820283942929,0.002304038912838535,0.0016972345505102,0.0008328203616693248,0.004447698184513097,0.006070469106045352,0.002239856576169878,0.001630600379269819,0.0010267242858357,0.002005346127130691,0.002152879808671294,0.002642933315013701,0.002481708954209969,0.002687009149686198,0.002879147023141096,0.003232693502957087,0.003078886548603773,0.002131934651899977,0.002295372958978861,0.00282038090926037,0.003393646139733788,0.003413923808967072,0.003995414160038072,0.004048019179377374,0.005175327661442532,0.004018357460082947,0.00493674365302101,0.005162573316402811,0.005487835657706617,0.005437757846922425,0.006611904642321656,0.008013496437385836,0.01843414703345512,0.01206915805541544,0.007157197193581427,0.00729212147608558,0.006723745971683497,0.006814659488106098,0.005749190813279286,0.004221732057494462,0.002977786713086229,0.002266791384219596,0.003287776159464115,0.002176830239478152,0.0009399980563787907,0.005417211925716143,0.007575965953240398,0.0020486435514262
2.8,0.002535069443550313,0.002170176466170308,0.001448255191269159,0.002302604949162922,0.00249910864714067,0.002962720656394942,0.002785717445385106,0.003002216930039665,0.003130469284974885,0.003456960776616361,0.003373648133246102,0.002287790189485708,0.002585582744876632,0.003108354322267227,0.003684463200566675,0.003614008764405807,0.004029132183093459,0.004201502193105857,0.00502548634989534,0.00422536085884748,0.004849146957088419,0.005062373832103168,0.005271576730936232,0.005246401648129749,0.006288882861495848,0.008049477136119844,0.02517803880901836,0.01361135101242517,0.006782868440524243,0.006836530608274959,0.005955004724627113,0.006698105814767133,0.005306870236270331,0.004394361170474289,0.003449441475323791,0.00277090651346782,0.003198062299671529,0.002541700275522975,0.001452606160512669,0.005359529885820609,0.007197579533742767,0.003221359688535176,0.002546516591493221,0.001746053191502939,0.002965505337596223,0.003141457220308625,0.003682163991389181,0.003497239117065499,0.003729069660676399,0.003940568887872148,0.004315640889231699,0.004171348485576133,0.003112623630777194,0.003311399688935753,0.003890072666823692,0.004547277084948403,0.004518529238798867,0.005107029021849631,0.005178428389694963,0.006287970051190789,0.005156976467027822,0.006137455227076749,0.006371109223674737,0.006632113760329657,0.00660160480088077,0.007627431958342878,0.008997961756310596,0.01649560249787379,0.01297549154485757,0.008133171581198334,0.008259085597946202,0.007757375480858759,0.007777730704528147,0.007112465511700196,0.005254230097804811,0.004076937397407263,0.00326496914179737,0.004312074305603479,0.003195455706251875,0.001616255206241086,0.006497927848515704,0.008795472502541035,0.003060358432202736
3.2,0.003586661508745161,0.003185705983873616,0.00230092604882559,0.003332691288989695,0.003559555737123448,0.004065481815369557,0.003868348576728149,0.00410748261802443,0.004247258165589577,0.004589807888977339,0.004513183012708889,0.003337367000532172,0.00367811532944135,0.004243049346977611,0.004890121107373113,0.00475824806051695,0.005182651613752308,0.005367551241315751,0.006172603876407052,0.005396183793210216,0.006054953126756761,0.006270376235903413,0.006446396251764175,0.006435505495588835,0.007369978374869878,0.009031118057465473,0.02286647189835077,0.01484056829689668,0.007831286365043091,0.007882219038429729,0.007102605970267174,0.007731524958078996,0.006624415956450289,0.005491172000226638,0.004638285932820105,0.003896386495902249,0.004312717817386248,0.003623812005975821,0.002308083381899822,0.00646585368439043,0.008481407948647646,0.004466696525894441,0.003743797037886383,0.002746855908352509,0.00419383237819477,0.004395628840018237,0.004975879576409077,0.004770465577930949,0.00502284003881937,0.005249003999822735,0.005639388664897038,0.005504739362138807,0.004357247086377105,0.004586389000562569,0.005204533634019019,0.00592786118943111,0.005858488177728311,0.006447690357195861,0.006533115654222167,0.007621374955916015,0.006518236630420933,0.007538304678381848,0.007775357446222148,0.007986313295607646,0.007968958086284042,0.008878956569813879,0.0101945861828302,0.01570725227997963,0.01404086461216741,0.009348613339728066,0.009466098280734284,0.009016614936905377,0.00899247806244065,0.008653387627472312,0.006534858320283475,0.005413308182217492,0.004519030043476592,0.005590424926219579,0.004479161947400042,0.002551489432347055,0.007799213332125543,0.01019440814325976,0.00432594666324965
3.6,0.0049257718397229,0.004496646104636856,0.003455751626620046,0.004654333480716669,0.004907487329857889,0.005446037332047542,0.005233144736651873,0.005489903451967347,0.005638203646609716,0.005990920267361581,0.005919829353523292,0.004682946361934848,0.005059224015330423,0.005652505762383291,0.00635758695998731,0.006166963408082518,0.006594771791154099,0.006786912488621755,0.007569410091240391,0.00681929714782358,0.00749733319969217,0.007711855353854808,0.007860629044223903,0.007860398030457807,0.008703732964057059,0.01025412705812547,0.02155876617473817,0.01620714874110748,0.0091352317665267,0.009183313058943848,0.008487626140512858,0.009028073153793862,0.008169123300345566,0.00685640800565677,0.006101212327563098,0.005311746586974352,0.005700505863155994,0.0049936471939183,0.003455697577197688,0.007828184942860137,0.009984506081406943,0.006032021630900787,0.005277267484955561,0.004091011473386811,0.005745546759463064,0.0059710205866244,0.00658124256703035,0.006358167890639684,0.006625840952956073,0.006863250380625159,0.007264213861553632,0.007138699853686883,0.005920394018074275,0.006174788223540655,0.00682122069120654,0.007595153343435793,0.007495298978613761,0.008081615890733088,0.008177206824667159,0.009243731243996856,0.008167479243820523,0.009211225759130675,0.00944903353675833,0.0096216540935017,0.009613146746404694,0.0104334352157469,0.01168518095693113,0.01584229961915326,0.0153722628783296,0.01087213930755741,0.0109822913363975,0.01057379868204413,0.01052167462488153,0.01044291484316304,0.008123510868168224,0.007043954085500489,0.006083100960481824,0.00718078561091045,0.00608188992504104,0.003806059500122407,0.009390299911401587,0.01185011954459209,0.005896119297668078
4,0.006615916824401883,0.006165433018663985,0.004979337383663036,0.006330737126314875,0.006605883385700846,0.007168554496223616,0.006944018183603277,0.007214013048907034,0.007368115376072984,0.007726235960951352,0.007659344511758146,0.006387287724255217,0.006791673254860845,0.007401446460508432,0.008152948006237174,0.007906698986438993,0.008333412819010592,0.008528439009326962,0.009286128509181663,0.008563714990720105,0.009248394107820612,0.009459810045146197,0.009586617072046312,0.009594155901990102,0.01036079021674914,0.01179887123214223,0.02114772477383866,0.01780964120025336,0.01076563896008377,0.01081096016752637,0.01018473349137335,0.01065634578063696,0.01000963724236708,0.008556528917329937,0.007903945191049694,0.007081350223851889,0.007426983089993761,0.00671465917580957,0.004964512947650006,0.009517970117518889,0.01178024606002953,0.007987842039288718,0.007215768153169838,0.005852649661103589,0.007690447120910398,0.007937809361175666,0.008569934244926011,0.008331582228952179,0.008610096885553392,0.00885630595310638,0.009264284392947767,0.009147260575778707,0.007871493710420957,0.00814623845346538,0.008812446303624256,0.009624052370523687,0.009504183352304142,0.01008569867240835,0.01018854327041425,0.01123441614888935,0.01018280604190961,0.01123953209381038,0.01147660560091714,0.01161999159351076,0.01161746764577668,0.01236824273401425,0.01355568433855102,0.01678104583815997,0.01707238033089842,0.01278109481906968,0.01288506558577321,0.01250900320458948,0.01243916043242434,0.01256542064727536,0.01009342089215319,0.009040785653373636,0.008026113746372795,0.009154965183158633,0.008072514971813573,0.005453455713477616,0.0113506918249473,0.01384924267039074,0.007836373103571926
4.4,0.008736472276221371,0.008270143948818039,0.006952572319243265,0.008440935277675015,0.008733729761206789,0.009313195237373756,0.009080837382771554,0.009360309660442812,0.009517745484320399,0.009877404914039916,0.009813332470367345,0.008529267858770891,0.00895470833323404,0.009570905354513036,0.01035889807980747,0.01005960372071709,0.01048168789589614,0.01067601449491022,0.01140731739513638,0.01071347993632717,0.01139462686349263,0.01160130617092216,0.01171061506825429,0.01172366031420977,0.01242545388818481,0.01375502701968312,0.02158277756632792,0.01975353799066678,0.01280654797623527,0.01284926596619513,0.01228108595343578,0.01269870424747326,0.01223053269354582,0.01067315810014674,0.01012856428458986,0.00928602392237679,0.009573366891083381,0.008866344372945792,0.006919040541957573,0.0116201840762262,0.01395578690802541,0.01042180376292549,0.009645230637119239,0.008121523466527818,0.01011565047634313,0.01038343435623838,0.01103072707759314,0.0107790366669693,0.01106464360890113,0.01131793595799292,0.01173026722723948,0.01162117730218957,0.01029741078408892,0.01058794433519308,0.01126762818919884,0.01210641869578065,0.01197666052927224,0.01255249023043951,0.01266049935656652,0.01368753356448983,0.01265783410534893,0.01372073503503242,0.01395632288505802,0.01407730779633388,0.01407886832485569,0.01477544000402598,0.01590262148883914,0.01848260090304297,0.01924850874292611,0.01516689634225414,0.01526571738060965,0.014915582934559,0.01483432600268163,0.015120605920752,0.01253427698210387,0.01149274502714639,0.01043430601405593,0.01160159521034711,0.0105374395963964,0.007583326312704251,0.01377409918613036,0.01629160116774103,0.01022947443471976
4.800000000000001,0.01138585729492816,0.01090785133984485,0.009474216404390477,0.01108301975488605,0.01138914995570409,0.01197913727615226,0.01174251294135986,0.01202827598181092,0.01218678213393867,0.01254479989904604,0.01248217170437825,0.01120711196663392,0.01164705899673581,0.01226108803967779,0.01307732880613713,0.012726435075971,0.01314100976424136,0.01333163590828585,0.01403521950282949,0.01337073231059531,0.01403997798485101,0.01424064560069086,0.01433614395848803,0.01435293046642789,0.01499935842408842,0.01622677741163008,0.02286270565454954,0.02215621141388451,0.01535911932529856,0.01539938847412582,0.014880360524908,0.01525514818300492,0.01493491757866251,0.01330636680491507,0.01287639341061012,0.01202607808376767,0.01223963538788987,0.01154734858319522,0.009422518711949324,0.01423709915964934,0.01661546791590806,0.01344184162132727,0.01267201748522907,0.0110066646654352,0.01312870255083921,0.0134157075298465,0.01407253843530631,0.01380903592852975,0.01409856410748755,0.01435776751234539,0.01477246864884725,0.01467093717313536,0.01330545689055956,0.0136075594762958,0.01429618126085276,0.01515377095114891,0.01502370195912064,0.01559360065549622,0.01570534278985877,0.01671565801723452,0.01570503556751089,0.01677012030231254,0.01700393855593693,0.01710754101172668,0.01711192845496165,0.01776578971779003,0.01883868181676599,0.02096758452243128,0.02201991386716828,0.01813952392734832,0.01823405750226227,0.0179048905349978,0.01781602700352035,0.01822643234441468,0.01555553496426689,0.01450865932289837,0.01341418514297176,0.01462935765302261,0.013583615678541,0.01030487722197758,0.01677242771873318,0.01929425479197324,0.01317842166988202
5.2,0.01468510468189908,0.01419829299128023,0.01266482468954282,0.01437773814995385,0.01469293926013998,0.01528805845625981,0.01505051549067431,0.01533986771107069,0.01549732735920393,0.01585102150296317,0.01578847732263265,0.0145419622626926,0.01499036702246455,0.01559476137520487,0.01643256765868396,0.01603007082286243,0.01643467641080431,0.0166190093588002,0.01729351203444088,0.01665930111372552,0.01730951537207861,0.01750309726299188,0.01758779172816469,0.01760693470351841,0.01820538796124067,0.01933777841301212,0.02503155168355096,0.02515191700909875,0.01854571086069205,0.01858365280041084,0.01810693172699154,0.01844726111617808,0.01824770606935784,0.01657831198800087,0.01627140255943622,0.01542475874261723,0.01554807747391279,0.01487899818856423,0.01260061167449848,0.01749228629649298,0.01988459986831658,0.01717967978381536,0.01642653079023223,0.01464029002367649,0.01686104756080951,0.01716629135601719,0.01782789751913025,0.01755374197863707,0.01784445944540037,0.01810880806742548,0.01852439531814231,0.018430256974534,0.01702680058522174,0.01733653207563568,0.01803091876288169,0.01890062477719316,0.01877932182705653,0.01934343612745095,0.01945798314528292,0.02045378667584769,0.01945948320787785,0.02052475024129092,0.02075680856686634,0.02084665276223269,0.02085303414703964,0.02147277836112446,0.0224977862574898,0.02430806721648443,0.02552420990762293,0.0218317331034786,0.02192267501087236,0.02161066577919199,0.02151643097946332,0.02202270583912262,0.01929001522320905,0.01822062386099542,0.01709592024326119,0.01837052056621014,0.01734195806305542,0.01375061153895231,0.02047987667279837,0.02299569807868426,0.01680983918742287
5.600000000000001,0.01878176162126828,0.01828782571196086,0.01667094258999513,0.01847240753031019,0.01879244100901311,0.01938799826217943,0.01915275114799843,0.01944338010934808,0.01959776224679918,0.01994479192069683,0.0198809746819759,0.01868174790810372,0.0191329774384637,0.01972105937367966,0.0205751080166163,0.02011941519242045,0.02051183139826009,0.02068753362103119,0.02133138235498679,0.02072868683893072,0.02135350591440159,0.02153901896442819,0.02161535237556845,0.02163574863071385,0.02219184309524486,0.02323602515423158,0.02817686686184097,0.0288968538854018,0.02251411203249904,0.0225498032303426,0.0221102118809954,0.0224223392131089,0.02231939577926938,0.02063719584722942,0.02046400796343605,0.01963205097182109,0.0196472037374996,0.01900917906059846,0.01660543352838133,0.02153483066269915,0.02391357970962862,0.02179457946353361,0.02106700637106859,0.01918185471745712,0.02147175286880759,0.02179443083894075,0.02245669011442293,0.02217272368712036,0.02246220683442594,0.02273123876728759,0.02314658363496734,0.02305988483061414,0.02162016253065181,0.02193377276681593,0.02263178701884006,0.02350823408976793,0.02340443675028444,0.02396314640746661,0.02407994607828759,0.02506341871350639,0.02408282865421094,0.02514765992113083,0.02537814974839589,0.0254568109804394,0.02546463409441801,0.0260566799685854,0.02703981926906182,0.02862226568141679,0.02992302514034331,0.02640317779755392,0.02649107814294032,0.02619328135747614,0.02609491691336988,0.02667502171609997,0.02389771699765292,0.02278773675261276,0.02163704390190178,0.02298470495081481,0.0219710323986883,0.01808030122643065,0.02505710277846183,0.0275601346294832,0.02127769271496092
6,0.02385395614572411,0.02335351701846972,0.02166941018744151,0.02354498528291456,0.0238655978336078,0.02445741393045572,0.02422761892237321,0.02451750742340002,0.02466681081340753,0.02500504594504997,0.02493858337316331,0.02380520114334836,0.02425391845225565,0.02481950300382529,0.02568559834381557,0.02517350435175247,0.0255516106175809,0.02571647407855717,0.02632776078582504,0.02575823662756244,0.02635168501467365,0.02652815800041142,0.0265981205992946,0.02661886967236521,0.02713672528049968,0.02809859432050247,0.03242959130386699,0.0335741787548112,0.0274418532351361,0.02747532093535937,0.02706904899070589,0.02735762001175277,0.02733012393206521,0.02566139160677118,0.02563506498716785,0.02482864703905429,0.02471583748665626,0.02411638596971584,0.02161970567341834,0.02654363050849223,0.028882163623992,0.02747710618298109,0.02678328299481405,0.02482203285305844,0.0271512595964387,0.02749070761082035,0.02814993610468675,0.02785673579441648,0.02814275466822667,0.02841623378095016,0.02883044755654058,0.02875143660302066,0.02727556130269526,0.02758939457719924,0.02828966666517841,0.02916842991090829,0.0290907392885983,0.02964454981704921,0.02976332576726552,0.03073655776584746,0.02976726094373092,0.0308319798260837,0.03106120102999521,0.0311304732816979,0.03113937147597861,0.03170851032869912,0.03265499230170076,0.03407222683112916,0.03540702002074056,0.032044367947556,0.03212965510962603,0.03184378320963954,0.03174189968494865,0.03237875120871372,0.02956963398964115,0.02839992009797914,0.02722623059138954,0.02866266580539861,0.02766078356161024,0.0234849683714437,0.03069527404630011,0.0331816309843264,0.02676711028563636
6.4,0.03011431090923934,0.02960707072006619,0.02787146481951436,0.02980798156468941,0.03012485807518068,0.03070910253585944,0.03048792506413447,0.03077526488122281,0.03091747072868232,0.03124488690011141,0.03117437450827738,0.03012570264216581,0.03056673931403273,0.03110389042704607,0.0319787261463277,0.03140547792378425,0.03176714745239562,0.03191899611312305,0.0324953965475685,0.03196117954040412,0.03251738108641752,0.0326837990196582,0.03274902465520125,0.03276936779972401,0.03325184691547561,0.03413605119852537,0.03796487888354379,0.03939872045027406,0.03354032219306569,0.0335715443691597,0.03319591123866818,0.03346433813834195,0.03349365403334777,0.03186342224518057,0.03199970555089474,0.03122973827793693,0.03096705980773908,0.03041361586225166,0.02786070399717051,0.032731487871387,0.03500359017845009,0.03445251872647852,0.03380016086353542,0.03178623484906197,0.03412475996782631,0.03448041581175523,0.03513319281609474,0.03483112355955445,0.03511154622769624,0.03538939907175993,0.03580173872789565,0.03573085101595948,0.03421770810459907,0.03452811488458298,0.03522982346562465,0.03610711905343802,0.03606417742049876,0.0366136411755681,0.03673431544894479,0.03769926029345613,0.03673904325336515,0.03780458522502197,0.03803289548668704,0.03809399244972148,0.03810372153477506,0.03865351767031139,0.03956757332932273,0.04086309955326907,0.04220006572274109,0.03898014254631973,0.03906314439904124,0.03878741950610581,0.03868222639706952,0.03936262732957998,0.03653117814564392,0.0352814164108641,0.03408675646951043,0.03562969382170113,0.03463590518094256,0.03019048649850566,0.03761965616905281,0.04008778089831123,0.03349793593207081
6.800000000000001,0.03781317322500669,0.0372980658872827,0.03552612037884809,0.03751168377454783,0.0378204059341898,0.038393453238744,0.03818411985649171,0.03846723606768983,0.03860027344388531,0.03891487096780315,0.03883886260229014,0.03789442129038654,0.03832266296835059,0.03882551031535314,0.03970643581768296,0.03906588025829451,0.03940890433624827,0.03954552595406673,0.04008425599580059,0.03958798929594637,0.04010096491256006,0.04025623293953309,0.04031807751554881,0.04033735210210981,0.04078626012305832,0.04159607252865008,0.04500308077930344,0.04662092957009851,0.04105819249343895,0.04108710002299563,0.04074036514676684,0.04099110764719614,0.04106075178424059,0.03949326658136783,0.0398104656667977,0.03908807688259942,0.0386514748863423,0.03815156824367342,0.03558343828611802,0.04034848265808803,0.04252803966268658,0.04298315571141395,0.04237973244044568,0.04033704204337638,0.04265457600213182,0.04302593419313306,0.04366895601442411,0.04335822697855592,0.04363094445351549,0.04391320454572463,0.04432299388035169,0.04426083320933085,0.04270842551497845,0.04301169067152615,0.04371437814433963,0.04458680187785324,0.04458741485491619,0.04513306539394465,0.04525569723695698,0.04621412325318703,0.04526100821171831,0.04632866021961066,0.04655643620794661,0.0466101406347508,0.04662053679141404,0.04715361251705407,0.04803844760657243,0.04924271137603293,0.05056210414598308,0.04747207608880837,0.04755303653751902,0.04728608581592873,0.04717754142056312,0.04789128773472841,0.04504459066175979,0.04369333735648294,0.04247902551620823,0.04414801597809422,0.04315822722649844,0.03846018572321133,0.04609213915020747,0.04854228051277754,0.04172742626545687
7.2,0.04724035373098472,0.04671570915069832,0.04492202452073709,0.04694588581031253,0.04724190800403795,0.04780022080269824,0.04760604777623266,0.04788333553494176,0.04800506414858845,0.04830481187330513,0.04822182331086542,0.04740193408658955,0.04781223504295867,0.04827486026986452,0.04915965427696015,0.04844448434516679,0.04876652724519007,0.0488856369738096,0.04938344910078211,0.04892827212951501,0.04939182716441237,0.04953475318509644,0.04959435522657057,0.04961196252243867,0.05002821985883937,0.0507655422847904,0.05380990573939641,0.05552931974650907,0.05028338620723927,0.05030986682674642,0.04999107177699553,0.05022584809142189,0.05032114515124676,0.04884019185863967,0.04935887689348176,0.0486954782813422,0.04805898809119353,0.04762034077137009,0.04508222721983265,0.04968384164397317,0.05174464362756657,0.05336891491018862,0.05282178390128085,0.05077465406658184,0.05304063337335786,0.05342718853680455,0.054057152526804,0.05373787974181823,0.05400075317922483,0.05428750622424137,0.05469406745285733,0.05464138175324312,0.05304718658096712,0.05333948242868244,0.0540428910680245,0.05490720118494496,0.05496037072301641,0.05550266004939186,0.055627394698665,0.05658082122200343,0.05563311507871508,0.05670428796760142,0.05693189074552767,0.05697866625369086,0.05698961758665443,0.05750784992843361,0.05836566544114485,0.05950011151421855,0.0607898875043989,0.05781893788441322,0.05789802848548403,0.05763881210332771,0.05752672661401181,0.05826586604947696,0.05540943880288896,0.05393436923307724,0.05270126977371407,0.05451729231496552,0.0535272191871138,0.04859556069628111,0.05641182442572005,0.05884553079082368,0.05175122299578757
7.600000000000001,0.05872423716576599,0.05818796883949062,0.05638666381764552,0.05843898531135432,0.05871764024080454,0.059257684668631,0.05908207437954707,0.059351949931615,0.05946016575516506,0.05974297191019475,0.05965150293695407,0.0589771826938069,0.05936432433422151,0.0597807280732818,0.06066737813020733,0.05986950550995807,0.06016809337904476,0.06026733355747166,0.06072056224653943,0.06031005177914305,0.06071776240934729,0.06084705987162234,0.060905383964145,0.06092076895286716,0.0613045665206338,0.06197003473731749,0.06469450093608874,0.06645032332618719,0.06154245918867518,0.06156636352728288,0.06127519144716962,0.06149513901258628,0.0616029413844363,0.0602319838763627,0.06097437240500486,0.06038161031048784,0.05951796211491132,0.05914848070053093,0.05668950305215067,0.06106518247990761,0.06298093102308565,0.06594460831002823,0.06546105101161601,0.06343412966212272,0.06561781205629195,0.06601898675464278,0.06663250819101607,0.06630478705154288,0.06655561998254375,0.06684694474104871,0.06724953724788393,0.06720718529596893,0.0655685587958172,0.06584593183057998,0.06654984865656284,0.06740278922831629,0.06751762740096,0.0680568589694755,0.0681838810017112,0.06913348997739821,0.06818986167410385,0.0692658676502349,0.06949360694959769,0.06953368428231345,0.06954511112872415,0.0700497619812564,0.07088180333930848,0.0719615794629577,0.07321445629674884,0.07035400437319803,0.07043133151221918,0.07017909548233103,0.07006320874474417,0.0708214205040527,0.06795998610494705,0.06633842949085837,0.06508721835499824,0.06707199453180569,0.06607739437107171,0.0609338602095531,0.0689124760810757,0.07133207001212449,0.06390141640495894
8,0.07262679168139365,0.07207661966248521,0.07028144618488943,0.07235297472857341,0.07260952210988439,0.0731277214468424,0.07297411694195671,0.07323498516204824,0.07332745514135761,0.07359116913241269,0.07348974939948,0.07298228932356016,0.07334099732884604,0.07370516082504205,0.07459164677627424,0.07370273566113532,0.07397528513182672,0.07405226712203963,0.07445693588559672,0.07409498620737502,0.07444029918245554,0.07455461308539381,0.07461247711490433,0.07462511967505704,0.07497607121198611,0.07556924768792936,0.0780038930341351,0.07974413536025256,0.07519595402013443,0.0752171044113331,0.07495374336872349,0.07515954495438991,0.07526803644857565,0.07403010768632727,0.07501903076162299,0.07450858926547672,0.07339028011128151,0.07309791801966138,0.07077034925111417,0.07485367291298402,0.07659825637327644,0.08107269289941291,0.08065983014186576,0.07867791935336998,0.08074867227230023,0.08116372670377307,0.08175729312835157,0.08142128379651105,0.08165782330409392,0.08195372417449995,0.08235148887690752,0.08232039388523538,0.0806350525177052,0.08089345368188686,0.08159755486096378,0.08243571854902926,0.08262121351013764,0.08315746672075647,0.08328695362314327,0.08423347130481668,0.08329306221444617,0.08437487707288863,0.08460297089215572,0.0846364182985912,0.08464825907809323,0.08514005612002144,0.08594667320019242,0.08698241757520897,0.08819391614548874,0.08543774088224523,0.08551334929212691,0.08526759734863611,0.08514764512574079,0.08591971377181261,0.08305794203090136,0.08126778019290271,0.07999923867153301,0.08217416956904612,0.08117111639487036,0.07584104187604213,0.08395535343910028,0.08636335703709927,0.07854020983097003
8.4,0.08933275283876516,0.08876647279341476,0.0869909347554074,0.08907260194013146,0.0893023333618886,0.08979506736829224,0.08966685573294318,0.08991709708401199,0.08999162897345447,0.0902340788860696,0.09012134190462041,0.08980151230944225,0.09012654642717703,0.09043260176856206,0.09131668370240488,0.09032887640872829,0.09057276961632135,0.09062516368562674,0.09097716755013294,0.09066779563422331,0.09094425695741783,0.09104221667568782,0.09110030386129862,0.09110972103300266,0.09142702522681197,0.09194667903438548,0.09411198988081446,0.09579484521042701,0.09162800278360335,0.09164620568642252,0.09141120392822916,0.09160319151884914,0.09170179237251419,0.09061907754391793,0.09187644597671968,0.09145967344902561,0.09006059409384887,0.08985305970913264,0.08771104249816736,0.09143339073184599,0.09298149299430948,0.0991297366944819,0.09879430741610974,0.09688205430041461,0.09880991365992461,0.09923783739274834,0.09980780675114957,0.09946383377210787,0.0996838050897824,0.09998413446322016,0.1003760442786439,0.1003571305253973,0.09862372774851628,0.09885909607476842,0.09956278585779119,0.1003825182852822,0.1006471291903209,0.1011801743270904,0.10131224738482,0.1022557957110567,0.1013183630029652,0.1024063619471531,0.1026348898016285,0.102661674933298,0.1026738754783122,0.1031530583135888,0.1039337713497246,0.1049327775169354,0.1060999271831473,0.1034442322928276,0.1035181058962979,0.1032785854275351,0.1031543626911394,0.1039357256581109,0.1010789582258256,0.09909994887918228,0.0978152942845429,0.1001999508943458,0.09918516474167668,0.09369841782002265,0.1019157984793053,0.1043142886925952,0.09604750933062675
8.800000000000001,0.1092312550046046,0.1086470579997947,0.1069044983146275,0.1089869734508965,0.1091853835094718,0.1096490407393662,0.10954939879289,0.1097873789272614,0.1098419303277117,0.110061000256381,0.1099357873804663,0.1098226320001221,0.1101089592088312,0.1103514773316127,0.1112304938115825,0.1101373402581831,0.1103500515764777,0.110375728507415,0.1106711024036561,0.1104181677173813,0.1106197905614205,0.1107000921742483,0.1107589492390876,0.1107647082816489,0.1110473314927947,0.1114918078162772,0.1134013277526608,0.114993109246935,0.1112284366908174,0.111243499388822,0.1110376030443668,0.1112158493088322,0.1112952328841512,0.1103883030141909,0.1119330328026679,0.1116203744808013,0.1099180316297734,0.1098023271495532,0.107899903056964,0.1111931590555967,0.1125212472689236,0.1204851539757727,0.1202331494347022,0.1184145441817003,0.1201711000397669,0.1206104903431803,0.1211531397842449,0.1208018039312509,0.121002982143631,0.1213073536064619,0.1216921728238833,0.1216862830747832,0.1199050788138707,0.1201134859561966,0.1208157311548075,0.1216130827889849,0.1219641546903655,0.1224933614357615,0.1226280329747317,0.123567957377494,0.1226340432785814,0.1237277110709192,0.1239565615552563,0.1239766099990645,0.1239891151345874,0.1244554598467796,0.125209034924754,0.1261759965437712,0.1272964933863785,0.124739922249725,0.124811983542662,0.1245786806231258,0.1244501060338868,0.1252364631029267,0.1223914140039649,0.1202069555246654,0.1189082072506495,0.1215183536909654,0.1204895842744453,0.1148814721140895,0.1231621212127989,0.1255520133716918,0.1168008634215266
9.200000000000001,0.1326886453792893,0.1320854810579943,0.1303891006373442,0.1324623371508875,0.1326253636973844,0.133056451712583,0.1329881341509839,0.1332122388371134,0.1332450648987832,0.1334388132498716,0.1333003047246228,0.1334095390801093,0.1336525928819223,0.1338269862087934,0.1346976763195573,0.133495242071906,0.1336745171453628,0.1336717394092525,0.1339070133602051,0.1337138519345719,0.1338356193953581,0.1338971371957568,0.1339571609168153,0.1339589022337908,0.1342057877765962,0.1345734640003466,0.136236176910083,0.1377100177640097,0.1343660899792992,0.1343778416936561,0.1342018100673597,0.1343662147598563,0.1344184357261831,0.1337051274344197,0.1355505690799872,0.1353508129153424,0.1333290928797156,0.1333108891330998,0.1316992758555506,0.13449958253158,0.1355872762694283,0.1454714433115845,0.1453076074401362,0.143605258487744,0.1451648820113338,0.145613819462678,0.1461254498206664,0.1457677451815197,0.1459480647511152,0.146255762439763,0.146632020183033,0.1466398149130199,0.1448134041968014,0.1449912612215635,0.145690430147285,0.1464611641945875,0.1469041807597282,0.1474284286969575,0.1475655472870274,0.1485002375211877,0.1475713476371623,0.1486689792995159,0.1488977955968403,0.1489110486908039,0.148923795468462,0.1493766307937327,0.1501011740880438,0.1510386547062358,0.1521103389249543,0.1496539251546993,0.1497240346350356,0.1494971725852535,0.1493643541114525,0.1501513379564415,0.1473267328672315,0.1449260076215976,0.1436163706835057,0.1464615872644466,0.1454180342237266,0.1397300132650261,0.1480260180921595,0.1504063056194158,0.1411467794065282
9.600000000000001,0.1600123718232484,0.159390329755053,0.1577531042744293,0.1598059395686316,0.1599302632479202,0.1603255758022461,0.1602906570880953,0.1604993532274428,0.1605091847479874,0.1606759987590536,0.1605238616939364,0.1608659740247727,0.1610619885584202,0.1611650039476553,0.162023375403611,0.160711446541805,0.1608555254080571,0.1608231758178246,0.1609958008857913,0.1608647907220632,0.1609032634110664,0.1609451848511233,0.1610066007516076,0.1610040684483831,0.1612143703917698,0.1615041808126566,0.1629267238326792,0.1642618881242431,0.1613531024153768,0.1613614190197752,0.1612158198364319,0.1613661957078965,0.1613849131025006,0.1608789141707573,0.1630299632997141,0.1629493460739294,0.1606016209049272,0.1606845070272835,0.1594086900062398,0.1616611506138366,0.1624929019396816,0.1743465645497579,0.1742737991557067,0.1727079948143431,0.1740493529691514,0.1745052921927044,0.1749823879856161,0.1746198110073053,0.1747775082352189,0.1750874028130253,0.1754533877396391,0.1754752321592789,0.1736092591307727,0.1737535761473794,0.174447300125407,0.175186965110749,0.1757246974133615,0.1762423028122601,0.1763815011257885,0.1773082333253401,0.1763869955617353,0.1774854220030736,0.1777135524261557,0.177720024220035,0.1777329367153122,0.1781711656546611,0.1788642477558393,0.1797729858974675,0.1807935554042797,0.1784405777682829,0.1785085351978355,0.1782885702011303,0.1781518675043303,0.1789347857382023,0.1761418713107079,0.1735221889181391,0.1722064161653483,0.17528751634884,0.174230245006447,0.1685102227425548,0.1767651498914353,0.1791321670448126,0.1693637440233563
10,0.1914078052537198,0.1907684679860139,0.189202936867178,0.1912228243409167,0.1913062001305573,0.1916630306418617,0.1916626269367146,0.1918545468084744,0.1918407801704917,0.1919795531911632,0.1918140874726557,0.1923923504077781,0.1925387383305868,0.1925689874602813,0.1934102600540016,0.1919934949928819,0.1921013587014711,0.1920391812764512,0.192147987029494,0.1920800855745665,0.192034049491199,0.1920560203612193,0.1921188592606509,0.1921119352242383,0.1922852637547846,0.1924972521656529,0.1936859704994988,0.1948676149496553,0.1924019595018736,0.1924067897267883,0.1922917863292772,0.1924279458081533,0.192408702706944,0.1921179899914191,0.1945682218169466,0.1946094936404181,0.1919416920760739,0.1921263831301745,0.19122127749263,0.1928852274992319,0.1934521431350661,0.2072512133057884,0.207269961609935,0.2058575827950766,0.2069652978427611,0.2074249977008558,0.2078644335960497,0.2074990645655595,0.2076328400769244,0.2079433268620268,0.2082971109456567,0.2083329620063834,0.2064367036955923,0.2065453780458953,0.2072304621143011,0.2079345341296573,0.208566192900187,0.2090748711338448,0.2092155242550604,0.21013036309399,0.2092206279414724,0.2103150182315867,0.210541482119546,0.210541312392903,0.2105542983521899,0.2109764391427251,0.2116352592305072,0.2125143976484121,0.2134813070120586,0.2112370092872237,0.2113025587058414,0.2110901653926366,0.2109502405417862,0.2117239092149256,0.2089767365971769,0.2061457630921575,0.2048304356305668,0.2081370197430721,0.2070693067564496,0.201371302499847,0.2095206138449441,0.2118674293857515,0.2016193366693005
10.4,0.2269324825212137,0.226279185111424,0.2247971047315269,0.2267700652190484,0.2268116396242471,0.2271280176485939,0.2271620308161523,0.2273360715740685,0.2272989413051608,0.2274092493916123,0.2272315043358714,0.2280402164873551,0.228135937667365,0.2280943821059916,0.228913037186997,0.227401854099915,0.2274734606082847,0.2273822748672338,0.2274278942963814,0.2274222137396647,0.2272932678074684,0.2272955264938552,0.2273596064416362,0.2273483418330458,0.2274849951857143,0.2276208290115454,0.2285836018053137,0.2296028045161767,0.2275796227407281,0.2275810123632749,0.2274961653010869,0.2276180054365485,0.2275585039897157,0.2274838731724051,0.2302131997460066,0.2303747958118918,0.2274078943163009,0.2276915250801305,0.2271781803482632,0.2282323624928516,0.2285338952699901,0.244166291839658,0.2442740068205143,0.2430274180210813,0.2438936361541948,0.2443531565977637,0.2447524297405025,0.2443869633714296,0.2444961428192312,0.2448051206688443,0.2451446183972666,0.2451939297725909,0.243280604651368,0.2433526973668579,0.2440251112500267,0.2446892024782127,0.2454097463396451,0.2459066311870572,0.2460478352943945,0.2469456402681541,0.2460524779035702,0.2471362801325446,0.2473597612186539,0.2473532588623068,0.2473662086938735,0.2477704672562301,0.2483920609390602,0.2492393724042621,0.2501498830324405,0.2480210245759315,0.248083864771586,0.2478799050929775,0.2477377503677182,0.2484964430551251,0.2458118198634849,0.2427892615867276,0.2414829119234579,0.2449915295338078,0.2439190552688624,0.2383020189682574,0.2462745717837166,0.2485906509207122,0.2379264001889675
10.8,0.2664549463531431,0.2657928697662849,0.2644047497997591,0.266315617184976,0.2663161703431389,0.2665910853913464,0.266658022004981,0.2668134469075421,0.266754144469603,0.266836390654029,0.2666482211769972,0.2676715681154317,0.2677174191285749,0.267607706984571,0.2683976654477879,0.2668086269826662,0.266845091772495,0.2667269329277244,0.2667121128500656,0.2667656165928036,0.2665585749202125,0.2665420489455476,0.2666069708319085,0.2665916075344053,0.2666927559307414,0.2667561164097907,0.2675038161356915,0.2683576657120679,0.2667658251992579,0.2667639347099166,0.2667080482034379,0.266815627735557,0.2667159216981043,0.2668499158878548,0.2698233471380247,0.270098846603842,0.2668701516968078,0.2672458140621746,0.2671283113702362,0.2675750477907287,0.2676202106722727,0.2848781199339515,0.2850689416799859,0.2839950390429956,0.2846206077385154,0.285075396622241,0.2854328528215504,0.2850705561299679,0.2851552204289274,0.28546012877259,0.2857831936705663,0.2858448598203336,0.2839315174604542,0.2839674659345684,0.2846224429148206,0.2852425605670426,0.2860423344051996,0.2865240717207133,0.2866646529523373,0.2875392271153552,0.286668782261236,0.2877338603794377,0.2879527386188763,0.2879404082535577,0.2879531968292362,0.2883375779033949,0.2889190625546906,0.2897312260638465,0.2905825774513442,0.288576802188615,0.2886366035919279,0.2884420744477929,0.2882990058465122,0.2890365375892307,0.2864335632777178,0.2832518306548143,0.2819648343799404,0.2856382758360829,0.2845690803029851,0.2790947731996804,0.2868155336328383,0.2890868056262653,0.278105662971472
11.2,0.3096270988349965,0.3089631372966287,0.3076777113122271,0.3095107059038992,0.3094727558563478,0.30970632554519,0.3098032433003753,0.3099397670690461,0.3098604703068416,0.3099159625945881,0.309719997567398,0.3109319032200997,0.3109306544174075,0.3107592074215204,0.3115141389805467,0.309869631687102,0.3098733071413553,0.3097314466051913,0.3096611610110349,0.3097685643134278,0.3094915512145833,0.3094578893109758,0.3095230532364325,0.3095040280210206,0.3095718125904321,0.3095685738363424,0.3101159939569595,0.3108075312602918,0.3096244349141571,0.3096195461119345,0.3095905914717095,0.3096841914194901,0.3095467175070735,0.3098732651432841,0.3130412924075096,0.3134193340963765,0.3099820007306678,0.3104386760117948,0.3107024192327657,0.3105698131209966,0.310377568570214,0.3289598584879003,0.3292246131943619,0.3283242266848089,0.3287191798866484,0.3291642604057152,0.3294792752020171,0.3291238598173483,0.3291849149289695,0.3294828391371855,0.329787392399979,0.3298597507553344,0.3279666456331911,0.3279683594471123,0.3286006166922559,0.3291734426357222,0.3300382985113253,0.3305012208410653,0.3306397808036464,0.3314841803957045,0.3306433656680942,0.3316803649403071,0.3318927927267797,0.331875338039607,0.3318878294757016,0.3322502853718635,0.3327891246015957,0.3335620809727459,0.3343517473889895,0.3324767963825538,0.3325332240726853,0.3323491832903768,0.3322067919934898,0.332916741495638,0.3304158995355352,0.3271193586096464,0.3258635461243574,0.3296516932333484,0.3285958385221715,0.3233258557783824,0.3307197302631148,0.3329291551034961,0.3217634664680419
11.6,0.3558786339052348,0.3552210126809909,0.3540447228370915,0.3557843188116878,0.3557120414058278,0.3559055834649038,0.3560282009084288,0.3561460411322351,0.3560498306298029,0.356080766696835,0.3558802757954017,0.3572454782088603,0.3572018026293806,0.3569775854403102,0.3576913234372288,0.3560184402988085,0.3559928596747354,0.3558316767187063,0.3557129846904188,0.3558669168806193,0.3555310734025212,0.3554825944837904,0.3555472403217869,0.3555251668893424,0.3555626848636856,0.3555008187590925,0.3558669352795386,0.3564047778127236,0.3555965667165394,0.3555890750239912,0.3555842151174914,0.3556643740684135,0.3554937653741282,0.3559887493243993,0.3592896266831742,0.3597543873844794,0.3561748866692407,0.3566978700665726,0.3573098281576798,0.3566512376582704,0.3562498184567046,0.3757762937431933,0.3761028790175168,0.3753706917529397,0.3755538295301076,0.3759840786887998,0.3762571560009352,0.3759125681663923,0.3759517314162934,0.376239573732856,0.376523751455447,0.376604653270091,0.3747540987432327,0.3747248999233158,0.3753289700850913,0.3758521207309737,0.3767640994612133,0.377204471311045,0.3773394691028,0.3781464599317893,0.3773425010174151,0.3783414309577634,0.3785454509724878,0.3785237513024236,0.3785358063647195,0.3788744118955564,0.3793686699370827,0.3800980546452182,0.3808240420001316,0.3790868795768644,0.3791396204786577,0.378967096263977,0.3788271577217195,0.3795032063909804,0.3771250761803803,0.3737677242847284,0.3725557149192786,0.3763981290780826,0.3753670638641733,0.3703592923186719,0.3773557062596568,0.3794843447732014,0.3682923221617225
12,0.4044389939890001,0.4037966679016456,0.4027332575236165,0.4043652337785936,0.4042641857246899,0.4044201680376838,0.4045631422012656,0.4046630232024566,0.404553683671881,0.4045630317793413,0.4043616985095375,0.4058380417344685,0.4057582184191062,0.4054921834755773,0.4061591901298233,0.4044878930058092,0.404437569667761,0.4042622745159858,0.4041039121322654,0.4042953483795214,0.403914144470679,0.4038537006102106,0.4039169706530075,0.4038925991189431,0.403903765893133,0.4037929590451459,0.4040004831321595,0.4043980430990622,0.4039211299957841,0.4039115219418264,0.40392724325558,0.4039947612181339,0.4037974296345162,0.4044302325191697,0.4077940402460706,0.4083262711122128,0.4046799451373939,0.4052517624924064,0.4061628737642797,0.4050533891193324,0.4044785083732712,0.4245152622390843,0.4248894058266533,0.4243144661349781,0.424311983780078,0.4247224695539368,0.4249552328034756,0.4246253838442041,0.4246450788474923,0.4249197764088243,0.4251820750832251,0.425269021807254,0.4234838393168552,0.423428237270138,0.4239988735387981,0.4244710968888105,0.4254096331197482,0.4258239381013335,0.4259538003727079,0.4267164096529646,0.4259562930740594,0.4269072643789989,0.4271009561045802,0.4270760177968083,0.4270875029761119,0.4274006356123426,0.4278491871232081,0.4285308064507412,0.4291919368872661,0.4275978979306766,0.427646688818643,0.4274865832057263,0.4273509330437477,0.4279872725518671,0.425751020825192,0.422392756706693,0.4212370827947883,0.4250671400142357,0.4240728292711862,0.4193778176788276,0.4259154290153982,0.4279439060243692,0.4168984545170368
12.4,0.4543867770228471,0.4537686950560051,0.4528189933938739,0.4543314971455232,0.4542081731233065,0.4543300402494884,0.4544873788319832,0.454570483415324,0.4544522143734002,0.4544435023216238,0.454245133802581,0.4557867862462489,0.4556782101365043,0.4553824852993892,0.4559982930532095,0.4543591080353044,0.4542892123412373,0.4541054554920976,0.4539172102880898,0.4541361206201799,0.4537243572319746,0.453655127056595,0.4537161427940789,0.4536903014410754,0.4536796057138265,0.4535306367982473,0.4536049447662661,0.4538792609137831,0.4536830480493492,0.453671866657387,0.4537042027517649,0.4537601125887613,0.4535436415748694,0.4542794923283832,0.4576334397773599,0.4582119299271379,0.4545772296597801,0.4551789325648011,0.4563284157639731,0.4548587188701345,0.4541508750231761,0.4742433631898019,0.4746496569260624,0.4742164383942383,0.4740597645392878,0.4744460918573015,0.4746411630217746,0.4743296396085045,0.4743328113503318,0.4745915695213615,0.4748309669613556,0.4749212939953101,0.473223079713663,0.4731464072098893,0.4736790018408414,0.4741002767560238,0.4750437672004432,0.475428994612851,0.4755522377757835,0.4762643209158649,0.4755542247591197,0.4764482331609384,0.4766298667626419,0.4766027562702403,0.4766135531191391,0.4769000522438298,0.4773027163781106,0.4779330095254568,0.4785291425271014,0.4770812233447499,0.4771258755025344,0.4769788756580492,0.4768492701573737,0.4774410109376256,0.4753628925794919,0.472064891255802,0.4709770385112876,0.4747270444092239,0.4737809883938673,0.4694387906692248,0.4754696121666744,0.4773797586760192,0.4666548969401588
12.8,0.5047201671219878,0.5041345245185069,0.5032964744108883,0.5046809090061339,0.5045422021005965,0.5046341034009105,0.5047996463360847,0.5048675218450188,0.5047446033935725,0.504721648234937,0.5045298686073879,0.506090953953989,0.5059615292662571,0.5056484768449659,0.5062100310886177,0.5046316505914786,0.5045476150666893,0.504361045386857,0.504153012740199,0.5043891249536427,0.503961784770263,0.5038870300829236,0.5039449711138477,0.5039184995758508,0.5038906913762017,0.5037146715670581,0.5036823218064284,0.5038526305834043,0.5038829967738383,0.5038708004139812,0.5039156101186018,0.5039611217049391,0.5037335577488276,0.5045363145281433,0.5078104270930611,0.5084136638420211,0.5048659966936864,0.5054786299199019,0.5067995137586463,0.5050680959174541,0.504269390507832,0.5239779432111689,0.5244009898758784,0.5240908395150711,0.5238140166723231,0.5241726269721213,0.5243334119118762,0.5240432126649821,0.524033091851504,0.5242735953674974,0.52448962755424,0.5245807060840622,0.5229881924319384,0.5228961603743595,0.5233871088960481,0.5237586294694595,0.5246861156677853,0.5250400008144815,0.5251553458285453,0.5258120780257711,0.5251568761078363,0.5259865081105002,0.5261546811904432,0.52612645092832,0.5261364641273444,0.5263957448871053,0.5267533245623958,0.5273297473539684,0.5278618984978041,0.5265602966506494,0.5266007133379678,0.52646722434997,0.5263452076646691,0.5268887174539014,0.5249808298286328,0.5218007581103298,0.5207902784196292,0.5243967461543793,0.5235090443858014,0.5195470352470093,0.5250393119120467,0.5268157186354596,0.5165727673013589
13.2,0.5544369685492171,0.5538905707182317,0.553159501420018,0.5544110842614031,0.5542637388160305,0.5543302034594429,0.5544980944571845,0.5545525289384962,0.5544289976843749,0.5543956210963762,0.5542135989306521,0.5557516405007829,0.5556091584582682,0.5552904608338735,0.5557963094591393,0.5543034942468534,0.5542106124441655,0.5540264573767771,0.5538083024224209,0.5540518521609163,0.5536229893024026,0.5535458153474493,0.5535999877152925,0.5535736726004791,0.55353343723738,0.5533410436407987,0.5532281626882959,0.5533144018305779,0.5535173844555362,0.5535047060564701,0.5535579589053755,0.5535943862030557,0.5533635401645617,0.5541984529733937,0.5573307066109358,0.5579384641339913,0.5545446575221813,0.5551506562470951,0.5565755907712324,0.5546806393559793,0.5538316253657021,0.572763627487574,0.5731891177581556,0.5729818605488897,0.5726188854112453,0.5729472638792679,0.5730776801412528,0.5728110199053432,0.5727908753842191,0.5730114441069142,0.573204226950737,0.5732936512417715,0.571821421680007,0.571719666129975,0.5721666198300716,0.5724906700507666,0.5733833654424474,0.5737045469716673,0.5738110086793448,0.5744092257270301,0.5738121414802065,0.5745720924272505,0.5747258285215088,0.5746974476248506,0.5747066105231159,0.5749387161105386,0.5752529407661536,0.5757742185811797,0.5762445583516252,0.575086521145018,0.5751227053714107,0.5750028142031077,0.5748896129870915,0.5753827296106578,0.5736522139216403,0.5706400504888677,0.5697138910534488,0.5731221346338337,0.5723007405696109,0.5687327091663648,0.5736721437155142,0.5753033762806991,0.5656791255328759
13.6,0.6026109692490484,0.6021088008681298,0.601477900409656,0.6025958123510602,0.6024459533961374,0.6024915647242541,0.6026566410628571,0.6026995300859371,0.6025789142943251,0.6025386881294741,0.6023689379512855,0.6038475970674063,0.6036991946460912,0.6033851053703023,0.6038354145497754,0.6024475017847325,0.6023505828778061,0.6021733145911644,0.6019536533289103,0.602196006206364,0.6017778442623297,0.601701000463828,0.6017508845455369,0.6017254072845021,0.6016770769074986,0.6014779003694941,0.6013087178756362,0.6013301652449747,0.6016552638714303,0.601642576817399,0.6017006004517802,0.6017292840221143,0.6015021450752577,0.6023381767057798,0.6052783178653787,0.6058729410285481,0.6026871348591859,0.6032714396570324,0.6047378677444195,0.6027701004537389,0.6019071363555175,0.6197411768731631,0.6201567417949552,0.6200322018202231,0.6196147137620306,0.6199114791970095,0.6200156699998228,0.6197738773167077,0.6197467943588302,0.6199464633247962,0.6201166592941916,0.6202023921973902,0.6188601217510371,0.6187538121539763,0.6191557865746617,0.6194355303274555,0.6202779718768064,0.6205660476322906,0.6206629867975216,0.6212013332436116,0.6206637860263066,0.621351124383389,0.6214899208151586,0.6214622209322932,0.6214704978896716,0.6216760864184652,0.6219494737744812,0.6224156976662678,0.622827436896439,0.6218074184622576,0.6218394705195491,0.6217329444369899,0.6216294037692427,0.6220714949540096,0.620520279626636,0.6177153294696321,0.6168774719361239,0.6200448618688966,0.6192951265081262,0.6161216909765551,0.6205109497953732,0.6219902587346657,0.6130887792540879
14,0.6484531383189143,0.6479981790462801,0.6474590877968653,0.6484462247592813,0.6482990223909407,0.6483281373667638,0.6484861913599593,0.6485194151191108,0.648404560375162,0.6483606152527377,0.6482048937846629,0.6495956868680677,0.6494474547978198,0.6491463039273063,0.6495427154378813,0.6482728823412089,0.6481760047351504,0.6480091310791086,0.6477951064847696,0.6480291768562573,0.6476315224019151,0.6475572677910316,0.6476025410277955,0.6475784441143624,0.6475257843786969,0.6473278746314929,0.6471236161772563,0.6470978217935556,0.6475004962812325,0.6474881911954127,0.6475478489000781,0.6475700854721114,0.647352416206599,0.6481638395057373,0.6508754801869154,0.6514427195843305,0.6485041201280692,0.6490548794552641,0.6505088947278762,0.6485462661588276,0.6476996919017977,0.6641991308063028,0.6645948783330573,0.6645341273435735,0.6640897133498737,0.6643545904844705,0.6644366647047892,0.6642201774056997,0.6641888894193441,0.6643674095705493,0.6645161490800634,0.6645966100551391,0.6633888836457563,0.6632824399815445,0.6636397780714317,0.6638790013539747,0.6646597058176741,0.6649151897351107,0.6650023244341414,0.6654812081297464,0.665002853692976,0.6656170209785476,0.6657408446410749,0.6657144866358121,0.6657218721764814,0.6659021465547107,0.6661378108800726,0.6665503818609617,0.6669075703381124,0.666017642488539,0.6660457486100244,0.66595206474766,0.6658586297514772,0.6662505050567541,0.66487557379638,0.6623049640884067,0.6615563974532699,0.6644539637486463,0.6637784996451035,0.6609886395032162,0.6648453932952715,0.6661708681105312,0.6580597232160521
14.4,0.6913506228116882,0.6909438970574803,0.6904873341420165,0.6913497458199224,0.6912092373349141,0.6912257803339913,0.6913736781568955,0.6913990030878773,0.6912919972878349,0.6912469094671592,0.6911062057632897,0.6923891322100418,0.6922459003057665,0.6919638793237713,0.6923092515575138,0.6911645164283852,0.6910708975441364,0.6909168862821253,0.6907139652541862,0.6909344077076437,0.6905644082899324,0.6904944494162943,0.6905349847222632,0.690512657972287,0.6904587465165825,0.6902683855826242,0.6900466244977139,0.6899887168147293,0.6904318774514608,0.6904202512733008,0.6904790366740128,0.690496023989599,0.6902921597911919,0.6910593343472408,0.6935203075470232,0.6940496700841942,0.6913821740396248,0.691891004279217,0.6932895905697135,0.6913942780957573,0.6905875203858356,0.7056033329671786,0.705972050907593,0.7059582795062079,0.7055095029362627,0.7057431981547794,0.7058070239813568,0.7056154691774503,0.7055822555596414,0.7057400265990399,0.7058688003038951,0.7059428935953836,0.7048695401166348,0.7047664778506588,0.7050806931486779,0.7052835371698709,0.7059951539736985,0.7062193538909608,0.7062967348631018,0.7067181219647488,0.7062970535418399,0.7068396389000906,0.706948878176806,0.706924340730851,0.7069308560890383,0.7070874539192308,0.7072888925246272,0.70765034470291,0.7079576204090552,0.7071880476936451,0.7072124625399717,0.7071308603243903,0.7070475988670778,0.7073913049640645,0.7061853806549445,0.7038640035449728,0.7032029888631279,0.7058154152983986,0.7052142490247535,0.702787590954595,0.7061415585807721,0.7073157855043914,0.7000264618194209
14.8,0.730881874010608,0.7305226823312326,0.7301390276272562,0.7308851684894503,0.730754227986205,0.7307615687528682,0.7308972409190375,0.730916252674358,0.7308184395001065,0.7307741939997197,0.7306487959157212,0.7318120189705457,0.7316773090015731,0.7314185050670275,0.7317165918050956,0.7306984056122853,0.7306103805415892,0.7304706994389925,0.7302826712275801,0.7304858668124351,0.7301480741767158,0.7300835686003462,0.7301194135141736,0.7300990980116091,0.7300462914001116,0.7298679782890809,0.7296424410913697,0.7295648087337316,0.7300193183606525,0.7300085746069549,0.7300646282891254,0.7300774289955527,0.7298902636276994,0.7305996627832511,0.732800939738051,0.7332856117882387,0.7308989729456632,0.7313608321289478,0.7326725375719437,0.7308901154826912,0.7301396412504152,0.7436043341801047,0.7439414034938419,0.7439603974609482,0.7435245101015829,0.7437285237545307,0.7437775884238713,0.7436099212989162,0.7435765697938894,0.7437145261183471,0.7438250658873899,0.7438921574881996,0.7429489603219219,0.7428518553666147,0.7431253964564365,0.7432961136555895,0.7439351563274513,0.744130002142298,0.7441979620221035,0.7445650671160139,0.7441981226974214,0.7446724821173215,0.7447678690459714,0.7447454561235871,0.7447511440885831,0.7448860079633599,0.7450568945136824,0.7453706419657373,0.7456329692700526,0.7449728494556932,0.7449938756259787,0.7449234215663119,0.744850077296262,0.7451486218705914,0.744101107878797,0.7420327294912741,0.7414552707233693,0.7437795984192339,0.7432505363086686,0.7411599785912266,0.7440495131033501,0.7450788710236789,0.7386105420664183
15.2,0.766810792736085,0.766497053980379,0.7661768326606269,0.7668167541275646,0.766697176981084,0.766698086152006,0.7668204220747677,0.7668344898207669,0.7667465475851369,0.7667045631778552,0.7665941739368355,0.7676330222036596,0.7675091326253594,0.7672757471960862,0.7675308657752531,0.7666360832159919,0.7665551683530126,0.7664304082524384,0.7662595356698703,0.7664434242307164,0.7661400813424962,0.766081690384285,0.7661130341009533,0.7660948390627802,0.7660448107383392,0.7658814086700183,0.7656621517295409,0.7655744416515541,0.7660188103136589,0.7660090677857512,0.7660611326831136,0.76607065697272,0.7659017694984608,0.7665454378737158,0.7684890793747167,0.768925536030432,0.7668175666149153,0.7672303498839207,0.7684347014622999,0.7667950639160694,0.7661109785879068,0.7780264315526177,0.7783295303879194,0.778369801699179,0.7779589985899131,0.7781354095436296,0.7781727439623848,0.7780274161146126,0.7779952378805208,0.7781147113643027,0.7782088754132289,0.7782687338080836,0.7774483493424414,0.7773588972738901,0.7775948781930958,0.7777376319960781,0.7783039199475362,0.7784717727693915,0.7785308610565816,0.7788477914142883,0.7785309081606407,0.7789417072827675,0.7790242256160602,0.7790040874088168,0.779009006435722,0.7791242534578369,0.7792682588415397,0.7795383128137584,0.779760740968136,0.7791986247060471,0.7792165922113015,0.7791562469998836,0.7790923096009011,0.7793493604491273,0.778447375763016,0.7766265058393813,0.7761269260389324,0.7781704223468907,0.7777095375286158,0.7759238441402118,0.7783925445846338,0.7792863020610589,0.7736117000349603
15.6,0.7990655423069878,0.7987941771032805,0.7985284214556053,0.7990730105688348,0.7989656711228734,0.798962336546281,0.7990710217928478,0.7990812889902675,0.7990033477954719,0.7989645437762591,0.7988684216034705,0.7997840126825356,0.7996721886593607,0.7994648643796377,0.7996815928449452,0.7989036091309918,0.7988306200574741,0.7987206639224471,0.7985679279032992,0.7987317480858966,0.7984632053861654,0.7984111765132488,0.7984383119405992,0.7984222389892043,0.7983760644270158,0.7982290494124309,0.798022887556704,0.7979322294883644,0.7983517585177847,0.7983430651312979,0.798390402580231,0.7983974064752751,0.7982472748850733,0.7988219368046552,0.8005185755851514,0.8009060065976952,0.799065280780185,0.7994292602637666,0.8005153394159478,0.7990347778648738,0.7984218203181196,0.8088440820386182,0.8091127707453251,0.8091654296547534,0.808787463966232,0.8089387168730403,0.8089668747293233,0.8088420059214143,0.8088118867509009,0.80891446749989,0.8089941406128174,0.8090468578061313,0.8083397858503248,0.8082589222135864,0.8084608571938193,0.8085795744940161,0.8090755260766685,0.8092189939615549,0.8092699086414049,0.8095413132662534,0.8092698781829017,0.8096226286435352,0.8096934215197193,0.8096755828996595,0.809679801308388,0.8097776059775804,0.8098982580664973,0.8101289534016113,0.8103164157839049,0.8098408444511995,0.8098560923420602,0.8098047724429367,0.8097495528503874,0.8099691506226138,0.8091985231943082,0.8076126316635415,0.8071841629831821,0.8089618188139645,0.8085639735652282,0.8070500717800222,0.8091437727368221,0.8099131373826756,0.8049853109254456
16,0.8277084963119627,0.8274757969430249,0.8272562840203451,0.8277166174222818,0.8276216601568523,0.8276157436121819,0.8277110751854063,0.8277184697206793,0.8276502424205453,0.827615127067892,0.8275322255502319,0.8283299779512087,0.8282306217724712,0.8280488087018184,0.8282317358662576,0.8275616148166544,0.8274968090389839,0.8274010143328655,0.8272663966622147,0.8274103901400304,0.8271755659350476,0.8271298267268954,0.8271531133262039,0.8271390832257287,0.8270973487906395,0.8269671019003982,0.8267781681899468,0.8266895310668341,0.8270751655957871,0.8270675142586592,0.8271098017681879,0.8271148966468885,0.8269831474948306,0.8274891712194428,0.8289554432670915,0.8292951131195339,0.8277037256939309,0.8280209435957581,0.8289855391742127,0.8276693906903086,0.8271280943497391,0.8361517029577131,0.8363869701296331,0.8364454333460443,0.836104414246992,0.836233130896208,0.8362542076301337,0.836147741800475,0.8361202128685865,0.8362076233080341,0.8362746379832887,0.8363205452306601,0.8357160328089477,0.8356440826649156,0.8358156520847809,0.8359139278065612,0.8363438252407061,0.8364656029243285,0.8365091269775781,0.8367398860263719,0.8365090470176955,0.836809687180378,0.836869974255627,0.8368543654815529,0.8368579563181108,0.8369404551359277,0.8370410403627243,0.8372367976553005,0.8373939610227495,0.8369938900263508,0.8370067514582618,0.8369633803217279,0.8369160815000767,0.8371023918712723,0.8364485186151086,0.8350802575528123,0.8347155773634108,0.8362476135059287,0.8359069509550353,0.8346317845285055,0.8363961218005018,0.8370533571173342,0.8328123244266953
16.4,0.8529031280730068,0.85270507930427,0.8525244591051299,0.8529113044043993,0.8528283372998904,0.8528210525480648,0.8529037589808285,0.8529090153093936,0.8528499238775594,0.852818688196177,0.8527477821466654,0.8534360101690017,0.8533488964224399,0.8531912059038499,0.8533447436681045,0.8527722200412335,0.8527154413939877,0.852632811984537,0.8525155738376862,0.8526406967319319,0.8524375183281322,0.8523977682844204,0.852417599489724,0.8524054776778165,0.8523683941617176,0.8522544926249236,0.8520848297562947,0.8520014297823879,0.8523485331319278,0.8523418773201392,0.8523791047134964,0.8523827736097799,0.8522684287465634,0.8527088039737859,0.8539650188070268,0.8542596489003738,0.8528957189085488,0.8531694136774499,0.8540150897165831,0.8528604860831052,0.8523883288477108,0.8601319637341317,0.8603357925879476,0.8603954117242093,0.8600926428304837,0.8602014691863334,0.8602171459768349,0.8601269803706466,0.8601022947858666,0.8601762859197895,0.8602323658872874,0.8602719546177561,0.8597587604254603,0.8596955918467882,0.8598404538997886,0.8599215007716621,0.8602908127507278,0.8603935543354935,0.8604305021611044,0.8606254761034435,0.8604303937465809,0.8606849431150813,0.8607359527278348,0.8607224385436838,0.8607254754143614,0.8607946962596941,0.8608781998917897,0.8610433370570384,0.8611745010272284,0.8608396002878093,0.8608503914812011,0.8608139383331315,0.8607737157419262,0.8609308338685506,0.8603793610039597,0.8592085584593075,0.858900231931553,0.8602098727400245,0.8599202366992619,0.8588521299499421,0.8603307454076767,0.8608884258360368,0.8572670609534607
16.8,0.8748821924603285,0.8747147263785868,0.8745665633655157,0.8748900307729159,0.8748183002663097,0.8748104974115416,0.8748815804901489,0.874885267553386,0.8748345534606772,0.874807158900837,0.8747469476255934,0.875335655455888,0.8752601272481855,0.875124641409788,0.8752528978127588,0.8747671931762592,0.8747180025994808,0.8746473360389326,0.8745462653200241,0.8746539338580663,0.8744797206443844,0.8744455121735151,0.874462289281234,0.8744519079639302,0.8744194158429016,0.8743208939036592,0.8741710082105018,0.8740947103374634,0.8744019087578012,0.8743961762984659,0.8744285512590416,0.8744311681743938,0.8743328637532498,0.8747122929634227,0.8757805021891899,0.876033729776818,0.8748734784116967,0.8751075918478579,0.8758409000959898,0.8748392995011112,0.874431728932085,0.8810262105517164,0.881201201955005,0.8812588760087694,0.8809936372323017,0.8810851295747161,0.881096729754458,0.8810208130447208,0.8809990185898744,0.8810612915957233,0.8811080160620109,0.881141870220406,0.880708858596258,0.8806540231992535,0.8807756753661172,0.8808423091085148,0.8811571203281375,0.8812433469371632,0.8812745228110666,0.8814383670147327,0.8812744011150272,0.8814886989837277,0.8815316172399237,0.8815200220300281,0.8815225759989858,0.8815803913839727,0.8816494699500976,0.8817880663581001,0.8818971073920661,0.8816179479514643,0.8816269608936561,0.8815964672075891,0.8815624763161181,0.8816942859402969,0.8812316002632025,0.8802369004106403,0.8799777147964525,0.8810893661916633,0.8808446305783415,0.8799541921736289,0.8811875434326427,0.881657977991769,0.8785867886421409
17.2,0.8939199056571594,0.8937790877685744,0.8936578402498151,0.8939271684896402,0.8938657052727832,0.8938579512637019,0.8939185573731377,0.8939211076974863,0.8938779210363412,0.893854174820086,0.8938033603838236,0.8943032847113782,0.8942384183340912,0.8941229404436249,0.8942296453426574,0.8938200813922714,0.8937778660961289,0.893717870346188,0.8936314845797442,0.8937233678996386,0.8935751389552219,0.8935459433955736,0.8935600563309994,0.8935512321522748,0.8935230913937696,0.8934386562303899,0.8933079950991105,0.893239672326738,0.8935078550911313,0.8935029594309498,0.893530828264372,0.8935326777513826,0.8934488433163701,0.8937729964428015,0.8946755134668419,0.8948914528338654,0.8939107985383561,0.8941095842427826,0.8947395485049027,0.8938788760075737,0.8935301534646776,0.8991091559834193,0.8992582245485291,0.8993120380518042,0.8990822564093207,0.8991588042972016,0.8991673528774399,0.8991037532134795,0.8990847556846671,0.8991369079348821,0.8991756931781432,0.8992044355941867,0.8988409998870395,0.8987938512980294,0.8988955384864921,0.8989501882088204,0.8992167545700096,0.8992887942682418,0.8993149628062292,0.8994520036991379,0.899314838295332,0.8994943637241472,0.8995302997734089,0.8995204277494009,0.8995225652373068,0.8995706661685167,0.8996276442713167,0.8997434534372059,0.8998338046336902,0.8996019500009877,0.8996094483694997,0.8995840434893688,0.8995554741405902,0.8996655566664047,0.8992791032179224,0.8984392143200965,0.8982224082617665,0.8991602796503307,0.8989545860680741,0.8982152232123083,0.8992399075680076,0.8996347321735269,0.8970454413654315
17.6,0.910309388632545,0.9101915415050408,0.9100925010637978,0.9103159522383656,0.9102636846817029,0.9102563341751904,0.9103076567492621,0.910309393788084,0.9102728603673618,0.9102524759587228,0.9102098178569159,0.9106317205438692,0.9105764545339696,0.9104786979935702,0.9105671704076528,0.9102235931311845,0.9101876517537931,0.9101370312666394,0.9100637330632844,0.9101415956267735,0.9100162999263871,0.9099915577906151,0.9100033721954356,0.909995919391019,0.9099717811871593,0.9098999800571145,0.9097873173888409,0.9097271510059588,0.9099586601601104,0.9099545089678791,0.9099782943868128,0.9099795896772136,0.9099085845605545,0.9101835283236531,0.9109418796344083,0.9111247896633643,0.910300480739878,0.9104682146771852,0.91100513313625,0.9102714688405831,0.9099753190409235,0.9146687106154457,0.914794855800952,0.9148437651659788,0.9146465536567385,0.9147103342227179,0.9147166144736559,0.9146635614022672,0.9146471761845753,0.91469066839491,0.9147227627055501,0.9147470155090718,0.9144433499075524,0.9144031371021742,0.9144877992764552,0.9145325340026255,0.9147569608645014,0.9148169155912742,0.9148387828562173,0.9149529464268655,0.9148386623695383,0.9149884246251445,0.9150183898748381,0.9150100402151752,0.9150118217504183,0.9150517078789806,0.9150985919055958,0.9151949948300855,0.9152696521548825,0.9150776765159818,0.9150838941447093,0.9150628021726391,0.9150389011332052,0.9151304862601682,0.9148089412136222,0.9141035117810073,0.9139229137098644,0.9147100580227364,0.9145379708453208,0.9139261005731146,0.9147745803851633,0.9151045000876578,0.9129325120705353
18,0.9243455805581807,0.9242473558085017,0.9241665646758729,0.9243514005549844,0.924307237434733,0.9243004916155283,0.9243437021190446,0.9243448642637392,0.924314132660164,0.9242967755543687,0.9242611252729547,0.9246153091154333,0.9245685392578439,0.9244862607504356,0.9245594066400212,0.9242724504484722,0.9242420554463344,0.9241995699783412,0.9241377585720839,0.9242033481345915,0.9240980248524407,0.9240771815694164,0.9240870311594227,0.9240807706478803,0.9240602314927802,0.9239995732139996,0.9239033037539045,0.9238510208996968,0.9240490303999837,0.924045531709878,0.9240656868375097,0.9240665856196847,0.9240067958104266,0.9242385849762372,0.9248728330260332,0.9250268820364486,0.924337230374815,0.9244780125782998,0.9249325701227932,0.9243113990123529,0.924061478574087,0.9279909471491072,0.9280970924063493,0.9281406688099737,0.9279727350927228,0.9280256919458059,0.928030295688157,0.9279862011954205,0.9279721929399209,0.928008333130899,0.9280348212153321,0.9280551787682944,0.9278024267437357,0.9277683631862202,0.9278386137987734,0.9278751778608624,0.9280632062574169,0.9281129396396258,0.928131142908227,0.9282259242320413,0.928131030588212,0.9282555157883851,0.9282804141709005,0.9282733916105691,0.9282748712513437,0.9283078529098606,0.9283463552534384,0.9284263451602535,0.9284878914921809,0.9283293462511976,0.9283344874503869,0.9283170276378708,0.9282971114256828,0.9283730597285048,0.9281063917300638,0.9275165679146721,0.9273666622095451,0.9280243724595283,0.9278809660488549,0.9273760087861543,0.9280766265725469,0.9283512799491822,0.9265372015866452
18.4,0.9363131661093911,0.9362315767740516,0.9361657363202449,0.9363182507189415,0.9362811375432569,0.9362750907403204,0.9363112935905977,0.9363120542623375,0.9362863261617901,0.9362716466662815,0.9362419663690249,0.9365379739273589,0.9364986187794851,0.9364297048331826,0.9364900353400707,0.9362512617271297,0.9362257021790019,0.9361902032833187,0.936138348932664,0.9361933227715054,0.9361052036725459,0.9360877331428206,0.936095916133582,0.9360906812534159,0.9360733214864945,0.9360223589856526,0.9359407116074343,0.9358957646117586,0.9360638286708804,0.9360608949536124,0.9360778713380769,0.9360784888848722,0.9360283905469584,0.9362227960996291,0.9367511580072708,0.9368802701803408,0.9363055668065092,0.936423197864543,0.9368058501499047,0.9362829291329795,0.936073141562089,0.9393496576069903,0.9394385462703708,0.9394767742110809,0.939334713712639,0.9393785538170661,0.9393819240564519,0.9393453881009274,0.9393334996732493,0.9393634395654308,0.9393852530661239,0.9394022651695566,0.9391925745512573,0.9391638862560991,0.9392220129715638,0.9392518649482143,0.9394087452722446,0.9394498854134373,0.939464989492954,0.9395434521233613,0.9394648875482355,0.9395680469764874,0.9395886733634844,0.9395827950071947,0.9395840202549914,0.9396112284570084,0.939642797267465,0.9397089868097305,0.9397596266599287,0.9396289738243367,0.9396332149415273,0.9396187976262357,0.9396022578963801,0.9396650661926235,0.9394445179805888,0.9389532477873126,0.9388291877250149,0.9393766752129887,0.9392575692311466,0.9388417985194087,0.9394189841974849,0.9396469001869233,0.9381373205954192
18.8,0.9464787274029363,0.946411151966143,0.9463575312097081,0.9464831174431796,0.9464520716335918,0.9464467468637386,0.9464769531117243,0.9464774369720708,0.9464559844927319,0.9464436398146518,0.946419009314452,0.946665462257663,0.9466325049317598,0.9465750221633116,0.9466246842392214,0.9464266284355923,0.9464052371506685,0.946375687578229,0.946332376659325,0.9463782578133794,0.9463048247956951,0.9462902433829078,0.9462970218433709,0.946292661502643,0.9462780711466848,0.9462354530347004,0.9461666370992659,0.9461283330737351,0.94627007472,0.9462676253237183,0.9462818522314455,0.9462822719544877,0.9462404687164088,0.9464028140526911,0.9468415005988171,0.9469492664150529,0.9464719595233498,0.9465698744333673,0.9468904529044587,0.9464523674131726,0.9462770564987039,0.9489997174615601,0.9490738529371902,0.9491069784846217,0.9489874721775453,0.9490236749045943,0.9490261407225801,0.9489959460671831,0.9489859185393288,0.9490106584825413,0.9490285899629644,0.9490427529580582,0.9488692651810037,0.9488452216914128,0.948893201998746,0.9489175536020829,0.9490479856059256,0.9490819377655741,0.9490944359271956,0.9491592313829317,0.9490943452320756,0.9491796123364774,0.94919665652125,0.9491917557200151,0.9491927677670879,0.9492151689759608,0.9492410198392135,0.9492956630763114,0.9493372625146292,0.9492297895878119,0.949233281311733,0.9492214010919857,0.9492077047040637,0.9492595263761637,0.9490775439851191,0.9486696932851649,0.948567277725789,0.9490215583686753,0.9489229160400388,0.9485812232147223,0.949055815449777,0.9492444352792454,0.9479921607157011
19.2,0.9550862311725037,0.9550303987682048,0.9549867483599327,0.9550899856626069,0.9550641157664895,0.9550594909219177,0.9550846057924601,0.95508490145559,0.9550670749126134,0.9550567429524983,0.955036358589045,0.9552408985775359,0.9552134104859714,0.9551656291334124,0.9552064424886278,0.9550425970522337,0.9550247658109532,0.955000246591282,0.9549642048680481,0.9550023605833816,0.9549413704943968,0.9549292439372268,0.9549348451013021,0.9549312250478459,0.9549190198337417,0.9548835187192559,0.9548258182304806,0.9547934086245851,0.9549123179596295,0.9549102803409247,0.9549221526258487,0.9549224343348055,0.9548876751537888,0.9550227526516919,0.9553859610458262,0.9554755951230648,0.9550803018152875,0.9551615452587479,0.9554290313604542,0.955063514706458,0.954917567043683,0.9571734175353366,0.9572350361223744,0.9572634566976728,0.9571633946134501,0.9571932282909826,0.9571950326352854,0.9571701329156976,0.9571617185048276,0.9571821177595972,0.9571968361966857,0.9572085897765941,0.9570653862791119,0.9570453185815192,0.9570848443644842,0.9571046970610139,0.9572128170959662,0.9572407822145379,0.9572511001303817,0.9573044996108464,0.9572510206793711,0.9573213461234311,0.9573354002712114,0.9573313283438309,0.9573321625274021,0.9573505757777038,0.9573717229094431,0.9574167459275481,0.9574508738205074,0.9573626010232476,0.9573654710540139,0.9573556985027123,0.9573443840620728,0.9573870581373616,0.9572371893360105,0.9568995268589835,0.9568151544468018,0.957191078953583,0.9571095808199086,0.9568291982378335,0.957218821736778,0.957374563042767,0.9563384780741624
19.6,0.9623550044064206,0.9623089686543422,0.9622734432484891,0.962358190607764,0.9623367040862393,0.9623327306132499,0.9623535507136474,0.9623537204905473,0.9623389495413627,0.9623303365676846,0.9623135049073674,0.9624828034383667,0.9624599550419508,0.9624203539470969,0.9624538500461247,0.9623186085441965,0.9623037948299489,0.9622835040069191,0.962253604523257,0.9622852402296481,0.9622347271787938,0.9622246725494419,0.9622292913211681,0.9622262941283097,0.9622161243069746,0.9621866485461092,0.9621384775051833,0.9621112169355123,0.9622105311729673,0.9622088412786585,0.9622187134465424,0.9622188996738953,0.9621900831219089,0.9623021272708625,0.9626021337177039,0.9626764658167717,0.9623498754858061,0.9624171052071179,0.9626395273478722,0.9623356081926386,0.9622144913802063,0.9640789862113012,0.964130052619065,0.9641542398261929,0.9640707895027376,0.964095331936921,0.964096653289906,0.9640761573312552,0.9640691270501992,0.964085916996564,0.964097983429883,0.9641077113333598,0.9639897349632092,0.9639730439202181,0.9640055505442311,0.9640217287146804,0.9641111284224428,0.9641341244803489,0.9641426259096499,0.96418655830926,0.9641425571510216,0.9642004537840503,0.9642120217513733,0.9642086482132498,0.9642093345801274,0.9642244492388496,0.964241734712282,0.9642787703242194,0.964306738306162,0.9642343255883143,0.9642366814070935,0.9642286542634629,0.964219326545344,0.9642544109410731,0.9641311889804041,0.9638522867213197,0.9637828980482943,0.9640932740397319,0.964026077067035,0.9637962901636574,0.9641157483036489,0.9642440935909559,0.9633887859955508
20,0.9684794671022904,0.9684415740800624,0.9684126642604604,0.9684821539249084,0.9684643572157418,0.9684609730046939,0.9684781898599477,0.9684782770898069,0.9684660675907121,0.968458911608949,0.968445040173276,0.9685848519085336,0.9685659145907046,0.9685331741018385,0.9685606343952641,0.9684492126034056,0.9684369405567548,0.968420186679647,0.9683954474408473,0.9684216109375563,0.9683798741594893,0.9683715585642654,0.9683753606503113,0.9683728848852217,0.9683644389843323,0.9683400332756323,0.968299963458419,0.9682771458918835,0.9683597877131522,0.9683583898011565,0.9683665743252197,0.9683666950849634,0.9683428647321939,0.9684355627360163,0.9686828736809265,0.9687443614944158,0.9684750751166377,0.9685305830027856,0.9687149978733919,0.9684630296867427,0.9683627875453472,0.9699006414943534,0.9699428591449657,0.9699633068879322,0.969893942868235,0.96991410333343,0.9699150723241926,0.9698982268745641,0.9698923743924565,0.9699061729264751,0.9699160553996448,0.9699240885525671,0.9698270530496694,0.969813211304719,0.9698399080912108,0.9698530882357765,0.9699268524451113,0.9699457365464164,0.9699527298520495,0.9699888218695327,0.9699526709249231,0.9700002628141232,0.9700097701911561,0.9700069820157164,0.9700075459285976,0.9700199389637176,0.9700340591757209,0.970064482504612,0.9700873821256498,0.9700280407327716,0.9700299722945238,0.970023386766801,0.9700157100667254,0.9700445157987589,0.9699433396943419,0.9697134241751425,0.9696564393460853,0.9699122060263601,0.9698568953627997,0.9696687631432026,0.9699304194932352,0.970036015828913,0.9693312691182201
20.4,0.9736300316517379,0.9735988858377684,0.9735753596554946,0.9736322855251479,0.9736175792253471,0.9736147171846931,0.973628924577926,0.9736289590594771,0.9736188873831508,0.9736129586248136,0.9736015452281023,0.9737167859238012,0.9737011281749756,0.9736741158285126,0.9736966075215494,0.9736049545544686,0.9735948122490607,0.9735810049096932,0.9735605802726071,0.9735821721075819,0.9735477553848707,0.9735408926867605,0.9735440179600482,0.9735419768819799,0.9735349820964985,0.9735148210520442,0.9734815910709781,0.9734625699342584,0.973531125584867,0.973529971702226,0.9735367400901257,0.9735368164064774,0.9735171508363836,0.973593676215077,0.9737972086016005,0.9738479637000992,0.9736263010716975,0.9736720442368818,0.9738245725710535,0.9736161869460178,0.9735334080012854,0.9747996456459026,0.9748344757972428,0.9748516670956323,0.9747941742334977,0.9748107152593263,0.9748114272282364,0.9747975995786173,0.974792742488211,0.9748040684321443,0.9748121557273514,0.9748187767671719,0.9747390733448523,0.9747276229965115,0.9747495230204754,0.9747602589660915,0.974821013797379,0.9748365035967917,0.974842248457011,0.9748718640034356,0.9748421983542923,0.9748812699080602,0.9748890740114892,0.9748867743189384,0.9748872370582808,0.9748973891285375,0.9749089181815412,0.9749338810377772,0.9749526172771725,0.9749040286098244,0.9749056108522225,0.9749002134259958,0.9748939045665774,0.9749175288361508,0.9748345475086777,0.9746453275070294,0.97459858407505,0.9748090111574741,0.9747635496486996,0.9746096452001518,0.974823778193166,0.974910539069641,0.9743307669558197
20.8,0.977954716736063,0.9779291474393902,0.9779100009734835,0.9779565992258012,0.9779444704792494,0.9779420639857099,0.9779537672904506,0.9779537692533358,0.9779454753186131,0.9779405749190064,0.9779311966882867,0.9780260324113712,0.9780131126689863,0.9779908651284942,0.9780092735841098,0.9779339813286955,0.9779256159074164,0.9779142549343395,0.9778974235416565,0.977915210695109,0.977886877610602,0.977881224094812,0.9778837899281112,0.9778821099622641,0.9778763304407158,0.9778597081434729,0.9778322204731756,0.9778164177821577,0.9778731408708888,0.9778721901462311,0.9778777756535082,0.9778778221459896,0.9778616221458744,0.9779246808737132,0.9780919511142924,0.978133771817936,0.9779515687338554,0.9779892051922781,0.9781150997721096,0.9779431146026005,0.9778748856214525,0.9789159620537278,0.9789446474549486,0.9789590346569079,0.9789114948641435,0.9789250527859746,0.9789255771853624,0.9789142386040165,0.9789102180068121,0.9789195047958416,0.97892611872125,0.9789315671517689,0.978866174014999,0.978856721766043,0.9788746697219958,0.9788834140535395,0.978933378952226,0.9789460725949791,0.978950786498802,0.9789750636857144,0.9789507441748969,0.9789827868512946,0.9789891861841058,0.9789872926402509,0.978987671972983,0.9789959819765797,0.9790053919596621,0.9790258547589332,0.9790411756047783,0.9790014186691646,0.9790027137812414,0.978998293752543,0.9789931152274631,0.9790124721417333,0.9789444767940239,0.9787889650820514,0.978750659428106,0.9789235510704358,0.9788862298921766,0.97876040682028,0.9789355294667992,0.9790067329622438,0.9785304060670251
21.2,0.9815811447864143,0.9815601745929153,0.9815445906191769,0.9815827114061987,0.9815727249577759,0.9815707111080114,0.9815803373690427,0.9815803203449958,0.9815735002113821,0.9815694578449989,0.9815617606060144,0.9816396993163173,0.9816290571140982,0.9816107607409533,0.9816258181589714,0.9815640342974818,0.98155714604785,0.98154781043346,0.981533961651066,0.9815485925401866,0.9815253004474196,0.9815206500622979,0.9815227544720696,0.9815213736244217,0.9815166075557592,0.981502925201024,0.9814802360041707,0.9814671443105002,0.9815139751194085,0.981513192978131,0.9815177941881904,0.9815178209461305,0.9815044956185974,0.981556377578288,0.9816936861585773,0.9817280930381578,0.9815785026530747,0.9816094279594183,0.9817131581129096,0.9815714626040114,0.9815153153631905,0.9823702233643219,0.9823938135066045,0.9824058078022032,0.9823665772204691,0.9823776809225986,0.9823780682894545,0.9823687788006564,0.9823654578759552,0.982373066104509,0.9823784722682991,0.9823829497397176,0.9823293480062215,0.9823215589989209,0.9823362564651107,0.9823433785405743,0.9823844180953146,0.9823948122360978,0.9823986765176904,0.982418561289973,0.9823986409562455,0.9824248961289621,0.9824301390352597,0.9824285821533358,0.9824288928523782,0.9824356907954404,0.9824433691320739,0.9824601297062195,0.9824726518341628,0.9824401396149104,0.9824411990437324,0.9824375818730938,0.9824333354209531,0.9824491837060797,0.9823935107002174,0.9822658510905156,0.9822344849440573,0.9823763764150935,0.9823457688651521,0.9822429557297108,0.9823860974322303,0.9824444771889561,0.9820535738549633
21.6,0.9846186914819657,0.9846015075435638,0.9845888212769546,0.9846199912943555,0.9846117801881218,0.9846101015469284,0.9846180095008855,0.9846179823788476,0.984612380955657,0.9846090519609586,0.9846027403906532,0.9846667202634594,0.9846579668047638,0.9846429383974934,0.9846552487602408,0.9846045964354043,0.9845989325273748,0.9845912697638565,0.9845798899097085,0.9845919094211222,0.9845727839795497,0.984568963565455,0.9845706880786398,0.9845695543966625,0.9845656305212326,0.9845543835379853,0.9845356886650668,0.9845248685567686,0.9845634617318328,0.9845628191049004,0.9845666038480499,0.9845666177779624,0.984555670709352,0.9845983017220707,0.9847109056478369,0.9847391768440826,0.9846164837514495,0.984641866332343,0.9847272082329581,0.9846106396333981,0.984564496328627,0.9852658086891971,0.9852851847449441,0.9852951519151104,0.9852628333787447,0.9852719209793009,0.9852722080714278,0.9852646028304324,0.9852618648572781,0.9852680934910422,0.9852725106051191,0.9852761860005613,0.9852322838091124,0.9852258749705806,0.9852379028018808,0.9852437037661905,0.9852773767594063,0.985285882497266,0.9852890477832357,0.985305323801927,0.98528901803674,0.9853105153456228,0.9853148077362588,0.985313529206401,0.9853137835137996,0.9853193417041608,0.9853256058320915,0.9853393248974438,0.9853495556796682,0.9853229801563843,0.9853238463526094,0.9853208878550548,0.9853174086208968,0.9853303760964168,0.9852848211549131,0.9851801275564673,0.9851544604053761,0.9852708003002926,0.9852457198464216,0.9851617422543983,0.9852786930723284,0.9853265203177313,0.985006019931603
22,0.9871606327799251,0.9871465612947768,0.9871362321753654,0.987161708492978,0.9871549650325582,0.9871535703852766,0.9871600599297007,0.9871600284134745,0.9871554326133567,0.9871526949593211,0.9871475237072077,0.9871999949406166,0.9871928038091591,0.9871804724394516,0.9871905329238498,0.9871490385438979,0.987144386889384,0.9871381031026489,0.9871287622637676,0.9871386260240608,0.9871229373929321,0.987119802151075,0.9871212143569659,0.9871202844976165,0.9871170584536579,0.9871078239837487,0.9870924434093526,0.9870835184763718,0.9871152742992719,0.9871147468691769,0.9871178561411694,0.9871178619278724,0.9871088781043968,0.9871438696138675,0.9872361386226637,0.9872593432636221,0.9871587948098371,0.9871796086733666,0.9872497345550313,0.987153956194738,0.9871160768611708,0.9876908960123834,0.9877067943099616,0.9877150544832246,0.98768846852309,0.9876959019596168,0.9876961155183904,0.9876898928495458,0.9876876389990455,0.9876927352066085,0.9876963430261464,0.9876993571700985,0.9876634226228672,0.9876581560531337,0.9876679938934815,0.9876727191094377,0.9877003233855142,0.9877072801267996,0.9877098711506808,0.9877231858854346,0.9877098463608311,0.9877274373771846,0.9877309494999256,0.987729900621121,0.9877301086534236,0.9877346513128412,0.9877397610029105,0.9877509843182003,0.9877593404994348,0.9877376256764322,0.9877383335932476,0.9877359149288032,0.9877330662785907,0.9877436711258512,0.9877064147524163,0.9876206257007185,0.9875996332179083,0.9876949476093367,0.9876744106406494,0.9876058392377985,0.9877013588967613,0.9877405148889523,0.987477942726813
22.4,0.9892861924415157,0.9892746763633823,0.9892662649286125,0.9892870807971171,0.9892815481296737,0.9892803926005087,0.9892857134430564,0.9892856810763494,0.9892819135891533,0.9892796649053167,0.989275430754033,0.9893184292409698,0.989312527674204,0.9893024181216631,0.98931063728994,0.9892766669411018,0.9892728504462363,0.9892677015197516,0.9892600414069445,0.9892681288552442,0.9892552701171408,0.9892526994576994,0.9892538552391255,0.9892530931754044,0.9892504439385073,0.9892428691839955,0.989230231329231,0.9892228818849537,0.9892489780358653,0.9892485455440468,0.9892510972192835,0.9892510980068538,0.9892437318564093,0.9892724266270063,0.9893479815798295,0.9893670103475943,0.98928466698893,0.9893017211624365,0.9893592833101023,0.9892806697009515,0.9892496035734416,0.9897204066356137,0.9897334400466923,0.9897402698872914,0.9897184263375591,0.989724503941403,0.9897246634367568,0.9897195744858351,0.9897177215893459,0.9897218892396094,0.989724835275962,0.9897273051729562,0.9896979080305898,0.9896935847556083,0.989701627818724,0.9897054771084843,0.9897280896232846,0.9897337769901094,0.9897358967799229,0.9897467839881257,0.9897358761852754,0.989750263537803,0.9897531358267989,0.9897522760812725,0.9897524461793993,0.9897561576145628,0.9897603252408099,0.9897695026476308,0.9897763260683194,0.989758588211918,0.989759166579235,0.9897571899801302,0.9897548589732175,0.9897635279884288,0.989733071448101,0.9896628213925719,0.9896456596265291,0.9897236969256661,0.9897068902326139,0.9896509121077461,0.9897289070611545,0.9897609460853268,0.9895459724256912
22.8,0.9910624342950184,0.9910530141219183,0.9910461631128069,0.9910631666102347,0.9910586311186274,0.9910576759064542,0.9910620352765391,0.9910620041577363,0.9910589179173978,0.9910570727170861,0.9910536077688153,0.9910888200951324,0.9910839810462655,0.9910756990476548,0.9910824121768402,0.991054616463562,0.9910514878151508,0.9910472715655338,0.9910409946197867,0.9910476206852037,0.9910370887218192,0.9910349825544865,0.9910359280120991,0.9910353038894902,0.9910331304543014,0.9910269221517372,0.991016548966532,0.9910105053655485,0.9910319273006134,0.9910315729276068,0.9910336651554104,0.99103366302666,0.9910276277532061,0.9910511408118324,0.9911129742718656,0.9911285666942474,0.9910611714654169,0.9910751359489078,0.9911223432377245,0.9910578753364635,0.9910324170948847,0.9914177947675855,0.9914284717419849,0.9914341079837593,0.9914161794090479,0.9914211466290559,0.9914212662556182,0.9914171061406879,0.9914155845592068,0.991418991483435,0.9914213966385369,0.9914234192119366,0.9913993808260994,0.9913958350911081,0.9914024084444244,0.9914055444956322,0.9914240564195403,0.991428704377935,0.9914304378535407,0.9914393367439359,0.9914304207891059,0.991442183078546,0.9914445311527221,0.9914438269392366,0.9914439659671486,0.9914469974601052,0.9914503965180352,0.991457898143307,0.9914634688939901,0.9914489831132216,0.9914494555121609,0.9914478406694667,0.9914459341573501,0.991453018263767,0.9914281291656548,0.9913706364018088,0.9913566112667257,0.9914204680824954,0.9914067208325066,0.9913610315704584,0.9914247038234363,0.9914509073096717,0.9912749996048907
23.2,0.992545972092469,0.9925382694810213,0.9925326884445294,0.9925465748628719,0.9925428594335991,0.9925420713359464,0.9925456407383028,0.9925456120145941,0.9925430853655726,0.992541572529321,0.992538738355457,0.9925675582649863,0.9925635933467785,0.9925568126915052,0.9925622946092894,0.9925395613655349,0.9925369984073356,0.9925335477922538,0.9925284076032171,0.9925338329443719,0.9925252117657695,0.9925234872466552,0.9925242603409703,0.9925237494824832,0.9925219678625249,0.9925168829775092,0.9925083762611953,0.9925034123346835,0.9925209812372243,0.9925206910583557,0.9925224052929807,0.9925224016051043,0.9925174598462418,0.9925367144633237,0.9925872944198996,0.992600062803774,0.9925449289212095,0.9925563572171565,0.9925950432561562,0.9925422152079511,0.9925213664091815,0.9928366604089021,0.9928454016227194,0.9928500452233503,0.9928353428029631,0.992839401273008,0.9928394913983554,0.9928360917102523,0.9928348433747971,0.9928376275180729,0.9928395907861873,0.9928412461256307,0.9928215968632028,0.9928186910431954,0.992824061668013,0.9928266169141717,0.9928417639742105,0.9928455613802504,0.9928469784136614,0.9928542498479085,0.9928469643056979,0.9928565772269996,0.9928584961239841,0.9928579196514657,0.9928580332489199,0.9928605088305417,0.9928632809739515,0.9928694109102868,0.9928739582818202,0.9928621306021526,0.9928625163653341,0.9928611973940935,0.9928596386933928,0.9928654260218057,0.9928450924243872,0.9927980627242439,0.9927866042270654,0.9928388334040469,0.9928275932373689,0.9927903068577827,0.9928422782829077,0.9928637008526129,0.9927198254375483
23.6,0.9937844889007337,0.9937781928052959,0.9937736455668098,0.9937849844082975,0.9937819425689803,0.993781293406792,0.9937842144557062,0.9937841886615236,0.9937821211914339,0.9937808817363846,0.9937785644019957,0.9938021412666614,0.9937988945855107,0.9937933459776354,0.9937978217555173,0.9937792358775399,0.9937771375777327,0.9937743148693496,0.9937701078714887,0.9937745477297241,0.9937674941264918,0.9937660828451982,0.9937667147860915,0.9937662968371976,0.9937648374106163,0.993760675042266,0.9937537042184635,0.9937496311289757,0.9937640289499001,0.9937637914641543,0.9937651951190357,0.9937651907372401,0.993761146492612,0.9937769053461769,0.9938182635532999,0.993828713686143,0.993783628740696,0.9937929771800346,0.9938246599395696,0.9937813974794445,0.9937643330770826,0.9940221803123734,0.9940293330354157,0.9940331534836029,0.9940211056044943,0.9940244207585677,0.9940244889723799,0.9940217114644583,0.9940206881199717,0.9940229627152094,0.9940245650882489,0.994025919236955,0.9940098625546399,0.9940074826951681,0.9940118696033541,0.9940139518437138,0.9940263402673863,0.9940294420328808,0.9940306000315725,0.9940365401306005,0.9940305883897858,0.9940384425115346,0.99404001024905,0.9940395385828577,0.99403963137783,0.994041652640591,0.9940439134762279,0.9940489212605667,0.9940526328229269,0.9940429769581371,0.9940432919201417,0.9940422148243497,0.9940409409027063,0.9940456677527992,0.9940290596985848,0.9939906042463719,0.9939812448623955,0.9940239473451384,0.9940147601506617,0.9939843343316588,0.9940267500021029,0.9940442583476993,0.9939266269756342
24,0.9948180701052738,0.9948129251297565,0.9948092196118035,0.9948184769966945,0.9948159878732429,0.994815453888182,0.9948178432942014,0.9948178205806073,0.9948161295638636,0.994815114699055,0.9948132205633027,0.9948325006022118,0.9948298434401993,0.9948253049855877,0.9948289588106846,0.9948137683890725,0.9948120513680389,0.9948097432009742,0.9948063015586588,0.994809933329583,0.9948041646465497,0.9948030102203034,0.9948035266349728,0.9948031848358169,0.9948019900348559,0.9947985844590128,0.994792875853419,0.9947895365238516,0.9948013279832212,0.9948011337099603,0.9948022824508164,0.9948022779100022,0.9947989696417834,0.9948118615072389,0.9948456681263528,0.9948542169910228,0.9948173619335956,0.9948250060994379,0.9948509394001033,0.9948155293994592,0.9948015690204438,0.9950123623084197,0.9950182126747059,0.9950213521635383,0.995011485729193,0.9950141931618844,0.9950142450353435,0.9950119763443931,0.9950111380056719,0.9950129959008998,0.9950143036002195,0.9950154109250851,0.9950022932433269,0.9950003452061875,0.995003927882456,0.9950056248654148,0.9950157533742632,0.9950182864444135,0.9950192325184313,0.9950240840281598,0.9950192229270407,0.9950256385713575,0.9950269191260973,0.9950265333742668,0.9950266091604877,0.9950282592538281,0.9950301031013349,0.9950341932974259,0.9950372224026369,0.9950293405066033,0.9950295976269528,0.9950287181914355,0.9950276773028699,0.9950315372827038,0.9950179747217436,0.9949865407728288,0.994978897399846,0.9950137997573263,0.9950062926735735,0.9949814669038306,0.9950160806490441,0.9950303861603345,0.9949342422071231
24.4,0.9956803613260929,0.995676157986946,0.9956731379401691,0.9956806951430218,0.9956786591635174,0.9956782204314407,0.9956801742279858,0.9956801545162506,0.9956787719036632,0.9956779413558319,0.9956763935488271,0.9956921546208211,0.9956899808956349,0.9956862700442723,0.9956892525558964,0.9956768404872406,0.9956754360574596,0.9956735492509573,0.9956707348166592,0.9956737044701645,0.995668988269758,0.9956680443033313,0.995668466212794,0.9956681867834526,0.9956672091078628,0.9956644238560398,0.995659751424444,0.995657015600737,0.9956666672395795,0.9956665083763542,0.9956674480811513,0.995667443697121,0.9956647384819372,0.9956752808884309,0.99570290716132,0.9957098979664005,0.9956797790406862,0.9956860276225972,0.9957072451390296,0.9956782754032036,0.9956668589320135,0.9958391344742933,0.9958439178754116,0.9958464951787617,0.9958384194951271,0.9958406302508589,0.9958406698861896,0.9958388171364632,0.9958381307498767,0.9958396480108445,0.9958407151537386,0.9958416203457316,0.9958309059119499,0.9958293120787152,0.9958322374960332,0.9958336206532117,0.9958418989800573,0.9958439672995187,0.9958447400703081,0.9958487018146075,0.9958447321789109,0.9958499718169335,0.995851017604889,0.9958507022294294,0.9958507641140936,0.9958521110501215,0.9958536148444702,0.9958569550094742,0.9958594269760783,0.9958529937407531,0.9958532036193316,0.9958524856629245,0.9958516353714,0.9958547869869232,0.9958437131368599,0.9958180257922961,0.9958117847561065,0.9958403042093563,0.995834171411856,0.9958139159912607,0.9958421610122177,0.9958538470185743,0.9957752862114071
24.8,0.9963995663865718,0.9963961330082129,0.9963936712977068,0.9963998400395041,0.9963981753021789,0.9963978151874394,0.9963994122891683,0.9963993953720427,0.9963982652590622,0.9963975858454388,0.996396321327067,0.9964092021234483,0.9964074245435712,0.9964043913095655,0.9964068256502286,0.9963966859552231,0.9963955376175828,0.9963939956716625,0.9963916948918712,0.9963941223785844,0.9963902677567307,0.996389496124371,0.9963898407563475,0.9963896123807466,0.9963888127061176,0.9963865355641875,0.9963827129615657,0.9963804729095241,0.9963883694033667,0.9963882395375849,0.9963890079576797,0.9963890039031152,0.9963867925084454,0.9963954108361964,0.9964179814400939,0.9964236962857054,0.9963990881343552,0.9964041945460149,0.9964215471066202,0.9963978553530237,0.9963885223292264,0.9965292838497775,0.9965331936801602,0.9965353076512672,0.9965287006717645,0.9965305056275697,0.9965305360558392,0.9965290232121812,0.9965284615085782,0.996529700406955,0.9965305712015113,0.9965313109539646,0.9965225609536964,0.9965212574298381,0.9965236458592802,0.9965247733454157,0.9965315377387055,0.996533226363447,0.9965338574674849,0.9965370921826281,0.9965338509822756,0.9965381295211314,0.996538983455185,0.9965387256929918,0.9965387762192087,0.9965398756003842,0.9965411020864778,0.996543829371902,0.9965458465719872,0.9965405961219768,0.9965407674243093,0.9965401813566309,0.9965394868912021,0.9965420598279024,0.9965330191222185,0.9965120326836771,0.9965069373222882,0.9965302360229457,0.996525226892398,0.9965087009797856,0.9965317479873461,0.9965412924117539,0.9964771132273398
25.2,0.9969993020661444,0.9969964980586605,0.9969944912136703,0.9969995262501642,0.9969981654716771,0.996997870134439,0.9969991753168013,0.9969991609240022,0.996998237432651,0.9969976818537518,0.9969966489681215,0.9970071733884434,0.9970057202181302,0.9970032415052453,0.9970052283007368,0.9969969464449945,0.9969960077844683,0.9969947479553711,0.9969928676001245,0.9969948513792644,0.9969917017066843,0.9969910711131946,0.9969913525764155,0.9969911659712135,0.9969905121194034,0.9969886509288287,0.9969855247834046,0.9969836915854463,0.9969901495908918,0.9969900434582274,0.9969906716168051,0.9969906679727781,0.9969888607341507,0.9969959042207789,0.9970143408239499,0.9970190113160988,0.9969989096257533,0.9970030817005054,0.9970172686971736,0.996997899597867,0.9969902719335999,0.9971052606556761,0.9971084556318595,0.9971101882963971,0.9971047849730446,0.9971062584597619,0.9971062819290717,0.9971050467807067,0.9971045873007677,0.9971055987852676,0.9971063093335681,0.9971069137434322,0.9970997689986841,0.9970987032581139,0.9971006530670331,0.9971015722335648,0.9971070983808417,0.997108476873472,0.9971089922080375,0.9971116330171668,0.9971089868837004,0.9971124801774224,0.9971131773691223,0.9971129667476143,0.9971130079956174,0.9971139052605507,0.997114905605354,0.9971171322113771,0.9971187782478449,0.997114493361181,0.9971146331685639,0.9971141548004456,0.9971135876911665,0.9971156879993295,0.9971083078825953,0.9970911653783013,0.9970870057901341,0.9971060359465087,0.9971019452535824,0.9970884624226239,0.997107267408178,0.9971150615432242,0.9970626408527303
25.6,0.9974993265157731,0.9974970368150264,0.9974954006039911,0.997499510070237,0.9974983980343005,0.9974981559950968,0.9974992223782416,0.9974992102176873,0.9974984557321346,0.9974980015569909,0.9974971580056031,0.997505755431162,0.9975045677826972,0.9975025426557553,0.9975041641067891,0.9974974006995868,0.997496633625568,0.9974956044942164,0.9974940680936764,0.9974956889081629,0.9974931157881612,0.9974926005691622,0.9974928304111148,0.9974926779670084,0.9974921435054329,0.997490622655566,0.9974880669035088,0.9974865673029008,0.9974918471284898,0.9974917604113743,0.9974922737743687,0.9974922705649435,0.9974907939488791,0.9974965490434794,0.9975116064184352,0.997515422524113,0.9974990047450605,0.9975024127959073,0.9975140084932532,0.9974981776994776,0.9974919452508971,0.9975858639667134,0.997588474226499,0.9975898934752796,0.9975854759559668,0.9975866787431764,0.9975866969277135,0.9975856885998173,0.9975853128717002,0.9975861386066017,0.9975867183839043,0.9975872121170861,0.9975813787943711,0.9975805077057563,0.9975820993115261,0.9975828487188022,0.9975873624794844,0.9975884877066895,0.9975889084591907,0.9975910642103805,0.9975889040916102,0.9975917559649806,0.9975923251285752,0.9975921530622875,0.9975921867328856,0.9975929190020959,0.9975937349286075,0.9975955526007966,0.9975968957329109,0.9975933989893604,0.997593513086609,0.9975931226514924,0.997592659601408,0.9975943739670161,0.9975883498988991,0.9975743495212371,0.9975709541193144,0.9975864953913377,0.997583155177869,0.9975721551801604,0.9975874986050872,0.9975938626323173,0.9975510526630548
26,0.997916157486725,0.9979142879666073,0.9979129538040071,0.9979163077031157,0.9979153991361116,0.9979152008970069,0.9979160720090371,0.9979160617918313,0.9979154454936845,0.9979150743111259,0.9979143854775605,0.997921407578588,0.9979204371555248,0.9979187829139829,0.997920106153247,0.9979145834793995,0.9979139567603345,0.9979131162171274,0.9979118610993792,0.997913185111869,0.9979110833677175,0.9979106624929861,0.9979108501601658,0.9979107256444341,0.9979102888825527,0.9979090463919726,0.9979069575315628,0.9979057312639903,0.9979100466521653,0.9979099758123363,0.9979103952645454,0.9979103924797655,0.9979091862287162,0.9979138876914343,0.9979261835750795,0.9979293009823992,0.9979158938375384,0.9979186773362148,0.9979281528129795,0.9979152169573945,0.9979101255255581,0.997986824025163,0.9979889561920037,0.9979901180975354,0.9979865075193437,0.9979874892711442,0.9979875034230833,0.9979866803279346,0.9979863731773225,0.9979870472207559,0.9979875202874086,0.9979879235447894,0.9979831613752341,0.9979824495555086,0.99798374867748,0.9979843597314221,0.9979880460234907,0.9979889644566967,0.9979893079532663,0.9979910676122458,0.997989304373102,0.9979916324063641,0.9979920970148579,0.9979919564706325,0.9979919839538844,0.9979925815445895,0.9979932470740218,0.9979947308036983,0.9979958267531255,0.9979929732748106,0.997993066386399,0.9979927477365474,0.9979923696911058,0.9979937689473722,0.9979888520718568,0.9979774194231323,0.9979746479898397,0.9979873383948592,0.9979846112741766,0.99797563691854,0.9979881558233402,0.9979933516120726,0.9979583947961775
26.4,0.9982635953046517,0.9982620689987733,0.9982609810266762,0.9982637181878541,0.998262975995882,0.9982628137148073,0.9982635252005471,0.9982635166552248,0.9982630133111119,0.9982627100228469,0.9982621475910338,0.998267882223287,0.9982670894461174,0.9982657383732331,0.998266818216645,0.9982623091328368,0.9982617971800719,0.9982611107590956,0.9982600855953669,0.9982611669856083,0.9982594505136072,0.9982591067615927,0.9982592599785699,0.9982591582890669,0.9982588014430513,0.9982577865389622,0.9982560796726334,0.9982550772237936,0.9982586035124729,0.9982585456522446,0.9982588883081368,0.9982588859190775,0.9982579006868237,0.9982617407862104,0.9982717805138791,0.9982743267310069,0.9982633794026952,0.9982656525,0.9982733938825558,0.9982628256548364,0.9982586670387017,0.9983212951955046,0.9983230365713877,0.9983239873623935,0.9983210370100626,0.998321838302358,0.99832184936247,0.9983211775153138,0.9983209264892042,0.9983214766726062,0.998321862666027,0.9983221919821281,0.9983183045695777,0.9983177230153801,0.9983187833456264,0.9983192816289054,0.9983222917688701,0.9983230413735585,0.9983233217773735,0.9983247580366841,0.9983233188444782,0.9983252191295168,0.9983255983649837,0.998325483584888,0.9983255060165265,0.9983259936843589,0.9983265365577539,0.9983277476224044,0.9983286418697683,0.9983263133739237,0.9983263893575453,0.9983261293046886,0.9983258206855032,0.998326962695878,0.9983229497167591,0.998313614910099,0.9983113528943728,0.9983217142939164,0.9983194879330322,0.9983121661717648,0.9983223804577073,0.9983266221007306,0.9982980808580331
26.8,0.998553164069479,0.9985519180644046,0.9985510307813065,0.9985532645580368,0.9985526583679306,0.9985525255813306,0.9985531066140528,0.9985530994938557,0.9985526884542135,0.9985524406879983,0.9985519815046904,0.9985566641743421,0.9985560166282675,0.9985549133060725,0.9985557945055251,0.9985521133020714,0.9985516951633421,0.9985511346683756,0.9985502974439489,0.9985511805546901,0.9985497789012376,0.998549498177044,0.9985496232581692,0.9985495402203198,0.9985492487200095,0.9985484198361049,0.9985470253815245,0.9985462061121362,0.9985490870190872,0.9985490397667065,0.9985493196419297,0.9985493176103708,0.9985485130083958,0.9985516491232544,0.9985598459135199,0.9985619253097895,0.9985529873544696,0.9985548434331057,0.9985611670031054,0.9985525345015533,0.998549138273729,0.9986002721795362,0.9986016942079761,0.9986024719399574,0.9986000615622036,0.9986007155376972,0.9986007242160917,0.9986001758526605,0.9985999707399531,0.9986004198003865,0.9986007347464019,0.9986010036482476,0.9985978305070285,0.9985973554605513,0.9985982208546087,0.9985986272094088,0.9986010849624147,0.9986016967477653,0.9986019256328414,0.9986030978734182,0.9986019232314668,0.9986034742769506,0.9986037838106657,0.9986036900832266,0.9986037083909568,0.9986041063468731,0.9986045491847203,0.9986055376430288,0.998606267306169,0.9986043672370046,0.9986044292420828,0.998604217017101,0.998603965092043,0.9986048971144018,0.9986016219921482,0.9985940007936146,0.9985921546339196,0.9986006137136911,0.9985987962961855,0.9985928227641018,0.9986011566879899,0.9986046191611119,0.998581318100396
27.2,0.9987944830426675,0.9987934659266691,0.9987927422603705,0.9987945651934536,0.9987940701481065,0.998793961536468,0.9987944359818599,0.9987944300675977,0.9987940944414896,0.998793892065338,0.9987935172050221,0.9987973405102428,0.9987968116627517,0.9987959107587587,0.9987966298453441,0.9987936247363826,0.9987932832647253,0.9987928256379456,0.9987921419784778,0.9987928630847849,0.9987917186263879,0.9987914893994331,0.9987915915048178,0.9987915237044076,0.9987912856198744,0.9987906087439965,0.9987894697092297,0.9987888002936313,0.9987911535388806,0.9987911149539804,0.9987913435201575,0.9987913418046391,0.9987906847913075,0.9987932456806703,0.9987999373131815,0.9988016352771548,0.9987943384627485,0.9987958538855924,0.9988010185671371,0.9987939682342146,0.9987911949558006,0.9988329406810398,0.9988341018015393,0.9988347377617458,0.998832768863038,0.9988333025876009,0.998833309422834,0.9988328618657454,0.9988326942996065,0.9988330608082041,0.9988333177842368,0.9988335373339035,0.9988309473554828,0.9988305593669062,0.9988312656389984,0.9988315970478228,0.9988336036061679,0.9988341028948509,0.998834289716934,0.9988352464357669,0.9988342877516486,0.9988355536857949,0.9988358063179551,0.9988357297896509,0.9988357447311,0.9988360694735477,0.9988364307214499,0.9988372374586737,0.9988378328279375,0.9988362823745365,0.998836332971932,0.9988361597824639,0.9988359541485019,0.9988367147720228,0.9988340419209323,0.9988278202437058,0.9988263135360201,0.9988332190503361,0.9988317355505911,0.9988268619337128,0.9988336616766974,0.9988364879473022,0.9988174663599294
27.6,0.9989955786990801,0.9989947484693368,0.998994158210181,0.9989956458414467,0.9989952416069998,0.9989951527978048,0.9989955401720458,0.9989955352722565,0.9989952612483731,0.998995095969335,0.9989947899665064,0.9989979113611381,0.998997479504584,0.9989967439503541,0.9989973307416306,0.998994877700949,0.9989945988697689,0.998994225261659,0.9989936670550734,0.9989942558206866,0.9989933214443351,0.9989931342854725,0.9989932176309787,0.9989931622766369,0.9989929678447823,0.9989924151577664,0.9989914848893221,0.9989909380195423,0.9989928599731422,0.9989928284689056,0.9989930151110791,0.9989930136705524,0.9989924772251624,0.99899456819078,0.9990000307011224,0.9990014170643218,0.9989954604530701,0.9989966976445376,0.9990009153044777,0.9989951578526253,0.9989928934853578,0.9990269723186805,0.99902792031571,0.9990284401989961,0.999026832148677,0.9990272677220412,0.9990272731245258,0.9990269078545896,0.9990267709834928,0.9990270701060531,0.999027279782958,0.999027459023674,0.9990253451211109,0.9990250282751428,0.9990256046681052,0.999025874970396,0.9990275130445487,0.9990279205123698,0.9990280729949882,0.9990288537934247,0.9990280713872277,0.9990291045820855,0.9990293107659168,0.9990292482860942,0.9990292604798909,0.9990295254753778,0.9990298201751068,0.9990304785784146,0.9990309643710517,0.9990296992118283,0.9990297404999138,0.9990295991683887,0.9990294313274568,0.9990300520581777,0.9990278707771197,0.9990227919482522,0.9990215623088619,0.9990271992372222,0.9990259883642735,0.9990220120847995,0.9990275601053149,0.9990298669616717,0.9990143398225028
28,0.9991631465299856,0.9991624688773769,0.9991619874040445,0.999163201393972,0.9991628713428934,0.9991627987458164,0.9991631150030862,0.999163110952631,0.9991628872413316,0.9991627522747512,0.9991625024942381,0.9991650506637904,0.9991646980449302,0.9991640975391722,0.9991645763711319,0.99916257407753,0.999162346417018,0.9991620414226282,0.9991615856860253,0.9991620663604305,0.9991613035580351,0.9991611507590779,0.9991612187884276,0.9991611735986722,0.9991610148331334,0.9991605635892323,0.9991598039147137,0.9991593572278301,0.9991609267439531,0.9991609010231238,0.999161053416306,0.9991610522122015,0.9991606142450534,0.9991623213758878,0.9991667802892067,0.9991679121411222,0.9991630498511596,0.9991640598272533,0.9991675037572474,0.9991628025804714,0.9991609538917448,0.9991887722867465,0.9991895462201018,0.9991899711090939,0.9991886579323467,0.9991890133970007,0.9991890176809998,0.9991887195769578,0.999188607793119,0.9991888519127448,0.9991890229973325,0.999189169319818,0.9991874440412675,0.9991871853201567,0.9991876557082143,0.999187876183493,0.999189213359932,0.9991895458864882,0.9991896703371873,0.9991903075482531,0.9991896690223531,0.9991905122424625,0.9991906805132895,0.9991906295067489,0.9991906394579575,0.9991908556973649,0.9991910961154811,0.9991916334452461,0.9991920298299392,0.9991909974722645,0.9991910311636291,0.9991909158312668,0.9991907788427317,0.9991912854006921,0.9991895053166632,0.999185359631748,0.9991843561305083,0.9991889572873983,0.9991879689803302,0.9991847247759409,0.999189251530982,0.9991911343584219,0.9991784603429986
28.4,0.9993027704168896,0.9993022173212923,0.9993018245641947,0.9993028152395337,0.9993025457793112,0.9993024864489273,0.9993027446279591,0.9993027412857892,0.9993025586611211,0.9993024484584262,0.9993022445793823,0.9993043246719515,0.9993040367763716,0.9993035465561526,0.9993039372897952,0.9993023029856687,0.9993021171196783,0.9993018681521265,0.9993014961012783,0.9993018885025114,0.9993012658071814,0.9993011410685249,0.9993011965942566,0.9993011597048153,0.9993010300750167,0.9993006616821979,0.9993000413810013,0.9992996765733314,0.9993009581476803,0.9993009371500201,0.9993010615687213,0.9993010605660008,0.9993007030235089,0.9993020966812795,0.9993057362189904,0.9993066602187943,0.9993026913924075,0.9993035158359965,0.9993063277274186,0.9993024893729955,0.9993009801620185,0.9993236870816545,0.9993243188709889,0.9993246660504269,0.9993235937859921,0.9993238838705319,0.9993238872778271,0.99932364399435,0.9993235527099478,0.999323751936444,0.9993238915327911,0.9993240109757898,0.9993226029141212,0.9993223916738154,0.9993227755462406,0.9993229553887173,0.9993240468833449,0.9993243182476768,0.9993244198168821,0.9993249398364042,0.9993244187419161,0.9993251069024496,0.9993252442287474,0.9993252025911761,0.9993252107121011,0.999325387165247,0.9993255833055651,0.9993260218171524,0.9993263452505754,0.9993255028575275,0.9993255303498192,0.9993254362346851,0.999325324430789,0.9993257378106711,0.9993242851529146,0.9993209013151283,0.9993200823765412,0.9993238379246049,0.9993230313014915,0.9993203843528163,0.9993240778672978,0.9993256145587499,0.9993152698364763
28.8,0.9994191062646957,0.9994186548452769,0.9994183344429894,0.9994191428779698,0.9994189229000676,0.9994188744218474,0.9994190851762412,0.9994190824228103,0.9994189333469429,0.9994188433719084,0.9994186769652486,0.9994203748792967,0.9994201398438399,0.9994197396768465,0.9994200585203512,0.9994187246208152,0.9994185728867125,0.999418369663697,0.9994180659496761,0.9994183862704251,0.9994178779744185,0.9994177761488233,0.9994178214676662,0.9994177913554965,0.9994176855229336,0.9994173847881628,0.9994168783340606,0.9994165804310218,0.999417626797247,0.9994176096564342,0.9994177112288062,0.9994177103963713,0.9994174185270289,0.9994185562056526,0.9994215268255194,0.9994222810985516,0.9994190416853523,0.9994197146469991,0.9994220103197058,0.9994188766629631,0.9994176446645114,0.9994361785576161,0.9994366942818621,0.9994369779133048,0.999436102440881,0.9994363391676937,0.9994363418851667,0.9994361433442174,0.9994360688072624,0.9994362313936873,0.9994363452980729,0.9994364427946818,0.9994352936503443,0.9994351211902132,0.9994354344554284,0.999435581160355,0.9994364720744783,0.9994366935237178,0.99943677641652,0.9994372007914565,0.9994367755378819,0.9994373371425129,0.9994374492129859,0.9994374152252228,0.9994374218524166,0.9994375658393625,0.9994377258607157,0.9994380837217314,0.9994383476314773,0.9994376602470161,0.9994376826808086,0.9994376058801215,0.9994375146331289,0.9994378519711581,0.9994366665257323,0.9994339046344343,0.9994332363219939,0.9994363015617673,0.9994356432410663,0.9994334835637196,0.9994364972412617,0.9994377513971651,0.9994293081723218
29.2,0.9995160355873264,0.9995156671620194,0.9995154057746115,0.9995160654907239,0.9995158859186735,0.9995158463145707,0.9995160183474104,0.9995160160820211,0.999515894397507,0.9995158209425621,0.9995156851251241,0.9995170710216331,0.9995168791523974,0.9995165525111348,0.999516812691254,0.9995157240093514,0.9995156001462617,0.9995154342694964,0.9995151863529478,0.9995154478211865,0.9995150329255871,0.9995149498081956,0.9995149867954536,0.9995149622165025,0.9995148758182841,0.9995146303287471,0.9995142168572356,0.9995139736124645,0.9995148278746964,0.9995148138829992,0.9995148967993001,0.9995148961100119,0.9995146578627857,0.999515586532212,0.9995180110997982,0.9995186267920912,0.9995159828229089,0.9995165321138377,0.9995184062167535,0.9995158480408477,0.9995148423871379,0.9995299696469564,0.9995303906090958,0.9995306222886463,0.9995299075445702,0.9995301007264296,0.9995301028991795,0.9995299408742446,0.9995298800172666,0.9995300127004213,0.9995301056420445,0.9995301852214747,0.9995292474008384,0.9995291066106037,0.9995293622532773,0.9995294819315141,0.9995302090990349,0.9995303898130723,0.9995304574624103,0.9995308037803364,0.9995304567443981,0.999530915060751,0.9995310065190008,0.999530978776794,0.9995309841849558,0.9995311016792296,0.9995312322360366,0.9995315242760456,0.9995317396180451,0.9995311787178875,0.9995311970239337,0.9995311343525831,0.9995310598843301,0.999531335166584,0.9995303677879606,0.9995281135998639,0.9995275682141562,0.9995300699588896,0.9995295326863617,0.9995277705554705,0.999530229552729,0.9995312530981916,0.9995243620487904
29.6,0.9995967938727357,0.9995964931891607,0.9995962799390952,0.9995968182930809,0.9995966717121586,0.9995966393625979,0.9995967797824014,0.9995967779206587,0.9995966785984334,0.9995966186339882,0.9995965077856274,0.9995976389631975,0.9995974823404555,0.9995972157259894,0.9995974280362114,0.9995965395133385,0.9995964384066771,0.9995963030176397,0.9995961006562356,0.9995963140762741,0.9995959754310479,0.9995959075874091,0.9995959377741438,0.9995959177123914,0.9995958471837332,0.9995956467998864,0.9995953092609573,0.9995951106624541,0.9995958080450699,0.999595796624411,0.9995958643078656,0.9995958637383385,0.9995956692699347,0.999596427296001,0.9995984061334073,0.9995989086850098,0.9995967507688825,0.9995971991011485,0.9995987289659796,0.9995966406987646,0.9995958198403432,0.9996081662728415,0.9996085098718182,0.999608699090261,0.999608115603512,0.9996082732492741,0.9996082749904465,0.9996081427667947,0.9996080930826261,0.9996082013612837,0.9996082771987024,0.9996083421514348,0.9996075768037136,0.9996074618739796,0.9996076704918343,0.9996077681260179,0.9996083616250662,0.9996085090961432,0.9996085643043711,0.999608846920229,0.9996085637177293,0.9996089377379733,0.999609012374261,0.9996089897307565,0.9996089941440888,0.9996090900202587,0.9996091965401638,0.9996094348632844,0.9996096105767236,0.999609152885354,0.9996091678231666,0.9996091166818333,0.9996090559080238,0.9996092805490083,0.9996084911273754,0.9996066513616878,0.9996062062951767,0.9996082480852427,0.9996078096112596,0.9996063718287387,0.9996083782568166,0.999609213581294,0.9996035894946638
30,0.9996640778068658,0.9996638324136629,0.9996636584304559,0.9996640977475275,0.9996639781014851,0.9996639516810205,0.9996640662930945,0.9996640647645562,0.9996639836976983,0.9996639347486513,0.9996638442809074,0.9996647675281712,0.9996646396827563,0.9996644220712232,0.9996645953192598,0.9996638701695373,0.9996637876418032,0.999663677140084,0.999663511968941,0.999663686164285,0.9996634097645808,0.9996633543898834,0.9996633790260072,0.9996633626517712,0.9996633050805415,0.9996631415210351,0.9996628659846517,0.999662703849334,0.9996632731314518,0.9996632638097224,0.999663319056464,0.9996633185867426,0.9996631598582728,0.9996637785743526,0.9996653935887775,0.9996658037761211,0.9996640425998978,0.9996644085191823,0.9996656573176124,0.9996639527200611,0.9996632827237241,0.9996733592848116,0.9996736397291212,0.9996737942509281,0.9996733179429458,0.9996734465889049,0.9996734479870923,0.9996733400842277,0.9996732995241248,0.9996733878863211,0.9996734497677437,0.9996735027806544,0.9996728781938063,0.9996727843789014,0.9996729546211547,0.9996730342743454,0.9996735186637433,0.9996736390064765,0.9996736840610481,0.9996739146907843,0.9996736835818179,0.9996739888074632,0.999674049715368,0.9996740312340476,0.9996740348355303,0.999674113071311,0.9996741999815357,0.9996743944668602,0.9996745378454128,0.9996741643704795,0.9996741765598256,0.9996741348273037,0.9996740852302545,0.9996742685454022,0.9996736243465872,0.9996721228458216,0.9996717596475283,0.9996734260139452,0.9996730681758483,0.9996718950253868,0.9996735321937792,0.9996742138998101,0.9996696239276852
30.4,0.999720134795568,0.9997199345286555,0.9997197925779587,0.9997201510769019,0.9997200534197449,0.9997200318440793,0.9997201253888874,0.999720124134958,0.9997200579699743,0.999720018014565,0.9997199441815644,0.9997206977011249,0.999720593349508,0.999720415739319,0.9997205571123624,0.9997199653059493,0.9997198979454923,0.9997198077584584,0.9997196729468218,0.9997198151224903,0.9997195895330466,0.9997195443369531,0.99971956444279,0.9997195510786211,0.9997195040862279,0.9997193705882308,0.999719145675381,0.9997190133165266,0.9997194780071978,0.9997194703988785,0.9997195154925034,0.9997195151056901,0.9997193855526744,0.9997198905456388,0.9997212086043102,0.9997215433930895,0.9997201060422857,0.9997204046907241,0.9997214240194422,0.9997200326556565,0.9997194858117315,0.9997277096493812,0.999727938540819,0.9997280647159006,0.9997276759173601,0.9997277808978351,0.9997277820226753,0.9997276939676508,0.9997276608577974,0.9997277329664712,0.9997277834605446,0.9997278267274123,0.9997273170177,0.9997272404414929,0.9997273793668884,0.9997274443525422,0.9997278396827995,0.9997279378873388,0.9997279746553182,0.9997281628606922,0.999727974263887,0.9997282233468083,0.9997282730511811,0.9997282579673671,0.9997282609063324,0.9997283247475549,0.9997283956594422,0.9997285543697412,0.9997286713644864,0.9997283666087217,0.9997283765553296,0.9997283425006168,0.9997283020252823,0.9997284516167582,0.9997279259267055,0.9997267005183039,0.9997264041300434,0.9997277640793618,0.9997274720516355,0.9997265148147852,0.9997278506938966,0.9997284070259362,0.9997246610845333
30.8,0.9997668376774341,0.9997666742402833,0.9997665584216767,0.999766850969985,0.9997667712628986,0.9997667536453144,0.9997668299934179,0.9997668289654935,0.9997667749643568,0.9997667423513649,0.9997666820952916,0.999767297076675,0.9997672119041924,0.9997670669457555,0.9997671823085915,0.9997666993323587,0.9997666443532962,0.999766570747783,0.9997664607182364,0.9997665767570642,0.9997663926415772,0.9997663557540389,0.9997663721624509,0.9997663612552496,0.9997663228991497,0.9997662139404994,0.9997660303573918,0.9997659223120795,0.9997663016124803,0.9997662954027908,0.999766332208086,0.9997663318899598,0.9997662261524407,0.9997666383144266,0.9997677140026865,0.9997679872454021,0.9997668141973333,0.9997670579371375,0.999767889933331,0.9997667542818832,0.9997663079651298,0.9997730196176067,0.999773206428611,0.9997733094484504,0.9997729920942507,0.9997730777625123,0.9997730786689435,0.9997730068112465,0.9997729797843671,0.9997730386289539,0.9997730798314719,0.999773115143324,0.9997726991849931,0.9997726366819768,0.9997727500511093,0.9997728030715662,0.9997731257112564,0.9997732058499769,0.9997732358552336,0.9997733894396855,0.9997732355355544,0.9997734388014842,0.9997734793629364,0.9997734670523165,0.9997734694506333,0.9997735215458885,0.9997735794053707,0.9997737089208326,0.9997738043874196,0.9997735557054946,0.9997735638220349,0.9997735360325735,0.9997735030016121,0.9997736250732847,0.9997731960913726,0.9997721960229607,0.9997719541557565,0.9997730640177264,0.9997728256994437,0.9997720446294565,0.9997731346754586,0.9997735886870682,0.9997705316125693
31.2,0.99980574705693,0.9998056136777174,0.99980551917844,0.999805757908663,0.9998056928539408,0.9998056784695103,0.9998057407809386,0.9998057399387995,0.9998056958661681,0.9998056692471642,0.9998056200720081,0.9998061219772814,0.9998060524608336,0.9998059341538553,0.9998060282921596,0.9998056341372306,0.9998055892648875,0.9998055291932965,0.999805439392185,0.9998055340970607,0.9998053838334895,0.9998053537277485,0.9998053671185465,0.9998053582167715,0.9998053269107131,0.9998052379827205,0.9998050881396142,0.9998049999454843,0.9998053095363143,0.9998053044682559,0.9998053345078549,0.999805334246507,0.9998052479483998,0.9998055843367374,0.9998064622114813,0.9998066852177414,0.9998057278847008,0.9998059268078302,0.9998066058796929,0.9998056789707715,0.9998053147090442,0.9998107921578209,0.9998109446216816,0.9998110287295655,0.9998107697000557,0.9998108396086866,0.9998108403401973,0.9998107817006054,0.9998107596399826,0.9998108076601911,0.9998108412811562,0.9998108701001063,0.9998105306513307,0.9998104796366253,0.9998105721505898,0.9998106154099252,0.9998108787209744,0.9998109441172117,0.9998109686034631,0.999811093935312,0.9998109683424102,0.9998111342183875,0.9998111673186074,0.9998111572715069,0.9998111592286294,0.9998112017391518,0.9998112489494428,0.9998113546401624,0.999811432540475,0.9998112296141658,0.9998112362373726,0.9998112135604789,0.9998111866048851,0.9998112862194435,0.9998109361550629,0.9998101199989917,0.9998099226239999,0.9998108283780037,0.9998106338925113,0.9998099965615754,0.9998108860209843,0.9998112565281128,0.9998087616680313
31.6,0.9998381632950478,0.9998380544466526,0.9998379773408851,0.9998381721536695,0.9998381190589435,0.9998381073151583,0.9998381581696634,0.9998381574800939,0.999838121511143,0.999838099785078,0.9998380596535061,0.9998384692677874,0.9998384125308725,0.9998383159769741,0.9998383927958586,0.9998380711306397,0.9998380345078948,0.99983798548244,0.9998379121922262,0.9998379894840703,0.9998378668502712,0.9998378422799272,0.9998378532079765,0.9998378459430194,0.999837820391818,0.9998377478135506,0.9998376255129702,0.99983755352548,0.9998378062110509,0.9998378020748144,0.9998378265918703,0.9998378263773681,0.9998377559461171,0.9998380304862021,0.9998387469166444,0.9998389289192952,0.9998381476415685,0.999838309986175,0.999838864227985,0.999838107711315,0.9998378104243243,0.9998422805744585,0.9998424050042093,0.9998424736676379,0.999842262249743,0.9998423192978653,0.9998423198889893,0.9998422720361752,0.9998422540298442,0.9998422932167054,0.9998423206513587,0.9998423441709404,0.9998420671601419,0.9998420255231909,0.9998421010183919,0.9998421363143923,0.9998423512037815,0.9998424045695679,0.9998424245518547,0.9998425268281409,0.9998424243386957,0.9998425597020479,0.9998425867134517,0.9998425785138099,0.9998425801108988,0.9998426148002407,0.999842653321884,0.9998427395703148,0.9998428031370097,0.9998426375469285,0.999842642951573,0.9998426244466334,0.9998426024490925,0.9998426837379161,0.9998423980730438,0.9998417320146952,0.9998415709476459,0.9998423101229462,0.9998421514092868,0.999841631360347,0.9998423571501197,0.9998426595095607,0.9998406234881561
32,0.9998651698638494,0.9998650810352062,0.9998650181204558,0.9998651770950898,0.9998651337623661,0.9998651241750536,0.9998651656785422,0.9998651651141574,0.9998651357592724,0.9998651180271718,0.9998650852763021,0.999865419565979,0.9998653732601971,0.9998652944607843,0.9998653571468207,0.9998650946416415,0.9998650647523832,0.9998650247423593,0.9998649649282864,0.999865028007823,0.9998649279247085,0.9998649078722982,0.9998649167904674,0.9998649108614369,0.9998648900076537,0.9998648307741622,0.9998647309559572,0.9998646721988573,0.9998648784337644,0.9998648750580765,0.9998648950674867,0.9998648948915742,0.9998648374107861,0.999865061470439,0.9998656461415285,0.9998657946775468,0.999865157084184,0.999865289574814,0.9998657419237237,0.9998651244892003,0.9998648818664609,0.9998685299236908,0.999868631472659,0.9998686875246399,0.9998685149712201,0.9998685615246673,0.9998685620029062,0.9998685229527081,0.9998685082559917,0.9998685402343486,0.9998685626211203,0.9998685818155754,0.9998683557587552,0.9998683217764252,0.9998683833835879,0.9998684121827206,0.9998685875531349,0.9998686311016216,0.9998686474083353,0.9998687308701901,0.999868647234297,0.9998687576975318,0.9998687797401233,0.9998687730483168,0.9998687743516037,0.9998688026588114,0.9998688340912685,0.9998689044738129,0.9998689563445636,0.9998688212206993,0.999868825630992,0.9998688105304494,0.9998687925790872,0.9998688589135376,0.9998686258008491,0.9998680822406545,0.9998679508026566,0.9998685540302853,0.9998684245095837,0.9998680001565976,0.9998685923979338,0.9998688391429401,0.999867177586271
32.4,0.9998876694927697,0.9998875970021781,0.9998875456658912,0.9998876753953495,0.9998876400303377,0.9998876322039263,0.9998876660754089,0.9998876656136634,0.9998876416569212,0.999887627184853,0.9998876004574744,0.9998878732712082,0.9998878354794287,0.9998877711705665,0.9998878223240009,0.9998876080996418,0.9998875837062243,0.9998875510540958,0.9998875022389144,0.9998875537188261,0.9998874720405647,0.9998874556755519,0.9998874629534537,0.9998874581147457,0.999887441095106,0.9998873927534201,0.9998873112863681,0.999887263329407,0.9998874316490597,0.9998874288941114,0.9998874452243772,0.9998874450802107,0.9998873981692615,0.9998875810279718,0.999888058168113,0.9998881793897848,0.9998876590599313,0.9998877671853986,0.9998881363668388,0.9998876324538112,0.9998874344464347,0.9998904115751853,0.999890494449833,0.9998905402046023,0.9998903993742476,0.9998904373636478,0.9998904377509605,0.9998904058841599,0.9998903938890354,0.9998904199848757,0.9998904382526633,0.9998904539172003,0.9998902694422777,0.9998902417078364,0.9998902919817909,0.9998903154803196,0.9998904585981959,0.9998904941354095,0.999890507442602,0.9998905755510364,0.9998905073005142,0.9998905974438734,0.9998906154316556,0.9998906099704675,0.9998906110340008,0.9998906341333279,0.9998906597815174,0.9998907172167483,0.9998907595437733,0.9998906492803432,0.9998906528792376,0.999890640556754,0.9998906259073777,0.9998906800385986,0.9998904898102329,0.999890046222069,0.9998899389627618,0.9998904312427481,0.9998903255458355,0.9998899792766721,0.9998904625463063,0.9998906639055192,0.9998893079506658
32.8,0.9999064143005655,0.9999063551432726,0.9999063132540771,0.9999064191184435,0.9999063902564818,0.9999063838678391,0.9999064115104516,0.9999064111328069,0.9999063915817296,0.9999063797705418,0.9999063579589544,0.9999065806001852,0.9999065497574315,0.9999064972749749,0.9999065390176155,0.9999063641950425,0.9999063442871897,0.9999063176400635,0.9999062778017025,0.9999063198145778,0.9999062531572408,0.9999062398017031,0.9999062457409928,0.9999062417921399,0.9999062279019232,0.9999061884497523,0.9999061219612503,0.999906082820183,0.9999062201926533,0.999906217944325,0.9999062312717504,0.9999062311536699,0.9999061928693634,0.9999063421015918,0.9999067314851126,0.9999068304142104,0.9999064057840222,0.999906494024336,0.9999067953244927,0.9999063840671687,0.9999062224727401,0.9999086520494201,0.9999087196831841,0.9999087570309365,0.9999086420935887,0.9999086730944128,0.9999086734083754,0.9999086474035861,0.9999086376136456,0.9999086589090598,0.9999086738158016,0.9999086865994733,0.9999085360580067,0.9999085134230916,0.9999085544486963,0.9999085736225078,0.999908690418583,0.9999087194183122,0.9999087302777028,0.9999087858570832,0.9999087301617067,0.9999088037229833,0.9999088184018405,0.9999088139450025,0.9999088148128877,0.9999088336625211,0.9999088545910858,0.9999089014607244,0.9999089360001491,0.9999088460229328,0.9999088489597177,0.9999088389041917,0.9999088269494653,0.9999088711224735,0.9999087158891269,0.9999083538881776,0.999908266359779,0.9999086680958211,0.9999085818408752,0.999908299285501,0.9999086936365325,0.9999088579576104,0.9999077514025313
33.2,0.9999220309104921,0.999921982634266,0.9999219484532869,0.9999220348428831,0.9999220112884344,0.9999220060736378,0.9999220286326431,0.9999220283238714,0.9999220123683918,0.9999220027289882,0.9999219849291529,0.9999221666236022,0.9999221414524238,0.9999220986218734,0.999922132685127,0.9999219900178936,0.9999219737709644,0.9999219520246307,0.9999219195126237,0.9999219537991139,0.9999218994007457,0.9999218885013512,0.9999218933482173,0.9999218901255984,0.9999218787895464,0.9999218465925425,0.9999217923294544,0.999921760384311,0.9999218724978179,0.9999218706629627,0.9999218815395882,0.9999218814429223,0.9999218501991733,0.9999219719874035,0.9999222897530197,0.9999223704883899,0.9999220239585666,0.9999220959702364,0.9999223418671133,0.9999220062330473,0.999921874356587,0.999923857075311,0.9999239122705683,0.9999239427549682,0.999923848951393,0.9999238742492851,0.9999238745039956,0.9999238532828891,0.9999238452928763,0.999923862670913,0.9999238748350588,0.9999238852676096,0.9999237624178666,0.9999237439450773,0.9999237774236646,0.9999237930688976,0.9999238883836091,0.9999239120485182,0.9999239209103546,0.9999239662654995,0.9999239208156639,0.99992398084513,0.9999239928237473,0.9999239891865809,0.9999239898948099,0.9999240052766295,0.9999240223541996,0.999924060601853,0.999924088786619,0.9999240153631119,0.9999240177596065,0.9999240095539719,0.9999239997982546,0.9999240358450487,0.9999239091687977,0.9999236137505225,0.9999235423234236,0.9999238701676023,0.9999237997786343,0.9999235692121199,0.9999238910068361,0.9999240251022614,0.9999231220789248
33.6,0.9999350413818224,0.9999350019853813,0.9999349740939184,0.9999350445913886,0.9999350253686249,0.9999350211121377,0.9999350395222905,0.9999350392698952,0.9999350262488506,0.9999350183819927,0.9999350038560986,0.9999351521334889,0.9999351315911766,0.9999350966377386,0.9999351244344463,0.9999350080086076,0.9999349947495098,0.9999349770027535,0.9999349504699893,0.9999349784507986,0.9999349340571579,0.999934925162281,0.9999349291176413,0.9999349264877128,0.9999349172362664,0.9999348909604554,0.9999348466754386,0.999934820603733,0.9999349121014944,0.9999349106040858,0.9999349194805037,0.999934919401403,0.9999348939036502,0.9999349932940351,0.99993525261303,0.9999353185001101,0.9999350357072867,0.9999350944746219,0.9999352951534958,0.9999350212399171,0.9999349136170169,0.999936531657988,0.9999365767019798,0.9999366015835598,0.9999365250288539,0.9999365456729458,0.9999365458797344,0.9999365285623369,0.9999365220414281,0.9999365362227025,0.9999365461488887,0.9999365546626751,0.999936454410953,0.9999364393351288,0.9999364666550539,0.9999364794212278,0.9999365572050677,0.9999365765165726,0.9999365837482901,0.999936620760034,0.9999365836709948,0.999936632657847,0.999936642432944,0.9999366394647201,0.9999366400426637,0.9999366525946852,0.9999366665299813,0.9999366977417257,0.999936720741077,0.9999366608255873,0.9999366627811962,0.9999366560851202,0.9999366481239295,0.9999366775394714,0.999936574166773,0.9999363330856219,0.9999362747978925,0.9999365423402521,0.9999364848989455,0.9999362967544435,0.9999365593437723,0.9999366687731155,0.9999359318479747
34,0.9999458806531479,0.9999458485032524,0.9999458257437965,0.9999458832726953,0.9999458675851458,0.9999458641109646,0.9999458791351844,0.9999458789289174,0.9999458683026907,0.9999458618825025,0.9999458500284123,0.9999459710341164,0.9999459542695955,0.9999459257447447,0.9999459484278002,0.9999458534169534,0.9999458425963101,0.9999458281136072,0.9999458064606042,0.9999458292952682,0.9999457930665403,0.999945785807577,0.9999457890354009,0.9999457868891702,0.9999457793390625,0.9999457578956706,0.9999457217543284,0.9999457004764881,0.9999457751485453,0.9999457739265324,0.9999457811705184,0.999945781105815,0.9999457602974665,0.9999458414085718,0.9999460530302525,0.9999461067994836,0.9999458760214388,0.999945923980073,0.9999460877544645,0.9999458642136029,0.99994577638436,0.9999470968167493,0.9999471335762289,0.9999471538842285,0.9999470914073254,0.9999471082537446,0.9999471084217335,0.9999470942899423,0.9999470889680886,0.9999471005406583,0.9999471086406575,0.9999471155885443,0.9999470337780441,0.9999470214746381,0.9999470437688525,0.9999470541858854,0.9999471176629641,0.9999471334219334,0.9999471393233835,0.9999471695265676,0.9999471392602904,0.9999471792358468,0.9999471872127708,0.9999471847904721,0.9999471852620979,0.9999471955049455,0.9999472068762276,0.9999472323463726,0.9999472511143905,0.9999472022216462,0.9999472038174839,0.9999471983532489,0.9999471918564968,0.9999472158607172,0.9999471315045201,0.99994693476677,0.9999468872013419,0.9999471055327936,0.9999470586575719,0.9999469051289996,0.9999471194068444,0.9999472087071507,0.9999466073305778
34.4,0.9999549110777739,0.999954884841556,0.9999548662696798,0.999954913215725,0.9999549004133276,0.9999548975777437,0.9999549098386902,0.9999549096701527,0.9999549009983375,0.9999548957588332,0.9999548860851402,0.9999549848346045,0.9999549711532351,0.9999549478747605,0.9999549663849406,0.9999548888502774,0.9999548800196996,0.9999548682007656,0.999954850530171,0.9999548691650479,0.9999548395996841,0.9999548336757971,0.999954836309899,0.9999548345584131,0.99995482839682,0.9999548108972248,0.9999547814022803,0.9999547640370695,0.9999548249769468,0.9999548239796862,0.9999548298914119,0.9999548298385024,0.9999548128572111,0.9999548790504478,0.9999550517473914,0.999955095627225,0.9999549072973557,0.9999549464350875,0.9999550800905267,0.9999548976603408,0.9999548259847844,0.9999559035445192,0.9999559335430241,0.9999559501177649,0.9999558991303614,0.9999559128777378,0.9999559130142829,0.9999559014820909,0.9999558971388622,0.9999559065826108,0.9999559131924229,0.9999559188623939,0.9999558521009095,0.9999558420601643,0.9999558602531993,0.9999558687534423,0.9999559205550096,0.9999559334149782,0.9999559382308593,0.9999559628779771,0.9999559381793607,0.999955970801279,0.9999559773108132,0.9999559753340407,0.9999559757189072,0.999955984077415,0.9999559933565062,0.9999560141412642,0.9999560294564668,0.9999559895584854,0.9999559908607416,0.9999559864017246,0.9999559811000373,0.999956000688434,0.999955931850375,0.9999557713001412,0.9999557324845818,0.999955910656376,0.9999558724036998,0.9999557471215956,0.9999559219770994,0.9999559948509263,0.9999555040915598
34.8,0.9999624345352989,0.9999624131250291,0.9999623979701456,0.9999624362801649,0.9999624258323644,0.999962423518047,0.999962433523896,0.9999624333862096,0.9999624263093759,0.99996242203346,0.9999624141391293,0.9999624947255664,0.999962483560403,0.9999624645634626,0.999962479668457,0.9999624163955606,0.9999624091890912,0.9999623995440226,0.9999623851234682,0.9999624003309164,0.9999623762034611,0.9999623713691252,0.9999623735187093,0.999962372089371,0.9999623670609719,0.9999623527799231,0.9999623287093006,0.9999623145374106,0.9999623642700418,0.9999623634562013,0.9999623682806562,0.9999623682374027,0.9999623543793702,0.9999624083981358,0.9999625493296188,0.9999625851387736,0.9999624314497836,0.9999624633888956,0.9999625724636144,0.9999624235846267,0.9999623650920337,0.9999632444492056,0.9999632689301393,0.9999632824576551,0.9999632408471779,0.9999632520656169,0.9999632521766582,0.9999632427658566,0.9999632392213309,0.9999632469278655,0.9999632523216635,0.9999632569487471,0.9999632024680405,0.9999631942739007,0.9999632091202083,0.9999632160564181,0.9999632583298528,0.9999632688241274,0.9999632727541276,0.9999632928672639,0.9999632727120938,0.9999632993331037,0.9999633046451823,0.9999633030319982,0.9999633033460656,0.9999633101669038,0.999963317738787,0.9999633347000715,0.9999633471977245,0.9999633146396629,0.9999633157023492,0.9999633120636212,0.9999633077371719,0.9999633237221005,0.9999632675474059,0.9999631365287365,0.9999631048534551,0.999963250252213,0.9999632190360223,0.9999631168030944,0.9999632594896343,0.9999633189585196,0.9999629184702195
35.2,0.9999687025296441,0.9999686850576597,0.999968672691018,0.9999687039536767,0.9999686954274677,0.999968693538629,0.9999687017041125,0.9999687015916461,0.9999686958164584,0.9999686923269441,0.9999686858846993,0.9999687516485932,0.999968742536925,0.9999687270340981,0.9999687393603502,0.9999686877260171,0.9999686818449851,0.9999686739739703,0.9999686622057541,0.9999686746161084,0.9999686549264565,0.9999686509812945,0.9999686527354794,0.9999686515690414,0.9999686474654551,0.9999686358110546,0.999968616167332,0.9999686046016524,0.9999686451878173,0.9999686445236644,0.999968648460794,0.9999686484254425,0.9999686371162829,0.9999686811995285,0.9999687962081116,0.999968825430872,0.9999687000113521,0.9999687260757925,0.9999688150898576,0.9999686935923768,0.9999686458582854,0.9999693634675465,0.9999693834456634,0.9999693944859919,0.9999693605282181,0.9999693696829417,0.9999693697732814,0.9999693620936336,0.9999693592009589,0.9999693654898459,0.9999693698913525,0.9999693736673551,0.9999693292084089,0.9999693225213081,0.9999693346365442,0.9999693402965395,0.9999693747942963,0.9999693833580694,0.9999693865651438,0.9999694029783539,0.9999693865308363,0.9999694082548191,0.9999694125897185,0.9999694112732528,0.9999694115295453,0.9999694170955989,0.9999694232744025,0.999969437115564,0.9999694473140389,0.9999694207455426,0.9999694216127331,0.9999694186433888,0.9999694151127873,0.9999694281571485,0.9999693823162539,0.9999692753973728,0.9999692495488862,0.9999693682026431,0.9999693427286234,0.9999692593040299,0.9999693757402263,0.9999694242699156,0.9999690974487528
35.6,0.9999739245743402,0.9999739103162341,0.9999739002247918,0.9999739257365177,0.9999739187785056,0.9999739172369485,0.9999739239005401,0.9999739238086852,0.9999739190957462,0.9999739162480198,0.9999739109907723,0.9999739646583379,0.9999739572225225,0.9999739445711767,0.999973954629886,0.9999739124933489,0.9999739076939964,0.9999739012707443,0.999973891667063,0.9999739017947561,0.9999738857267036,0.9999738825071818,0.9999738839386962,0.9999738829868058,0.99997387963796,0.9999738701271385,0.9999738540962474,0.9999738446575727,0.9999738777792232,0.9999738772372285,0.9999738804502173,0.9999738804213303,0.9999738711922697,0.9999739071672734,0.9999740010210454,0.9999740248687706,0.9999739225190346,0.9999739437892946,0.9999740164318059,0.9999739172803944,0.9999738783261362,0.9999744639380818,0.9999744802415422,0.9999744892518531,0.9999744615395191,0.9999744690101702,0.9999744690836956,0.9999744628167463,0.9999744604560621,0.9999744655880858,0.9999744691798615,0.9999744722613186,0.999974435980627,0.9999744305234248,0.9999744404099949,0.9999744450286203,0.9999744731808802,0.999974480169289,0.99997448278642,0.9999744961803357,0.9999744827584194,0.9999745004862062,0.9999745040236842,0.9999745029493635,0.9999745031585094,0.9999745077006215,0.999974512742668,0.9999745240376777,0.9999745323599739,0.9999745106791207,0.9999745113867807,0.9999745089636763,0.9999745060825278,0.9999745167272769,0.9999744793191536,0.9999743920672376,0.9999743709736724,0.9999744678018376,0.9999744470137347,0.9999743789369576,0.9999744739524435,0.999974513555164,0.9999742468508961
36,0.9999782752246652,0.9999782635892717,0.9999782553544027,0.9999782761731277,0.9999782704949007,0.9999782692367919,0.9999782746747212,0.9999782745997086,0.999978270753646,0.999978268429682,0.9999782641394674,0.9999783079355495,0.9999783018673831,0.9999782915430655,0.9999782997513829,0.9999782653656231,0.9999782614490149,0.9999782562072416,0.9999782483699958,0.999978256634858,0.9999782435223027,0.9999782408949606,0.9999782420631563,0.9999782412863528,0.9999782385534465,0.9999782307919646,0.9999782177095082,0.9999782100067219,0.9999782370365745,0.9999782365942707,0.9999782392162968,0.9999782391926962,0.9999782316611647,0.9999782610191843,0.9999783376092736,0.9999783570705565,0.9999782735472525,0.9999782909051134,0.9999783501868705,0.9999782692719514,0.9999782374827269,0.9999787153762238,0.9999787286808876,0.9999787360343557,0.9999787134189313,0.9999787195153117,0.9999787195751721,0.9999787144610482,0.9999787125345289,0.9999787167225002,0.9999787196535159,0.9999787221681743,0.9999786925613418,0.9999786881078544,0.9999786961757404,0.9999786999446169,0.9999787229185263,0.999978728621375,0.9999787307570831,0.9999787416871263,0.99997873073423,0.9999787452009392,0.9999787480876859,0.9999787472109732,0.9999787473816455,0.9999787510881886,0.9999787552026317,0.9999787644198729,0.999978771211161,0.999978753518766,0.9999787540962443,0.9999787521188908,0.999978749767729,0.9999787584543028,0.9999787279276495,0.9999786567251889,0.9999786395118515,0.9999787185290133,0.9999787015648638,0.999978646012148,0.9999787235479022,0.999978755865746,0.9999785382204344
36.4,0.9999818999027666,0.9999818904076572,0.9999818836877713,0.9999819006768078,0.9999818960429903,0.9999818950162246,0.9999818994539215,0.9999818993926687,0.9999818962540405,0.9999818943575149,0.9999818908564586,0.9999819265967238,0.9999819216446761,0.9999819132193842,0.9999819199177155,0.9999818918570473,0.9999818886608306,0.9999818843832259,0.9999818779875267,0.9999818847321799,0.9999818740315221,0.999981871887443,0.9999818728407552,0.9999818722068351,0.9999818699765896,0.9999818636427075,0.9999818529664509,0.9999818466803396,0.9999818687387109,0.9999818683777623,0.9999818705175142,0.9999818704982356,0.9999818643520181,0.9999818883100688,0.9999819508119212,0.9999819666935462,0.9999818985337858,0.9999819126988569,0.9999819610770415,0.9999818950447072,0.9999818691026845,0.9999822590911192,0.9999822699485493,0.9999822759497763,0.9999822574939097,0.9999822624688288,0.9999822625175782,0.9999822583442118,0.9999822567720166,0.9999822601895985,0.999982262581416,0.999982264633528,0.9999822404728924,0.9999822368385262,0.999982243422289,0.9999822464977713,0.9999822652458127,0.9999822698995919,0.9999822716424351,0.9999822805618523,0.9999822716237838,0.9999822834293044,0.9999822857850251,0.9999822850695743,0.9999822852088506,0.9999822882335409,0.9999822915910472,0.9999822991127394,0.9999823046546826,0.9999822902169941,0.9999822906882398,0.9999822890746355,0.9999822871559698,0.9999822942445953,0.9999822693334969,0.9999822112283524,0.9999821971814556,0.9999822616637898,0.9999822478201842,0.99998220248735,0.9999822657592308,0.9999822921322367,0.9999821145218725
36.8,0.9999849197601041,0.9999849120115866,0.9999849065279505,0.9999849203917947,0.9999849166102963,0.9999849157723429,0.9999849193937788,0.9999849193437658,0.9999849167824537,0.999984915234755,0.9999849123776988,0.9999849415438786,0.9999849375026744,0.9999849306271206,0.9999849360932467,0.9999849131942182,0.9999849105858967,0.9999849070951177,0.9999849018758257,0.9999849073798797,0.9999848986474962,0.9999848968977947,0.9999848976757493,0.9999848971584321,0.9999848953383994,0.9999848901695461,0.9999848814569605,0.9999848763270001,0.9999848943282034,0.9999848940336467,0.999984895779825,0.9999848957640789,0.9999848907483789,0.9999849102996586,0.9999849613046592,0.999984974265033,0.9999849186428561,0.9999849302023969,0.999984969682346,0.9999849157954377,0.9999848946251476,0.9999852128776615,0.9999852217379808,0.9999852266355871,0.9999852115742865,0.9999852156340463,0.9999852156737572,0.999985212268092,0.9999852109850599,0.9999852137739689,0.9999852157257846,0.9999852174004284,0.9999851976841564,0.999985194718262,0.9999852000909163,0.9999852026005858,0.9999852179000548,0.9999852216977495,0.9999852231199956,0.9999852303986539,0.9999852231047738,0.9999852327386416,0.9999852346610212,0.9999852340771709,0.9999852341908267,0.9999852366591007,0.9999852393989331,0.9999852455369831,0.9999852500594233,0.999985238277684,0.99998523866224,0.9999852373454691,0.9999852357797417,0.9999852415643766,0.9999852212358015,0.9999851738188316,0.9999851623558945,0.9999852149769731,0.999985203679891,0.9999851666867183,0.9999852183188984,0.9999852398406102,0.9999850949010305
37.2,0.9999874357283749,0.9999874294051732,0.9999874249303414,0.9999874362438904,0.9999874331579478,0.9999874324740924,0.999987435429403,0.9999874353885704,0.9999874332983868,0.9999874320353596,0.9999874297038451,0.9999874535051464,0.9999874502072604,0.9999874445963975,0.9999874490569962,0.999987430370158,0.9999874282416022,0.9999874253929236,0.9999874211336621,0.9999874256253025,0.9999874184991608,0.9999874170712986,0.9999874177061516,0.9999874172839901,0.9999874157987234,0.999987411580617,0.9999874044705503,0.9999874002841184,0.999987414974335,0.9999874147339587,0.9999874161589514,0.9999874161460922,0.9999874120529735,0.9999874280080187,0.9999874696309103,0.9999874802073467,0.9999874348165799,0.9999874442498395,0.9999874764681171,0.9999874324928332,0.9999874152166028,0.9999876749283203,0.9999876821588646,0.9999876861557734,0.9999876738647209,0.9999876771776715,0.9999876772100267,0.999987674430841,0.9999876733837926,0.9999876756596757,0.9999876772524358,0.9999876786190417,0.9999876625295879,0.99998766010922,0.9999876644935564,0.9999876665415167,0.9999876790267413,0.9999876821258346,0.9999876832864577,0.9999876892261841,0.9999876832740348,0.9999876911357335,0.9999876927044868,0.9999876922280309,0.9999876923207796,0.9999876943349969,0.9999876965707941,0.9999877015797304,0.9999877052702231,0.9999876956558321,0.9999876959696462,0.9999876948951029,0.9999876936173911,0.9999876983379152,0.9999876817488718,0.9999876430540628,0.9999876336997561,0.9999876766413807,0.9999876674223911,0.999987637234603,0.9999876793684453,0.9999876969312528,0.9999875786528504
37.6,0.9999895318943356,0.9999895267342692,0.999989523082646,0.9999895323150395,0.9999895297967194,0.999989529238628,0.9999895316503367,0.9999895316170011,0.9999895299112891,0.9999895288805761,0.9999895269779338,0.999989546401158,0.9999895437098743,0.9999895391310816,0.9999895427711294,0.9999895275216729,0.99998952578464,0.9999895234599553,0.9999895199841433,0.9999895236495872,0.9999895178342421,0.9999895166690218,0.9999895171870959,0.9999895168425875,0.9999895156305149,0.9999895121882837,0.9999895063859987,0.9999895029695699,0.9999895149577599,0.9999895147615984,0.999989515924481,0.9999895159139804,0.9999895125737503,0.9999895255940247,0.9999895595605739,0.9999895681915629,0.999989531150219,0.9999895388482999,0.9999895651405012,0.9999895292538465,0.9999895151554251,0.9999897270944336,0.9999897329949772,0.9999897362568092,0.9999897262264973,0.999989728930019,0.9999897289563864,0.9999897266884371,0.9999897258339719,0.999989727691202,0.9999897289909601,0.999989730106188,0.9999897169763958,0.9999897150012189,0.9999897185790438,0.9999897202502425,0.9999897304388767,0.9999897329678807,0.9999897339150068,0.9999897387621045,0.9999897339048683,0.9999897403203942,0.9999897416005721,0.9999897412117569,0.999989741287444,0.999989742931134,0.9999897447556254,0.9999897488431543,0.999989751854749,0.9999897440089947,0.9999897442650806,0.9999897433882049,0.9999897423455281,0.9999897461976927,0.9999897326602674,0.9999897010832314,0.999989693449665,0.9999897284923173,0.9999897209691567,0.9999896963347618,0.9999897307176577,0.9999897450497979,0.9999896485283769
38,0.9999912783113379,0.9999912741004527,0.9999912711205901,0.9999912786546656,0.9999912765995643,0.9999912761441118,0.9999912781122061,0.9999912780849929,0.9999912766930337,0.9999912758519062,0.9999912742992478,0.9999912901496941,0.9999912879534406,0.9999912842168822,0.9999912871873267,0.9999912747429622,0.9999912733254386,0.999991271428365,0.9999912685918985,0.9999912715831134,0.9999912668374599,0.9999912658865723,0.9999912663093483,0.9999912660282096,0.9999912650390828,0.9999912622300176,0.9999912574949805,0.9999912547069389,0.9999912644900721,0.9999912643299929,0.9999912652789755,0.9999912652704016,0.9999912625445777,0.9999912731698873,0.9999913008884268,0.9999913079318086,0.9999912777040686,0.9999912839861375,0.9999913054422296,0.9999912761564775,0.9999912646513507,0.9999914376050913,0.9999914424202717,0.9999914450822001,0.9999914368968221,0.999991439103023,0.9999914391245143,0.9999914372737577,0.9999914365764559,0.9999914380920456,0.9999914391527035,0.9999914400627919,0.9999914293482289,0.9999914277363603,0.9999914306560354,0.9999914320197891,0.9999914403342721,0.9999914423980583,0.9999914431709602,0.9999914471264232,0.9999914431626863,0.999991448398067,0.999991449442754,0.9999914491254589,0.999991449187223,0.9999914505285474,0.999991452017402,0.9999914553530204,0.9999914578106097,0.9999914514081307,0.9999914516171081,0.9999914509015377,0.9999914500506611,0.9999914531942067,0.9999914421470354,0.9999914163784955,0.9999914101491343,0.9999914387457923,0.9999914326065139,0.9999914125038641,0.9999914405617242,0.9999914522574759,0.999991373490929
38.40000000000001,0.9999927333415878,0.9999927299052853,0.9999927274735997,0.9999927336217693,0.9999927319446851,0.9999927315729972,0.9999927331790747,0.9999927331568602,0.9999927320209426,0.9999927313345305,0.9999927300674782,0.999992743002325,0.9999927412100497,0.9999927381608062,0.9999927405848257,0.9999927304295687,0.9999927292727857,0.9999927277246681,0.999992725409948,0.9999927278509501,0.9999927239782298,0.9999927232022513,0.9999927235472588,0.9999927233178337,0.9999927225106462,0.9999927202182849,0.9999927163541988,0.9999927140789711,0.9999927220626194,0.9999927219319853,0.9999927227064116,0.9999927226994114,0.9999927204749818,0.9999927291458484,0.9999927517656627,0.9999927575134597,0.9999927328460022,0.9999927379725208,0.9999927554820099,0.9999927315830505,0.9999927221942123,0.9999928633337777,0.9999928672632358,0.9999928694355811,0.9999928627558018,0.9999928645561662,0.9999928645736859,0.9999928630633783,0.9999928624943342,0.9999928637311293,0.9999928645966721,0.9999928653393546,0.9999928565957374,0.9999928552803536,0.9999928576629483,0.9999928587758199,0.9999928655608887,0.999992867245036,0.9999928678757626,0.9999928711036105,0.9999928678690101,0.9999928721413366,0.9999928729938519,0.9999928727349213,0.9999928727853239,0.9999928738799057,0.99999287509487,0.9999928778168948,0.9999928798223947,0.999992874597686,0.9999928747682212,0.9999928741842826,0.9999928734899246,0.9999928760552057,0.9999928670401925,0.9999928460117025,0.999992840928239,0.9999928642646171,0.9999928592546559,0.9999928428500644,0.9999928657464672,0.9999928752907926,0.9999928110131742
38.8,0.9999939456074491,0.9999939428032473,0.9999939408188921,0.9999939458360977,0.9999939444674995,0.9999939441641722,0.9999939454748221,0.9999939454566887,0.9999939445297168,0.9999939439695629,0.9999939429355809,0.9999939534911281,0.9999939520285254,0.9999939495401722,0.9999939515182853,0.9999939432310629,0.999993942287061,0.9999939410237116,0.9999939391347689,0.9999939411267639,0.9999939379664088,0.9999939373331667,0.999993937614711,0.9999939374274872,0.9999939367687741,0.9999939348980758,0.9999939317447459,0.9999939298880131,0.9999939364031571,0.9999939362965524,0.9999939369285293,0.9999939369228142,0.9999939351075534,0.9999939421834738,0.9999939606424472,0.9999939653329698,0.9999939452030099,0.9999939493865316,0.999993963675327,0.9999939441723493,0.9999939365105307,0.9999940516879612,0.9999940548946173,0.9999940566674159,0.999994051216309,0.9999940526854926,0.9999940526997763,0.9999940514672914,0.9999940510029149,0.9999940520122004,0.999994052718522,0.9999940533245915,0.9999940461893631,0.9999940451159308,0.9999940470602433,0.999994047968388,0.9999940535053691,0.9999940548797138,0.9999940553944182,0.9999940580284983,0.9999940553889076,0.9999940588753354,0.9999940595710297,0.9999940593597282,0.9999940594008592,0.9999940602940883,0.999994061285549,0.9999940635068528,0.9999940651434299,0.9999940608798306,0.999994061018995,0.9999940605424738,0.9999940599758428,0.999994062069234,0.9999940547125539,0.9999940375522004,0.9999940334038444,0.9999940524475514,0.9999940483591702,0.9999940349723275,0.9999940536567862,0.9999940614454391,0.9999940089915559
39.2,0.9999949556170458,0.9999949533286712,0.9999949517093535,0.9999949558036388,0.9999949546867845,0.999994954439246,0.9999949555088092,0.9999949554940081,0.9999949547375477,0.9999949542804288,0.999994953436645,0.9999949620505471,0.9999949608569784,0.9999949588263446,0.9999949604405785,0.9999949536777718,0.9999949529074121,0.9999949518764505,0.9999949503349673,0.999994951960546,0.9999949493815224,0.9999949488647616,0.9999949490945166,0.9999949489417318,0.9999949484041833,0.9999949468775876,0.9999949443042822,0.9999949427890714,0.9999949481058182,0.9999949480188227,0.9999949485345521,0.9999949485298865,0.9999949470485319,0.9999949528228802,0.9999949678863801,0.999994971714105,0.9999949552869909,0.9999949587009733,0.9999949703614724,0.9999949544458999,0.9999949481934313,0.9999950421843343,0.9999950448011419,0.9999950462478744,0.999995041799446,0.9999950429983706,0.9999950430100175,0.9999950420042493,0.9999950416252892,0.9999950424489158,0.9999950430253061,0.9999950435198915,0.9999950376971881,0.9999950368212042,0.9999950384078575,0.9999950391489392,0.9999950436674114,0.999995044788943,0.9999950452089675,0.9999950473585053,0.9999950452044704,0.9999950480495675,0.9999950486172882,0.9999950484448547,0.9999950484784195,0.9999950492073362,0.99999505001641,0.999995051829102,0.9999950531646229,0.9999950496853295,0.9999950497988941,0.9999950494100303,0.9999950489476308,0.9999950506559384,0.9999950446525339,0.9999950306487871,0.9999950272635237,0.9999950428041827,0.9999950394678569,0.9999950285436116,0.9999950437909583,0.9999950501468936,0.999995007341802
39.6,0.9999957971185253,0.9999957952510932,0.9999957939296595,0.9999957972707979,0.9999957963593816,0.9999957961573723,0.9999957970301947,0.9999957970181137,0.9999957964008008,0.999995796027765,0.9999957953391931,0.9999958023686029,0.9999958013945826,0.9999957997374743,0.9999958010547662,0.9999957955359637,0.9999957949073068,0.9999957940659864,0.9999957928080507,0.9999957941346125,0.9999957920299887,0.9999957916082834,0.9999957917957755,0.9999957916710946,0.9999957912324242,0.9999957899866367,0.9999957878866689,0.9999957866501639,0.9999957909889408,0.9999957909179478,0.999995791338812,0.9999957913350034,0.9999957901261359,0.9999957948383246,0.9999958071309346,0.999995810254567,0.9999957968491756,0.9999957996351702,0.999995809150813,0.9999957961627886,0.9999957910604312,0.9999958677619764,0.9999958698974337,0.9999958710780685,0.9999958674478907,0.9999958684262714,0.999995868435769,0.9999958676150125,0.9999958673057581,0.999995867977878,0.999995868448239,0.9999958688518474,0.9999958641002293,0.9999958633853756,0.9999958646801623,0.999995865284915,0.9999958689722284,0.9999958698874526,0.9999958702302136,0.9999958719843417,0.9999958702265437,0.9999958725482837,0.9999958730115718,0.9999958728708567,0.9999958728982472,0.9999958734930777,0.999995874153317,0.9999958756325624,0.9999958767224087,0.9999958738831431,0.9999958739758172,0.9999958736584856,0.9999958732811443,0.9999958746752059,0.9999958697761373,0.9999958583483491,0.9999958555858064,0.999995868267793,0.9999958655451823,0.999995856630513,0.9999958690730366,0.999995874259802,0.9999958393286306
40,0.99999649822828,0.9999964967043585,0.9999964956260101,0.9999964983525442,0.9999964976087778,0.999996497443924,0.9999964981561948,0.9999964981463342,0.9999964976425733,0.9999964973381548,0.999996496776244,0.9999965025126196,0.9999965017177642,0.9999965003654741,0.9999965014404475,0.999996496936818,0.999996496423799,0.9999964957372361,0.9999964947106919,0.9999964957932385,0.9999964940757519,0.9999964937316174,0.9999964938846205,0.9999964937828743,0.9999964934248943,0.9999964924082628,0.9999964906945681,0.9999964896855058,0.9999964932261978,0.9999964931682634,0.9999964935117123,0.9999964935086034,0.9999964925221013,0.999996496367506,0.9999965063989212,0.9999965089479743,0.999996498008471,0.9999965002819923,0.9999965080472998,0.9999964974483341,0.9999964932845332,0.9999965558770306,0.9999965576196792,0.9999965585831569,0.9999965556207229,0.9999965564191292,0.9999965564268751,0.999996555757097,0.999996555504727,0.9999965560532101,0.9999965564370468,0.9999965567664129,0.9999965528888534,0.9999965523054919,0.9999965533621016,0.9999965538556052,0.9999965568646477,0.9999965576115154,0.9999965578912257,0.9999965593226805,0.9999965578882307,0.9999965597828858,0.9999965601609518,0.9999965600461208,0.9999965600684729,0.999996560553883,0.9999965610926674,0.9999965622998045,0.9999965631891699,0.999996560872195,0.9999965609478214,0.9999965606888636,0.9999965603809341,0.9999965615185561,0.9999965575206772,0.9999965481950077,0.9999965459406353,0.9999965562897948,0.9999965540680066,0.9999965467932334,0.9999965569469035,0.9999965611795671,0.999996532673926
