time,node_0,node_1,node_2,node_3,node_4,node_5,node_6,node_7,node_8,node_9,node_10,node_11,node_12,node_13,node_14,node_15,node_16,node_17,node_18,node_19,node_20,node_21,node_22,node_23,node_24,node_25,node_26,node_27,node_28,node_29,node_30,node_31,node_32,node_33,node_34,node_35,node_36,node_37,node_38,node_39,node_40,node_41,node_42,node_43,node_44,node_45,node_46,node_47,node_48,node_49,node_50,node_51,node_52,node_53,node_54,node_55,node_56,node_57,node_58,node_59,node_60,node_61,node_62,node_63,node_64,node_65,node_66,node_67,node_68,node_69,node_70,node_71,node_72,node_73,node_74,node_75,node_76,node_77,node_78,node_79,node_80,node_81,node_82
0,0,0,0,0,0,0,0,0,0,0,0,0,0,0,0,0,0,0,0,0,0,0,0,0,0,0,0.1,0,0,0,0,0,0,0,0,0,0,0,0,0,0,0,0,0,0,0,0,0,0,0,0,0,0,0,0,0,0,0,0,0,0,0,0,0,0,0,0,0.1,0,0,0,0,0,0,0,0,0,0,0,0,0,0,0
0.4,0.001472264640039435,0.00122553213698707,0.0007513548883899274,0.001382836771110801,0.001462341714489838,0.001606655196875904,0.001550764357560163,0.001612693366753012,0.001654041743827047,0.001754434219586012,0.001696978703982063,0.001449124089749883,0.001514778081771147,0.001653989975488239,0.001800404791343929,0.00178702628018421,0.001931676751922402,0.001947735752661389,0.002272621039426813,0.001952276653100507,0.001911974143253861,0.002090257201236633,0.002270858303559264,0.00223876617224345,0.003036828816036301,0.00366335874066216,0.04396318788201524,0.003703302835912474,0.003234226046960357,0.00323847958057903,0.00258566007806335,0.003434418567136447,0.002136587495990696,0.002237575236215521,0.001823753163354058,0.001613736328206519,0.001718103857990823,0.001569877918735662,0.001243525648186214,0.002599509548706672,0.002705001591635528,0.001649693003109088,0.001336438769024558,0.000892282426706261,0.001576181581705234,0.001613375056088784,0.001780660554249544,0.001722943806658134,0.001780025091402636,0.001848576463713724,0.001955485146854934,0.001865312650165602,0.001632471792915838,0.001675000591663026,0.001832500307153079,0.002006739355922686,0.001994434881616222,0.002192694629432806,0.002173140339725984,0.002570806657294737,0.002157159777537445,0.002194634947598546,0.00236645480190006,0.002579095775782073,0.002555455183453616,0.003402069013551955,0.003741356406086313,0.03060918337140106,0.004573884534969821,0.003555384843308103,0.003562100673859201,0.003192287754346543,0.003726495825081962,0.002584656965919996,0.002467374820037946,0.001958199253947201,0.001725567432946729,0.002033717127853283,0.001719855709100135,0.001314817932456106,0.002817537302132346,0.003137549713547123,0.001605092438855212
0.8,0.002955991177994125,0.002717032063659118,0.001966745605037454,0.002874907541043405,0.00296109271622384,0.003091167576365508,0.003035432342368932,0.003095231588113825,0.00313260070379239,0.003212903911253055,0.003179452690498795,0.00295149614904531,0.003017665387886667,0.003139390293289088,0.003269001542434986,0.003244594446503485,0.003351542313285061,0.003374685954797604,0.003594169581124977,0.003380499818392813,0.003402292277509028,0.00351749905615183,0.003619478085989627,0.003606932061964291,0.004040115188986322,0.004528153892925826,0.02120054249279974,0.005046214573050925,0.004184364911755909,0.00419334669163818,0.003836874409792168,0.00425009926310615,0.003580426798250304,0.003499854521625257,0.003267908231488293,0.003091951727425673,0.003172998826199658,0.003065685222474503,0.002708448536595197,0.003758095169763212,0.003946517346858179,0.003075637136847251,0.002808574384328402,0.002173194333631061,0.003019388535701817,0.003058051144968354,0.00318375361965969,0.003136515907803026,0.003185664177022889,0.003234113501917562,0.00330592643921411,0.003260708934989157,0.003077522967274777,0.003119796799431198,0.003235629376596954,0.003367225934843169,0.00333956656229725,0.003458389099998565,0.003457574899917764,0.003682810338946428,0.003451961418584259,0.003536769875745894,0.003623015149294702,0.003714266667772188,0.003710033577148442,0.004062374845825474,0.004322242444661115,0.01176539605645985,0.005108974776678262,0.004174205826935823,0.004196339985201599,0.004023581745797886,0.004172075495879851,0.003789400850564993,0.003543082930665061,0.003318195680656866,0.003155044867649511,0.003322585050297603,0.003156247243095536,0.002770056353806308,0.003778558982885136,0.004067415668968578,0.003074853119108829
1.2,0.004324348285996079,0.004170259246018352,0.003406251314864147,0.004268914085185084,0.004336159485829816,0.00441965246821734,0.004380332245958215,0.004419840319762903,0.004445015523006165,0.004493119184644467,0.00447802715817164,0.004327354791151657,0.00437284361086623,0.004449250718822176,0.004528938262836259,0.004514076317384771,0.004574739718899666,0.004592497597139457,0.004711104449210772,0.004596256204908069,0.004633965340123429,0.004688587445505859,0.004734982473759182,0.004730358596032099,0.004935739687252522,0.005202786862691911,0.01222820086124597,0.005803072187541256,0.005012622371982201,0.005017927577245208,0.004848377078761843,0.005032594056770658,0.004742543810414643,0.004640198885260267,0.004516598525890598,0.004406963369596676,0.004464162162696576,0.004405747772393511,0.004140091171216536,0.004777300834572568,0.00492889131661358,0.004336148126231823,0.00417933641072929,0.003587704611476041,0.004302338276281762,0.00433129396853348,0.004400172952144856,0.004372333758767046,0.004401227621841403,0.004426990833736685,0.004463196160359501,0.004444547928911092,0.004346022915464867,0.004374533330561186,0.004434558156173849,0.004505399369531772,0.004481832209116572,0.004536225214905679,0.004539114446060267,0.004638880908002943,0.004537462814375747,0.004597971139310646,0.004628989340841739,0.004660371261555813,0.004659886589970416,0.004788363043341094,0.004909614195436831,0.007040608058420868,0.005399074673523131,0.00483934731341657,0.004851483309254217,0.004784056066125234,0.00482225038633487,0.004721231505746562,0.004558775565906666,0.004481492460321259,0.004398609176184576,0.004463207217486124,0.004396453585927146,0.004153075411681153,0.004671395861771757,0.004835683631964033,0.004375849101523634
1.6,0.005711706263371499,0.005630494653943171,0.004993092075133777,0.005676947724400228,0.005723744529697404,0.005771074837792355,0.005746309165599785,0.005768990754630506,0.005784554705364148,0.005810864152925523,0.005804963647918083,0.005713576260183416,0.005741033318057734,0.005784492674609055,0.005826837514698908,0.005823285930177113,0.005855275394026358,0.005866781839030495,0.005927717726141238,0.005868751896360147,0.005900792577336281,0.005924227016100283,0.005944287541161867,0.005942361880228171,0.006037983915791301,0.006168907471442473,0.009173389913269011,0.006655151200851103,0.006076338268958506,0.006078969770285199,0.00599942151874883,0.006082222252138171,0.005961810102624645,0.005884254729612974,0.005811636787000843,0.005748313837368232,0.005792315282830345,0.005762281698489823,0.005592169763976148,0.005950240817777639,0.006049435823407728,0.005644100770613534,0.005563853973046012,0.005105427158406527,0.005624814564148407,0.005643823571945175,0.005677906406068119,0.005663430451011657,0.00567849668046957,0.005690952400139172,0.00570737385765926,0.005699452982557291,0.005655383172160439,0.00567250409966838,0.005699587869575594,0.005733517392887271,0.005716058287492933,0.005738541714740327,0.005740364270431659,0.005780478629740648,0.005739956757606822,0.005769772517564086,0.005780062675809861,0.005790654252721787,0.005790661321273685,0.005836659039806711,0.005885071230232857,0.006515735055553562,0.00613765777203255,0.005857216164056415,0.00586238811138784,0.005837193474313068,0.005847899660471466,0.005824016996586072,0.005744215875971992,0.005729554165977021,0.005692481441669608,0.005705401789005472,0.005683654421076337,0.005558706734357104,0.005794542219035846,0.005869258034719696,0.005704868428732034
2,0.007266840289195252,0.007230418737404368,0.006755767081513213,0.007245696162430241,0.007276703210813278,0.007302165871796836,0.007287086340521087,0.007299328203839231,0.007308791172269387,0.007322848385186885,0.007321124948030866,0.007265311803356076,0.007281312572263244,0.007305695658626833,0.007326378912448336,0.007330098768584327,0.007346826073373852,0.007354105149198099,0.00738562277879417,0.007355018348957236,0.007378525395830227,0.007387996204617917,0.007396444805902468,0.007395533048800265,0.007440551351477197,0.007502893124794604,0.008807207556695939,0.007842879279807232,0.007459642830771611,0.007460918089846682,0.007422978543961812,0.007460922195791106,0.007411975956916046,0.007359871599862559,0.007311204194541501,0.007274548078492437,0.007311205832443416,0.007294893629299369,0.00719182995533074,0.007389905489673715,0.007451254182668535,0.007156678047718813,0.007116695720300426,0.006793010095333547,0.007145746720749526,0.007157287554364721,0.007173769695714664,0.007166781758816223,0.007174493046062065,0.00718021082993579,0.007187194250955628,0.007183320061040875,0.007167322158584401,0.007177471846398246,0.007188560848825356,0.007204076667130957,0.007190745160668224,0.007199222704335368,0.007199787327071697,0.007214324636519671,0.007199767887360842,0.007210421086978853,0.007214051153464168,0.007217889477183212,0.007217962953508716,0.00723419335788294,0.007252169195478136,0.007443445003452513,0.007367705924677245,0.007241898059418575,0.007243839303239794,0.007234815763928794,0.00723848084608263,0.007232659210344198,0.007200555313733975,0.007210763822104243,0.007195870644459965,0.007185993044961302,0.007182117018202505,0.007128105734191295,0.007223636983994166,0.007250711714872579,0.007223911086544682
2.4,0.009116441151205893,0.009103555563835157,0.008775424636226091,0.009103736850758139,0.009123798371244909,0.009137223501937689,0.009128008780392275,0.009134429579341038,0.009140270026504478,0.009147870260966159,0.009147952343922279,0.00911199061362979,0.009121458700629506,0.009135576329074394,0.009144879224020032,0.009152237222162058,0.009161230785127001,0.009166031705620001,0.009183014471080986,0.009166391237616167,0.009183409961739903,0.009186873935526045,0.009190266239763619,0.009189783486927521,0.009211568096826696,0.009241722000266968,0.009818913139447969,0.00946355990927863,0.009221315714637574,0.009221957886891863,0.009203225020352278,0.009221031299055158,0.00920190304473259,0.009167220120283055,0.009130606086283499,0.009108490656721121,0.009140355587867213,0.009130245437324373,0.009067684392392774,0.009180007303808297,0.009218399385586384,0.008989656960116292,0.008968437938478182,0.00875029095964191,0.008983440469145572,0.008990017398713281,0.008998169310515024,0.008995065386089933,0.008999178685205637,0.009001634886985573,0.009004356310931577,0.009002048170787745,0.008999222457746286,0.009005476072278237,0.009009343621282615,0.009016272816640768,0.009005493438243832,0.009008079782446464,0.009007920715811033,0.009011883081819961,0.009008017331680626,0.009009058291656094,0.009010641678795474,0.009012265942145378,0.009012357226570508,0.009017678562091581,0.009023827343897717,0.009081176294062307,0.009070487244663267,0.009020177695894272,0.0090207610903781,0.009017931561864451,0.009019681124295719,0.009017255836227688,0.00900838019835973,0.009027444302631282,0.009022712128522863,0.009003970915996777,0.009006586670915358,0.008989142708288104,0.009019829890503969,0.009024777929177172,0.009055454954281974
2.8,0.0113759189376035,0.01137417005297979,0.01115960344967806,0.01136835353086205,0.0113811694793883,0.01138821331648018,0.01138244593181337,0.01138576035830488,0.01138948034361069,0.01139373764817743,0.01139454821487359,0.01136962184738954,0.01137548808143191,0.011384158722385,0.01138775485524049,0.01139652274947583,0.01140162999840189,0.01140501954169646,0.01141480868181451,0.01140510426471308,0.01141784110068413,0.01141876413508479,0.01141996049400893,0.01141967616239466,0.0114306921788164,0.01144606731077691,0.0117088509428626,0.01158689207720643,0.01143590277641422,0.01143625392609176,0.01142649245522169,0.01143511365346346,0.01142843989585841,0.0114044477593396,0.01137463571544326,0.01136044069428509,0.01138863935914854,0.01138132380471648,0.0113416752310258,0.01140914303889132,0.01143437971318948,0.01124733876214183,0.01123446479298578,0.01109006620928894,0.01124379306517595,0.01124728423696451,0.01125154517723416,0.01125038961310805,0.01125276904331816,0.01125366473828611,0.01125450132223253,0.01125285977877328,0.01125582537957021,0.01125993124667552,0.0112606458894084,0.01126364591029773,0.01125455647312945,0.01125472294882578,0.01125423607456327,0.01125393247476993,0.01125435986650855,0.0112511430626408,0.01125208111890701,0.01125294203084479,0.01125303879381571,0.01125428610358345,0.01125592087363325,0.01127077085279384,0.01127065533711243,0.01125470887176953,0.01125474318493143,0.01125429632848504,0.01125546705148633,0.01125336531855431,0.01125482960149422,0.01127609300294984,0.01127590228178559,0.01125461171814556,0.01125926292761933,0.01125890486124189,0.01126117422706026,0.0112567822223197,0.01130827627464775
3.2,0.01416411232346846,0.01416711440559304,0.0140335578953475,0.01415966254284225,0.01416779101311669,0.01417148800300409,0.01416774773915931,0.014169429194991,0.01417189569426926,0.01417440931996601,0.01417546830479856,0.01415690387891326,0.01416077368512814,0.01416650019309986,0.01416731450432875,0.01417631002381355,0.0141794329917552,0.0141819955642427,0.01418813919215583,0.01418194928588102,0.01419190717709736,0.0141917828342964,0.01419203462202416,0.01419184848116314,0.01419778275683247,0.01420633180743742,0.01433140897616027,0.01429582647886042,0.01420075494129993,0.01420096971279745,0.01419548988493929,0.01419984834696448,0.01419835131931989,0.01418080721969463,0.014155395467503,0.01414563635908101,0.01417075237443945,0.01416478774992796,0.01413787070407521,0.01418176099126879,0.01419948157610907,0.01404119720338769,0.01403210043795678,0.01393630668751547,0.01403917423395192,0.01404083072830792,0.01404324076526321,0.01404304255937048,0.01404456376980515,0.01404471704181477,0.01404473205315667,0.01404342396204517,0.01404870537692693,0.01405159663209086,0.01405097786992449,0.01405217767840945,0.01404432584444854,0.01404353666720367,0.01404293361283801,0.01404099365650044,0.0140430557739851,0.01403820673730834,0.0140389144234514,0.01403948558783914,0.01403958046501067,0.01403930249479957,0.01403922046962805,0.01404016823682555,0.01404003977815995,0.01403891919905675,0.01403874130809249,0.01403919542082317,0.0140401480111409,0.01403796090430392,0.01404363950374454,0.01406442482784066,0.01406619807559838,0.01404509281070562,0.01405010737431854,0.01405698770775412,0.014047607296969,0.01403974486470037,0.01409621501037282
3.6,0.01761438352018852,0.01761909590706279,0.0175403359739749,0.01761182051340553,0.01761695490337401,0.01761889038235202,0.01761636173025746,0.0176171856236126,0.01761889438256785,0.01762047607353442,0.01762157383059631,0.01760691559537954,0.017609644501192,0.01761371320984668,0.01761321328534485,0.01762186131859604,0.01762393490282804,0.01762598176142194,0.01763019633060807,0.01762587679833741,0.01763396791645397,0.01763344019231844,0.01763329829608476,0.01763316401740516,0.01763663442035951,0.01764193535667328,0.01770563820887498,0.01770016312292783,0.01763847098238085,0.017638618522545,0.01763524993316098,0.01763758830315926,0.01763818502696159,0.01762464472220934,0.01760246053434573,0.01759530365869858,0.01761771402153518,0.01761251658436043,0.01759281106435592,0.01762390954376071,0.01763719988192872,0.01750042440875634,0.01749320457954781,0.01742852390157922,0.01749927352155257,0.01749987795917394,0.01750137118040297,0.01750162963233861,0.01750270077848841,0.01750250777774119,0.01750217663263604,0.01750107098005818,0.01750706708455786,0.01750923727585829,0.0175080940349918,0.01750846423165885,0.01750159401650439,0.01750046833981002,0.01749984937291911,0.01749737315875583,0.01749996138043216,0.01749469092305686,0.01749529120046993,0.01749573331502715,0.0174958222552489,0.01749499936586818,0.01749428184009574,0.01749070829846367,0.01748946942706673,0.01749432929633268,0.01749407897618568,0.01749484580110043,0.01749568073996889,0.01749348393687085,0.01750059463664201,0.0175199043693492,0.01752245276885481,0.01750264364668386,0.01750742811669885,0.01751689381587721,0.01750336117898161,0.01749459076145583,0.01754953689482494
4,0.02188256315222085,0.02188762822445496,0.0218445311001297,0.02188114006276921,0.02188437667345847,0.02188537551595769,0.02188358978650595,0.02188396154634671,0.02188519846182491,0.02188626311566525,0.02188731162878861,0.0218752441486612,0.02187728868452467,0.02188036860764322,0.02187928496482545,0.02188733040858707,0.02188881911338622,0.02189051817674191,0.02189364641861354,0.02189039064913901,0.02189715698402832,0.02189650284254926,0.02189621057417584,0.02189610588529773,0.02189833415508226,0.02190200096991071,0.02193763095443493,0.02194145593507464,0.02189957042342213,0.0218996819277635,0.02189740457952527,0.02189875921013482,0.02190013364014027,0.02188921904211014,0.02186963105421664,0.02186409247470521,0.02188408573555123,0.02187942702651829,0.02186402373823271,0.02188776700086882,0.0218982959700503,0.02177868370817867,0.02177256334189403,0.02172759457347243,0.02177803336878053,0.02177805724039142,0.02177906946799857,0.02177953121628486,0.02178034652780113,0.02178000200300704,0.02177953957436788,0.02177857912892986,0.02178456437535737,0.02178627912712252,0.02178497301474882,0.0217849620770373,0.0217789109655352,0.0217777118849228,0.02177712102142423,0.02177456993514127,0.02177722118180908,0.02177206519095226,0.02177259579273255,0.02177296656558883,0.02177304787679404,0.02177206717058955,0.02177114366720278,0.02176627341038284,0.02176437483010476,0.02177132415623792,0.02177105951206101,0.02177190179526733,0.02177264905374329,0.02177054235424201,0.02177785384225197,0.02179539049177035,0.02179815915374625,0.02178003554836133,0.02178440526083565,0.02179436485221787,0.02177995101511897,0.02177134461061914,0.02182231505285335
4.4,0.02715297207583365,0.02715782733576503,0.02713719814548882,0.02715223368359631,0.02715427326033504,0.02715476836411147,0.02715345278143792,0.0271535858252992,0.02715451856856338,0.02715528230219718,0.02715624789371889,0.02714603836410422,0.02714764687941821,0.02715009538726156,0.02714879167646766,0.02715614032359395,0.02715728032561849,0.02715872583610377,0.02716119258496142,0.02715859374288058,0.02716436404320647,0.02716370076651164,0.02716336516294772,0.02716327901371079,0.0271648458873331,0.02716761917470956,0.02718988304775266,0.02719573964624982,0.02716574648192213,0.02716583642124588,0.02716416079683629,0.02716501826651025,0.02716660945943147,0.02715753249866408,0.02714015658578358,0.02713569139107403,0.02715350846980596,0.02714929859172822,0.02713666713648936,0.02715582767414408,0.02716450856106519,0.027059238293746,0.02705389030569619,0.02702146110128216,0.02705887530887534,0.02705859571196056,0.02705933720583547,0.02705987344198307,0.02706052915636481,0.02706013016078616,0.02705963467750291,0.02705879041961315,0.02706444633202781,0.02706585319059564,0.02706454635191846,0.02706436571621194,0.0270590193083433,0.02705785790170521,0.02705731263463,0.02705487747284067,0.02705740142651085,0.0270525840523164,0.02705305811350829,0.02705338017843957,0.0270534534902514,0.02705246984769173,0.02705151581798088,0.02704649888989508,0.02704437534193955,0.02705174156629121,0.02705148651211474,0.02705230853650508,0.02705297921357426,0.02705102054335174,0.02705800433706166,0.02707375365546628,0.02707648235787636,0.02706012014373364,0.02706404105998976,0.02707360346336424,0.02705968788014574,0.02705166560379393,0.02709791977129259
4.800000000000001,0.03364315081897652,0.03364759150624001,0.03364065822960061,0.03364281903491794,0.03364410593831594,0.03364432802168798,0.03364332092191098,0.0336433291044163,0.03364405804073985,0.03364463653164296,0.03364550948528224,0.0336367269492642,0.0336380388533009,0.0336400541491637,0.03363871131663693,0.03364534739189177,0.03364626287292175,0.03364751085768161,0.03364953851955139,0.0336473830809786,0.03365236523570665,0.033651740346704,0.03365140765099607,0.03365133436220875,0.03365252259811463,0.03365475332570785,0.03367025265836687,0.03367586196136787,0.03365322158668774,0.03365329701504191,0.03365198152544437,0.03365257460963338,0.03365414804155956,0.03364644158101013,0.03363101303458276,0.03362730731176067,0.0336431566555344,0.03363935559284205,0.03362867326435243,0.03364470671543465,0.03365205445620519,0.03355914708389154,0.03355442018383765,0.03353010203858203,0.03355894876137363,0.03355852550415495,0.03355910213718877,0.0335596474493576,0.03356019391773698,0.03355978903205877,0.03355930544241463,0.03355855998213393,0.03356375810137784,0.03356494236201527,0.03356370637679072,0.03356345776028659,0.03355872936933599,0.03355765063578024,0.03355715636383817,0.03355491130741445,0.03355723483244621,0.03355283799077673,0.03355326167239581,0.03355354523213609,0.03355361079637725,0.0335526852465561,0.0335517731423972,0.03354702363092198,0.03354491984112344,0.03355200637023764,0.03355177027304209,0.03355253479896567,0.03355313519667013,0.0335513489515386,0.03355779341439535,0.03357184815948123,0.033574417100283,0.03355976128621035,0.03356325156908335,0.03357207002218607,0.03355919500565232,0.03355189692819188,0.03359339503838293
5.2,0.04160727434896088,0.04161124886006792,0.04161232912935588,0.04160717919490433,0.04160799371277061,0.04160806797903059,0.04160727154501174,0.04160721653109998,0.04160780308040675,0.04160826032623568,0.04160904119634614,0.0416014154863304,0.04160251222754264,0.04160420938899659,0.04160291650617469,0.04160886114794454,0.04160962027590606,0.04161070637266009,0.04161241725537115,0.04161058714994215,0.04161491952014932,0.04161435014493804,0.04161403939135973,0.04161397589786687,0.04161492758370026,0.04161679057356084,0.0416285573525516,0.04163337557421426,0.04161549512383743,0.04161555974170264,0.04161448065536501,0.04161492330641346,0.04161638632658479,0.04160975957458923,0.04159607624174878,0.0415929408971677,0.04160700544259813,0.04160358875221382,0.04159439295311017,0.04160810078735098,0.04161441920448211,0.0415323902794285,0.04152820139695966,0.04150928080188165,0.04153228589594916,0.04153180948641981,0.04153227721729727,0.04153279894657207,0.04153326425601783,0.04153287745881833,0.04153242578948818,0.04153176707491027,0.04153646797073324,0.04153748124948747,0.041536345696244,0.04153607873280776,0.04153189938282825,0.04153091911577833,0.04153047587092683,0.04152844414166328,0.04153054510007961,0.04152658636780014,0.04152696387885132,0.04152721449575986,0.04152727280999039,0.04152642741846028,0.04152558611939528,0.04152124435517886,0.04151927419776601,0.0415258100133978,0.04152559596006532,0.04152629037776834,0.04152682566941587,0.0415252169760188,0.0415310533822557,0.04154353991537411,0.0415458978533102,0.0415328436372347,0.04153593675565014,0.04154390491301844,0.04153224594043838,0.04152569401444397,0.04156266625980624
5.600000000000001,0.05133768906878448,0.0513412070192411,0.05134669454008356,0.05133772682096162,0.05133824508772303,0.05133824067064786,0.05133759438501578,0.05133751000511276,0.05133799264851773,0.05133836540498229,0.05133905887864116,0.05133240875669116,0.05133334016700854,0.05133478957330657,0.05133358886370353,0.05133887949951645,0.05133952167798921,0.05134047019264634,0.05134193572638976,0.05134036136070067,0.05134414109255217,0.0513436312952212,0.05134334936912052,0.05134329389678589,0.05134408346106442,0.05134567200786114,0.05135514568250422,0.05135917009248213,0.05134455783453525,0.05134461377318524,0.05134370456280409,0.05134405422183744,0.05134537560650732,0.05133963722179695,0.05132753329363304,0.05132484879563248,0.05133729029779018,0.05133423696876112,0.05132624976028095,0.05133810311172576,0.05134358225701338,0.05127125719887043,0.05126755051857717,0.05125236322124411,0.051271205963691,0.05127072650447265,0.05127111649575938,0.05127159913836525,0.05127200009506304,0.05127164264231557,0.05127123100354954,0.05127064977678555,0.0512748555107647,0.05127573066745705,0.05127470529649394,0.05127444422475846,0.05127075714333112,0.05126987811281638,0.05126948364963903,0.05126766612959353,0.05126954461203728,0.05126601302355542,0.0512663479798974,0.05126656934391843,0.05126662097343612,0.05126586133570656,0.05126510058406263,0.05126120124603416,0.05125940922862081,0.05126530775701836,0.0512651161078861,0.05126573827737968,0.05126621333034639,0.05126477755361698,0.05127000136378489,0.05128105014638967,0.05128317992138184,0.05127160808888312,0.05127433953629454,0.05128145405458095,0.05127102840371568,0.05126519645343688,0.05129796208030553
6,0.06316355010887387,0.06316664262713315,0.0631742910536979,0.06316365775974543,0.06316399015414287,0.06316394576577254,0.06316341127248734,0.06316331621351565,0.06316371968930017,0.06316402995222342,0.06316464213681339,0.06315883772718574,0.06315963587745635,0.06316088306563372,0.06315979252264471,0.06316447274496399,0.06316502213375615,0.06316585076853114,0.06316711564498932,0.06316575290896974,0.06316905183143283,0.063168600253014,0.06316834867719497,0.06316830010088954,0.06316896869560847,0.06317033704180658,0.0631782346225091,0.06318159122883163,0.06316937192754279,0.06316942054625076,0.06316864315517283,0.0631689299021804,0.06317010454034082,0.0631651212147029,0.06315445441365909,0.06315214126359187,0.06316310368837665,0.06316039256906857,0.0631534328428941,0.06316373142756528,0.06316849845815871,0.06310490862293947,0.06310164023542969,0.06308915625794789,0.06310488702146343,0.06310443127585776,0.06310476187573512,0.06310519899486559,0.06310554641765727,0.06310522290571272,0.0631048536209773,0.06310434229096804,0.06310807376116619,0.06310883289950754,0.06310791802512138,0.06310767438655039,0.0631044316166275,0.06310365083154591,0.06310330203326768,0.06310168999756674,0.0631033555683638,0.06310022813110228,0.06310052388255563,0.063100718832305,0.06310076433473702,0.06310008906722132,0.06309940998873317,0.06309594628096662,0.0630943437545175,0.06309959753659769,0.06309942748485212,0.0630999796729949,0.06310039915385082,0.06309912716783991,0.0631037620463842,0.06311349677172819,0.06311539827691849,0.06310519006367335,0.06310759305409824,0.06311389250684839,0.06310465155721962,0.06309949537071567,0.06312838898588555
6.4,0.07744515350983847,0.0774478569771487,0.07745629523217828,0.07744529311180913,0.07744550866260312,0.07744544615922265,0.07744499847441881,0.07744490302036676,0.07744524370746743,0.07744550524556429,0.07744604251181035,0.07744098494580499,0.07744167161918331,0.07744274784182913,0.07744177278454943,0.07744588751163502,0.07744635990846392,0.07744708232956671,0.07744817664877582,0.0774469953646188,0.07744986920657339,0.07744947240434119,0.0774492503990923,0.07744920792821894,0.07744977990418597,0.0774509627277995,0.07745766633979992,0.07746048301753138,0.07745012551256714,0.07745016776597263,0.07744949873241881,0.07744973912689598,0.07745077253052124,0.0774464460624136,0.07743709075312617,0.07743509321447366,0.07744470570621445,0.0774423149424798,0.07743625417804893,0.07744520542409193,0.07744935160528839,0.07739367178617282,0.07739080389616587,0.0773803743039426,0.07739366628958901,0.0773932476426251,0.07739353032222772,0.07739392028351091,0.07739422166524991,0.07739393319072864,0.07739360576093171,0.07739315783960091,0.07739644391907799,0.07739710279814528,0.0773962942838801,0.07739607313681325,0.07739323325733723,0.07739254527977714,0.07739223878643511,0.07739081964298496,0.07739228561672364,0.07738953490973252,0.0773897946029176,0.07738996552443805,0.0773900054227689,0.077389410260174,0.07738881008270829,0.07738575923073716,0.07738434265277,0.07738897731387988,0.07738882757988798,0.07738931382150922,0.07738968216683863,0.07738856305906054,0.07739264431313081,0.07740117885181125,0.0774028604295068,0.07739390312818875,0.07739600762157195,0.07740154583246928,0.07739341566869141,0.07738888575492348,0.07741422952522055
6.800000000000001,0.09456231478355563,0.09456466478008875,0.09457307796917729,0.09456246382067705,0.09456260563345856,0.0945625373498882,0.0945621596652053,0.09456206935383574,0.09456235848141553,0.09456258035167146,0.09456304888211362,0.09455865876638768,0.09455924961322469,0.09456017764216994,0.0945593167179446,0.0945629100430833,0.09456331649630345,0.09456394379947966,0.09456488938209764,0.09456386730649012,0.09456636126111749,0.09456601513363404,0.09456582098691828,0.09456578400935044,0.09456627497814032,0.09456729662870587,0.09457302884146512,0.09457540626154619,0.09456657190072135,0.09456660851639234,0.09456603211345353,0.09456623587839963,0.09456713747597262,0.0945633916030023,0.09455523455449477,0.094553511386491,0.09456189097364356,0.09455979829304569,0.09455453779456983,0.09456229727242843,0.09456589267099978,0.09451740058843804,0.0945148991811478,0.09450610335790575,0.0945174034453648,0.09451702766952112,0.09451727008217278,0.09451761378003795,0.09451787468797161,0.09451762051759413,0.09451733308193827,0.09451694285931272,0.0945198152457791,0.09452038578531693,0.09451967746854942,0.0945194805092533,0.09451700699159299,0.09451640545376935,0.09451613792814768,0.09451489779376339,0.09451617868343688,0.09451377626536542,0.09451400285710775,0.09451415185636758,0.09451418663349716,0.09451366621639989,0.09451314044803859,0.09451047406877551,0.09450923359888815,0.09451328778160725,0.09451315692176823,0.09451358186919452,0.09451390326527462,0.09451292564304226,0.09451649265396182,0.09452393119331247,0.0945254052378169,0.09451759363328012,0.09451942652604996,0.09452426129810716,0.09451716023538624,0.09451320699448254,0.09453530240289812
7.2,0.1148951863439673,0.1148972158730041,0.1149051392081321,0.1148953318015788,0.114895426771703,0.1148953595734416,0.1148950401296484,0.1148949577771095,0.1148952033712448,0.1148953918672818,0.114895797522059,0.1148920080588277,0.1148925149850685,0.1148933124209398,0.114892560760174,0.1148956751822212,0.1148960239563831,0.1148965655523076,0.1148973793499426,0.1148964989306158,0.1148986511687536,0.1148983515295078,0.1148981831973557,0.1148981512001555,0.1148985720814745,0.1148994511576031,0.114904355963006,0.1149063681765646,0.1148988267171736,0.1148988582872422,0.114898363031376,0.1148985363456126,0.1148993166785646,0.1148960891861363,0.1148890265564722,0.1148875455523382,0.1148947996416439,0.1148929827128966,0.1148884414521509,0.1148951343386573,0.1148982361010568,0.1148562840866367,0.1148541178043569,0.114846671839877,0.1148562908900477,0.1148559594575153,0.1148561670761997,0.1148564667186643,0.1148566915670498,0.1148564700236976,0.1148562200841763,0.1148558824137188,0.1148583733007598,0.1148588650491262,0.1148582499151113,0.1148580770786859,0.1148559370360754,0.1148554153165513,0.1148551835400051,0.1148541083483349,0.1148552187802624,0.114853136595913,0.1148533328699212,0.1148534618612035,0.1148534919634977,0.1148530406067771,0.1148525840493246,0.11485027233653,0.1148491957058455,0.1148527124620909,0.1148525990014398,0.1148529674379662,0.1148532458313867,0.1148523983955692,0.1148554912996788,0.1148619297086657,0.1148632104351184,0.1148564463836056,0.1148580320502206,0.1148622207536569,0.1148560664933383,0.1148526420395436,0.1148717698424322
7.600000000000001,0.1387964358484755,0.1387981752443673,0.1388053628266018,0.1387965705598491,0.1387966354698077,0.1387965730363005,0.1387963032122176,0.1387962300540188,0.1387964381373429,0.1387965979018599,0.1387969462227359,0.1387936988778437,0.1387941314659951,0.1387948126988349,0.1387941635783025,0.138796839933355,0.138797137621104,0.1387976018018889,0.1387982978232634,0.1387975443605402,0.1387993883484007,0.1387991311249282,0.1387989864812869,0.1387989590087818,0.1387993181264703,0.1388000698764144,0.1388042511359555,0.1388059526722503,0.1387995354293849,0.1387995624616873,0.1387991392716056,0.1387992864296184,0.1387999560728634,0.1387971938545707,0.1387911288011546,0.1387898634569476,0.1387960921091305,0.1387945287600898,0.1387906365342707,0.1387963695923364,0.1387990268142545,0.1387630207567674,0.1387611601928569,0.1387548619817704,0.1387630290358327,0.1387627410051666,0.1387629180312407,0.1387631764960593,0.138763368993207,0.1387631779223294,0.1387629626983319,0.1387626728396626,0.1387648139945456,0.1387652350175306,0.1387647057482747,0.1387645560413088,0.1387627192428856,0.1387622707422973,0.138762071631319,0.1387611475489465,0.1387621018658222,0.1387603126934102,0.1387604812872116,0.1387605920486117,0.1387606178927335,0.1387602298940078,0.1387598371030649,0.1387578503968165,0.1387569245648776,0.1387599478487487,0.1387598503316171,0.1387601669864426,0.1387604061180855,0.1387596778625343,0.1387623362645683,0.1387678638318795,0.1387689661834571,0.1387631574244,0.1387645183114169,0.1387681164984717,0.1387628286195028,0.1387598871347871,0.1387763105410723
8,0.1665549297129824,0.1665564071195567,0.1665627492773847,0.1665550501101078,0.1665550954481743,0.1665550395812197,0.1665548127098563,0.1665547490532322,0.1665549243941111,0.1665550590717385,0.1665553553393935,0.1665525969902484,0.1665529633713791,0.1665535407830703,0.1665529864976446,0.16655526421366,0.1665555163890567,0.1665559107074856,0.1665565011556461,0.1665558617101842,0.1665574277890111,0.166557209063528,0.1665570859927071,0.1665570626230831,0.1665573668294168,0.1665580044898668,0.1665615448384344,0.1665629774128099,0.1665575509150386,0.166557573863893,0.1665572150505651,0.16655733932176,0.1665579085470436,0.1665555643990948,0.1665504051102802,0.1665493325323776,0.1665546304642244,0.1665532987507899,0.1665499921037345,0.1665548607379269,0.1665571174562969,0.1665265006740352,0.1665249178331026,0.1665196141238921,0.1665265090786682,0.1665262621590486,0.1665264120430729,0.1665266325434414,0.1665267959616499,0.1665266329718054,0.1665264495671012,0.1665262030649843,0.1665280255890503,0.1665283830243146,0.1665279322342766,0.1665278041707584,0.1665262422587102,0.1665258604867331,0.1665256910752851,0.1665249045982666,0.1665257167778877,0.1665241942360266,0.1665243376734587,0.1665244318872327,0.1665244538675532,0.166524123608241,0.1665237890866671,0.1665220983290727,0.1665213101339826,0.1665238835545272,0.1665238005576753,0.1665240700561748,0.1665242735060056,0.1665236537364215,0.1665259163755307,0.166530617520744,0.166531556672523,0.1665266154279466,0.1665277725910806,0.1665308338906283,0.1665263343035861,0.1665238317870994,0.1665378005604072
8.4,0.1983530637953246,0.1983543057421227,0.1983597773172867,0.1983531685243353,0.1983532008710458,0.198353152255576,0.1983529628853756,0.1983529084871714,0.1983530550706399,0.1983531676988834,0.1983534170005142,0.198351098028802,0.1983514054275069,0.198351890144326,0.1983514224622161,0.1983533399041883,0.1983535515170367,0.1983538830437739,0.1983543790082682,0.1983538417313893,0.1983551581988775,0.1983549741901391,0.1983548706123636,0.1983548509440152,0.1983551062423843,0.1983556418229778,0.1983586123205464,0.1983598096984654,0.1983552607331966,0.1983552800188282,0.1983549787122977,0.1983550827975737,0.1983555615327195,0.1983535920443698,0.1983492501805209,0.1983483497519302,0.1983528079679649,0.1983516861567957,0.1983489058516557,0.1983529984222935,0.1983548955007645,0.1983291366516901,0.1983278045237632,0.1983233711398408,0.198329144480153,0.1983289356275833,0.1983290613745911,0.1983292472891994,0.1983293846317855,0.1983292472159967,0.198329092693117,0.1983288852860009,0.1983304196632792,0.1983307200709895,0.1983303403939913,0.1983302322246305,0.1983289181156373,0.1983285966974132,0.1983284541092221,0.198327792030651,0.1983284757298855,0.1983271941217113,0.1983273148440573,0.1983273941268831,0.1983274126220235,0.1983271345818282,0.1983268528498491,0.1983254296019689,0.1983247659752149,0.1983269324945751,0.1983268626250682,0.1983270894935789,0.1983272607244624,0.1983267390064127,0.1983286438154334,0.1983325995452594,0.1983333907034023,0.1983292323935312,0.1983302059314025,0.1983327823932733,0.1983289950253367,0.1983268888679211,0.1983386431584173
8.800000000000001,0.2342224522519001,0.2342234841267076,0.2342281121358436,0.2342225413180933,0.234222564834297,0.2342225234873534,0.2342223669240447,0.234222321213403,0.2342224425344808,0.2342225357784877,0.2342227430618643,0.2342208161325315,0.2342210712034697,0.2342214735605209,0.234221083971588,0.2342226787204815,0.2342228543335504,0.2342231298232666,0.2342235416977715,0.2342230954258032,0.2342241892395911,0.2342240362734904,0.2342239501470713,0.2342239337908515,0.2342241456842016,0.2342245904309097,0.2342270556102744,0.234228046757899,0.2342242739076269,0.2342242899282691,0.234224039750507,0.2342241260284957,0.234224523905652,0.2342228881150891,0.2342192777347406,0.2342185302817944,0.2342222372161272,0.23422130375894,0.2342189932426262,0.2342223936679937,0.2342239699551329,0.2342025548696735,0.2342014471352855,0.2341977772151765,0.2342025617946852,0.2342023875491235,0.234202491897193,0.2342026466815544,0.2342027607841976,0.2342026463828101,0.2342025177968802,0.2342023453549293,0.2342036215585448,0.2342038711369444,0.2342035552561407,0.234203465091964,0.2342023725690494,0.2342021052304742,0.2342019866556325,0.2342014360097555,0.2342020046282523,0.2342009387838403,0.2342010391730881,0.23420110509652,0.2342011204740967,0.2342008892209147,0.2342006548393043,0.2341994711875879,0.2341989192092595,0.2342007211451552,0.2342006630350459,0.2342008517177556,0.2342009941083851,0.2342005602106143,0.2342021444566363,0.2342054334054287,0.2342060917247515,0.234202634025996,0.2342034433833041,0.2342055858502088,0.2342024362180345,0.2342006848374493,0.23421045802013
9.200000000000001,0.2740052018385714,0.2740060481715659,0.2740098913505841,0.2740052760726054,0.2740052934245167,0.2740052589655741,0.2740051309975092,0.2740050932113333,0.2740051924501659,0.2740052687391153,0.2740054388392785,0.2740038582418777,0.2740040672624424,0.2740043970663021,0.2740040769438473,0.274005385903365,0.2740055298255119,0.2740057558064161,0.274006093517426,0.2740057275516013,0.2740066247150132,0.2740064992070553,0.2740064285285069,0.2740064151042833,0.2740065887806709,0.2740069534273802,0.2740089738633382,0.2740097848227295,0.2740066938761818,0.2740067070146919,0.2740065019051707,0.2740065725623368,0.2740068989586658,0.2740055576007622,0.2740025946631699,0.27400198198125,0.2740050240420617,0.2740042576091667,0.2740023622139128,0.2740051513453937,0.2740064442909255,0.273988871892741,0.2739879627909774,0.273984960039724,0.2739888778022276,0.2739887344889179,0.2739888200078464,0.2739889471386545,0.2739890407239551,0.2739889467641139,0.2739888411855216,0.2739886996801866,0.2739897471981904,0.2739899519003529,0.2739896925742259,0.2739896184594176,0.2739887219680026,0.2739885025337894,0.2739884052184638,0.2739879532622255,0.2739884199649328,0.2739875451787989,0.2739876275679459,0.2739876816679679,0.2739876942869243,0.2739875044756059,0.2739873120644283,0.2739863405863308,0.2739858875170753,0.2739873665228082,0.2739873188274474,0.2739874736920181,0.2739875905515431,0.2739872344251587,0.2739885347507619,0.2739912336906513,0.2739917742043357,0.2739889366062484,0.2739896007280508,0.2739913590098395,0.2739887740371437,0.273987336710528,0.2739953567697483
9.600000000000001,0.3173294563046975,0.3173301408386817,0.3173332763120602,0.3173295170210643,0.3173295299527316,0.317329501771664,0.3173293985193237,0.3173293677895896,0.3173294479049447,0.3173295095031466,0.3173296471353514,0.317328368611657,0.3173285375688359,0.3173288042088906,0.3173285449521067,0.3173296042266156,0.317329720571501,0.3173299033674221,0.317330176461284,0.3173298804899775,0.3173306061598832,0.3173305046196899,0.3173304474316865,0.3173304365684759,0.317330576980886,0.317330871845666,0.3173325052535453,0.317333160134455,0.317330661946342,0.3173306725723331,0.3173305067179082,0.3173305638100526,0.3173308278390587,0.3173297430777762,0.3173273455693891,0.31732685022251,0.3173293116874841,0.3173286913038389,0.3173271580515032,0.3173294140799299,0.3173304599130124,0.3173162422642518,0.3173155066432549,0.3173130818130194,0.3173162471680923,0.3173161310342288,0.3173162001703058,0.3173163030958905,0.3173163787918499,0.3173163027231155,0.3173162172648146,0.3173161027707336,0.3173169504783489,0.3173171160514732,0.3173169061642344,0.3173168461280531,0.3173161207804447,0.3173159432024741,0.3173158644561588,0.3173154987193547,0.3173158763867335,0.3173151685001634,0.3173152351678313,0.3173152789428425,0.3173152891530925,0.3173151355497398,0.3173149798248884,0.3173141936952766,0.3173138270496645,0.317315023913987,0.3173149853174329,0.3173151106376792,0.3173152051980897,0.3173149170128725,0.3173159692849203,0.3173181530543994,0.3173185905571146,0.3173162944946381,0.3173168318260285,0.3173182545699558,0.3173161628232304,0.3173149997831341,0.3173214890318204
10,0.3636072323077492,0.3636077778700041,0.3636102920294216,0.3636072810774166,0.3636072907625924,0.3636072681289363,0.3636071859793654,0.3636071613942592,0.3636072251601021,0.3636072741937615,0.3636073839135264,0.3636063648891488,0.363606499487963,0.3636067119337291,0.3636065051219161,0.3636073496638155,0.3636074423543885,0.363607588050232,0.3636078056727401,0.3636075698035459,0.3636081481663978,0.3636080672257754,0.3636080216359502,0.3636080129750109,0.3636081248492346,0.363608359813821,0.3636096612120184,0.3636101825932193,0.3636081925449841,0.3636082010133386,0.3636080688522229,0.3636081143233818,0.3636083247667449,0.363607460315627,0.3636055489595127,0.363605154288392,0.363607116594034,0.3636066218881207,0.3636053997822619,0.3636071978787583,0.363608031436232,0.3635966975067118,0.3635961110477209,0.3635941805292301,0.3635967014813642,0.3635966088059983,0.3635966638894384,0.3635967459739933,0.3635968063046447,0.3635967456396104,0.3635966774953376,0.3635965862216655,0.3635972620842302,0.3635973940486337,0.3635972266947096,0.3635971787972865,0.3635966005662112,0.3635964589864757,0.3635963962068876,0.363596104617091,0.3635964057172749,0.3635958413519061,0.3635958945016345,0.3635959293996916,0.3635959375392341,0.3635958150753,0.3635956909104087,0.3635950641672414,0.3635947718496427,0.3635957260718105,0.3635956953000637,0.3635957952131896,0.3635958705999621,0.3635956408411187,0.3635964797873216,0.3635982206760623,0.363598569539609,0.3635967390748389,0.3635971674198029,0.3635983016652403,0.3635966340356206,0.3635957068302309,0.3636008800458795
10.4,0.4120592397014294,0.4120596679267746,0.412061649845005,0.4120592781933484,0.4120592854497394,0.412059267587579,0.4120592031844499,0.4120591838347687,0.4120592338391786,0.4120592722943139,0.4120593584324662,0.4120585585376577,0.4120586641561989,0.4120588308764296,0.412058668439728,0.412059331520064,0.412059404256476,0.4120595186229609,0.4120596894251404,0.412059504293008,0.4120599582745166,0.4120598947340423,0.4120598589429027,0.4120598521429204,0.4120599399388857,0.4120601243481027,0.412061145638224,0.4120615545965897,0.4120599930641977,0.4120599997110196,0.412059895985876,0.4120599316612168,0.4120600968520532,0.4120594183685723,0.4120579177696423,0.4120576080435175,0.4120591486212328,0.4120587601624309,0.4120578008251589,0.4120592122464538,0.4120598665551113,0.4120509687427411,0.4120505083148367,0.4120489940588006,0.41205097189767,0.4120508990908522,0.4120509423188619,0.4120510067787402,0.4120510541355516,0.412051006496567,0.412050952989019,0.4120508813325589,0.4120514119747627,0.4120515155610827,0.4120513841581632,0.4120513465353729,0.4120508925873939,0.4120507814285487,0.4120507321400637,0.4120505032064175,0.4120507396061007,0.4120502965150346,0.4120503382429265,0.4120503656409666,0.4120503720311028,0.412050275881416,0.4120501783911378,0.4120496863279089,0.4120494568216618,0.4120502060028129,0.4120501818432344,0.4120502602869398,0.4120503194731565,0.4120501390852332,0.4120507977630443,0.4120521644897266,0.4120524384218041,0.4120510013400561,0.4120513376159651,0.4120522281043482,0.4120509188384854,0.4120501908944479,0.4120542522628193
10.8,0.4617658828247845,0.4617662138038382,0.4617677503226729,0.461765912691858,0.4617659181101352,0.4617659042513825,0.4617658545165046,0.461765839532282,0.4617658781553567,0.4617659078598499,0.4617659744458503,0.4617653561785639,0.4617654377949656,0.4617655666362455,0.461765441029722,0.4617659536291248,0.4617660098376056,0.4617660982360103,0.4617662302425523,0.4617660871560303,0.4617664380483935,0.4617663889329393,0.4617663612660911,0.4617663560093167,0.46176642385872,0.4617665663793077,0.4617673556336344,0.4617676715718717,0.4617664649140493,0.4617664700513313,0.4617663898871445,0.4617664174524077,0.4617665451342925,0.4617660207528023,0.4617648607445383,0.4617646213875058,0.4617658122886818,0.4617655119613835,0.4617647704376703,0.4617658613681707,0.4617663671061775,0.4617594890562902,0.4617591331313234,0.461757963292819,0.4617594915131602,0.4617594352063701,0.4617594686135963,0.4617595184511521,0.4617595550548914,0.4617595182227456,0.461759476855777,0.4617594214643447,0.4617598316795807,0.4617599117452341,0.4617598101594988,0.4617597810660595,0.461759430160996,0.4617593442292703,0.4617593061275789,0.4617591291511947,0.461759311898762,0.4617589693711832,0.4617590016281962,0.4617590228075369,0.4617590277471992,0.4617589534187588,0.4617588780512507,0.4617584976672567,0.461758320247859,0.461758899399364,0.4617588807228882,0.46175894136335,0.4617589871162179,0.4617588476683907,0.4617593568583285,0.4617604133577219,0.4617606251371946,0.4617595142352877,0.4617597741779513,0.4617604625493706,0.4617594504403875,0.4617588877192444,0.4617620272202393
11.2,0.5117375770226253,0.511737828957684,0.5117390010742474,0.5117375998202001,0.5117376038409567,0.5117375932631841,0.511737555429194,0.5117375440078933,0.5117375733930724,0.5117375959939384,0.5117376466829249,0.5117371760571154,0.5117372381727876,0.5117373362345884,0.5117372405937884,0.5117376308289866,0.5117376736084024,0.5117377408976181,0.5117378413743789,0.5117377324614345,0.5117379995577185,0.5117379621695289,0.5117379411081171,0.5117379371062002,0.5117379887472683,0.5117380972254728,0.5117386979338774,0.5117389383428569,0.5117380199948294,0.511738023905178,0.51173796288872,0.5117379838663982,0.5117380810577671,0.5117376819211986,0.5117367988445276,0.5117366166680892,0.5117375232560403,0.5117372946064769,0.5117367301479512,0.5117375605618639,0.5117379455301488,0.5117327096171316,0.5117324386629647,0.5117315484801946,0.5117327114967966,0.5117326686193737,0.5117326940463691,0.5117327319902787,0.5117327598531731,0.5117327318110761,0.5117327003176716,0.5117326581505967,0.511732970440671,0.5117330313870132,0.511732954049287,0.5117329318962129,0.511732664769168,0.5117325993508347,0.5117325703451626,0.5117324356169162,0.5117325747384226,0.511732313980955,0.5117323385372075,0.511732354660257,0.5117323584206034,0.5117323018358726,0.5117322444586864,0.5117319548828011,0.5117318198172334,0.5117322607121094,0.511732246494121,0.5117322926582756,0.5117323274885025,0.5117322213301571,0.5117326089659631,0.5117334132328774,0.5117335744652391,0.5117327287748722,0.5117329266561079,0.5117334506888802,0.5117326802001698,0.5117322518199892,0.5117346417872576
11.6,0.5609929844162977,0.5609931733567958,0.5609940537665423,0.560993001547603,0.5609930045072412,0.5609929965589078,0.5609929681975434,0.5609929596236704,0.5609929816537821,0.5609929985982968,0.5609930366155524,0.5609926836595015,0.5609927302386758,0.560992803775627,0.5609927320321764,0.5609930247211339,0.5609930568009738,0.5609931072661098,0.5609931826172144,0.5609931009380872,0.5609933012508896,0.560993273210048,0.5609932574138624,0.5609932544122914,0.56099329313847,0.5609933744894039,0.5609938249651812,0.5609940052217501,0.5609933165712385,0.5609933195038044,0.5609932737456267,0.5609932894756366,0.5609933623661885,0.5609930630375973,0.5609924007136804,0.5609922640985396,0.5609929440528535,0.560992772550572,0.5609923492173019,0.5609929720024101,0.5609932607177691,0.5609893337517832,0.5609891305311685,0.5609884630715387,0.5609893351663537,0.5609893030008851,0.560989322069114,0.5609893505298975,0.5609893714263764,0.5609893503927593,0.5609893267710607,0.5609892951453012,0.5609895293719536,0.5609895750802453,0.5609895170735547,0.5609895004556448,0.5609893001083719,0.5609892510427605,0.560989229287929,0.5609891282383261,0.560989232582874,0.5609890370088119,0.5609890554264686,0.5609890675190027,0.5609890703393008,0.5609890278992634,0.5609889848641156,0.5609887676760134,0.5609886663734394,0.5609889970554111,0.5609889863915613,0.5609890210157927,0.560989047139128,0.5609889675177947,0.5609892582548172,0.560989861463568,0.5609899823968926,0.560989348115201,0.5609894965273289,0.5609898895603269,0.5609893116782687,0.5609889903859588,0.5609907828877144
12,0.6086323691943472,0.6086325088981807,0.608633160611224,0.6086323818795334,0.6086323840381731,0.6086323781528908,0.6086323571889737,0.6086323508449271,0.6086323671301352,0.6086323796562747,0.6086324077679196,0.6086321467861636,0.608632181224502,0.6086322355954583,0.6086321825388439,0.6086323989706349,0.6086324226891514,0.6086324600040043,0.6086325157179806,0.6086324553243575,0.6086326034380768,0.6086325827038036,0.6086325710234556,0.60863256880391,0.608632597437049,0.6086326575868426,0.6086329906561105,0.6086331239185142,0.6086326147625765,0.6086326169309202,0.6086325830978206,0.6086325947274671,0.6086326486238272,0.608632427301839,0.608631937546142,0.6086318365369646,0.6086323393276,0.6086322125043673,0.6086318994816141,0.6086323599786795,0.6086325734598178,0.6086296696982703,0.6086295194267579,0.6086290259723228,0.6086296707467098,0.6086296469585857,0.608629661057326,0.6086296821037526,0.608629697555044,0.6086296820009551,0.6086296645333429,0.6086296411478345,0.6086298143484792,0.6086298481461682,0.6086298052520954,0.6086297929625871,0.608629644817279,0.608629608535374,0.6086295924487392,0.6086295177271244,0.6086295948851447,0.6086294502672963,0.6086294638862424,0.608629472828043,0.6086294749134966,0.6086294435309827,0.6086294117080243,0.6086292511078626,0.6086291761992323,0.6086294207233564,0.6086294128379228,0.608629438440947,0.6086294577578624,0.6086293988815453,0.6086296138686025,0.6086300599081532,0.6086301493355087,0.608629680316636,0.6086297900587492,0.6086300806863607,0.6086296533707763,0.6086294157915375,0.6086307412478951
12.4,0.6538953116023081,0.6538954135372296,0.6538958894469983,0.6538953208676702,0.653895322427004,0.6538953181284598,0.6538953028356508,0.6538952982043558,0.6538953100847491,0.653895319223002,0.6538953397354302,0.6538951493080292,0.6538951744345973,0.653895214104935,0.6538951753873903,0.6538953333151839,0.6538953506206023,0.6538953778477138,0.6538954184988454,0.6538953744328566,0.6538954825046687,0.6538954673755383,0.6538954588526836,0.6538954572331042,0.6538954781246327,0.6538955220120926,0.6538957650281431,0.6538958622525962,0.6538954907657843,0.653895492347909,0.6538954676619898,0.6538954761469271,0.6538955154727271,0.653895353986938,0.65389499662119,0.653894922922419,0.6538952897985376,0.6538951972548822,0.6538949688538249,0.6538953048586875,0.6538954606269296,0.6538933418238605,0.6538932321735391,0.6538928721588773,0.6538933425901163,0.6538933252306677,0.6538933355176173,0.6538933508753566,0.6538933621495667,0.6538933507996451,0.6538933380535781,0.6538933209896912,0.6538934473718445,0.6538934720327261,0.6538934407332,0.6538934317650609,0.6538933236669645,0.6538932971925683,0.6538932854544401,0.6538932309312353,0.6538932872322183,0.6538931817069817,0.6538931916444762,0.6538931981691287,0.6538931996908368,0.6538931767914918,0.6538931535705624,0.6538930363834451,0.6538929817238156,0.6538931601491252,0.6538931543952473,0.6538931730773613,0.6538931871725598,0.6538931442114541,0.6538933010842637,0.6538936265493366,0.6538936918044721,0.6538933495705391,0.6538934296466726,0.6538936417118392,0.6538933299073437,0.6538931565504275,0.6538941237063619
12.8,0.6961964805385704,0.696196554009169,0.6961968972289424,0.6961964872217129,0.6961964883373764,0.6961964852368808,0.6961964742162801,0.6961964708769914,0.6961964794387963,0.6961964860245257,0.696196500809461,0.696196363555956,0.6961963816654622,0.6961964102574999,0.6961963823489425,0.6961964961813207,0.6961965086539545,0.6961965282783351,0.6961965575777407,0.6961965258168584,0.6961966037110121,0.6961965928063515,0.6961965866632701,0.6961965854958961,0.6961966005533389,0.6961966321852182,0.6961968073373169,0.6961968774074553,0.6961966096643557,0.6961966108046838,0.6961965930122717,0.6961965991275455,0.6961966274721632,0.6961965110806378,0.6961962534976357,0.6961962003798672,0.696196464817263,0.6961963981117989,0.6961962334873841,0.6961964756678731,0.6961965879402795,0.6961950607536005,0.6961949817195905,0.6961947222523921,0.69619506130652,0.6961950487932859,0.696195056207617,0.6961950672774816,0.6961950754035776,0.6961950672225579,0.6961950580352798,0.6961950457359736,0.6961951368304317,0.6961951546052271,0.6961951320448179,0.6961951255803789,0.6961950476655784,0.6961950285832194,0.6961950201225793,0.696194980823102,0.6961950214039593,0.6961949453430952,0.6961949525058668,0.6961949572087145,0.6961949583055304,0.6961949418000343,0.696194925062644,0.6961948405961697,0.6961948011983858,0.6961949298044786,0.6961949256571733,0.6961949391229416,0.6961949492825138,0.6961949183168328,0.6961950313883543,0.6961952659769589,0.6961953130125631,0.696195066336595,0.6961951240537296,0.6961952769063371,0.696195052163054,0.6961949272105825,0.6961956243169354
13.2,0.7351383184831318,0.7351383708502923,0.7351386155905894,0.7351383232492565,0.73513832404017,0.7351383218290652,0.7351383139749413,0.7351383115941746,0.7351383176961415,0.7351383223898159,0.7351383329281872,0.7351382350983297,0.7351382480057533,0.7351382683847265,0.7351382484912212,0.7351383296290617,0.7351383385188837,0.735138352506516,0.7351383733899102,0.7351383507519691,0.7351384062722538,0.7351383984997105,0.7351383941210685,0.7351383932889828,0.735138404021208,0.7351384265670294,0.735138551406941,0.7351386013476606,0.7351384105150964,0.7351384113278785,0.7351383986462022,0.7351384030047774,0.7351384232078678,0.7351383402487255,0.7351381566487271,0.7351381187890169,0.7351383072744223,0.7351382597272657,0.735138142387887,0.7351383150061876,0.7351383950303438,0.735137306487303,0.7351372501534651,0.7351370652229678,0.7351373068817194,0.7351372979621164,0.7351373032467418,0.7351373111372552,0.7351373169292943,0.7351373110979312,0.7351373045493564,0.7351372957826812,0.7351373607131829,0.7351373733825315,0.7351373573017959,0.7351373526938909,0.7351372971580011,0.7351372835564418,0.7351372775258667,0.7351372495139393,0.7351372784392028,0.7351372242244928,0.7351372293299717,0.7351372326820629,0.7351372334638488,0.7351372216990401,0.7351372097688903,0.7351371495628699,0.7351371214808882,0.7351372131488357,0.7351372101927148,0.7351372197908564,0.7351372270323944,0.7351372049606479,0.7351372855559197,0.7351374527654806,0.7351374862919451,0.7351373104664122,0.7351373516058511,0.7351374605559752,0.7351373003634698,0.7351372112999511,0.735137708181916
13.6,0.7705037522018847,0.7705037891549147,0.7705039619113061,0.7705037555664715,0.7705037561223618,0.7705037545614772,0.7705037490196885,0.7705037473393611,0.7705037516449335,0.7705037549568347,0.7705037623933736,0.7705036933591688,0.7705037024671362,0.7705037168474146,0.7705037028088336,0.7705037600651524,0.7705037663381684,0.7705037762086266,0.770503790944973,0.7705037749704758,0.7705038141486092,0.7705038086638417,0.7705038055740008,0.7705038049868246,0.7705038125599618,0.7705038284693654,0.7705039165619121,0.77050395180134,0.7705038171423346,0.7705038177158755,0.7705038087670695,0.7705038118426234,0.770503826099031,0.7705037675589352,0.7705036379988965,0.7705036112834461,0.7705037442908059,0.7705037107380214,0.7705036279365908,0.7705037497456352,0.770503806215154,0.7705030380713251,0.7705029983185353,0.7705028678258211,0.7705030383498026,0.7705030320553454,0.770503035784439,0.770503041352563,0.7705030454397612,0.7705030413247266,0.7705030367035953,0.7705030305172738,0.7705030763365341,0.7705030852767624,0.7705030739290908,0.7705030706773632,0.770503031487757,0.7705030218895991,0.7705030176340351,0.770502997866984,0.7705030182785412,0.7705029800211108,0.7705029836238664,0.7705029859893165,0.770502986540994,0.7705029782389733,0.7705029698202515,0.7705029273349869,0.7705029075185111,0.7705029722053899,0.7705029701193574,0.7705029768924325,0.7705029820025295,0.770502966427263,0.770503023300577,0.7705031412942078,0.7705031649528689,0.7705030408790746,0.7705030699096348,0.77050314679181,0.7705030337496219,0.7705029709006943,0.7705033215319961
14,0.8022345325333724,0.8022345583780189,0.802234679230587,0.8022345348872354,0.8022345352748786,0.8022345341828936,0.8022345303072668,0.8022345291318881,0.8022345321430174,0.8022345344592297,0.80223453966034,0.8022344913782276,0.802234497748167,0.8022345078055138,0.802234497986698,0.8022345380319064,0.8022345424191455,0.8022345493224875,0.8022345596289278,0.8022345484565093,0.8022345758574232,0.8022345720213954,0.8022345698603653,0.8022345694496924,0.8022345747462384,0.8022345858730849,0.8022346474837412,0.8022346721292116,0.8022345779510832,0.8022345783522123,0.8022345720935179,0.8022345742444911,0.8022345842153269,0.802234543272991,0.8022344526586281,0.8022344339742439,0.8022345269995945,0.8022345035325344,0.802234445621593,0.8022345308140852,0.8022345703085367,0.8022340330696374,0.8022340052665209,0.8022339140029107,0.8022340332644794,0.8022340288620301,0.8022340314701206,0.8022340353645027,0.8022340382230718,0.8022340353449912,0.802234032112953,0.8022340277862423,0.8022340598323056,0.8022340660850644,0.8022340581484647,0.8022340558741589,0.8022340284649832,0.8022340217520179,0.802234018775674,0.8022340049505773,0.8022340192264404,0.8022339924691624,0.8022339949889312,0.8022339966433273,0.8022339970291701,0.8022339912227276,0.802233985334651,0.8022339556204353,0.8022339417607763,0.8022339870028332,0.8022339855438598,0.8022339902809549,0.8022339938549587,0.8022339829616024,0.8022340227388649,0.802234105263545,0.802234121810536,0.8022340350332966,0.8022340553372407,0.8022341091086322,0.8022340300468724,0.8022339860903271,0.8022342313216583
14.4,0.8304014547454747,0.8304014726797471,0.8304015565569079,0.8304014563792392,0.8304014566476501,0.8304014558897322,0.8304014532004642,0.8304014523847509,0.8304014544741736,0.8304014560814001,0.8304014596906145,0.8304014261863215,0.8304014306065378,0.8304014375855403,0.830401430771831,0.8304014585605537,0.8304014616049437,0.8304014663953649,0.8304014735472518,0.830401465794427,0.8304014848086585,0.8304014821467256,0.8304014806471202,0.8304014803621402,0.8304014840375286,0.8304014917587063,0.8304015345116631,0.830401551613444,0.8304014862614391,0.8304014865397926,0.8304014821967356,0.8304014836893293,0.8304014906083622,0.8304014621974758,0.8304013993172326,0.830401386351746,0.8304014509050152,0.8304014346203474,0.8304013944342856,0.8304014535516973,0.8304014809579924,0.8304011081511825,0.8304010888577026,0.8304010255284335,0.8304011082864264,0.8304011052313739,0.8304011070411929,0.8304011097436471,0.8304011117272913,0.8304011097300863,0.8304011074872621,0.8304011044848205,0.8304011267226451,0.8304011310616167,0.8304011255541373,0.8304011239758998,0.830401104955813,0.8304011002974649,0.8304010982320837,0.8304010886383962,0.8304010985448843,0.8304010799771375,0.8304010817256866,0.830401082873725,0.8304010831414735,0.8304010791121927,0.8304010750262568,0.8304010544066016,0.8304010447889335,0.8304010761838702,0.8304010751714408,0.8304010784586655,0.8304010809387823,0.8304010733795264,0.8304011009822743,0.8304011582487574,0.8304011697313064,0.8304011095137891,0.8304011236033304,0.8304011609170182,0.8304011060535075,0.830401075550652,0.8304012457244164
14.8,0.8551719894377646,0.8551720017978691,0.8551720596124468,0.8551719905639196,0.8551719907486074,0.8551719902261764,0.8551719883728287,0.8551719878106033,0.8551719892505708,0.8551719903582268,0.8551719928456724,0.8551719697548386,0.855171972801178,0.8551719776110036,0.855171972914979,0.855171992066822,0.8551719941649677,0.8551719974664802,0.8551720023954723,0.8551719970523136,0.8551720101567271,0.8551720083221452,0.8551720072886282,0.8551720070922214,0.8551720096252474,0.855172014946583,0.8551720444113122,0.8551720561974954,0.8551720111579345,0.8551720113497726,0.8551720083565921,0.8551720093852599,0.8551720141537872,0.8551719945733475,0.8551719512366744,0.8551719423010502,0.855171986790744,0.8551719755673937,0.8551719478715201,0.8551719886146596,0.8551720075028136,0.8551717505670173,0.8551717372700729,0.8551716936246727,0.8551717506602446,0.8551717485546968,0.8551717498020034,0.8551717516645259,0.8551717530316363,0.8551717516551696,0.8551717501094253,0.8551717480401626,0.8551717633663442,0.8551717663567264,0.8551717625609978,0.8551717614732751,0.8551717483647638,0.8551717451542573,0.8551717437308095,0.8551717371188975,0.8551717439463895,0.8551717311496116,0.8551717323547007,0.8551717331459213,0.8551717333304519,0.8551717305534956,0.8551717277374897,0.8551717135265529,0.8551717068981153,0.8551717285353133,0.8551717278375529,0.8551717301030882,0.8551717318123691,0.8551717266025756,0.8551717456262256,0.855171785093896,0.855171793007626,0.8551717515060976,0.8551717612165104,0.8551717869328598,0.8551717491212731,0.8551717280989031,0.8551718453815005
15.2,0.8767794181713825,0.8767794266394053,0.8767794662524492,0.8767794189430146,0.8767794190693943,0.8767794187114302,0.8767794174417182,0.8767794170565096,0.8767794180430247,0.8767794188018764,0.8767794205060561,0.8767794046862891,0.8767794067733518,0.8767794100685949,0.8767794068512587,0.8767794199724458,0.8767794214098974,0.8767794236717976,0.8767794270486911,0.8767794233880449,0.8767794323660073,0.8767794311091148,0.87677943040104,0.8767794302664789,0.8767794320018728,0.8767794356475614,0.8767794558340507,0.8767794639087856,0.8767794330519273,0.8767794331833573,0.8767794311327048,0.876779431837449,0.8767794351044144,0.8767794216896893,0.8767793919991791,0.8767793858773237,0.8767794163577733,0.8767794086684827,0.8767793896937408,0.8767794176072794,0.8767794305477478,0.8767792545179153,0.8767792454080094,0.8767792155063476,0.8767792545817952,0.8767792531392453,0.8767792539937864,0.8767792552698283,0.8767792562064509,0.8767792552634133,0.8767792542044018,0.8767792527867244,0.876779263286893,0.8767792653356372,0.8767792627351312,0.8767792619899131,0.8767792530091111,0.8767792508095511,0.8767792498343288,0.8767792453044219,0.8767792499820251,0.8767792412147879,0.8767792420404097,0.876779242582485,0.8767792427089091,0.8767792408063803,0.8767792388770966,0.8767792291410028,0.8767792245997753,0.8767792394236975,0.8767792389456528,0.8767792404978003,0.8767792416688504,0.8767792380995535,0.8767792511329036,0.876779278172693,0.8767792835945044,0.8767792551612813,0.8767792618140038,0.8767792794325977,0.8767792535273979,0.8767792391247075,0.8767793194764641
15.6,0.8954959859612877,0.8954959917332115,0.8954960187359146,0.8954959864872898,0.8954959865733555,0.8954959863293408,0.8954959854639043,0.8954959852013291,0.8954959858737414,0.8954959863909784,0.8954959875525752,0.8954959767695881,0.895495978192153,0.8954959804382304,0.8954959782452253,0.8954959871888526,0.895495988168636,0.8954959897103807,0.8954959920121166,0.8954959895169692,0.8954959956364785,0.8954959947797613,0.895495994297126,0.8954959942054068,0.8954959953882728,0.8954959978732216,0.8954960116325814,0.8954960171363898,0.8954959961040029,0.8954959961935874,0.8954959947958356,0.8954959952761962,0.8954959975030071,0.8954959883593496,0.8954959681218024,0.8954959639490716,0.8954959847250499,0.8954959794838859,0.8954959665504139,0.8954959855766925,0.8954959943971076,0.8954958744123237,0.8954958682028604,0.8954958478215647,0.8954958744558696,0.8954958734725977,0.895495874055065,0.8954958749248382,0.8954958755632548,0.8954958749204635,0.8954958741986226,0.8954958732323104,0.8954958803894029,0.8954958817858588,0.8954958800133085,0.8954958795053526,0.8954958733838919,0.8954958718846346,0.8954958712199069,0.8954958681322465,0.8954958713205792,0.8954958653446836,0.8954958659074413,0.8954958662769288,0.8954958663631015,0.8954958650663057,0.8954958637512728,0.8954958571149892,0.8954958540196127,0.8954958641238462,0.8954958637980027,0.8954958648559723,0.8954958656541795,0.8954958632212869,0.895495872105037,0.8954958905358003,0.895495894231405,0.8954958748508483,0.8954958793854521,0.8954958913945759,0.8954958737371608,0.8954958639200491,0.8954959186891204
16,0.9116112156930317,0.9116112196100498,0.9116112379359328,0.9116112160500179,0.911611216108386,0.9116112159427789,0.9116112153554738,0.9116112151772758,0.9116112156335919,0.9116112159846025,0.9116112167729024,0.911611209455206,0.9116112104206018,0.9116112119448607,0.9116112104566031,0.9116112165260649,0.9116112171909764,0.9116112182372561,0.9116112197992886,0.9116112181059997,0.9116112222589026,0.9116112216775052,0.9116112213499721,0.9116112212877282,0.9116112220904586,0.911611223776825,0.9116112331143627,0.9116112368494063,0.9116112225761754,0.9116112226369704,0.9116112216884109,0.9116112220143979,0.9116112235255862,0.9116112173204027,0.9116112035864959,0.9116112007547494,0.9116112148540516,0.9116112112972071,0.9116112025201153,0.911611215431985,0.9116112214178146,0.9116111399919924,0.911611135778034,0.9116111219466602,0.9116111400215464,0.911611139354261,0.9116111397495424,0.9116111403398017,0.9116111407730529,0.9116111403368315,0.9116111398469647,0.9116111391911917,0.9116111440482461,0.9116111449959287,0.911611143793013,0.9116111434482953,0.9116111392940598,0.9116111382766113,0.911611137825504,0.9116111357301094,0.9116111378938236,0.9116111338383719,0.9116111342202791,0.911611134471026,0.911611134529506,0.911611133649455,0.9116111327570271,0.9116111282534135,0.9116111261527828,0.9116111330098688,0.9116111327887401,0.9116111335067152,0.9116111340484063,0.9116111323973605,0.9116111384261844,0.9116111509339396,0.9116111534419098,0.9116111402895883,0.9116111433669273,0.9116111515167366,0.9116111395337987,0.911611132871565,0.9116111700397564
16.4,0.9254155326965566,0.9254155353448528,0.9254155477354646,0.925415532937927,0.9254155329773703,0.925415532865398,0.9254155324683253,0.9254155323478428,0.9254155326563555,0.925415532893672,0.9254155334266425,0.925415528479145,0.9254155291318474,0.9254155301623973,0.9254155291561803,0.9254155332597542,0.9254155337092996,0.9254155344166899,0.9254155354727797,0.9254155343279471,0.9254155371357256,0.9254155367426424,0.9254155365211969,0.9254155364791137,0.9254155370218389,0.9254155381619901,0.9254155444750901,0.9254155470003418,0.9254155373502315,0.925415537391335,0.9254155367500144,0.9254155369704133,0.9254155379921282,0.9254155337968057,0.9254155245112915,0.925415522596751,0.9254155321293082,0.9254155297245162,0.9254155237903192,0.9254155325200389,0.9254155365670608,0.9254154815149673,0.9254154786659043,0.9254154693145341,0.9254154815349499,0.9254154810837958,0.9254154813510458,0.9254154817501213,0.9254154820430429,0.9254154817481129,0.9254154814169128,0.9254154809735439,0.9254154842574059,0.925415484898135,0.9254154840848413,0.9254154838517765,0.9254154810430929,0.9254154803551943,0.9254154800502,0.9254154786335007,0.9254154800963911,0.9254154773544944,0.9254154776127024,0.9254154777822328,0.925415477821771,0.9254154772267673,0.9254154766233951,0.9254154735784957,0.9254154721582564,0.9254154767943421,0.9254154766448366,0.9254154771302605,0.9254154774964988,0.9254154763802244,0.9254154804563209,0.9254154889128301,0.9254154906084745,0.9254154817161714,0.9254154837967642,0.9254154893068608,0.9254154812051798,0.9254154767008347,0.9254155018302952
16.8,0.9371887302054833,0.9371887319903146,0.9371887403412666,0.937188730368162,0.937188730394735,0.9371887303192681,0.9371887300516614,0.9371887299704601,0.9371887301783826,0.9371887303383221,0.9371887306975206,0.9371887273631306,0.9371887278030216,0.9371887284975645,0.9371887278194172,0.9371887305850446,0.9371887308880174,0.9371887313647663,0.9371887320765224,0.9371887313049575,0.9371887331972732,0.9371887329323529,0.9371887327831085,0.9371887327547462,0.9371887331205176,0.9371887338889272,0.9371887381436651,0.9371887398455644,0.9371887333418392,0.937188733369541,0.9371887329373204,0.9371887330858588,0.9371887337744484,0.9371887309469928,0.9371887246889686,0.9371887233986567,0.9371887298231765,0.9371887282024517,0.9371887242030701,0.9371887300865064,0.9371887328140164,0.9371886957113612,0.9371886937912189,0.9371886874888308,0.937188695724829,0.9371886954207702,0.9371886956008846,0.9371886958698439,0.93718869606726,0.9371886958684902,0.9371886956452758,0.9371886953464651,0.9371886975596425,0.9371886979914649,0.937188697443341,0.9371886972862655,0.9371886953933379,0.9371886949297248,0.9371886947241722,0.93718869376938,0.9371886947553029,0.9371886929073863,0.9371886930814071,0.9371886931956631,0.9371886932223102,0.937188692821304,0.9371886924146577,0.9371886903625307,0.9371886894053525,0.9371886925298688,0.9371886924291085,0.9371886927562628,0.9371886930030909,0.9371886922507714,0.9371886949978797,0.9371887006971901,0.9371887018399798,0.9371886958469631,0.9371886972491895,0.9371887009627498,0.9371886955025769,0.9371886924668487,0.9371887094029854
17.2,0.9471925001811049,0.9471925013807652,0.947192506993914,0.9471925002904511,0.9471925003083072,0.9471925002575812,0.9471925000777125,0.9471925000231329,0.9471925001628856,0.9471925002703873,0.9471925005118199,0.9471924982706353,0.9471924985663041,0.9471924990331352,0.9471924985773221,0.9471925004362196,0.9471925006398602,0.9471925009603033,0.9471925014387046,0.9471925009201032,0.9471925021920088,0.9471925020139447,0.9471925019136311,0.9471925018945675,0.9471925021404176,0.9471925026568978,0.9471925055166841,0.9471925066605995,0.947192502289177,0.9471925023077964,0.947192502017283,0.9471925021171217,0.9471925025799519,0.9471925006795004,0.9471924964732134,0.9471924956059417,0.9471924999241362,0.9471924988347769,0.9471924961466225,0.9471925001011292,0.9471925019344042,0.9471924769961222,0.9471924757055121,0.9471924714694161,0.9471924770051747,0.9471924768008034,0.947192476921866,0.9471924771026452,0.9471924772353371,0.9471924771017356,0.9471924769517036,0.9471924767508599,0.9471924782384314,0.9471924785286777,0.9471924781602599,0.9471924780546827,0.9471924767823651,0.9471924764707508,0.94719247633259,0.9471924756908331,0.9471924763535143,0.94719247511145,0.9471924752284171,0.9471924753052136,0.9471924753231242,0.9471924750535907,0.9471924747802659,0.9471924734009434,0.9471924727575827,0.9471924748577045,0.9471924747899791,0.9471924750098736,0.9471924751757773,0.947192474670111,0.9471924765165604,0.947192480347311,0.9471924811154299,0.9471924770872662,0.9471924780297624,0.9471924805258053,0.9471924768557888,0.9471924748153456,0.9471924861988485
17.6,0.9556661666871403,0.9556661674916498,0.9556661712559701,0.9556661667604709,0.9556661667724429,0.9556661667384244,0.9556661666178027,0.9556661665812004,0.9556661666749202,0.9556661667470122,0.9556661669089208,0.9556661654059494,0.9556661656042288,0.9556661659172924,0.9556661656116167,0.9556661668582217,0.9556661669947859,0.95566616720968,0.9556661675305029,0.9556661671827212,0.9556661680356796,0.9556661679162674,0.9556661678489955,0.9556661678362112,0.9556661680010814,0.9556661683474403,0.9556661702652534,0.9556661710323783,0.9556661681008414,0.9556661681133278,0.9556661679185056,0.9556661679854588,0.9556661682958395,0.9556661670213695,0.9556661642005694,0.9556661636189649,0.9556661665148115,0.9556661657842701,0.9556661639815537,0.9556661666335041,0.9556661678629252,0.9556661511389388,0.955666150273436,0.9556661474326503,0.9556661511450097,0.9556661510079549,0.9556661510891411,0.9556661512103746,0.9556661512993596,0.9556661512097643,0.9556661511091504,0.9556661509744619,0.95566615197205,0.9556661521666933,0.9556661519196268,0.955666151848825,0.9556661509955897,0.9556661507866164,0.9556661506939639,0.955666150263592,0.9556661507079961,0.9556661498750489,0.9556661499534888,0.9556661500049897,0.9556661500170008,0.9556661498362475,0.9556661496529518,0.955666148727957,0.9556661482965095,0.9556661497048834,0.9556661496594656,0.9556661498069301,0.9556661499181877,0.9556661495790801,0.955666150817337,0.9556661533862961,0.9556661539014085,0.9556661512000613,0.9556661518321131,0.9556661535059972,0.9556661510448287,0.9556661496764767,0.955666157310425
18,0.9628248050465976,0.9628248055850794,0.9628248081046804,0.9628248050956808,0.9628248051036927,0.9628248050809231,0.9628248050001874,0.9628248049756881,0.9628248050384175,0.9628248050866708,0.9628248051950409,0.9628248041890578,0.962824804321772,0.9628248045313146,0.9628248043267162,0.9628248051611065,0.9628248052525128,0.9628248053963477,0.9628248056110839,0.9628248053783035,0.9628248059492137,0.9628248058692876,0.9628248058242606,0.9628248058157036,0.9628248059260559,0.9628248061578841,0.9628248074415322,0.9628248079549907,0.9628248059928283,0.9628248060011857,0.9628248058707854,0.9628248059155989,0.9628248061233462,0.9628248052703061,0.9628248033822603,0.9628248029929758,0.9628248049312521,0.9628248044422786,0.9628248032356673,0.9628248050106959,0.962824805833584,0.9628247946397216,0.962824794060415,0.9628247921589945,0.9628247946437853,0.9628247945520503,0.9628247946063909,0.9628247946875358,0.9628247947470963,0.9628247946871277,0.9628247946197838,0.9628247945296325,0.9628247951973479,0.9628247953276287,0.9628247951622594,0.9628247951148698,0.962824794543774,0.9628247944039019,0.9628247943418865,0.9628247940538258,0.9628247943512787,0.9628247937937624,0.9628247938462646,0.9628247938807356,0.9628247938887752,0.9628247937677914,0.9628247936451063,0.9628247930259796,0.9628247927371989,0.9628247936798655,0.9628247936494658,0.9628247937481685,0.9628247938226363,0.9628247935956616,0.9628247944244641,0.9628247961439448,0.9628247964887255,0.962824794680633,0.962824795103684,0.9628247962240645,0.962824794576731,0.9628247936608521,0.9628247987704811
18.4,0.9688590434479596,0.9688590438078,0.9688590454915386,0.9688590434807598,0.9688590434861133,0.9688590434708971,0.9688590434169458,0.9688590434005742,0.9688590434424931,0.9688590434747383,0.9688590435471568,0.9688590428749083,0.9688590429635944,0.9688590431036211,0.9688590429668984,0.96885904352448,0.9688590435855623,0.9688590436816797,0.9688590438251773,0.9688590436696217,0.9688590440511324,0.968859043997722,0.9688590439676327,0.9688590439619144,0.968859044035657,0.9688590441905762,0.9688590450483735,0.9688590453914916,0.9688590440802775,0.9688590440858622,0.9688590439987226,0.9688590440286692,0.9688590441674965,0.9688590435974523,0.9688590423357653,0.9688590420756262,0.9688590433708799,0.9688590430441228,0.9688590422378046,0.9688590434239674,0.9688590439738624,0.9688590364935625,0.9688590361064403,0.9688590348358165,0.968859036496278,0.968859036434976,0.968859036471289,0.9688590365255141,0.9688590365653154,0.9688590365252413,0.9688590364802387,0.9688590364199953,0.9688590368661962,0.9688590369532563,0.9688590368427482,0.9688590368110802,0.9688590364294453,0.9688590363359757,0.9688590362945342,0.9688590361020375,0.9688590363008105,0.9688590359282498,0.9688590359633347,0.9688590359863699,0.9688590359917424,0.968859035910895,0.9688590358289103,0.9688590354151787,0.9688590352222008,0.9688590358521384,0.9688590358318239,0.9688590358977818,0.968859035947545,0.968859035795869,0.9688590363497166,0.9688590374987595,0.9688590377291596,0.9688590365209018,0.9688590368036053,0.9688590375522994,0.9688590364514684,0.9688590358394324,0.9688590392539428
18.8,0.9739359800869941,0.9739359803271316,0.9739359814507723,0.9739359801088833,0.9739359801124556,0.9739359801023011,0.9739359800662972,0.9739359800553715,0.9739359800833458,0.9739359801048645,0.9739359801531925,0.9739359797045712,0.9739359797637553,0.9739359798572015,0.97393597976596,0.9739359801380593,0.9739359801788221,0.9739359802429656,0.9739359803387279,0.9739359802349186,0.9739359804895178,0.9739359804538748,0.9739359804337948,0.9739359804299788,0.9739359804791904,0.9739359805825747,0.9739359811550206,0.9739359813839983,0.9739359805089676,0.9739359805126944,0.9739359804545423,0.9739359804745269,0.9739359805671725,0.973935980186757,0.9739359793447766,0.9739359791711747,0.973935980035555,0.9739359798174955,0.9739359792794035,0.9739359800709828,0.9739359804379518,0.9739359754460143,0.9739359751876703,0.9739359743397268,0.9739359754478265,0.9739359754069167,0.9739359754311501,0.9739359754673368,0.9739359754938983,0.973935975467155,0.9739359754371227,0.9739359753969197,0.9739359756946894,0.9739359757527883,0.9739359756790414,0.9739359756579082,0.973935975403226,0.9739359753408495,0.9739359753131938,0.9739359751847323,0.9739359753173823,0.9739359750687561,0.9739359750921698,0.9739359751075424,0.9739359751111276,0.9739359750571744,0.9739359750024624,0.9739359747263606,0.973935974597578,0.9739359750179635,0.9739359750044068,0.9739359750484232,0.9739359750816325,0.9739359749804124,0.9739359753500192,0.9739359761168271,0.9739359762705835,0.9739359754642589,0.9739359756529198,0.9739359761525568,0.9739359754179232,0.973935975009484,0.9739359772881391
19.2,0.978200782023612,0.9782007821836841,0.9782007829326906,0.9782007820382033,0.9782007820405844,0.9782007820338153,0.9782007820098156,0.9782007820025327,0.97820078202118,0.9782007820355241,0.9782007820677389,0.9782007817686945,0.9782007818081457,0.9782007818704355,0.9782007818096152,0.9782007820576514,0.9782007820848231,0.9782007821275803,0.9782007821914142,0.9782007821222163,0.9782007822919286,0.9782007822681696,0.9782007822547846,0.9782007822522408,0.9782007822850445,0.9782007823539588,0.9782007827355428,0.9782007828881759,0.9782007823048932,0.9782007823073776,0.9782007822686144,0.9782007822819355,0.978200782343692,0.9782007820901124,0.9782007815288604,0.9782007814131399,0.9782007819893236,0.9782007818439682,0.9782007814852833,0.978200782012939,0.9782007822575552,0.9782007789300015,0.9782007787577928,0.9782007781925658,0.9782007789312093,0.9782007789039394,0.9782007789200933,0.9782007789442145,0.9782007789619201,0.9782007789440936,0.9782007789240744,0.9782007788972755,0.9782007790957645,0.9782007791344924,0.9782007790853338,0.9782007790712468,0.9782007789014793,0.9782007788599,0.9782007788414649,0.9782007787558343,0.9782007788442569,0.9782007786785263,0.9782007786941335,0.9782007787043807,0.9782007787067706,0.9782007786708062,0.9782007786343359,0.9782007784502903,0.9782007783644456,0.9782007786446688,0.9782007786356319,0.9782007786649728,0.9782007786871095,0.9782007786196376,0.9782007788660126,0.9782007793771552,0.9782007794796475,0.9782007789421631,0.9782007790679216,0.9782007794009722,0.9782007789112761,0.9782007786390163,0.9782007801579352
19.6,0.9817786484793203,0.9817786485859202,0.9817786490847231,0.9817786484890372,0.9817786484906229,0.9817786484861152,0.9817786484701325,0.9817786484652825,0.9817786484777008,0.9817786484872532,0.9817786485087068,0.9817786483095579,0.9817786483358305,0.9817786483773123,0.9817786483368089,0.9817786485019889,0.9817786485200839,0.981778648548558,0.9817786485910682,0.981778648544986,0.9817786486580058,0.9817786486421837,0.9817786486332699,0.9817786486315758,0.9817786486534213,0.9817786486993147,0.9817786489534306,0.9817786490550766,0.9817786486666394,0.9817786486682938,0.9817786486424797,0.9817786486513509,0.9817786486924776,0.9817786485236064,0.9817786481498402,0.9817786480727765,0.9817786484564857,0.9817786483596863,0.9817786481208199,0.9817786484722123,0.9817786486351147,0.981778646419129,0.9817786463044466,0.9817786459280333,0.9817786464199335,0.9817786464017731,0.9817786464125308,0.9817786464285944,0.9817786464403854,0.9817786464285141,0.9817786464151821,0.9817786463973354,0.9817786465295193,0.98177864655531,0.9817786465225727,0.9817786465131914,0.9817786464001349,0.9817786463724451,0.9817786463601683,0.9817786463031425,0.9817786463620276,0.9817786462516592,0.9817786462620529,0.981778646268877,0.9817786462704686,0.981778646246518,0.9817786462222304,0.9817786460996651,0.9817786460424966,0.9817786462291118,0.9817786462230936,0.9817786462426331,0.9817786462573751,0.9817786462124422,0.9817786463765155,0.9817786467169113,0.9817786467851661,0.9817786464272282,0.981778646510977,0.981778646732772,0.9817786464066587,0.9817786462253473,0.9817786472368719
20,0.9847769165111802,0.9847769165821136,0.9847769169140275,0.9847769165176462,0.9847769165187011,0.9847769165157018,0.9847769165050666,0.9847769165018393,0.9847769165101026,0.984776916516459,0.9847769165307346,0.9847769163982172,0.9847769164156993,0.9847769164433022,0.9847769164163506,0.9847769165262643,0.9847769165383051,0.9847769165572524,0.9847769165855396,0.9847769165548753,0.9847769166300812,0.9847769166195529,0.9847769166136214,0.984776916612494,0.9847769166270305,0.9847769166575688,0.984776916826662,0.9847769168942991,0.9847769166358261,0.9847769166369269,0.9847769166197496,0.9847769166256527,0.9847769166530193,0.9847769165406491,0.9847769162919379,0.9847769162406583,0.9847769164959856,0.9847769164315735,0.9847769162726271,0.9847769165064505,0.9847769166148488,0.9847769151402895,0.9847769150639778,0.9847769148135053,0.9847769151408251,0.9847769151287407,0.984776915135899,0.984776915146588,0.984776915154434,0.9847769151465348,0.9847769151376634,0.9847769151257879,0.9847769152137456,0.984776915230907,0.984776915209123,0.9847769152028807,0.9847769151276506,0.9847769151092253,0.9847769151010562,0.9847769150631105,0.9847769151022935,0.9847769150288523,0.9847769150357686,0.9847769150403095,0.9847769150413684,0.9847769150254314,0.9847769150092699,0.9847769149277125,0.9847769148896715,0.984776915013849,0.9847769150098443,0.9847769150228461,0.9847769150326557,0.9847769150027564,0.9847769151119338,0.9847769153384399,0.9847769153838579,0.9847769151456792,0.9847769152014071,0.9847769153489938,0.9847769151319919,0.9847769150113438,0.9847769156844313
20.4,0.9872871609291182,0.987287160976287,0.9872871611970017,0.9872871609334178,0.9872871609341194,0.9872871609321248,0.9872871609250529,0.9872871609229066,0.9872871609284015,0.9872871609326284,0.9872871609421212,0.9872871608540007,0.9872871608656256,0.9872871608839809,0.9872871608660586,0.9872871609391487,0.9872871609471553,0.9872871609597549,0.9872871609785653,0.9872871609581741,0.987287161008184,0.9872871610011832,0.987287160997239,0.9872871609964893,0.9872871610061555,0.9872871610264626,0.9872871611389052,0.9872871611838823,0.9872871610120043,0.9872871610127363,0.9872871610013139,0.9872871610052392,0.9872871610234375,0.9872871609487143,0.9872871607833273,0.9872871607492278,0.9872871609190141,0.9872871608761817,0.9872871607704862,0.9872871609259728,0.9872871609980551,0.9872871600175106,0.987287159966765,0.9872871598002071,0.9872871600178666,0.9872871600098307,0.9872871600145909,0.9872871600216987,0.9872871600269162,0.9872871600216634,0.9872871600157641,0.9872871600078673,0.9872871600663568,0.9872871600777687,0.987287160063283,0.9872871600591321,0.987287160009106,0.9872871599968536,0.9872871599914212,0.9872871599661883,0.987287159992244,0.9872871599434077,0.9872871599480069,0.9872871599510264,0.9872871599517307,0.9872871599411328,0.987287159930386,0.9872871598761522,0.9872871598508558,0.9872871599334309,0.9872871599307679,0.9872871599394136,0.9872871599459369,0.9872871599260545,0.9872871599986545,0.987287160149275,0.9872871601794774,0.9872871600210945,0.9872871600581519,0.9872871601562934,0.9872871600119927,0.9872871599317647,0.9872871603793507
20.8,0.9893871954262278,0.9893871954575764,0.9893871956042642,0.9893871954290856,0.9893871954295517,0.989387195428226,0.9893871954235259,0.9893871954220993,0.9893871954257516,0.9893871954285609,0.98938719543487,0.9893871953763044,0.9893871953840304,0.9893871953962295,0.9893871953843183,0.9893871954328942,0.9893871954382157,0.9893871954465892,0.9893871954590906,0.9893871954455385,0.9893871954787754,0.9893871954741228,0.9893871954715014,0.9893871954710032,0.9893871954774269,0.9893871954909231,0.9893871955656529,0.9893871955955447,0.989387195481314,0.9893871954818004,0.9893871954742094,0.9893871954768179,0.9893871954889127,0.9893871954392514,0.9893871953293346,0.9893871953066724,0.9893871954195129,0.9893871953910459,0.9893871953208003,0.9893871954241376,0.9893871954720435,0.9893871948203702,0.9893871947866445,0.9893871946759496,0.9893871948206069,0.9893871948152662,0.9893871948184298,0.9893871948231537,0.9893871948266214,0.9893871948231304,0.9893871948192097,0.9893871948139616,0.9893871948528337,0.9893871948604182,0.9893871948507907,0.9893871948480323,0.9893871948147847,0.9893871948066416,0.9893871948030314,0.9893871947862615,0.9893871948035781,0.9893871947711215,0.989387194774178,0.9893871947761851,0.9893871947766529,0.9893871947696097,0.9893871947624669,0.9893871947264231,0.9893871947096109,0.989387194764491,0.989387194762721,0.989387194768467,0.9893871947728021,0.9893871947595884,0.9893871948078385,0.9893871949079414,0.9893871949280141,0.9893871948227524,0.9893871948473807,0.9893871949126058,0.989387194816703,0.9893871947633835,0.9893871950608504
21.2,0.9911429214968341,0.9911429215176587,0.9911429216151026,0.9911429214987325,0.9911429214990422,0.9911429214981615,0.9911429214950395,0.9911429214940918,0.9911429214965177,0.9911429214983839,0.9911429215025751,0.9911429214636704,0.9911429214688028,0.9911429214769065,0.9911429214689941,0.9911429215012625,0.9911429215047975,0.9911429215103602,0.9911429215186648,0.9911429215096623,0.9911429215317414,0.9911429215286508,0.9911429215269094,0.9911429215265782,0.9911429215308454,0.991142921539811,0.9911429215894534,0.9911429216093103,0.9911429215334275,0.9911429215337507,0.9911429215287082,0.9911429215304409,0.9911429215384755,0.9911429215054857,0.9911429214324688,0.9911429214174146,0.9911429214923734,0.9911429214734631,0.9911429214267996,0.9911429214954459,0.9911429215272691,0.9911429210943677,0.9911429210719637,0.9911429209984296,0.9911429210945248,0.9911429210909769,0.9911429210930786,0.9911429210962165,0.9911429210985202,0.9911429210962013,0.9911429210935967,0.9911429210901104,0.9911429211159328,0.991142921120971,0.9911429211145756,0.9911429211127433,0.991142921090657,0.9911429210852479,0.9911429210828495,0.9911429210717095,0.9911429210832129,0.9911429210616519,0.9911429210636825,0.9911429210650158,0.9911429210653268,0.9911429210606478,0.991142921055903,0.991142921031959,0.9911429210207907,0.9911429210572474,0.9911429210560715,0.9911429210598887,0.9911429210627686,0.9911429210539907,0.9911429210860428,0.9911429211525405,0.9911429211658749,0.9911429210959503,0.9911429211123104,0.9911429211556388,0.9911429210919315,0.9911429210565117,0.9911429212541167
21.6,0.9926099991943369,0.9926099992081652,0.992609999272871,0.9926099991955974,0.9926099991958031,0.9926099991952183,0.9926099991931453,0.992609999192516,0.9926099991941268,0.9926099991953661,0.9926099991981492,0.9926099991723154,0.9926099991757232,0.9926099991811043,0.99260999917585,0.9926099991972777,0.992609999199625,0.9926099992033185,0.9926099992088334,0.9926099992028552,0.9926099992175167,0.9926099992154647,0.9926099992143083,0.9926099992140883,0.9926099992169217,0.992609999222875,0.992609999255839,0.9926099992690247,0.9926099992186362,0.9926099992188507,0.9926099992155023,0.9926099992166528,0.9926099992219881,0.9926099992000821,0.992609999151596,0.9926099991415998,0.9926099991913747,0.9926099991788176,0.9926099991478313,0.9926099991934147,0.9926099992145466,0.9926099989270853,0.9926099989122082,0.9926099988633789,0.9926099989271897,0.9926099989248337,0.9926099989262294,0.9926099989283129,0.9926099989298427,0.992609998928303,0.9926099989265734,0.9926099989242584,0.9926099989414052,0.9926099989447509,0.9926099989405039,0.9926099989392875,0.9926099989246214,0.9926099989210294,0.9926099989194369,0.9926099989120395,0.9926099989196782,0.9926099989053608,0.9926099989067093,0.9926099989075946,0.9926099989078011,0.9926099989046943,0.9926099989015433,0.9926099988856436,0.9926099988782275,0.9926099989024363,0.9926099989016552,0.99260999890419,0.9926099989061024,0.9926099989002735,0.9926099989215572,0.9926099989657138,0.9926099989745687,0.9926099989281362,0.9926099989389999,0.9926099989677714,0.9926099989254672,0.9926099989019475,0.9926099990331639
22,0.9938353321174419,0.9938353321266215,0.9938353321695743,0.9938353321182788,0.9938353321184153,0.9938353321180272,0.993835332116651,0.9938353321162333,0.9938353321173027,0.9938353321181254,0.9938353321199728,0.9938353321028239,0.993835332105086,0.9938353321086582,0.9938353321051702,0.9938353321193942,0.9938353321209524,0.9938353321234044,0.9938353321270651,0.9938353321230966,0.9938353321328294,0.9938353321314671,0.9938353321306994,0.9938353321305534,0.993835332132434,0.9938353321363861,0.9938353321582682,0.993835332167021,0.9938353321335722,0.9938353321337147,0.993835332131492,0.9938353321322556,0.9938353321357973,0.9938353321212556,0.9938353320890698,0.9938353320824345,0.9938353321154756,0.9938353321071404,0.9938353320865706,0.9938353321168298,0.9938353321308575,0.9938353319400357,0.99383533193016,0.9938353318977461,0.9938353319401052,0.9938353319385411,0.9938353319394677,0.9938353319408507,0.9938353319418665,0.9938353319408444,0.993835331939696,0.9938353319381593,0.9938353319495418,0.9938353319517628,0.9938353319489434,0.9938353319481359,0.9938353319384002,0.9938353319360157,0.9938353319349588,0.9938353319300482,0.9938353319351189,0.9938353319256148,0.9938353319265101,0.9938353319270977,0.9938353319272349,0.9938353319251724,0.9938353319230805,0.9938353319125259,0.9938353319076031,0.9938353319236735,0.9938353319231549,0.9938353319248375,0.993835331926107,0.9938353319222376,0.9938353319363664,0.993835331965678,0.9938353319715562,0.9938353319407334,0.9938353319479448,0.9938353319670438,0.9938353319389616,0.9938353319233489,0.9938353320104524
22.4,0.9948583706907288,0.9948583706968204,0.9948583707253257,0.9948583706912841,0.9948583706913747,0.9948583706911168,0.9948583706902038,0.9948583706899264,0.9948583706906362,0.9948583706911821,0.9948583706924082,0.9948583706810277,0.9948583706825288,0.9948583706848995,0.9948583706825846,0.9948583706920243,0.9948583706930583,0.9948583706946856,0.994858370697115,0.9948583706944814,0.9948583707009403,0.9948583707000366,0.9948583706995271,0.9948583706994302,0.9948583707006783,0.9948583707033007,0.9948583707178226,0.9948583707236313,0.9948583707014335,0.9948583707015277,0.9948583707000529,0.9948583707005597,0.9948583707029102,0.9948583706932598,0.9948583706718997,0.9948583706674964,0.9948583706894238,0.994858370683892,0.9948583706702414,0.9948583706903225,0.9948583706996318,0.9948583705729955,0.9948583705664416,0.9948583705449303,0.9948583705730417,0.9948583705720035,0.9948583705726185,0.9948583705735363,0.9948583705742102,0.9948583705735323,0.9948583705727703,0.9948583705717504,0.994858370579304,0.9948583705807779,0.994858370578907,0.9948583705783715,0.9948583705719104,0.9948583705703281,0.9948583705696266,0.9948583705663682,0.9948583705697331,0.9948583705634256,0.9948583705640199,0.9948583705644101,0.9948583705645011,0.9948583705631322,0.9948583705617439,0.9948583705547394,0.9948583705514722,0.9948583705621376,0.9948583705617934,0.9948583705629099,0.9948583705637523,0.9948583705611844,0.9948583705705606,0.9948583705900128,0.9948583705939138,0.9948583705734587,0.9948583705782442,0.9948583705909191,0.9948583705722829,0.9948583705619217,0.9948583706197266
22.8,0.9957122447580539,0.9957122447620956,0.9957122447810085,0.9957122447584223,0.9957122447584824,0.9957122447583115,0.9957122447577056,0.9957122447575217,0.9957122447579926,0.9957122447583547,0.9957122447591684,0.9957122447516173,0.9957122447526133,0.9957122447541864,0.9957122447526505,0.9957122447589136,0.9957122447595996,0.9957122447606792,0.9957122447622914,0.9957122447605438,0.9957122447648293,0.9957122447642299,0.9957122447638919,0.9957122447638275,0.9957122447646554,0.9957122447663953,0.9957122447760303,0.9957122447798842,0.9957122447651563,0.9957122447652188,0.9957122447642405,0.9957122447645765,0.9957122447661363,0.9957122447597332,0.9957122447455613,0.9957122447426399,0.9957122447571882,0.9957122447535178,0.9957122447444609,0.9957122447577844,0.9957122447639611,0.9957122446799402,0.9957122446755914,0.9957122446613188,0.9957122446799707,0.9957122446792818,0.9957122446796899,0.995712244680299,0.9957122446807462,0.9957122446802964,0.9957122446797906,0.995712244679114,0.9957122446841258,0.9957122446851036,0.9957122446838621,0.9957122446835068,0.9957122446792201,0.9957122446781701,0.9957122446777048,0.9957122446755428,0.9957122446777753,0.9957122446735907,0.9957122446739849,0.9957122446742438,0.9957122446743042,0.995712244673396,0.9957122446724748,0.9957122446678273,0.9957122446656596,0.9957122446727361,0.9957122446725076,0.9957122446732484,0.9957122446738074,0.9957122446721035,0.9957122446783244,0.9957122446912308,0.9957122446938191,0.9957122446802478,0.9957122446834225,0.9957122446918318,0.9957122446794675,0.9957122446725926,0.9957122447109452
23.2,0.9964247402112846,0.9964247402139657,0.9964247402265116,0.9964247402115289,0.9964247402115689,0.9964247402114552,0.9964247402110534,0.9964247402109314,0.9964247402112437,0.9964247402114842,0.996424740212024,0.9964247402070149,0.9964247402076756,0.996424740208719,0.9964247402077002,0.9964247402118549,0.9964247402123099,0.9964247402130261,0.9964247402140956,0.9964247402129364,0.9964247402157791,0.9964247402153815,0.9964247402151573,0.9964247402151145,0.9964247402156636,0.9964247402168179,0.9964247402232091,0.9964247402257658,0.996424740215996,0.9964247402160376,0.9964247402153884,0.9964247402156112,0.9964247402166458,0.9964247402123986,0.9964247402029974,0.9964247402010598,0.9964247402107101,0.9964247402082755,0.9964247402022676,0.9964247402111056,0.9964247402152031,0.9964247401594676,0.9964247401565828,0.9964247401471145,0.9964247401594879,0.9964247401590309,0.9964247401593016,0.9964247401597054,0.9964247401600024,0.9964247401597039,0.9964247401593685,0.9964247401589197,0.9964247401622441,0.9964247401628928,0.9964247401620693,0.9964247401618337,0.9964247401589902,0.9964247401582936,0.996424740157985,0.9964247401565507,0.9964247401580318,0.9964247401552557,0.9964247401555173,0.996424740155689,0.9964247401557291,0.9964247401551265,0.9964247401545152,0.9964247401514322,0.9964247401499943,0.9964247401546888,0.9964247401545371,0.9964247401550287,0.9964247401553993,0.996424740154269,0.9964247401583959,0.9964247401669573,0.9964247401686747,0.9964247401596719,0.9964247401617776,0.9964247401673558,0.9964247401591538,0.9964247401545936,0.9964247401800349
23.6,0.9970191359131976,0.9970191359149756,0.9970191359232967,0.9970191359133596,0.997019135913386,0.9970191359133108,0.9970191359130443,0.9970191359129633,0.9970191359131705,0.99701913591333,0.997019135913688,0.9970191359103655,0.9970191359108037,0.9970191359114959,0.9970191359108201,0.9970191359135758,0.9970191359138777,0.9970191359143525,0.9970191359150621,0.997019135914293,0.9970191359161786,0.9970191359159152,0.9970191359157664,0.997019135915738,0.9970191359161021,0.9970191359168674,0.9970191359211065,0.997019135922802,0.9970191359163223,0.9970191359163499,0.9970191359159193,0.9970191359160672,0.9970191359167534,0.9970191359139363,0.9970191359077009,0.9970191359064158,0.9970191359128165,0.9970191359112016,0.9970191359072167,0.9970191359130787,0.9970191359157963,0.9970191358788297,0.9970191358769164,0.9970191358706363,0.9970191358788431,0.9970191358785399,0.9970191358787195,0.9970191358789873,0.9970191358791843,0.9970191358789866,0.997019135878764,0.9970191358784665,0.9970191358806711,0.9970191358811014,0.997019135880555,0.9970191358803989,0.997019135878513,0.9970191358780509,0.9970191358778462,0.9970191358768949,0.9970191358778773,0.997019135876036,0.9970191358762096,0.9970191358763234,0.99701913587635,0.9970191358759503,0.9970191358755449,0.9970191358735001,0.9970191358725463,0.99701913587566,0.9970191358755596,0.9970191358758853,0.9970191358761311,0.9970191358753817,0.9970191358781187,0.9970191358837969,0.997019135884936,0.997019135878965,0.9970191358803616,0.9970191358840615,0.9970191358786213,0.9970191358755969,0.9970191358924708
24,0.9975149173187428,0.9975149173199219,0.9975149173254403,0.9975149173188504,0.9975149173188679,0.9975149173188179,0.9975149173186412,0.9975149173185874,0.9975149173187249,0.9975149173188308,0.9975149173190683,0.9975149173168649,0.9975149173171552,0.9975149173176144,0.9975149173171663,0.9975149173189937,0.9975149173191938,0.9975149173195089,0.9975149173199794,0.9975149173194694,0.99751491732072,0.9975149173205454,0.9975149173204466,0.9975149173204276,0.9975149173206691,0.9975149173211767,0.9975149173239878,0.9975149173251122,0.9975149173208151,0.9975149173208333,0.997514917320548,0.9975149173206459,0.9975149173211012,0.9975149173192329,0.9975149173150977,0.9975149173142456,0.9975149173184902,0.9975149173174195,0.9975149173147766,0.9975149173186639,0.9975149173204665,0.9975149172959517,0.9975149172946827,0.9975149172905178,0.9975149172959605,0.9975149172957594,0.9975149172958786,0.9975149172960561,0.9975149172961867,0.9975149172960558,0.9975149172959079,0.9975149172957106,0.9975149172971727,0.997514917297458,0.9975149172970956,0.9975149172969922,0.9975149172957416,0.997514917295435,0.9975149172952992,0.9975149172946686,0.9975149172953198,0.9975149172940988,0.997514917294214,0.9975149172942896,0.9975149172943074,0.9975149172940423,0.9975149172937733,0.997514917292417,0.9975149172917847,0.9975149172938498,0.9975149172937829,0.9975149172939991,0.9975149172941621,0.9975149172936648,0.9975149172954801,0.9975149172992455,0.997514917300001,0.9975149172960415,0.9975149172969675,0.997514917299421,0.9975149172958132,0.9975149172938077,0.9975149173049978
24.4,0.9979283824971615,0.9979283824979432,0.9979283825016023,0.9979283824972328,0.9979283824972442,0.9979283824972109,0.997928382497094,0.9979283824970583,0.9979283824971494,0.9979283824972196,0.9979283824973771,0.9979283824959162,0.9979283824961088,0.9979283824964131,0.997928382496116,0.9979283824973277,0.9979283824974604,0.9979283824976691,0.9979283824979812,0.9979283824976429,0.9979283824984723,0.9979283824983566,0.9979283824982911,0.9979283824982786,0.9979283824984385,0.997928382498775,0.9979283825006391,0.9979283825013846,0.9979283824985351,0.9979283824985472,0.9979283824983581,0.997928382498423,0.9979283824987251,0.9979283824974862,0.9979283824947441,0.9979283824941795,0.9979283824969938,0.9979283824962839,0.9979283824945313,0.9979283824971088,0.9979283824983041,0.9979283824820491,0.9979283824812075,0.9979283824784456,0.9979283824820548,0.9979283824819215,0.9979283824820006,0.9979283824821183,0.9979283824822049,0.997928382482118,0.9979283824820201,0.9979283824818893,0.9979283824828586,0.9979283824830477,0.9979283824828075,0.997928382482739,0.9979283824819096,0.9979283824817063,0.9979283824816163,0.9979283824811982,0.99792838248163,0.9979283824808203,0.9979283824808968,0.997928382480947,0.9979283824809587,0.997928382480783,0.9979283824806044,0.9979283824797051,0.9979283824792857,0.9979283824806554,0.997928382480611,0.9979283824807541,0.9979283824808621,0.9979283824805325,0.997928382481736,0.997928382484233,0.9979283824847344,0.9979283824821087,0.9979283824827226,0.9979283824843493,0.9979283824819568,0.9979283824806274,0.997928382488047
24.8,0.9982731550807827,0.998273155081301,0.998273155083727,0.99827315508083,0.9982731550808377,0.9982731550808158,0.9982731550807381,0.9982731550807145,0.9982731550807751,0.9982731550808216,0.998273155080926,0.9982731550799573,0.9982731550800847,0.9982731550802868,0.9982731550800897,0.9982731550808933,0.9982731550809812,0.9982731550811197,0.9982731550813265,0.9982731550811024,0.9982731550816523,0.9982731550815757,0.9982731550815321,0.9982731550815238,0.9982731550816296,0.9982731550818525,0.9982731550830883,0.9982731550835827,0.9982731550816938,0.9982731550817016,0.9982731550815764,0.9982731550816192,0.9982731550818195,0.9982731550809983,0.9982731550791802,0.9982731550788062,0.9982731550806719,0.998273155080201,0.9982731550790389,0.9982731550807481,0.9982731550815404,0.9982731550707634,0.9982731550702052,0.9982731550683738,0.9982731550707672,0.9982731550706787,0.9982731550707312,0.9982731550708092,0.9982731550708668,0.9982731550708094,0.9982731550707442,0.9982731550706577,0.9982731550713002,0.9982731550714254,0.9982731550712661,0.9982731550712208,0.9982731550706712,0.9982731550705363,0.9982731550704766,0.9982731550701993,0.9982731550704858,0.9982731550699488,0.9982731550699996,0.9982731550700329,0.9982731550700408,0.9982731550699241,0.9982731550698056,0.9982731550692092,0.998273155068931,0.9982731550698397,0.9982731550698101,0.998273155069905,0.9982731550699766,0.998273155069758,0.9982731550705561,0.9982731550722113,0.9982731550725439,0.9982731550708031,0.9982731550712097,0.9982731550722882,0.9982731550707025,0.9982731550698204,0.9982731550747398
25.2,0.9985606172626873,0.9985606172630307,0.998560617264639,0.9985606172627186,0.9985606172627236,0.9985606172627092,0.9985606172626577,0.998560617262642,0.9985606172626822,0.9985606172627133,0.9985606172627826,0.99856061726214,0.9985606172622244,0.9985606172623586,0.9985606172622278,0.9985606172627608,0.998560617262819,0.9985606172629107,0.9985606172630481,0.9985606172628992,0.9985606172632637,0.9985606172632132,0.9985606172631845,0.9985606172631788,0.998560617263249,0.9985606172633966,0.9985606172642156,0.9985606172645434,0.9985606172632915,0.9985606172632967,0.9985606172632137,0.9985606172632421,0.9985606172633746,0.9985606172628305,0.9985606172616247,0.998560617261377,0.9985606172626137,0.9985606172623017,0.9985606172615309,0.9985606172626642,0.9985606172631893,0.9985606172560446,0.9985606172556745,0.9985606172544602,0.9985606172560473,0.9985606172559884,0.9985606172560233,0.9985606172560749,0.9985606172561131,0.9985606172560751,0.998560617256032,0.9985606172559748,0.9985606172564004,0.9985606172564836,0.9985606172563779,0.9985606172563478,0.9985606172559834,0.9985606172558942,0.9985606172558547,0.9985606172556708,0.9985606172558606,0.9985606172555046,0.9985606172555384,0.9985606172555604,0.9985606172555657,0.9985606172554882,0.9985606172554096,0.9985606172550141,0.9985606172548296,0.9985606172554322,0.9985606172554126,0.9985606172554756,0.9985606172555228,0.9985606172553779,0.9985606172559069,0.9985606172570044,0.998560617257225,0.9985606172560711,0.9985606172563405,0.9985606172570554,0.998560617256004,0.9985606172554197,0.9985606172586809
25.6,0.9988002744947921,0.9988002744950198,0.9988002744960857,0.9988002744948129,0.9988002744948163,0.9988002744948068,0.9988002744947727,0.9988002744947622,0.9988002744947889,0.9988002744948093,0.9988002744948553,0.9988002744944294,0.9988002744944855,0.9988002744945742,0.9988002744944876,0.998800274494841,0.9988002744948796,0.9988002744949404,0.9988002744950314,0.9988002744949327,0.9988002744951743,0.998800274495141,0.9988002744951219,0.9988002744951181,0.9988002744951644,0.9988002744952623,0.9988002744958051,0.9988002744960223,0.9988002744951925,0.9988002744951959,0.9988002744951411,0.9988002744951597,0.9988002744952477,0.9988002744948872,0.9988002744940877,0.9988002744939236,0.9988002744947435,0.9988002744945363,0.9988002744940253,0.998800274494777,0.9988002744951248,0.9988002744903884,0.998800274490143,0.9988002744893376,0.99880027449039,0.998800274490351,0.9988002744903741,0.9988002744904082,0.9988002744904337,0.9988002744904088,0.9988002744903799,0.9988002744903418,0.9988002744906244,0.9988002744906792,0.998800274490609,0.9988002744905894,0.9988002744903477,0.9988002744902884,0.9988002744902623,0.9988002744901406,0.9988002744902663,0.9988002744900305,0.9988002744900529,0.9988002744900676,0.998800274490071,0.9988002744900195,0.9988002744899672,0.9988002744897051,0.9988002744895828,0.9988002744899822,0.9988002744899691,0.998800274490011,0.9988002744900424,0.9988002744899462,0.9988002744902968,0.9988002744910244,0.9988002744911708,0.998800274490406,0.9988002744905845,0.9988002744910583,0.9988002744903612,0.9988002744899739,0.9988002744921357
26,0.9990000620993171,0.999000062099468,0.9990000621001746,0.999000062099331,0.9990000620993332,0.9990000620993269,0.9990000620993044,0.9990000620992973,0.999000062099315,0.9990000620993286,0.9990000620993589,0.9990000620990769,0.9990000620991139,0.9990000620991727,0.9990000620991152,0.9990000620993494,0.9990000620993751,0.9990000620994154,0.9990000620994759,0.9990000620994102,0.9990000620995708,0.9990000620995486,0.9990000620995361,0.9990000620995334,0.999000062099564,0.9990000620996289,0.9990000620999887,0.9990000621001326,0.9990000620995827,0.9990000620995848,0.9990000620995485,0.9990000620995609,0.9990000620996192,0.9990000620993802,0.9990000620988501,0.9990000620987416,0.9990000620992849,0.9990000620991479,0.999000062098809,0.999000062099307,0.9990000620995378,0.9990000620963977,0.999000062096235,0.9990000620957012,0.9990000620963989,0.999000062096373,0.9990000620963884,0.9990000620964108,0.9990000620964279,0.9990000620964113,0.9990000620963921,0.999000062096367,0.9990000620965541,0.9990000620965905,0.9990000620965441,0.9990000620965311,0.9990000620963708,0.9990000620963314,0.9990000620963142,0.9990000620962334,0.9990000620963168,0.9990000620961604,0.9990000620961755,0.9990000620961852,0.9990000620961874,0.9990000620961536,0.9990000620961189,0.9990000620959451,0.9990000620958639,0.999000062096129,0.9990000620961202,0.9990000620961479,0.9990000620961687,0.9990000620961049,0.9990000620963372,0.9990000620968194,0.9990000620969168,0.9990000620964095,0.9990000620965279,0.999000062096842,0.9990000620963799,0.9990000620961231,0.9990000620975561
26.4,0.9991666026573267,0.9991666026574268,0.9991666026578953,0.9991666026573359,0.9991666026573374,0.9991666026573331,0.9991666026573182,0.9991666026573135,0.9991666026573254,0.9991666026573345,0.9991666026573548,0.9991666026571676,0.999166602657192,0.9991666026572312,0.999166602657193,0.9991666026573484,0.9991666026573653,0.999166602657392,0.9991666026574322,0.9991666026573887,0.9991666026574951,0.9991666026574807,0.9991666026574721,0.9991666026574706,0.9991666026574908,0.9991666026575337,0.9991666026577721,0.9991666026578674,0.9991666026575029,0.9991666026575043,0.9991666026574804,0.9991666026574882,0.9991666026575272,0.9991666026573685,0.9991666026570172,0.9991666026569455,0.9991666026573052,0.9991666026572145,0.99916660265699,0.9991666026573202,0.9991666026574731,0.9991666026553918,0.999166602655284,0.9991666026549301,0.9991666026553926,0.9991666026553754,0.9991666026553857,0.9991666026554006,0.9991666026554118,0.999166602655401,0.9991666026553884,0.9991666026553716,0.9991666026554955,0.9991666026555197,0.9991666026554888,0.9991666026554804,0.9991666026553742,0.9991666026553481,0.9991666026553369,0.9991666026552833,0.9991666026553385,0.9991666026552349,0.9991666026552448,0.9991666026552514,0.9991666026552529,0.9991666026552304,0.9991666026552073,0.9991666026550918,0.999166602655038,0.999166602655214,0.9991666026552081,0.9991666026552265,0.9991666026552402,0.999166602655198,0.999166602655352,0.9991666026556714,0.9991666026557359,0.9991666026553999,0.9991666026554782,0.9991666026556862,0.99916660265538,0.9991666026552098,0.9991666026561596
26.8,0.9993054218077966,0.999305421807863,0.9993054218081734,0.9993054218078026,0.9993054218078037,0.9993054218078009,0.9993054218077908,0.9993054218077879,0.9993054218077957,0.9993054218078019,0.9993054218078155,0.9993054218076912,0.9993054218077073,0.9993054218077335,0.9993054218077082,0.9993054218078111,0.9993054218078223,0.9993054218078401,0.9993054218078669,0.9993054218078378,0.9993054218079083,0.9993054218078988,0.9993054218078933,0.9993054218078921,0.9993054218079054,0.9993054218079338,0.9993054218080918,0.999305421808155,0.9993054218079134,0.9993054218079143,0.9993054218078985,0.9993054218079037,0.9993054218079296,0.9993054218078243,0.9993054218075915,0.9993054218075442,0.9993054218077826,0.9993054218077224,0.9993054218075733,0.9993054218077924,0.9993054218078936,0.9993054218065145,0.9993054218064428,0.9993054218062081,0.9993054218065149,0.9993054218065035,0.9993054218065104,0.99930542180652,0.9993054218065277,0.9993054218065206,0.9993054218065121,0.9993054218065011,0.9993054218065831,0.9993054218065991,0.9993054218065786,0.9993054218065731,0.9993054218065027,0.9993054218064854,0.9993054218064779,0.9993054218064424,0.9993054218064792,0.9993054218064104,0.9993054218064171,0.9993054218064212,0.9993054218064223,0.9993054218064072,0.9993054218063919,0.9993054218063153,0.9993054218062797,0.9993054218063966,0.9993054218063925,0.9993054218064047,0.9993054218064138,0.9993054218063858,0.9993054218064876,0.9993054218066993,0.9993054218067424,0.9993054218065196,0.9993054218065714,0.9993054218067092,0.9993054218065064,0.9993054218063938,0.9993054218070231
27.2,0.9994211289911145,0.9994211289911582,0.9994211289913638,0.9994211289911185,0.9994211289911191,0.9994211289911175,0.9994211289911109,0.9994211289911089,0.9994211289911141,0.9994211289911181,0.999421128991127,0.9994211289910447,0.9994211289910554,0.9994211289910727,0.9994211289910557,0.9994211289911242,0.9994211289911317,0.9994211289911433,0.9994211289911611,0.999421128991142,0.9994211289911886,0.9994211289911826,0.9994211289911789,0.9994211289911781,0.9994211289911866,0.9994211289912052,0.9994211289913097,0.9994211289913516,0.9994211289911918,0.9994211289911923,0.999421128991182,0.9994211289911853,0.9994211289912025,0.9994211289911332,0.9994211289909785,0.9994211289909471,0.9994211289911052,0.9994211289910652,0.9994211289909662,0.9994211289911116,0.9994211289911784,0.9994211289902641,0.9994211289902166,0.9994211289900609,0.9994211289902644,0.9994211289902567,0.9994211289902614,0.9994211289902676,0.9994211289902727,0.9994211289902681,0.9994211289902625,0.9994211289902553,0.9994211289903095,0.9994211289903201,0.9994211289903064,0.999421128990303,0.9994211289902563,0.9994211289902448,0.9994211289902398,0.9994211289902163,0.9994211289902406,0.9994211289901952,0.9994211289901997,0.9994211289902026,0.9994211289902032,0.9994211289901933,0.999421128990183,0.9994211289901322,0.9994211289901086,0.9994211289901862,0.9994211289901835,0.9994211289901915,0.9994211289901973,0.999421128990179,0.9994211289902463,0.9994211289903867,0.9994211289904155,0.9994211289902676,0.9994211289903017,0.9994211289903933,0.9994211289902588,0.9994211289901842,0.9994211289906013
27.6,0.9995175687025306,0.9995175687025595,0.9995175687026957,0.9995175687025334,0.9995175687025337,0.9995175687025326,0.9995175687025282,0.9995175687025269,0.9995175687025304,0.9995175687025332,0.9995175687025389,0.9995175687024844,0.9995175687024913,0.9995175687025029,0.9995175687024916,0.9995175687025372,0.999517568702542,0.9995175687025498,0.9995175687025615,0.9995175687025487,0.9995175687025798,0.9995175687025758,0.9995175687025732,0.9995175687025728,0.9995175687025782,0.9995175687025907,0.9995175687026597,0.9995175687026875,0.9995175687025815,0.9995175687025819,0.9995175687025752,0.9995175687025772,0.9995175687025889,0.999517568702543,0.9995175687024401,0.9995175687024197,0.9995175687025246,0.9995175687024976,0.9995175687024321,0.9995175687025285,0.9995175687025729,0.9995175687019668,0.9995175687019352,0.9995175687018319,0.999517568701967,0.999517568701962,0.999517568701965,0.9995175687019691,0.9995175687019725,0.9995175687019695,0.9995175687019656,0.999517568701961,0.9995175687019968,0.9995175687020038,0.9995175687019947,0.9995175687019926,0.9995175687019616,0.999517568701954,0.9995175687019507,0.9995175687019354,0.9995175687019513,0.9995175687019212,0.9995175687019243,0.9995175687019262,0.9995175687019268,0.99951756870192,0.9995175687019131,0.9995175687018795,0.9995175687018636,0.9995175687019154,0.9995175687019136,0.9995175687019188,0.9995175687019224,0.9995175687019104,0.9995175687019547,0.9995175687020481,0.999517568702067,0.9995175687019695,0.9995175687019917,0.9995175687020523,0.9995175687019634,0.9995175687019138,0.9995175687021903
28,0.9995979469776226,0.9995979469776417,0.9995979469777316,0.9995979469776243,0.9995979469776245,0.9995979469776237,0.9995979469776209,0.9995979469776199,0.9995979469776224,0.9995979469776242,0.9995979469776282,0.9995979469775919,0.9995979469775965,0.9995979469776041,0.9995979469775969,0.999597946977627,0.99959794697763,0.9995979469776353,0.9995979469776431,0.9995979469776345,0.9995979469776551,0.9995979469776528,0.999597946977651,0.9995979469776505,0.999597946977654,0.9995979469776622,0.999597946977708,0.9995979469777263,0.9995979469776562,0.9995979469776565,0.999597946977652,0.9995979469776534,0.9995979469776611,0.9995979469776309,0.9995979469775625,0.9995979469775492,0.9995979469776185,0.9995979469776006,0.9995979469775571,0.9995979469776208,0.9995979469776506,0.9995979469772487,0.9995979469772278,0.9995979469771592,0.999597946977249,0.9995979469772456,0.9995979469772476,0.9995979469772504,0.9995979469772527,0.999597946977251,0.9995979469772482,0.9995979469772451,0.9995979469772689,0.9995979469772736,0.9995979469772672,0.9995979469772661,0.9995979469772456,0.9995979469772405,0.9995979469772382,0.9995979469772284,0.9995979469772386,0.9995979469772187,0.9995979469772208,0.9995979469772222,0.9995979469772224,0.9995979469772179,0.9995979469772133,0.9995979469771908,0.9995979469771803,0.9995979469772149,0.9995979469772135,0.9995979469772172,0.9995979469772195,0.9995979469772114,0.9995979469772411,0.9995979469773026,0.9995979469773155,0.9995979469772509,0.9995979469772655,0.9995979469773054,0.9995979469772465,0.9995979469772137,0.9995979469773967
28.4,0.9996649371034629,0.9996649371034756,0.9996649371035353,0.9996649371034643,0.9996649371034643,0.9996649371034638,0.9996649371034618,0.999664937103461,0.9996649371034627,0.9996649371034638,0.9996649371034665,0.9996649371034426,0.9996649371034456,0.9996649371034506,0.9996649371034458,0.9996649371034657,0.9996649371034678,0.9996649371034713,0.9996649371034764,0.9996649371034709,0.9996649371034846,0.9996649371034831,0.999664937103482,0.9996649371034817,0.9996649371034839,0.9996649371034891,0.9996649371035196,0.9996649371035317,0.9996649371034851,0.9996649371034853,0.9996649371034826,0.9996649371034833,0.9996649371034886,0.9996649371034684,0.9996649371034231,0.9996649371034142,0.9996649371034603,0.9996649371034485,0.9996649371034195,0.9996649371034617,0.9996649371034816,0.9996649371032151,0.9996649371032013,0.9996649371031558,0.9996649371032155,0.999664937103213,0.9996649371032145,0.999664937103216,0.9996649371032178,0.9996649371032167,0.9996649371032148,0.9996649371032129,0.9996649371032285,0.9996649371032315,0.9996649371032275,0.9996649371032267,0.9996649371032131,0.9996649371032097,0.9996649371032083,0.9996649371032016,0.9996649371032086,0.9996649371031954,0.9996649371031968,0.9996649371031977,0.9996649371031979,0.9996649371031949,0.9996649371031919,0.9996649371031769,0.9996649371031698,0.9996649371031929,0.9996649371031919,0.9996649371031943,0.9996649371031959,0.9996649371031906,0.9996649371032102,0.9996649371032508,0.9996649371032595,0.9996649371032166,0.9996649371032262,0.9996649371032527,0.9996649371032137,0.999664937103192,0.9996649371033133
28.8,0.9997207679244399,0.9997207679244479,0.9997207679244875,0.9997207679244404,0.9997207679244404,0.9997207679244399,0.9997207679244389,0.9997207679244383,0.9997207679244395,0.9997207679244403,0.9997207679244422,0.9997207679244262,0.9997207679244281,0.9997207679244315,0.9997207679244281,0.9997207679244415,0.9997207679244428,0.9997207679244451,0.9997207679244485,0.9997207679244449,0.9997207679244541,0.9997207679244532,0.9997207679244523,0.9997207679244521,0.9997207679244534,0.999720767924457,0.9997207679244769,0.9997207679244851,0.9997207679244544,0.9997207679244543,0.9997207679244526,0.999720767924453,0.9997207679244565,0.9997207679244434,0.9997207679244131,0.9997207679244077,0.9997207679244379,0.9997207679244299,0.9997207679244107,0.9997207679244386,0.9997207679244519,0.9997207679242756,0.9997207679242662,0.999720767924236,0.9997207679242757,0.9997207679242741,0.9997207679242752,0.9997207679242762,0.9997207679242773,0.9997207679242767,0.9997207679242754,0.9997207679242742,0.9997207679242844,0.9997207679242863,0.9997207679242838,0.9997207679242835,0.9997207679242742,0.999720767924272,0.9997207679242713,0.9997207679242669,0.9997207679242713,0.9997207679242627,0.9997207679242638,0.9997207679242645,0.9997207679242646,0.9997207679242625,0.9997207679242605,0.9997207679242502,0.9997207679242455,0.9997207679242611,0.9997207679242605,0.9997207679242619,0.9997207679242629,0.9997207679242593,0.9997207679242726,0.9997207679242992,0.999720767924305,0.9997207679242767,0.9997207679242828,0.9997207679243002,0.9997207679242744,0.9997207679242601,0.9997207679243406
29.2,0.9997672975786165,0.9997672975786221,0.9997672975786482,0.9997672975786172,0.9997672975786172,0.9997672975786168,0.9997672975786164,0.999767297578616,0.9997672975786166,0.9997672975786172,0.9997672975786185,0.9997672975786078,0.999767297578609,0.9997672975786114,0.9997672975786092,0.999767297578618,0.999767297578619,0.9997672975786205,0.9997672975786229,0.9997672975786204,0.9997672975786265,0.9997672975786261,0.9997672975786255,0.9997672975786253,0.999767297578626,0.9997672975786283,0.9997672975786414,0.9997672975786466,0.9997672975786266,0.9997672975786265,0.9997672975786255,0.9997672975786256,0.9997672975786278,0.9997672975786195,0.9997672975785992,0.9997672975785955,0.9997672975786155,0.9997672975786104,0.9997672975785974,0.9997672975786164,0.9997672975786248,0.9997672975785082,0.9997672975785018,0.9997672975784817,0.9997672975785082,0.9997672975785072,0.9997672975785079,0.9997672975785086,0.9997672975785094,0.9997672975785091,0.9997672975785081,0.9997672975785075,0.9997672975785141,0.9997672975785153,0.9997672975785135,0.9997672975785135,0.9997672975785075,0.999767297578506,0.9997672975785055,0.9997672975785025,0.9997672975785056,0.9997672975784997,0.9997672975785002,0.9997672975785008,0.9997672975785009,0.9997672975784996,0.999767297578498,0.9997672975784913,0.9997672975784881,0.9997672975784987,0.9997672975784981,0.9997672975784991,0.9997672975784997,0.9997672975784974,0.9997672975785058,0.9997672975785236,0.9997672975785278,0.999767297578509,0.999767297578513,0.9997672975785243,0.9997672975785072,0.9997672975784979,0.9997672975785509
29.6,0.9998060750476903,0.9998060750476938,0.9998060750477111,0.9998060750476906,0.9998060750476907,0.9998060750476906,0.9998060750476899,0.9998060750476897,0.9998060750476904,0.9998060750476907,0.9998060750476917,0.9998060750476846,0.9998060750476853,0.9998060750476869,0.9998060750476855,0.9998060750476914,0.9998060750476921,0.999806075047693,0.9998060750476948,0.9998060750476929,0.9998060750476969,0.9998060750476969,0.9998060750476965,0.9998060750476964,0.9998060750476968,0.9998060750476981,0.9998060750477067,0.9998060750477102,0.9998060750476969,0.9998060750476968,0.9998060750476961,0.9998060750476963,0.9998060750476978,0.999806075047692,0.9998060750476787,0.9998060750476767,0.9998060750476897,0.9998060750476864,0.9998060750476776,0.9998060750476899,0.9998060750476958,0.9998060750476189,0.9998060750476147,0.999806075047601,0.9998060750476189,0.9998060750476181,0.9998060750476188,0.999806075047619,0.9998060750476199,0.9998060750476196,0.9998060750476191,0.9998060750476184,0.9998060750476229,0.9998060750476236,0.9998060750476223,0.9998060750476224,0.9998060750476185,0.9998060750476174,0.9998060750476171,0.9998060750476152,0.9998060750476173,0.9998060750476132,0.9998060750476137,0.999806075047614,0.9998060750476142,0.9998060750476131,0.9998060750476121,0.9998060750476077,0.9998060750476054,0.9998060750476128,0.9998060750476122,0.9998060750476129,0.9998060750476134,0.9998060750476118,0.9998060750476173,0.9998060750476291,0.9998060750476317,0.9998060750476193,0.999806075047622,0.9998060750476294,0.9998060750476182,0.999806075047612,0.999806075047647
30,0.9998383915201857,0.9998383915201881,0.9998383915201996,0.9998383915201862,0.9998383915201861,0.9998383915201861,0.9998383915201856,0.9998383915201855,0.9998383915201861,0.9998383915201863,0.9998383915201869,0.9998383915201823,0.9998383915201826,0.9998383915201837,0.9998383915201828,0.9998383915201867,0.9998383915201871,0.9998383915201875,0.9998383915201887,0.9998383915201876,0.9998383915201902,0.9998383915201903,0.9998383915201901,0.9998383915201897,0.9998383915201898,0.9998383915201909,0.9998383915201966,0.9998383915201989,0.9998383915201901,0.9998383915201899,0.9998383915201896,0.9998383915201896,0.9998383915201908,0.9998383915201871,0.9998383915201781,0.9998383915201772,0.9998383915201853,0.9998383915201834,0.9998383915201773,0.9998383915201857,0.9998383915201894,0.9998383915201384,0.9998383915201359,0.9998383915201268,0.9998383915201389,0.9998383915201381,0.9998383915201384,0.9998383915201389,0.9998383915201393,0.9998383915201392,0.9998383915201385,0.9998383915201383,0.9998383915201414,0.9998383915201418,0.9998383915201409,0.9998383915201411,0.9998383915201383,0.9998383915201375,0.9998383915201374,0.9998383915201361,0.9998383915201376,0.999838391520135,0.9998383915201353,0.9998383915201356,0.9998383915201358,0.999838391520135,0.9998383915201342,0.9998383915201312,0.9998383915201298,0.9998383915201347,0.9998383915201343,0.9998383915201348,0.9998383915201349,0.999838391520134,0.9998383915201375,0.9998383915201453,0.9998383915201474,0.9998383915201391,0.9998383915201406,0.9998383915201456,0.9998383915201382,0.9998383915201343,0.9998383915201571
30.4,0.9998653232438461,0.9998653232438477,0.9998653232438552,0.9998653232438465,0.9998653232438462,0.9998653232438464,0.999865323243846,0.9998653232438459,0.9998653232438464,0.9998653232438466,0.999865323243847,0.9998653232438439,0.999865323243844,0.999865323243845,0.9998653232438444,0.999865323243847,0.9998653232438472,0.9998653232438476,0.9998653232438485,0.9998653232438476,0.9998653232438495,0.9998653232438497,0.9998653232438495,0.9998653232438492,0.999865323243849,0.9998653232438496,0.9998653232438534,0.9998653232438548,0.9998653232438491,0.9998653232438489,0.9998653232438488,0.9998653232438488,0.9998653232438498,0.9998653232438471,0.9998653232438411,0.9998653232438406,0.999865323243846,0.9998653232438446,0.9998653232438405,0.999865323243846,0.9998653232438487,0.9998653232438155,0.9998653232438135,0.9998653232438073,0.9998653232438155,0.9998653232438149,0.9998653232438153,0.9998653232438154,0.9998653232438157,0.9998653232438158,0.9998653232438153,0.9998653232438153,0.9998653232438171,0.9998653232438174,0.9998653232438166,0.9998653232438168,0.9998653232438151,0.9998653232438145,0.9998653232438145,0.9998653232438138,0.9998653232438146,0.9998653232438128,0.9998653232438133,0.9998653232438134,0.9998653232438135,0.9998653232438132,0.9998653232438125,0.9998653232438104,0.9998653232438094,0.9998653232438128,0.9998653232438126,0.9998653232438127,0.9998653232438128,0.9998653232438123,0.9998653232438146,0.9998653232438195,0.9998653232438212,0.9998653232438154,0.9998653232438167,0.9998653232438198,0.9998653232438151,0.9998653232438123,0.9998653232438273
30.8,0.999887767270505,0.999887767270506,0.999887767270511,0.9998877672705051,0.9998877672705051,0.9998877672705051,0.9998877672705048,0.9998877672705049,0.999887767270505,0.9998877672705052,0.9998877672705057,0.9998877672705032,0.9998877672705034,0.999887767270504,0.9998877672705035,0.9998877672705053,0.9998877672705053,0.9998877672705057,0.9998877672705063,0.9998877672705058,0.9998877672705072,0.9998877672705074,0.9998877672705073,0.9998877672705071,0.999887767270507,0.9998877672705074,0.9998877672705097,0.9998877672705107,0.999887767270507,0.9998877672705068,0.9998877672705069,0.9998877672705067,0.9998877672705072,0.9998877672705057,0.9998877672705015,0.9998877672705013,0.9998877672705047,0.9998877672705038,0.9998877672705012,0.999887767270505,0.9998877672705065,0.9998877672704848,0.9998877672704835,0.9998877672704793,0.9998877672704848,0.9998877672704843,0.9998877672704846,0.9998877672704846,0.9998877672704848,0.9998877672704851,0.9998877672704847,0.9998877672704847,0.9998877672704859,0.999887767270486,0.9998877672704856,0.999887767270486,0.9998877672704846,0.9998877672704843,0.9998877672704845,0.999887767270484,0.9998877672704846,0.9998877672704835,0.9998877672704838,0.9998877672704839,0.9998877672704839,0.9998877672704836,0.9998877672704831,0.9998877672704816,0.999887767270481,0.9998877672704836,0.9998877672704831,0.9998877672704833,0.9998877672704835,0.999887767270483,0.9998877672704846,0.9998877672704874,0.9998877672704888,0.9998877672704851,0.9998877672704857,0.9998877672704878,0.9998877672704846,0.9998877672704828,0.9998877672704928
31.2,0.9999064712674822,0.9999064712674827,0.9999064712674859,0.9999064712674823,0.9999064712674822,0.9999064712674822,0.9999064712674821,0.9999064712674821,0.9999064712674822,0.9999064712674823,0.9999064712674828,0.9999064712674813,0.9999064712674813,0.9999064712674817,0.9999064712674817,0.9999064712674826,0.9999064712674827,0.9999064712674828,0.9999064712674834,0.9999064712674828,0.9999064712674838,0.9999064712674841,0.999906471267484,0.9999064712674839,0.9999064712674837,0.9999064712674837,0.9999064712674851,0.9999064712674858,0.9999064712674834,0.9999064712674833,0.9999064712674836,0.9999064712674833,0.9999064712674839,0.9999064712674829,0.99990647126748,0.9999064712674801,0.999906471267482,0.9999064712674814,0.9999064712674798,0.9999064712674824,0.9999064712674833,0.9999064712674697,0.9999064712674685,0.9999064712674655,0.9999064712674696,0.9999064712674692,0.9999064712674693,0.9999064712674695,0.9999064712674698,0.9999064712674699,0.9999064712674696,0.9999064712674695,0.9999064712674703,0.9999064712674703,0.9999064712674699,0.9999064712674703,0.9999064712674696,0.9999064712674692,0.9999064712674691,0.999906471267469,0.9999064712674693,0.9999064712674685,0.9999064712674688,0.9999064712674688,0.9999064712674687,0.9999064712674686,0.999906471267468,0.9999064712674671,0.9999064712674666,0.9999064712674685,0.9999064712674683,0.9999064712674682,0.9999064712674683,0.9999064712674681,0.9999064712674693,0.9999064712674711,0.9999064712674725,0.9999064712674702,0.99990647126747,0.9999064712674711,0.9999064712674692,0.9999064712674679,0.9999064712674741
31.6,0.9999220583770851,0.9999220583770855,0.9999220583770874,0.9999220583770851,0.9999220583770851,0.9999220583770853,0.9999220583770853,0.9999220583770851,0.9999220583770853,0.9999220583770856,0.9999220583770856,0.9999220583770847,0.9999220583770847,0.999922058377085,0.9999220583770848,0.9999220583770857,0.9999220583770857,0.9999220583770856,0.9999220583770861,0.9999220583770857,0.9999220583770863,0.9999220583770865,0.9999220583770864,0.9999220583770863,0.9999220583770859,0.999922058377086,0.9999220583770868,0.9999220583770871,0.9999220583770859,0.9999220583770856,0.9999220583770859,0.9999220583770857,0.9999220583770861,0.9999220583770856,0.9999220583770836,0.999922058377084,0.9999220583770853,0.9999220583770847,0.9999220583770834,0.9999220583770851,0.9999220583770857,0.999922058377077,0.9999220583770762,0.999922058377074,0.9999220583770769,0.9999220583770768,0.9999220583770769,0.9999220583770768,0.9999220583770771,0.9999220583770771,0.999922058377077,0.9999220583770769,0.9999220583770776,0.9999220583770775,0.999922058377077,0.9999220583770773,0.9999220583770769,0.9999220583770766,0.9999220583770767,0.9999220583770765,0.9999220583770767,0.9999220583770763,0.9999220583770764,0.9999220583770765,0.9999220583770765,0.9999220583770763,0.9999220583770759,0.999922058377075,0.9999220583770748,0.9999220583770762,0.9999220583770758,0.999922058377076,0.9999220583770759,0.9999220583770758,0.9999220583770766,0.9999220583770778,0.9999220583770788,0.9999220583770774,0.999922058377077,0.9999220583770779,0.9999220583770766,0.9999220583770758,0.9999220583770799
32,0.9999350479444423,0.9999350479444423,0.9999350479444435,0.9999350479444422,0.9999350479444422,0.9999350479444422,0.9999350479444422,0.9999350479444421,0.9999350479444423,0.9999350479444424,0.9999350479444424,0.9999350479444419,0.9999350479444419,0.999935047944442,0.9999350479444419,0.9999350479444425,0.9999350479444425,0.9999350479444425,0.9999350479444428,0.9999350479444424,0.999935047944443,0.9999350479444433,0.9999350479444432,0.9999350479444431,0.9999350479444427,0.9999350479444429,0.9999350479444432,0.9999350479444434,0.9999350479444427,0.9999350479444424,0.9999350479444427,0.9999350479444424,0.9999350479444429,0.9999350479444429,0.9999350479444413,0.9999350479444418,0.9999350479444418,0.9999350479444419,0.9999350479444411,0.999935047944442,0.9999350479444425,0.9999350479444373,0.9999350479444367,0.9999350479444351,0.9999350479444373,0.999935047944437,0.9999350479444372,0.9999350479444371,0.9999350479444373,0.9999350479444377,0.9999350479444373,0.9999350479444371,0.9999350479444375,0.9999350479444375,0.9999350479444372,0.9999350479444377,0.9999350479444373,0.9999350479444371,0.9999350479444373,0.9999350479444372,0.9999350479444374,0.9999350479444369,0.9999350479444371,0.9999350479444372,0.9999350479444373,0.9999350479444371,0.9999350479444368,0.9999350479444361,0.9999350479444358,0.9999350479444371,0.9999350479444369,0.9999350479444369,0.9999350479444368,0.9999350479444366,0.9999350479444374,0.9999350479444377,0.9999350479444383,0.9999350479444378,0.9999350479444373,0.9999350479444375,0.9999350479444371,0.9999350479444367,0.999935047944439
32.4,0.9999458727987429,0.9999458727987427,0.9999458727987436,0.9999458727987428,0.9999458727987429,0.9999458727987428,0.9999458727987429,0.9999458727987427,0.999945872798743,0.9999458727987431,0.999945872798743,0.9999458727987427,0.9999458727987426,0.9999458727987428,0.9999458727987427,0.999945872798743,0.9999458727987431,0.999945872798743,0.9999458727987434,0.999945872798743,0.9999458727987434,0.9999458727987438,0.9999458727987438,0.9999458727987437,0.9999458727987433,0.9999458727987431,0.9999458727987433,0.9999458727987434,0.9999458727987429,0.9999458727987427,0.9999458727987431,0.9999458727987427,0.9999458727987431,0.9999458727987429,0.999945872798742,0.9999458727987427,0.9999458727987428,0.9999458727987426,0.999945872798742,0.9999458727987428,0.9999458727987428,0.9999458727987399,0.9999458727987395,0.9999458727987383,0.9999458727987399,0.9999458727987398,0.9999458727987399,0.9999458727987399,0.9999458727987399,0.9999458727987404,0.9999458727987401,0.9999458727987401,0.9999458727987401,0.9999458727987399,0.9999458727987398,0.9999458727987403,0.9999458727987401,0.9999458727987399,0.9999458727987399,0.99994587279874,0.9999458727987401,0.9999458727987398,0.9999458727987399,0.99994587279874,0.9999458727987401,0.9999458727987399,0.9999458727987397,0.999945872798739,0.9999458727987389,0.99994587279874,0.9999458727987397,0.9999458727987398,0.9999458727987396,0.9999458727987396,0.9999458727987398,0.9999458727987401,0.9999458727987408,0.9999458727987403,0.9999458727987399,0.99994587279874,0.99994587279874,0.9999458727987395,0.9999458727987407
32.8,0.9999548936598556,0.9999548936598553,0.9999548936598558,0.9999548936598556,0.9999548936598555,0.9999548936598555,0.9999548936598555,0.9999548936598553,0.9999548936598556,0.9999548936598556,0.9999548936598556,0.9999548936598556,0.9999548936598553,0.9999548936598555,0.9999548936598553,0.9999548936598557,0.9999548936598555,0.9999548936598556,0.9999548936598559,0.9999548936598556,0.9999548936598559,0.9999548936598563,0.9999548936598563,0.9999548936598562,0.9999548936598559,0.9999548936598556,0.9999548936598557,0.9999548936598557,0.9999548936598556,0.9999548936598555,0.9999548936598556,0.9999548936598553,0.9999548936598556,0.9999548936598558,0.999954893659855,0.9999548936598556,0.9999548936598555,0.9999548936598553,0.9999548936598549,0.9999548936598553,0.9999548936598553,0.9999548936598541,0.9999548936598536,0.9999548936598527,0.9999548936598541,0.9999548936598537,0.9999548936598538,0.9999548936598538,0.9999548936598539,0.9999548936598542,0.9999548936598539,0.999954893659854,0.9999548936598539,0.9999548936598539,0.9999548936598537,0.999954893659854,0.9999548936598539,0.9999548936598538,0.9999548936598538,0.999954893659854,0.9999548936598539,0.9999548936598537,0.9999548936598541,0.9999548936598541,0.9999548936598542,0.9999548936598541,0.9999548936598538,0.9999548936598533,0.999954893659853,0.9999548936598541,0.9999548936598539,0.9999548936598538,0.9999548936598536,0.9999548936598536,0.9999548936598535,0.9999548936598537,0.9999548936598545,0.9999548936598541,0.9999548936598538,0.9999548936598538,0.9999548936598535,0.9999548936598536,0.9999548936598541
33.2,0.9999624111477262,0.999962411147726,0.9999624111477262,0.9999624111477262,0.9999624111477262,0.999962411147726,0.9999624111477262,0.9999624111477261,0.9999624111477262,0.9999624111477263,0.9999624111477263,0.9999624111477261,0.9999624111477261,0.9999624111477262,0.999962411147726,0.9999624111477263,0.9999624111477262,0.9999624111477261,0.9999624111477265,0.9999624111477262,0.9999624111477265,0.9999624111477269,0.9999624111477268,0.9999624111477267,0.9999624111477262,0.9999624111477261,0.9999624111477261,0.999962411147726,0.9999624111477259,0.9999624111477259,0.9999624111477262,0.999962411147726,0.9999624111477262,0.9999624111477265,0.9999624111477259,0.9999624111477265,0.9999624111477261,0.9999624111477261,0.9999624111477257,0.999962411147726,0.9999624111477261,0.9999624111477254,0.9999624111477249,0.9999624111477242,0.9999624111477251,0.999962411147725,0.9999624111477251,0.9999624111477249,0.9999624111477251,0.9999624111477254,0.9999624111477251,0.9999624111477252,0.9999624111477251,0.9999624111477251,0.9999624111477249,0.9999624111477253,0.9999624111477251,0.9999624111477249,0.9999624111477251,0.9999624111477249,0.9999624111477252,0.999962411147725,0.9999624111477253,0.9999624111477253,0.9999624111477254,0.9999624111477251,0.9999624111477251,0.9999624111477246,0.9999624111477244,0.9999624111477253,0.9999624111477249,0.9999624111477249,0.9999624111477247,0.9999624111477247,0.9999624111477246,0.9999624111477249,0.9999624111477257,0.9999624111477253,0.9999624111477251,0.999962411147725,0.9999624111477248,0.9999624111477248,0.9999624111477252
33.6,0.9999686757929045,0.9999686757929045,0.9999686757929044,0.9999686757929047,0.9999686757929047,0.9999686757929048,0.9999686757929046,0.9999686757929047,0.9999686757929048,0.999968675792905,0.9999686757929052,0.9999686757929048,0.9999686757929047,0.9999686757929048,0.9999686757929046,0.9999686757929049,0.9999686757929048,0.9999686757929049,0.9999686757929049,0.9999686757929049,0.999968675792905,0.9999686757929054,0.9999686757929052,0.999968675792905,0.9999686757929047,0.9999686757929045,0.9999686757929043,0.9999686757929043,0.9999686757929044,0.9999686757929042,0.9999686757929047,0.9999686757929044,0.9999686757929046,0.9999686757929048,0.9999686757929042,0.9999686757929052,0.9999686757929049,0.9999686757929047,0.999968675792904,0.9999686757929045,0.9999686757929044,0.9999686757929039,0.9999686757929035,0.9999686757929029,0.9999686757929036,0.9999686757929036,0.9999686757929035,0.9999686757929034,0.9999686757929036,0.9999686757929039,0.9999686757929037,0.9999686757929038,0.9999686757929038,0.9999686757929036,0.9999686757929034,0.9999686757929038,0.9999686757929038,0.9999686757929037,0.9999686757929037,0.9999686757929038,0.9999686757929036,0.9999686757929037,0.9999686757929038,0.999968675792904,0.9999686757929042,0.9999686757929037,0.9999686757929037,0.9999686757929034,0.9999686757929033,0.9999686757929039,0.9999686757929036,0.9999686757929037,0.9999686757929036,0.9999686757929036,0.9999686757929034,0.9999686757929036,0.9999686757929042,0.9999686757929042,0.9999686757929036,0.9999686757929035,0.9999686757929034,0.9999686757929034,0.9999686757929037
34,0.9999738963805208,0.9999738963805207,0.9999738963805206,0.9999738963805207,0.9999738963805209,0.9999738963805208,0.9999738963805209,0.9999738963805208,0.9999738963805207,0.9999738963805209,0.9999738963805211,0.999973896380521,0.9999738963805207,0.9999738963805208,0.9999738963805206,0.9999738963805209,0.9999738963805209,0.9999738963805206,0.9999738963805209,0.9999738963805207,0.999973896380521,0.9999738963805214,0.9999738963805213,0.9999738963805211,0.9999738963805208,0.9999738963805207,0.9999738963805205,0.9999738963805206,0.9999738963805207,0.9999738963805206,0.9999738963805208,0.9999738963805205,0.9999738963805208,0.9999738963805209,0.9999738963805205,0.9999738963805213,0.9999738963805207,0.9999738963805207,0.9999738963805205,0.9999738963805206,0.9999738963805206,0.9999738963805203,0.99997389638052,0.9999738963805197,0.9999738963805203,0.99997389638052,0.9999738963805201,0.99997389638052,0.9999738963805203,0.9999738963805206,0.9999738963805203,0.9999738963805204,0.9999738963805204,0.9999738963805203,0.99997389638052,0.9999738963805205,0.9999738963805205,0.9999738963805203,0.9999738963805205,0.9999738963805204,0.9999738963805204,0.9999738963805204,0.9999738963805206,0.9999738963805206,0.9999738963805208,0.9999738963805205,0.9999738963805203,0.9999738963805201,0.99997389638052,0.9999738963805206,0.9999738963805204,0.9999738963805203,0.9999738963805201,0.9999738963805201,0.9999738963805203,0.9999738963805203,0.9999738963805208,0.9999738963805207,0.9999738963805203,0.9999738963805201,0.9999738963805203,0.9999738963805201,0.9999738963805203
34.4,0.9999782469049011,0.9999782469049011,0.9999782469049011,0.9999782469049012,0.9999782469049012,0.9999782469049011,0.999978246904901,0.9999782469049011,0.9999782469049012,0.9999782469049012,0.9999782469049014,0.9999782469049014,0.9999782469049011,0.9999782469049012,0.9999782469049012,0.9999782469049012,0.9999782469049013,0.999978246904901,0.9999782469049014,0.9999782469049011,0.9999782469049016,0.9999782469049019,0.999978246904902,0.9999782469049018,0.9999782469049014,0.9999782469049012,0.999978246904901,0.999978246904901,0.9999782469049013,0.9999782469049012,0.9999782469049014,0.9999782469049012,0.9999782469049013,0.9999782469049014,0.9999782469049009,0.9999782469049017,0.9999782469049011,0.999978246904901,0.9999782469049009,0.9999782469049009,0.9999782469049013,0.999978246904901,0.999978246904901,0.9999782469049006,0.999978246904901,0.9999782469049009,0.9999782469049011,0.9999782469049009,0.9999782469049012,0.9999782469049014,0.9999782469049012,0.9999782469049014,0.9999782469049011,0.999978246904901,0.9999782469049009,0.9999782469049013,0.9999782469049012,0.9999782469049012,0.9999782469049012,0.9999782469049016,0.9999782469049013,0.9999782469049013,0.9999782469049014,0.9999782469049016,0.9999782469049016,0.9999782469049014,0.9999782469049012,0.999978246904901,0.999978246904901,0.9999782469049016,0.9999782469049014,0.9999782469049012,0.9999782469049012,0.9999782469049012,0.9999782469049011,0.9999782469049007,0.9999782469049016,0.9999782469049014,0.999978246904901,0.9999782469049009,0.999978246904901,0.9999782469049012,0.999978246904901
34.8,0.9999818723659831,0.9999818723659828,0.9999818723659827,0.9999818723659831,0.999981872365983,0.9999818723659829,0.9999818723659831,0.999981872365983,0.9999818723659832,0.9999818723659832,0.9999818723659832,0.9999818723659832,0.9999818723659828,0.999981872365983,0.9999818723659829,0.9999818723659832,0.999981872365983,0.9999818723659831,0.9999818723659831,0.9999818723659832,0.9999818723659832,0.9999818723659836,0.9999818723659836,0.9999818723659833,0.999981872365983,0.9999818723659829,0.9999818723659826,0.9999818723659826,0.9999818723659828,0.9999818723659826,0.9999818723659829,0.9999818723659827,0.9999818723659828,0.9999818723659832,0.9999818723659828,0.9999818723659836,0.9999818723659832,0.999981872365983,0.9999818723659828,0.999981872365983,0.9999818723659828,0.9999818723659827,0.9999818723659825,0.9999818723659822,0.9999818723659827,0.9999818723659826,0.9999818723659827,0.9999818723659825,0.9999818723659827,0.9999818723659831,0.9999818723659831,0.9999818723659831,0.9999818723659828,0.9999818723659827,0.9999818723659827,0.9999818723659831,0.9999818723659831,0.999981872365983,0.9999818723659831,0.999981872365983,0.999981872365983,0.999981872365983,0.9999818723659832,0.9999818723659833,0.9999818723659836,0.9999818723659832,0.9999818723659831,0.9999818723659827,0.9999818723659827,0.9999818723659833,0.9999818723659831,0.999981872365983,0.9999818723659829,0.999981872365983,0.9999818723659828,0.9999818723659826,0.9999818723659832,0.999981872365983,0.9999818723659828,0.9999818723659827,0.9999818723659825,0.9999818723659828,0.9999818723659827
35.2,0.9999848936002858,0.9999848936002854,0.9999848936002853,0.9999848936002858,0.9999848936002856,0.9999848936002855,0.9999848936002856,0.9999848936002855,0.9999848936002856,0.9999848936002858,0.9999848936002859,0.9999848936002858,0.9999848936002855,0.9999848936002856,0.9999848936002859,0.9999848936002859,0.9999848936002858,0.9999848936002858,0.999984893600286,0.9999848936002858,0.9999848936002859,0.9999848936002863,0.9999848936002863,0.9999848936002861,0.9999848936002858,0.9999848936002855,0.9999848936002852,0.9999848936002852,0.9999848936002855,0.9999848936002854,0.9999848936002855,0.9999848936002853,0.9999848936002858,0.9999848936002858,0.9999848936002853,0.9999848936002863,0.9999848936002856,0.9999848936002859,0.9999848936002854,0.9999848936002854,0.9999848936002854,0.9999848936002855,0.9999848936002855,0.9999848936002851,0.9999848936002858,0.9999848936002855,0.9999848936002858,0.9999848936002855,0.9999848936002858,0.9999848936002861,0.999984893600286,0.9999848936002861,0.9999848936002858,0.9999848936002855,0.9999848936002856,0.999984893600286,0.9999848936002861,0.999984893600286,0.9999848936002859,0.9999848936002862,0.9999848936002862,0.999984893600286,0.9999848936002863,0.9999848936002864,0.9999848936002865,0.9999848936002862,0.999984893600286,0.9999848936002858,0.9999848936002856,0.9999848936002863,0.9999848936002861,0.9999848936002861,0.9999848936002859,0.999984893600286,0.9999848936002859,0.9999848936002855,0.999984893600286,0.9999848936002859,0.9999848936002856,0.9999848936002853,0.9999848936002856,0.9999848936002856,0.9999848936002853
35.6,0.9999874113071591,0.999987411307159,0.9999874113071588,0.9999874113071592,0.9999874113071592,0.9999874113071592,0.9999874113071592,0.9999874113071591,0.9999874113071593,0.9999874113071594,0.9999874113071594,0.9999874113071593,0.9999874113071591,0.9999874113071593,0.9999874113071593,0.9999874113071593,0.9999874113071593,0.9999874113071593,0.9999874113071595,0.9999874113071593,0.9999874113071596,0.9999874113071601,0.99998741130716,0.9999874113071598,0.9999874113071594,0.9999874113071592,0.9999874113071587,0.9999874113071587,0.9999874113071591,0.999987411307159,0.9999874113071593,0.9999874113071588,0.9999874113071592,0.9999874113071593,0.999987411307159,0.9999874113071598,0.9999874113071593,0.9999874113071591,0.999987411307159,0.9999874113071591,0.999987411307159,0.9999874113071597,0.9999874113071593,0.9999874113071588,0.9999874113071596,0.9999874113071593,0.9999874113071595,0.9999874113071594,0.9999874113071595,0.9999874113071597,0.9999874113071595,0.9999874113071597,0.9999874113071596,0.9999874113071595,0.9999874113071594,0.9999874113071596,0.9999874113071595,0.9999874113071594,0.9999874113071596,0.9999874113071598,0.9999874113071596,0.9999874113071595,0.9999874113071598,0.9999874113071601,0.9999874113071602,0.99998741130716,0.9999874113071596,0.9999874113071594,0.9999874113071594,0.9999874113071598,0.9999874113071596,0.9999874113071598,0.9999874113071596,0.9999874113071596,0.9999874113071594,0.9999874113071591,0.9999874113071601,0.9999874113071602,0.9999874113071594,0.9999874113071591,0.9999874113071593,0.9999874113071595,0.9999874113071588
36,0.9999895094042907,0.9999895094042905,0.9999895094042904,0.9999895094042908,0.9999895094042908,0.9999895094042909,0.9999895094042908,0.9999895094042909,0.999989509404291,0.9999895094042911,0.9999895094042912,0.999989509404291,0.9999895094042908,0.999989509404291,0.999989509404291,0.9999895094042911,0.999989509404291,0.999989509404291,0.999989509404291,0.9999895094042911,0.9999895094042911,0.9999895094042913,0.9999895094042913,0.9999895094042911,0.9999895094042909,0.9999895094042907,0.9999895094042904,0.9999895094042903,0.9999895094042905,0.9999895094042904,0.9999895094042907,0.9999895094042904,0.9999895094042908,0.9999895094042909,0.9999895094042905,0.9999895094042914,0.9999895094042905,0.9999895094042909,0.9999895094042905,0.9999895094042905,0.9999895094042905,0.9999895094042912,0.999989509404291,0.9999895094042907,0.9999895094042912,0.9999895094042911,0.9999895094042912,0.9999895094042911,0.9999895094042913,0.9999895094042918,0.9999895094042915,0.9999895094042917,0.9999895094042912,0.9999895094042912,0.9999895094042911,0.9999895094042915,0.9999895094042915,0.9999895094042914,0.9999895094042915,0.9999895094042919,0.9999895094042915,0.9999895094042914,0.9999895094042919,0.9999895094042919,0.999989509404292,0.9999895094042919,0.9999895094042917,0.9999895094042912,0.9999895094042912,0.999989509404292,0.9999895094042917,0.9999895094042918,0.9999895094042915,0.9999895094042915,0.9999895094042912,0.999989509404291,0.9999895094042912,0.9999895094042919,0.9999895094042912,0.9999895094042909,0.9999895094042913,0.9999895094042913,0.9999895094042905
36.4,0.9999912578241719,0.9999912578241715,0.9999912578241714,0.999991257824172,0.9999912578241719,0.9999912578241719,0.9999912578241719,0.9999912578241718,0.999991257824172,0.9999912578241721,0.9999912578241722,0.9999912578241722,0.9999912578241719,0.9999912578241719,0.9999912578241721,0.9999912578241721,0.999991257824172,0.9999912578241721,0.9999912578241723,0.9999912578241721,0.9999912578241723,0.9999912578241728,0.9999912578241725,0.9999912578241724,0.999991257824172,0.9999912578241718,0.9999912578241714,0.9999912578241715,0.9999912578241719,0.9999912578241715,0.999991257824172,0.9999912578241716,0.9999912578241718,0.9999912578241723,0.9999912578241718,0.9999912578241724,0.999991257824172,0.9999912578241721,0.9999912578241715,0.9999912578241719,0.9999912578241719,0.999991257824172,0.9999912578241719,0.9999912578241715,0.999991257824172,0.999991257824172,0.9999912578241722,0.9999912578241718,0.9999912578241721,0.9999912578241725,0.9999912578241722,0.9999912578241724,0.9999912578241721,0.9999912578241721,0.9999912578241719,0.9999912578241723,0.9999912578241723,0.9999912578241721,0.9999912578241721,0.9999912578241724,0.9999912578241721,0.9999912578241723,0.9999912578241726,0.9999912578241726,0.9999912578241728,0.9999912578241726,0.9999912578241725,0.9999912578241722,0.9999912578241722,0.9999912578241726,0.9999912578241724,0.9999912578241724,0.9999912578241723,0.9999912578241722,0.999991257824172,0.9999912578241719,0.9999912578241723,0.9999912578241723,0.9999912578241721,0.9999912578241719,0.9999912578241721,0.9999912578241721,0.9999912578241718
36.8,0.9999927148446313,0.999992714844631,0.9999927148446309,0.9999927148446315,0.9999927148446314,0.9999927148446314,0.9999927148446315,0.9999927148446313,0.9999927148446315,0.9999927148446316,0.9999927148446318,0.9999927148446316,0.9999927148446315,0.9999927148446314,0.9999927148446316,0.9999927148446317,0.9999927148446316,0.9999927148446315,0.9999927148446317,0.9999927148446315,0.9999927148446317,0.9999927148446321,0.999992714844632,0.9999927148446319,0.9999927148446316,0.9999927148446313,0.9999927148446309,0.999992714844631,0.9999927148446311,0.9999927148446311,0.9999927148446315,0.9999927148446311,0.9999927148446313,0.9999927148446316,0.9999927148446314,0.999992714844632,0.9999927148446314,0.9999927148446316,0.999992714844631,0.9999927148446314,0.999992714844631,0.9999927148446323,0.9999927148446318,0.9999927148446313,0.9999927148446323,0.999992714844632,0.999992714844632,0.9999927148446321,0.9999927148446321,0.9999927148446325,0.9999927148446323,0.9999927148446324,0.999992714844632,0.9999927148446319,0.9999927148446318,0.9999927148446324,0.9999927148446323,0.9999927148446321,0.9999927148446321,0.9999927148446324,0.9999927148446323,0.9999927148446324,0.9999927148446326,0.9999927148446326,0.9999927148446327,0.9999927148446327,0.9999927148446324,0.9999927148446319,0.9999927148446317,0.9999927148446326,0.9999927148446323,0.9999927148446323,0.999992714844632,0.9999927148446321,0.9999927148446321,0.9999927148446316,0.9999927148446323,0.9999927148446325,0.9999927148446318,0.9999927148446315,0.9999927148446321,0.9999927148446319,0.9999927148446314
37.2,0.9999939290310503,0.9999939290310501,0.99999392903105,0.9999939290310504,0.9999939290310504,0.9999939290310504,0.9999939290310506,0.9999939290310503,0.9999939290310504,0.9999939290310507,0.9999939290310507,0.9999939290310506,0.9999939290310504,0.9999939290310506,0.9999939290310506,0.9999939290310507,0.9999939290310507,0.9999939290310506,0.9999939290310509,0.9999939290310507,0.9999939290310508,0.9999939290310513,0.9999939290310512,0.9999939290310511,0.9999939290310507,0.9999939290310504,0.9999939290310501,0.99999392903105,0.9999939290310503,0.9999939290310502,0.9999939290310504,0.9999939290310502,0.9999939290310504,0.9999939290310507,0.9999939290310504,0.9999939290310513,0.9999939290310501,0.9999939290310506,0.9999939290310501,0.9999939290310506,0.9999939290310502,0.999993929031051,0.9999939290310507,0.9999939290310503,0.9999939290310508,0.9999939290310507,0.9999939290310507,0.9999939290310506,0.9999939290310508,0.999993929031051,0.9999939290310509,0.9999939290310509,0.9999939290310509,0.9999939290310507,0.9999939290310506,0.9999939290310512,0.9999939290310508,0.9999939290310508,0.999993929031051,0.9999939290310512,0.9999939290310511,0.9999939290310511,0.9999939290310513,0.9999939290310514,0.9999939290310513,0.9999939290310514,0.9999939290310512,0.9999939290310509,0.9999939290310508,0.9999939290310514,0.9999939290310511,0.9999939290310513,0.9999939290310509,0.999993929031051,0.9999939290310506,0.9999939290310504,0.9999939290310512,0.9999939290310512,0.9999939290310507,0.9999939290310506,0.9999939290310507,0.9999939290310508,0.9999939290310503
37.6,0.9999949408549432,0.9999949408549431,0.9999949408549428,0.9999949408549432,0.9999949408549433,0.9999949408549433,0.9999949408549433,0.9999949408549432,0.9999949408549433,0.9999949408549434,0.9999949408549436,0.9999949408549433,0.9999949408549433,0.9999949408549436,0.9999949408549433,0.9999949408549436,0.9999949408549433,0.9999949408549432,0.9999949408549436,0.9999949408549432,0.9999949408549433,0.9999949408549439,0.9999949408549438,0.9999949408549436,0.9999949408549436,0.9999949408549432,0.9999949408549431,0.999994940854943,0.9999949408549433,0.9999949408549432,0.9999949408549433,0.9999949408549431,0.9999949408549432,0.9999949408549437,0.9999949408549431,0.9999949408549439,0.9999949408549434,0.9999949408549432,0.9999949408549429,0.9999949408549432,0.9999949408549431,0.9999949408549434,0.9999949408549434,0.9999949408549431,0.9999949408549434,0.9999949408549433,0.9999949408549437,0.9999949408549433,0.9999949408549437,0.999994940854944,0.9999949408549438,0.9999949408549439,0.9999949408549436,0.9999949408549436,0.9999949408549434,0.9999949408549438,0.9999949408549438,0.9999949408549437,0.9999949408549437,0.999994940854944,0.9999949408549436,0.9999949408549438,0.9999949408549441,0.9999949408549442,0.9999949408549443,0.9999949408549441,0.999994940854944,0.9999949408549437,0.9999949408549436,0.9999949408549442,0.999994940854944,0.9999949408549441,0.9999949408549439,0.9999949408549439,0.9999949408549438,0.9999949408549433,0.9999949408549438,0.9999949408549441,0.9999949408549436,0.9999949408549432,0.9999949408549434,0.9999949408549439,0.9999949408549433
38,0.9999957840428241,0.9999957840428239,0.9999957840428235,0.9999957840428241,0.9999957840428241,0.999995784042824,0.9999957840428242,0.9999957840428241,0.9999957840428242,0.9999957840428242,0.9999957840428243,0.9999957840428243,0.9999957840428242,0.9999957840428242,0.9999957840428241,0.9999957840428241,0.9999957840428241,0.9999957840428239,0.9999957840428241,0.999995784042824,0.999995784042824,0.9999957840428244,0.9999957840428244,0.9999957840428242,0.9999957840428239,0.9999957840428237,0.9999957840428236,0.9999957840428236,0.9999957840428237,0.9999957840428236,0.9999957840428239,0.9999957840428237,0.999995784042824,0.9999957840428244,0.9999957840428239,0.9999957840428246,0.9999957840428241,0.9999957840428242,0.999995784042824,0.9999957840428241,0.9999957840428239,0.9999957840428247,0.9999957840428245,0.999995784042824,0.9999957840428246,0.9999957840428244,0.9999957840428247,0.9999957840428245,0.9999957840428246,0.9999957840428251,0.999995784042825,0.9999957840428251,0.9999957840428246,0.9999957840428246,0.9999957840428245,0.999995784042825,0.999995784042825,0.9999957840428249,0.999995784042825,0.9999957840428251,0.9999957840428251,0.999995784042825,0.9999957840428252,0.9999957840428252,0.9999957840428254,0.9999957840428251,0.9999957840428249,0.9999957840428245,0.9999957840428245,0.9999957840428252,0.9999957840428249,0.999995784042825,0.9999957840428247,0.9999957840428249,0.999995784042825,0.9999957840428244,0.9999957840428247,0.9999957840428256,0.9999957840428246,0.9999957840428242,0.9999957840428246,0.9999957840428247,0.9999957840428241
38.40000000000001,0.9999964867003788,0.9999964867003786,0.9999964867003782,0.9999964867003788,0.9999964867003787,0.9999964867003787,0.9999964867003787,0.9999964867003787,0.9999964867003788,0.999996486700379,0.9999964867003791,0.9999964867003788,0.9999964867003789,0.9999964867003789,0.9999964867003789,0.999996486700379,0.9999964867003789,0.9999964867003788,0.9999964867003791,0.999996486700379,0.9999964867003791,0.9999964867003794,0.9999964867003794,0.9999964867003793,0.999996486700379,0.9999964867003787,0.9999964867003784,0.9999964867003784,0.9999964867003788,0.9999964867003788,0.9999964867003789,0.9999964867003784,0.9999964867003788,0.9999964867003791,0.9999964867003788,0.9999964867003792,0.9999964867003786,0.9999964867003788,0.9999964867003787,0.9999964867003789,0.9999964867003787,0.999996486700379,0.9999964867003788,0.9999964867003787,0.999996486700379,0.9999964867003788,0.9999964867003787,0.9999964867003788,0.9999964867003789,0.9999964867003791,0.9999964867003788,0.9999964867003791,0.999996486700379,0.9999964867003789,0.9999964867003786,0.9999964867003791,0.999996486700379,0.9999964867003789,0.999996486700379,0.9999964867003793,0.9999964867003792,0.9999964867003793,0.9999964867003794,0.9999964867003795,0.9999964867003797,0.9999964867003795,0.9999964867003793,0.9999964867003791,0.999996486700379,0.9999964867003797,0.9999964867003793,0.9999964867003793,0.9999964867003792,0.9999964867003793,0.9999964867003787,0.9999964867003786,0.9999964867003792,0.9999964867003792,0.9999964867003788,0.9999964867003787,0.9999964867003792,0.9999964867003791,0.9999964867003789
38.8,0.9999970722489442,0.9999970722489441,0.9999970722489439,0.9999970722489442,0.9999970722489441,0.9999970722489443,0.9999970722489441,0.999997072248944,0.9999970722489443,0.9999970722489444,0.9999970722489444,0.9999970722489444,0.9999970722489443,0.9999970722489444,0.9999970722489444,0.9999970722489444,0.9999970722489443,0.9999970722489442,0.9999970722489445,0.9999970722489442,0.9999970722489444,0.9999970722489449,0.9999970722489447,0.9999970722489446,0.9999970722489442,0.9999970722489442,0.9999970722489441,0.9999970722489441,0.9999970722489442,0.9999970722489441,0.9999970722489443,0.9999970722489442,0.9999970722489445,0.9999970722489445,0.9999970722489442,0.9999970722489444,0.999997072248944,0.9999970722489443,0.9999970722489442,0.9999970722489443,0.9999970722489442,0.9999970722489446,0.9999970722489444,0.9999970722489443,0.9999970722489445,0.9999970722489443,0.9999970722489443,0.9999970722489442,0.9999970722489444,0.9999970722489447,0.9999970722489443,0.9999970722489446,0.9999970722489446,0.9999970722489445,0.9999970722489442,0.9999970722489446,0.9999970722489444,0.9999970722489444,0.9999970722489445,0.9999970722489449,0.9999970722489445,0.9999970722489447,0.999997072248945,0.999997072248945,0.999997072248945,0.9999970722489451,0.9999970722489449,0.9999970722489446,0.9999970722489445,0.999997072248945,0.9999970722489446,0.9999970722489447,0.9999970722489445,0.9999970722489445,0.9999970722489443,0.9999970722489441,0.9999970722489447,0.9999970722489446,0.9999970722489444,0.9999970722489443,0.9999970722489443,0.9999970722489445,0.9999970722489443
39.2,0.9999975602065015,0.9999975602065013,0.9999975602065011,0.9999975602065015,0.9999975602065018,0.9999975602065017,0.9999975602065018,0.9999975602065018,0.9999975602065019,0.9999975602065019,0.9999975602065021,0.9999975602065018,0.9999975602065018,0.9999975602065019,0.9999975602065019,0.999997560206502,0.9999975602065021,0.9999975602065019,0.9999975602065023,0.9999975602065019,0.9999975602065021,0.9999975602065027,0.9999975602065025,0.9999975602065024,0.9999975602065021,0.9999975602065018,0.9999975602065014,0.9999975602065014,0.9999975602065019,0.9999975602065017,0.9999975602065019,0.9999975602065018,0.9999975602065019,0.999997560206502,0.9999975602065015,0.9999975602065022,0.9999975602065018,0.9999975602065019,0.9999975602065014,0.9999975602065018,0.9999975602065018,0.999997560206502,0.9999975602065018,0.9999975602065015,0.9999975602065021,0.9999975602065018,0.9999975602065018,0.9999975602065018,0.999997560206502,0.9999975602065023,0.999997560206502,0.9999975602065023,0.9999975602065021,0.9999975602065019,0.9999975602065018,0.9999975602065022,0.999997560206502,0.9999975602065021,0.9999975602065021,0.9999975602065024,0.9999975602065022,0.9999975602065022,0.9999975602065025,0.9999975602065025,0.9999975602065028,0.9999975602065023,0.9999975602065021,0.9999975602065019,0.9999975602065018,0.9999975602065024,0.9999975602065023,0.9999975602065021,0.999997560206502,0.999997560206502,0.9999975602065019,0.9999975602065017,0.9999975602065022,0.9999975602065025,0.999997560206502,0.9999975602065017,0.9999975602065019,0.9999975602065019,0.9999975602065014
39.6,0.9999979668380899,0.9999979668380898,0.9999979668380897,0.9999979668380901,0.9999979668380899,0.9999979668380901,0.9999979668380899,0.9999979668380899,0.9999979668380899,0.9999979668380902,0.9999979668380904,0.9999979668380902,0.9999979668380902,0.9999979668380902,0.9999979668380901,0.9999979668380902,0.9999979668380901,0.9999979668380899,0.9999979668380904,0.9999979668380899,0.9999979668380903,0.9999979668380908,0.9999979668380907,0.9999979668380905,0.9999979668380902,0.9999979668380901,0.9999979668380898,0.9999979668380898,0.9999979668380899,0.9999979668380898,0.9999979668380901,0.9999979668380899,0.9999979668380902,0.9999979668380902,0.9999979668380899,0.9999979668380905,0.9999979668380899,0.9999979668380901,0.9999979668380898,0.9999979668380898,0.9999979668380899,0.9999979668380904,0.9999979668380902,0.9999979668380901,0.9999979668380905,0.9999979668380903,0.9999979668380902,0.9999979668380901,0.9999979668380901,0.9999979668380905,0.9999979668380901,0.9999979668380903,0.9999979668380903,0.9999979668380902,0.9999979668380899,0.9999979668380904,0.9999979668380903,0.9999979668380901,0.9999979668380903,0.9999979668380904,0.9999979668380904,0.9999979668380905,0.9999979668380906,0.9999979668380907,0.9999979668380907,0.9999979668380906,0.9999979668380905,0.9999979668380902,0.9999979668380902,0.9999979668380907,0.9999979668380905,0.9999979668380904,0.9999979668380902,0.9999979668380903,0.9999979668380899,0.9999979668380899,0.9999979668380906,0.9999979668380902,0.9999979668380903,0.9999979668380902,0.9999979668380902,0.9999979668380903,0.9999979668380899
40,0.9999983056979496,0.9999983056979492,0.9999983056979491,0.9999983056979496,0.9999983056979495,0.9999983056979497,0.9999983056979497,0.9999983056979496,0.9999983056979498,0.9999983056979499,0.99999830569795,0.9999983056979498,0.9999983056979496,0.9999983056979497,0.9999983056979499,0.99999830569795,0.9999983056979498,0.99999830569795,0.9999983056979502,0.9999983056979499,0.9999983056979501,0.9999983056979505,0.9999983056979506,0.9999983056979505,0.9999983056979499,0.9999983056979496,0.9999983056979493,0.9999983056979492,0.9999983056979498,0.9999983056979496,0.9999983056979499,0.9999983056979497,0.9999983056979499,0.9999983056979499,0.9999983056979495,0.9999983056979501,0.9999983056979497,0.9999983056979498,0.9999983056979493,0.9999983056979498,0.9999983056979496,0.99999830569795,0.9999983056979497,0.9999983056979495,0.99999830569795,0.9999983056979497,0.9999983056979498,0.9999983056979497,0.9999983056979499,0.9999983056979501,0.9999983056979498,0.9999983056979502,0.9999983056979499,0.9999983056979498,0.9999983056979497,0.99999830569795,0.9999983056979499,0.9999983056979498,0.9999983056979499,0.9999983056979499,0.99999830569795,0.99999830569795,0.9999983056979501,0.9999983056979501,0.9999983056979501,0.99999830569795,0.9999983056979498,0.9999983056979496,0.9999983056979495,0.9999983056979501,0.9999983056979498,0.99999830569795,0.9999983056979497,0.9999983056979498,0.9999983056979498,0.9999983056979496,0.9999983056979502,0.9999983056979499,0.9999983056979498,0.9999983056979497,0.9999983056979493,0.9999983056979497,0.9999983056979493
